timestamp,method,name,response_time_ms,status,error
2026-10-04T20:41:23.000667+05:30,GET,GET /jobs/stats/,78.13,ok,
2026-10-04T20:41:23.001064+05:30,GET,GET /health/,77.6,ok,
2026-10-04T20:41:23.010026+05:30,GET,GET /health/,97.6,ok,
2026-10-04T20:41:23.011193+05:30,GET,GET /jobs/stats/,81.79,ok,
2026-10-04T20:41:23.014352+05:30,GET,GET /health/,87.69,ok,
2026-10-04T20:41:23.099948+05:30,POST,POST /jobs/,171.0,ok,
2026-10-04T20:41:23.165699+05:30,POST,POST /jobs/,239.77,ok,
2026-10-04T20:41:23.193882+05:30,POST,POST /jobs/,268.5,ok,
2026-10-04T20:41:23.200911+05:30,POST,POST /jobs/,276.81,ok,
2026-10-04T20:41:23.220801+05:30,POST,POST /jobs/,296.06,ok,
2026-10-04T20:41:23.260888+05:30,POST,POST /jobs/,330.72,ok,
2026-10-04T20:41:23.261530+05:30,POST,POST /jobs/,334.25,ok,
2026-10-04T20:41:23.953174+05:30,GET,GET /jobs/stats/,35.92,ok,
2026-10-04T20:41:23.961497+05:30,GET,GET /health/,48.05,ok,
2026-10-04T20:41:23.999354+05:30,POST,POST /jobs/,84.76,ok,
2026-10-04T20:41:24.000050+05:30,GET,GET /jobs/stats/,86.0,ok,
2026-10-04T20:41:24.008892+05:30,GET,GET /health/,93.19,ok,
2026-10-04T20:41:24.029185+05:30,POST,POST /jobs/,112.88,ok,
2026-10-04T20:41:24.093055+05:30,POST,POST /jobs/,176.2,ok,
2026-10-04T20:41:24.096622+05:30,POST,POST /jobs/,178.93,ok,
2026-10-04T20:41:24.101996+05:30,POST,POST /jobs/,186.78,ok,
2026-10-04T20:41:24.330701+05:30,POST,POST /jobs/,22.09,ok,
2026-10-04T20:41:24.526769+05:30,GET,GET /jobs/stats/,21.66,ok,
2026-10-04T20:41:24.589833+05:30,GET,GET /jobs/{id}/,20.23,ok,
2026-10-04T20:41:24.707081+05:30,GET,GET /jobs/{id}/,35.74,ok,
2026-10-04T20:41:24.727023+05:30,GET,GET /health/,35.31,ok,
2026-10-04T20:41:25.096522+05:30,GET,GET /health/,125.94,ok,
2026-10-04T20:41:25.106443+05:30,GET,GET /jobs/stats/,136.88,ok,
2026-10-04T20:41:25.110117+05:30,GET,GET /health/,146.27,ok,
2026-10-04T20:41:25.199130+05:30,GET,GET /health/,226.28,ok,
2026-10-04T20:41:25.200766+05:30,POST,POST /jobs/,234.6,ok,
2026-10-04T20:41:25.203909+05:30,GET,GET /jobs/stats/,111.14,ok,
2026-10-04T20:41:25.218210+05:30,POST,POST /jobs/,253.71,ok,
2026-10-04T20:41:25.274566+05:30,GET,GET /health/,190.66,ok,
2026-10-04T20:41:25.298043+05:30,POST,POST /jobs/,332.88,ok,
2026-10-04T20:41:25.299204+05:30,POST,POST /jobs/,327.12,ok,
2026-10-04T20:41:25.311410+05:30,POST,POST /jobs/,349.54,ok,
2026-10-04T20:41:25.315936+05:30,POST,POST /jobs/,348.35,ok,
2026-10-04T20:41:25.371048+05:30,POST,POST /jobs/,408.12,ok,
2026-10-04T20:41:25.377203+05:30,POST,POST /jobs/,405.91,ok,
2026-10-04T20:41:25.399812+05:30,POST,POST /jobs/,433.05,ok,
2026-10-04T20:41:25.478678+05:30,POST,POST /jobs/,26.46,ok,
2026-10-04T20:41:25.480642+05:30,POST,POST /jobs/,35.26,ok,
2026-10-04T20:41:25.532777+05:30,POST,POST /jobs/,20.84,ok,
2026-10-04T20:41:25.565794+05:30,GET,GET /jobs/{id}/,18.57,ok,
2026-10-04T20:41:25.673333+05:30,POST,POST /jobs/,117.07,ok,
2026-10-04T20:41:25.680459+05:30,GET,GET /jobs/{id}/,90.51,ok,
2026-10-04T20:41:25.699445+05:30,POST,POST /jobs/,49.39,ok,
2026-10-04T20:41:25.704213+05:30,GET,GET /health/,74.25,ok,
2026-10-04T20:41:25.712740+05:30,GET,GET /jobs/{id}/,24.0,ok,
2026-10-04T20:41:25.765873+05:30,GET,GET /health/,21.86,ok,
2026-10-04T20:41:25.899677+05:30,POST,POST /jobs/,29.43,ok,
2026-10-04T20:41:26.019461+05:30,GET,GET /health/,103.42,ok,
2026-10-04T20:41:26.033999+05:30,GET,GET /jobs/stats/,116.02,ok,
2026-10-04T20:41:26.099580+05:30,GET,GET /jobs/stats/,180.73,ok,
2026-10-04T20:41:26.104024+05:30,GET,GET /health/,184.79,ok,
2026-10-04T20:41:26.107289+05:30,GET,GET /health/,120.81,ok,
2026-10-04T20:41:26.133526+05:30,GET,GET /jobs/{id}/,62.74,ok,
2026-10-04T20:41:26.133869+05:30,GET,GET /jobs/stats/,120.28,ok,
2026-10-04T20:41:26.202890+05:30,POST,POST /jobs/,285.72,ok,
2026-10-04T20:41:26.213741+05:30,POST,POST /jobs/,297.01,ok,
2026-10-04T20:41:26.231594+05:30,POST,POST /jobs/,314.0,ok,
2026-10-04T20:41:26.236252+05:30,POST,POST /jobs/,299.07,ok,
2026-10-04T20:41:26.303786+05:30,POST,POST /jobs/,388.91,ok,
2026-10-04T20:41:26.313388+05:30,POST,POST /jobs/,397.86,ok,
2026-10-04T20:41:26.336131+05:30,POST,POST /jobs/,416.37,ok,
2026-10-04T20:41:26.337266+05:30,POST,POST /jobs/,418.87,ok,
2026-10-04T20:41:26.397424+05:30,POST,POST /jobs/,267.09,ok,
2026-10-04T20:41:26.416523+05:30,POST,POST /jobs/,100.87,ok,
2026-10-04T20:41:26.425173+05:30,POST,POST /jobs/,149.62,ok,
2026-10-04T20:41:26.501347+05:30,GET,GET /jobs/stats/,78.54,ok,
2026-10-04T20:41:26.523176+05:30,GET,GET /jobs/{id}/,21.23,ok,
2026-10-04T20:41:26.563706+05:30,POST,POST /jobs/,97.05,ok,
2026-10-04T20:41:26.598349+05:30,POST,POST /jobs/,96.84,ok,
2026-10-04T20:41:26.600462+05:30,GET,GET /jobs/stats/,72.01,ok,
2026-10-04T20:41:26.607718+05:30,POST,POST /jobs/,85.66,ok,
2026-10-04T20:41:26.629653+05:30,POST,POST /jobs/,43.44,ok,
2026-10-04T20:41:26.637575+05:30,POST,POST /jobs/,25.16,ok,
2026-10-04T20:41:26.670387+05:30,POST,POST /jobs/,21.53,ok,
2026-10-04T20:41:26.689478+05:30,GET,GET /jobs/{id}/,20.3,ok,
2026-10-04T20:41:26.697102+05:30,GET,GET /health/,25.15,ok,
2026-10-04T20:41:26.697574+05:30,GET,GET /jobs/{id}/,21.6,ok,
2026-10-04T20:41:26.771791+05:30,POST,POST /jobs/,22.93,ok,
2026-10-04T20:41:26.779187+05:30,POST,POST /jobs/,26.26,ok,
2026-10-04T20:41:26.852292+05:30,GET,GET /jobs/{id}/,18.52,ok,
2026-10-04T20:41:26.865153+05:30,GET,GET /health/,22.33,ok,
2026-10-04T20:41:26.940885+05:30,GET,GET /health/,19.96,ok,
2026-10-04T20:41:26.942751+05:30,GET,GET /jobs/stats/,26.66,ok,
2026-10-04T20:41:27.001973+05:30,GET,GET /jobs/stats/,85.18,ok,
2026-10-04T20:41:27.005535+05:30,GET,GET /jobs/stats/,87.86,ok,
2026-10-04T20:41:27.010001+05:30,GET,GET /jobs/stats/,91.89,ok,
2026-10-04T20:41:27.065208+05:30,GET,GET /jobs/stats/,146.52,ok,
2026-10-04T20:41:27.078415+05:30,GET,GET /health/,159.34,ok,
2026-10-04T20:41:27.081798+05:30,GET,GET /health/,164.54,ok,
2026-10-04T20:41:27.103985+05:30,POST,POST /jobs/,183.95,ok,
2026-10-04T20:41:27.166489+05:30,GET,GET /jobs/stats/,91.76,ok,
2026-10-04T20:41:27.167559+05:30,POST,POST /jobs/,248.06,ok,
2026-10-04T20:41:27.168066+05:30,POST,POST /jobs/,247.58,ok,
2026-10-04T20:41:27.175637+05:30,POST,POST /jobs/,148.33,ok,
2026-10-04T20:41:27.201845+05:30,POST,POST /jobs/,126.26,ok,
2026-10-04T20:41:27.207520+05:30,POST,POST /jobs/,68.54,ok,
2026-10-04T20:41:27.263847+05:30,GET,GET /jobs/{id}/,69.29,ok,
2026-10-04T20:41:27.284975+05:30,POST,POST /jobs/,73.19,ok,
2026-10-04T20:41:27.285447+05:30,POST,POST /jobs/,31.29,ok,
2026-10-04T20:41:27.292272+05:30,GET,GET /jobs/stats/,67.99,ok,
2026-10-04T20:41:27.362864+05:30,GET,GET /jobs/{id}/,23.08,ok,
2026-10-04T20:41:27.372316+05:30,POST,POST /jobs/,21.39,ok,
2026-10-04T20:41:27.379796+05:30,GET,GET /jobs/stats/,25.64,ok,
2026-10-04T20:41:27.474905+05:30,GET,GET /jobs/{id}/,18.79,ok,
2026-10-04T20:41:27.580485+05:30,GET,GET /jobs/{id}/,20.16,ok,
2026-10-04T20:41:27.580939+05:30,GET,GET /jobs/{id}/,18.62,ok,
2026-10-04T20:41:27.587450+05:30,GET,GET /jobs/{id}/,21.87,ok,
2026-10-04T20:41:27.671489+05:30,GET,GET /jobs/stats/,22.77,ok,
2026-10-04T20:41:27.691656+05:30,GET,GET /health/,23.12,ok,
2026-10-04T20:41:27.696209+05:30,GET,GET /jobs/stats/,23.51,ok,
2026-10-04T20:41:27.708671+05:30,POST,POST /jobs/,26.33,ok,
2026-10-04T20:41:27.749580+05:30,GET,GET /health/,17.65,ok,
2026-10-04T20:41:27.812869+05:30,POST,POST /jobs/,35.99,ok,
2026-10-04T20:41:27.832296+05:30,POST,POST /jobs/,29.37,ok,
2026-10-04T20:41:27.856857+05:30,GET,GET /health/,23.26,ok,
2026-10-04T20:41:27.881438+05:30,POST,POST /jobs/,30.87,ok,
2026-10-04T20:41:27.922744+05:30,POST,POST /jobs/,28.01,ok,
2026-10-04T20:41:27.952162+05:30,GET,GET /jobs/stats/,23.15,ok,
2026-10-04T20:41:27.978601+05:30,GET,GET /jobs/stats/,22.13,ok,
2026-10-04T20:41:27.993308+05:30,GET,GET /jobs/{id}/,18.4,ok,
2026-10-04T20:41:28.106975+05:30,GET,GET /health/,25.3,ok,
2026-10-04T20:41:28.110236+05:30,GET,GET /jobs/{id}/,19.05,ok,
2026-10-04T20:41:28.120505+05:30,POST,POST /jobs/,36.26,ok,
2026-10-04T20:41:28.151779+05:30,GET,GET /health/,25.99,ok,
2026-10-04T20:41:28.177569+05:30,POST,POST /jobs/,30.62,ok,
2026-10-04T20:41:28.181621+05:30,GET,GET /jobs/{id}/,18.38,ok,
2026-10-04T20:41:28.184770+05:30,GET,GET /jobs/{id}/,23.7,ok,
2026-10-04T20:41:28.212241+05:30,GET,GET /jobs/{id}/,28.53,ok,
2026-10-04T20:41:28.222898+05:30,POST,POST /jobs/,36.63,ok,
2026-10-04T20:41:28.310589+05:30,GET,GET /jobs/{id}/,27.15,ok,
2026-10-04T20:41:28.346877+05:30,POST,POST /jobs/,35.01,ok,
2026-10-04T20:41:28.369566+05:30,GET,GET /jobs/stats/,21.4,ok,
2026-10-04T20:41:28.401440+05:30,POST,POST /jobs/,33.24,ok,
2026-10-04T20:41:28.407445+05:30,GET,GET /health/,31.27,ok,
2026-10-04T20:41:28.436078+05:30,POST,POST /jobs/,45.25,ok,
2026-10-04T20:41:28.448077+05:30,GET,GET /jobs/stats/,34.37,ok,
2026-10-04T20:41:28.450400+05:30,GET,GET /jobs/stats/,27.73,ok,
2026-10-04T20:41:28.455917+05:30,GET,GET /health/,28.18,ok,
2026-10-04T20:41:28.502608+05:30,POST,POST /jobs/,36.36,ok,
2026-10-04T20:41:28.509653+05:30,GET,GET /jobs/stats/,25.47,ok,
2026-10-04T20:41:28.515564+05:30,GET,GET /health/,24.16,ok,
2026-10-04T20:41:28.571509+05:30,POST,POST /jobs/,52.63,ok,
2026-10-04T20:41:28.599606+05:30,GET,GET /jobs/{id}/,77.52,ok,
2026-10-04T20:41:28.611794+05:30,POST,POST /jobs/,103.8,ok,
2026-10-04T20:41:28.662875+05:30,POST,POST /jobs/,120.42,ok,
2026-10-04T20:41:28.670533+05:30,POST,POST /jobs/,62.2,ok,
2026-10-04T20:41:28.694065+05:30,GET,GET /jobs/{id}/,40.36,ok,
2026-10-04T20:41:28.713777+05:30,POST,POST /jobs/,68.2,ok,
2026-10-04T20:41:28.717799+05:30,POST,POST /jobs/,28.82,ok,
2026-10-04T20:41:28.727904+05:30,POST,POST /jobs/,31.54,ok,
2026-10-04T20:41:28.765163+05:30,GET,GET /jobs/{id}/,48.61,ok,
2026-10-04T20:41:28.805057+05:30,POST,POST /jobs/,100.11,ok,
2026-10-04T20:41:28.811857+05:30,GET,GET /jobs/{id}/,85.19,ok,
2026-10-04T20:41:28.812361+05:30,GET,GET /jobs/{id}/,56.59,ok,
2026-10-04T20:41:28.822343+05:30,POST,POST /jobs/,53.68,ok,
2026-10-04T20:41:28.827610+05:30,GET,GET /health/,40.99,ok,
2026-10-04T20:41:28.881723+05:30,GET,GET /jobs/stats/,39.83,ok,
2026-10-04T20:41:28.887905+05:30,GET,GET /jobs/{id}/,33.18,ok,
2026-10-04T20:41:28.895455+05:30,POST,POST /jobs/,50.74,ok,
2026-10-04T20:41:28.916686+05:30,POST,POST /jobs/,22.34,ok,
2026-10-04T20:41:28.972711+05:30,POST,POST /jobs/,42.72,ok,
2026-10-04T20:41:28.973120+05:30,POST,POST /jobs/,42.61,ok,
2026-10-04T20:41:29.008048+05:30,GET,GET /jobs/{id}/,19.63,ok,
2026-10-04T20:41:29.024936+05:30,POST,POST /jobs/,30.46,ok,
2026-10-04T20:41:29.039459+05:30,GET,GET /jobs/{id}/,31.21,ok,
2026-10-04T20:41:29.046354+05:30,GET,GET /health/,42.95,ok,
2026-10-04T20:41:29.061955+05:30,GET,GET /health/,33.25,ok,
2026-10-04T20:41:29.072856+05:30,POST,POST /jobs/,38.96,ok,
2026-10-04T20:41:29.086585+05:30,GET,GET /health/,22.34,ok,
2026-10-04T20:41:29.113856+05:30,GET,GET /jobs/stats/,21.02,ok,
2026-10-04T20:41:29.122032+05:30,POST,POST /jobs/,21.19,ok,
2026-10-04T20:41:29.197287+05:30,GET,GET /jobs/{id}/,18.74,ok,
2026-10-04T20:41:29.206247+05:30,GET,GET /jobs/{id}/,17.66,ok,
2026-10-04T20:41:29.264799+05:30,GET,GET /jobs/stats/,23.47,ok,
2026-10-04T20:41:29.266395+05:30,GET,GET /health/,26.86,ok,
2026-10-04T20:41:29.341185+05:30,POST,POST /jobs/,29.36,ok,
2026-10-04T20:41:29.428634+05:30,GET,GET /jobs/{id}/,18.74,ok,
2026-10-04T20:41:29.447158+05:30,POST,POST /jobs/,30.18,ok,
2026-10-04T20:41:29.541548+05:30,GET,GET /jobs/{id}/,23.73,ok,
2026-10-04T20:41:29.545019+05:30,POST,POST /jobs/,44.69,ok,
2026-10-04T20:41:29.552328+05:30,POST,POST /jobs/,52.84,ok,
2026-10-04T20:41:29.567728+05:30,GET,GET /jobs/stats/,21.8,ok,
2026-10-04T20:41:29.576027+05:30,GET,GET /jobs/stats/,21.45,ok,
2026-10-04T20:41:29.769295+05:30,POST,POST /jobs/,37.03,ok,
2026-10-04T20:41:29.769779+05:30,GET,GET /jobs/{id}/,22.43,ok,
2026-10-04T20:41:29.773678+05:30,POST,POST /jobs/,25.77,ok,
2026-10-04T20:41:29.778079+05:30,POST,POST /jobs/,22.06,ok,
2026-10-04T20:41:29.817804+05:30,GET,GET /jobs/{id}/,17.44,ok,
2026-10-04T20:41:29.844220+05:30,GET,GET /jobs/{id}/,20.61,ok,
2026-10-04T20:41:29.844800+05:30,GET,GET /health/,25.78,ok,
2026-10-04T20:41:29.876884+05:30,GET,GET /jobs/{id}/,23.8,ok,
2026-10-04T20:41:29.884076+05:30,POST,POST /jobs/,48.58,ok,
2026-10-04T20:41:29.898286+05:30,POST,POST /jobs/,40.23,ok,
2026-10-04T20:41:29.962655+05:30,POST,POST /jobs/,87.55,ok,
2026-10-04T20:41:29.968829+05:30,GET,GET /jobs/stats/,70.39,ok,
2026-10-04T20:41:29.978984+05:30,GET,GET /health/,67.53,ok,
2026-10-04T20:41:30.001569+05:30,GET,GET /jobs/{id}/,18.3,ok,
2026-10-04T20:41:30.093315+05:30,POST,POST /jobs/,21.03,ok,
2026-10-04T20:41:30.167872+05:30,GET,GET /jobs/stats/,24.08,ok,
2026-10-04T20:41:30.168341+05:30,GET,GET /jobs/{id}/,21.39,ok,
2026-10-04T20:41:30.194019+05:30,GET,GET /jobs/{id}/,18.36,ok,
2026-10-04T20:41:30.332743+05:30,GET,GET /health/,20.04,ok,
2026-10-04T20:41:30.465903+05:30,GET,GET /jobs/{id}/,18.77,ok,
2026-10-04T20:41:30.537639+05:30,POST,POST /jobs/,45.88,ok,
2026-10-04T20:41:30.542626+05:30,POST,POST /jobs/,51.41,ok,
2026-10-04T20:41:30.552778+05:30,GET,GET /jobs/{id}/,39.86,ok,
2026-10-04T20:41:30.564823+05:30,GET,GET /jobs/{id}/,32.97,ok,
2026-10-04T20:41:30.595215+05:30,POST,POST /jobs/,92.33,ok,
2026-10-04T20:41:30.610414+05:30,GET,GET /jobs/stats/,31.33,ok,
2026-10-04T20:41:30.617570+05:30,GET,GET /jobs/{id}/,20.95,ok,
2026-10-04T20:41:30.618026+05:30,GET,GET /jobs/{id}/,20.48,ok,
2026-10-04T20:41:30.652724+05:30,POST,POST /jobs/,21.35,ok,
2026-10-04T20:41:30.673506+05:30,POST,POST /jobs/,22.09,ok,
2026-10-04T20:41:30.705080+05:30,GET,GET /jobs/stats/,21.26,ok,
2026-10-04T20:41:30.766108+05:30,GET,GET /jobs/stats/,27.53,ok,
2026-10-04T20:41:30.773947+05:30,GET,GET /jobs/{id}/,23.11,ok,
2026-10-04T20:41:30.785665+05:30,POST,POST /jobs/,34.3,ok,
2026-10-04T20:41:30.786143+05:30,POST,POST /jobs/,45.55,ok,
2026-10-04T20:41:30.794987+05:30,GET,GET /jobs/{id}/,27.57,ok,
2026-10-04T20:41:30.815229+05:30,GET,GET /jobs/{id}/,28.96,ok,
2026-10-04T20:41:30.827563+05:30,GET,GET /jobs/{id}/,20.28,ok,
2026-10-04T20:41:30.848192+05:30,POST,POST /jobs/,30.58,ok,
2026-10-04T20:41:30.924113+05:30,GET,GET /jobs/{id}/,20.58,ok,
2026-10-04T20:41:30.936618+05:30,GET,GET /health/,21.01,ok,
2026-10-04T20:41:30.939113+05:30,GET,GET /jobs/{id}/,18.42,ok,
2026-10-04T20:41:30.980322+05:30,POST,POST /jobs/,34.9,ok,
2026-10-04T20:41:30.999630+05:30,GET,GET /jobs/{id}/,24.15,ok,
2026-10-04T20:41:31.016923+05:30,GET,GET /jobs/stats/,27.18,ok,
2026-10-04T20:41:31.026856+05:30,POST,POST /jobs/,22.81,ok,
2026-10-04T20:41:31.032713+05:30,GET,GET /jobs/{id}/,19.51,ok,
2026-10-04T20:41:31.041743+05:30,POST,POST /jobs/,21.57,ok,
2026-10-04T20:41:31.095201+05:30,GET,GET /jobs/stats/,24.2,ok,
2026-10-04T20:41:31.103853+05:30,GET,GET /jobs/stats/,25.87,ok,
2026-10-04T20:41:31.114841+05:30,POST,POST /jobs/,23.8,ok,
2026-10-04T20:41:31.187838+05:30,GET,GET /jobs/stats/,19.73,ok,
2026-10-04T20:41:31.229582+05:30,GET,GET /jobs/{id}/,19.42,ok,
2026-10-04T20:41:31.242338+05:30,GET,GET /jobs/{id}/,18.17,ok,
2026-10-04T20:41:31.287903+05:30,POST,POST /jobs/,34.24,ok,
2026-10-04T20:41:31.288871+05:30,GET,GET /jobs/stats/,26.18,ok,
2026-10-04T20:41:31.309086+05:30,GET,GET /jobs/{id}/,20.98,ok,
2026-10-04T20:41:31.321623+05:30,GET,GET /jobs/{id}/,25.22,ok,
2026-10-04T20:41:31.330078+05:30,POST,POST /jobs/,31.66,ok,
2026-10-04T20:41:31.347003+05:30,GET,GET /jobs/stats/,24.83,ok,
2026-10-04T20:41:31.373258+05:30,POST,POST /jobs/,53.54,ok,
2026-10-04T20:41:31.374434+05:30,POST,POST /jobs/,62.03,ok,
2026-10-04T20:41:31.414236+05:30,GET,GET /jobs/{id}/,18.33,ok,
2026-10-04T20:41:31.443224+05:30,POST,POST /jobs/,27.73,ok,
2026-10-04T20:41:31.470020+05:30,GET,GET /health/,19.54,ok,
2026-10-04T20:41:31.509285+05:30,GET,GET /jobs/stats/,20.81,ok,
2026-10-04T20:41:31.550983+05:30,POST,POST /jobs/,20.24,ok,
2026-10-04T20:41:31.628139+05:30,POST,POST /jobs/,28.73,ok,
2026-10-04T20:41:31.676073+05:30,POST,POST /jobs/,21.63,ok,
2026-10-04T20:41:31.722628+05:30,GET,GET /jobs/{id}/,18.21,ok,
2026-10-04T20:41:31.763895+05:30,GET,GET /health/,17.81,ok,
2026-10-04T20:41:31.833621+05:30,GET,GET /health/,20.45,ok,
2026-10-04T20:41:31.879054+05:30,GET,GET /jobs/{id}/,18.12,ok,
2026-10-04T20:41:31.922323+05:30,GET,GET /jobs/{id}/,20.85,ok,
2026-10-04T20:41:31.926827+05:30,POST,POST /jobs/,27.45,ok,
2026-10-04T20:41:31.942556+05:30,POST,POST /jobs/,34.92,ok,
2026-10-04T20:41:31.976068+05:30,GET,GET /jobs/{id}/,17.99,ok,
2026-10-04T20:41:32.163547+05:30,GET,GET /jobs/{id}/,19.7,ok,
2026-10-04T20:41:32.189304+05:30,POST,POST /jobs/,35.4,ok,
2026-10-04T20:41:32.193616+05:30,GET,GET /jobs/{id}/,25.72,ok,
2026-10-04T20:41:32.202233+05:30,POST,POST /jobs/,24.49,ok,
2026-10-04T20:41:32.223690+05:30,POST,POST /jobs/,22.75,ok,
2026-10-04T20:41:32.319054+05:30,POST,POST /jobs/,35.02,ok,
2026-10-04T20:41:32.321320+05:30,POST,POST /jobs/,29.2,ok,
2026-10-04T20:41:32.321898+05:30,GET,GET /jobs/stats/,33.72,ok,
2026-10-04T20:41:32.348913+05:30,GET,GET /jobs/stats/,21.77,ok,
2026-10-04T20:41:32.359035+05:30,POST,POST /jobs/,22.95,ok,
2026-10-04T20:41:32.379036+05:30,GET,GET /jobs/stats/,21.24,ok,
2026-10-04T20:41:32.413278+05:30,GET,GET /jobs/{id}/,17.86,ok,
2026-10-04T20:41:32.445671+05:30,GET,GET /jobs/{id}/,20.08,ok,
2026-10-04T20:41:32.453354+05:30,GET,GET /jobs/{id}/,21.71,ok,
2026-10-04T20:41:32.457204+05:30,GET,GET /jobs/{id}/,19.55,ok,
2026-10-04T20:41:32.469944+05:30,POST,POST /jobs/,22.02,ok,
2026-10-04T20:41:32.515695+05:30,POST,POST /jobs/,36.45,ok,
2026-10-04T20:41:32.527922+05:30,GET,GET /jobs/{id}/,23.47,ok,
2026-10-04T20:41:32.533419+05:30,GET,GET /health/,24.46,ok,
2026-10-04T20:41:32.539399+05:30,GET,GET /jobs/stats/,27.83,ok,
2026-10-04T20:41:32.555478+05:30,POST,POST /jobs/,20.74,ok,
2026-10-04T20:41:32.644479+05:30,GET,GET /jobs/stats/,23.27,ok,
2026-10-04T20:41:32.652083+05:30,GET,GET /jobs/{id}/,20.9,ok,
2026-10-04T20:41:32.652660+05:30,GET,GET /jobs/{id}/,20.87,ok,
2026-10-04T20:41:32.673199+05:30,GET,GET /jobs/{id}/,20.39,ok,
2026-10-04T20:41:32.678047+05:30,GET,GET /health/,24.8,ok,
2026-10-04T20:41:32.688527+05:30,GET,GET /jobs/{id}/,20.36,ok,
2026-10-04T20:41:32.716941+05:30,GET,GET /health/,20.15,ok,
2026-10-04T20:41:32.752189+05:30,GET,GET /jobs/{id}/,24.73,ok,
2026-10-04T20:41:32.753204+05:30,POST,POST /jobs/,26.94,ok,
2026-10-04T20:41:32.771966+05:30,POST,POST /jobs/,29.42,ok,
2026-10-04T20:41:32.823035+05:30,GET,GET /jobs/{id}/,23.77,ok,
2026-10-04T20:41:32.838487+05:30,GET,GET /jobs/{id}/,24.18,ok,
2026-10-04T20:41:32.838948+05:30,GET,GET /jobs/{id}/,24.1,ok,
2026-10-04T20:41:32.862312+05:30,POST,POST /jobs/,22.15,ok,
2026-10-04T20:41:32.870367+05:30,GET,GET /jobs/{id}/,20.16,ok,
2026-10-04T20:41:32.886630+05:30,POST,POST /jobs/,23.07,ok,
2026-10-04T20:41:32.935567+05:30,GET,GET /jobs/{id}/,19.08,ok,
2026-10-04T20:41:32.999606+05:30,GET,GET /jobs/{id}/,20.47,ok,
2026-10-04T20:41:33.017554+05:30,GET,GET /health/,21.34,ok,
2026-10-04T20:41:33.034374+05:30,GET,GET /jobs/{id}/,18.49,ok,
2026-10-04T20:41:33.047891+05:30,GET,GET /health/,18.0,ok,
2026-10-04T20:41:33.074902+05:30,GET,GET /jobs/{id}/,18.72,ok,
2026-10-04T20:41:33.094441+05:30,GET,GET /jobs/{id}/,20.53,ok,
2026-10-04T20:41:33.107838+05:30,GET,GET /jobs/{id}/,18.3,ok,
2026-10-04T20:41:33.237500+05:30,GET,GET /jobs/stats/,33.17,ok,
2026-10-04T20:41:33.250987+05:30,POST,POST /jobs/,35.53,ok,
2026-10-04T20:41:33.260786+05:30,GET,GET /jobs/{id}/,27.31,ok,
2026-10-04T20:41:33.275788+05:30,GET,GET /jobs/stats/,34.0,ok,
2026-10-04T20:41:33.313085+05:30,POST,POST /jobs/,31.0,ok,
2026-10-04T20:41:33.328509+05:30,POST,POST /jobs/,32.22,ok,
2026-10-04T20:41:33.430025+05:30,POST,POST /jobs/,23.82,ok,
2026-10-04T20:41:33.460423+05:30,POST,POST /jobs/,37.12,ok,
2026-10-04T20:41:33.468014+05:30,POST,POST /jobs/,22.5,ok,
2026-10-04T20:41:33.471921+05:30,GET,GET /jobs/{id}/,20.1,ok,
2026-10-04T20:41:33.542676+05:30,GET,GET /jobs/{id}/,18.28,ok,
2026-10-04T20:41:33.618863+05:30,POST,POST /jobs/,22.75,ok,
2026-10-04T20:41:33.626853+05:30,POST,POST /jobs/,36.9,ok,
2026-10-04T20:41:33.646654+05:30,GET,GET /jobs/{id}/,17.48,ok,
2026-10-04T20:41:33.706979+05:30,GET,GET /jobs/stats/,19.71,ok,
2026-10-04T20:41:33.740592+05:30,GET,GET /jobs/stats/,24.2,ok,
2026-10-04T20:41:33.768863+05:30,POST,POST /jobs/,23.96,ok,
2026-10-04T20:41:33.803655+05:30,GET,GET /jobs/{id}/,19.46,ok,
2026-10-04T20:41:33.817079+05:30,POST,POST /jobs/,29.73,ok,
2026-10-04T20:41:33.822967+05:30,GET,GET /jobs/{id}/,21.04,ok,
2026-10-04T20:41:33.846387+05:30,GET,GET /jobs/{id}/,25.01,ok,
2026-10-04T20:41:33.872464+05:30,GET,GET /jobs/{id}/,38.12,ok,
2026-10-04T20:41:33.884214+05:30,GET,GET /jobs/stats/,39.01,ok,
2026-10-04T20:41:33.897244+05:30,POST,POST /jobs/,21.51,ok,
2026-10-04T20:41:33.963946+05:30,GET,GET /jobs/stats/,22.23,ok,
2026-10-04T20:41:33.982664+05:30,POST,POST /jobs/,29.79,ok,
2026-10-04T20:41:33.992338+05:30,GET,GET /jobs/{id}/,28.22,ok,
2026-10-04T20:41:33.997442+05:30,POST,POST /jobs/,32.83,ok,
2026-10-04T20:41:33.997963+05:30,GET,GET /jobs/{id}/,29.3,ok,
2026-10-04T20:41:34.006881+05:30,GET,GET /jobs/{id}/,30.57,ok,
2026-10-04T20:41:34.015492+05:30,GET,GET /jobs/{id}/,24.43,ok,
2026-10-04T20:41:34.027746+05:30,POST,POST /jobs/,26.53,ok,
2026-10-04T20:41:34.028220+05:30,POST,POST /jobs/,21.15,ok,
2026-10-04T20:41:34.095476+05:30,GET,GET /jobs/stats/,21.02,ok,
2026-10-04T20:41:34.115199+05:30,POST,POST /jobs/,20.83,ok,
2026-10-04T20:41:34.143711+05:30,GET,GET /jobs/{id}/,18.17,ok,
2026-10-04T20:41:34.189557+05:30,GET,GET /health/,20.57,ok,
2026-10-04T20:41:34.192978+05:30,GET,GET /jobs/{id}/,19.03,ok,
2026-10-04T20:41:34.207439+05:30,GET,GET /health/,18.91,ok,
2026-10-04T20:41:34.246260+05:30,GET,GET /jobs/{id}/,18.3,ok,
2026-10-04T20:41:34.246720+05:30,GET,GET /health/,20.83,ok,
2026-10-04T20:41:34.274665+05:30,POST,POST /jobs/,23.7,ok,
2026-10-04T20:41:34.294769+05:30,POST,POST /jobs/,24.01,ok,
2026-10-04T20:41:34.302025+05:30,GET,GET /jobs/{id}/,22.06,ok,
2026-10-04T20:41:34.436990+05:30,POST,POST /jobs/,22.55,ok,
2026-10-04T20:41:34.476545+05:30,GET,GET /jobs/{id}/,19.22,ok,
2026-10-04T20:41:34.486656+05:30,GET,GET /jobs/{id}/,20.9,ok,
2026-10-04T20:41:34.487382+05:30,GET,GET /health/,23.9,ok,
2026-10-04T20:41:34.539681+05:30,GET,GET /health/,20.05,ok,
2026-10-04T20:41:34.580308+05:30,GET,GET /jobs/{id}/,18.33,ok,
2026-10-04T20:41:34.595579+05:30,POST,POST /jobs/,20.53,ok,
2026-10-04T20:41:34.802618+05:30,GET,GET /health/,92.39,ok,
2026-10-04T20:41:34.810492+05:30,GET,GET /jobs/stats/,43.25,ok,
2026-10-04T20:41:34.822652+05:30,POST,POST /jobs/,35.23,ok,
2026-10-04T20:41:34.828081+05:30,GET,GET /jobs/{id}/,23.93,ok,
2026-10-04T20:41:34.843160+05:30,GET,GET /jobs/{id}/,22.36,ok,
2026-10-04T20:41:34.860582+05:30,GET,GET /health/,44.8,ok,
2026-10-04T20:41:34.904986+05:30,GET,GET /jobs/{id}/,73.52,ok,
2026-10-04T20:41:34.912734+05:30,GET,GET /jobs/stats/,32.85,ok,
2026-10-04T20:41:34.941732+05:30,GET,GET /health/,18.7,ok,
2026-10-04T20:41:35.027264+05:30,GET,GET /jobs/stats/,21.04,ok,
2026-10-04T20:41:35.050131+05:30,GET,GET /jobs/{id}/,17.49,ok,
2026-10-04T20:41:35.102462+05:30,GET,GET /health/,19.84,ok,
2026-10-04T20:41:35.113851+05:30,GET,GET /jobs/{id}/,19.22,ok,
2026-10-04T20:41:35.138812+05:30,GET,GET /jobs/{id}/,21.14,ok,
2026-10-04T20:41:35.144055+05:30,GET,GET /health/,26.95,ok,
2026-10-04T20:41:35.146891+05:30,GET,GET /jobs/{id}/,27.23,ok,
2026-10-04T20:41:35.150871+05:30,GET,GET /jobs/stats/,32.04,ok,
2026-10-04T20:41:35.162704+05:30,GET,GET /jobs/{id}/,23.7,ok,
2026-10-04T20:41:35.174055+05:30,GET,GET /jobs/{id}/,21.92,ok,
2026-10-04T20:41:35.203079+05:30,GET,GET /jobs/{id}/,22.69,ok,
2026-10-04T20:41:35.217660+05:30,POST,POST /jobs/,35.96,ok,
2026-10-04T20:41:35.220993+05:30,POST,POST /jobs/,31.24,ok,
2026-10-04T20:41:35.345106+05:30,GET,GET /jobs/stats/,26.63,ok,
2026-10-04T20:41:35.352509+05:30,POST,POST /jobs/,31.97,ok,
2026-10-04T20:41:35.358366+05:30,GET,GET /jobs/{id}/,25.59,ok,
2026-10-04T20:41:35.368141+05:30,GET,GET /jobs/stats/,24.36,ok,
2026-10-04T20:41:35.395513+05:30,GET,GET /health/,18.11,ok,
2026-10-04T20:41:35.459247+05:30,GET,GET /jobs/{id}/,19.4,ok,
2026-10-04T20:41:35.491989+05:30,POST,POST /jobs/,29.37,ok,
2026-10-04T20:41:35.495054+05:30,POST,POST /jobs/,47.05,ok,
2026-10-04T20:41:35.503875+05:30,POST,POST /jobs/,52.72,ok,
2026-10-04T20:41:35.508709+05:30,GET,GET /health/,31.87,ok,
2026-10-04T20:41:35.565825+05:30,POST,POST /jobs/,63.47,ok,
2026-10-04T20:41:35.566439+05:30,POST,POST /jobs/,72.55,ok,
2026-10-04T20:41:35.578404+05:30,POST,POST /jobs/,66.33,ok,
2026-10-04T20:41:35.586145+05:30,GET,GET /jobs/{id}/,56.96,ok,
2026-10-04T20:41:35.594935+05:30,GET,GET /health/,27.27,ok,
2026-10-04T20:41:35.598463+05:30,POST,POST /jobs/,25.3,ok,
2026-10-04T20:41:35.607203+05:30,GET,GET /jobs/stats/,23.09,ok,
2026-10-04T20:41:35.650977+05:30,GET,GET /jobs/{id}/,18.19,ok,
2026-10-04T20:41:35.685135+05:30,GET,GET /jobs/{id}/,18.83,ok,
2026-10-04T20:41:35.701761+05:30,GET,GET /jobs/{id}/,18.41,ok,
2026-10-04T20:41:35.763687+05:30,POST,POST /jobs/,23.53,ok,
2026-10-04T20:41:35.779459+05:30,POST,POST /jobs/,24.02,ok,
2026-10-04T20:41:35.803637+05:30,GET,GET /jobs/{id}/,20.88,ok,
2026-10-04T20:41:35.804088+05:30,GET,GET /jobs/stats/,23.38,ok,
2026-10-04T20:41:35.854429+05:30,GET,GET /jobs/{id}/,22.96,ok,
2026-10-04T20:41:35.854713+05:30,GET,GET /health/,22.0,ok,
2026-10-04T20:41:35.871469+05:30,POST,POST /jobs/,52.08,ok,
2026-10-04T20:41:35.953153+05:30,POST,POST /jobs/,31.07,ok,
2026-10-04T20:41:35.954309+05:30,POST,POST /jobs/,31.77,ok,
2026-10-04T20:41:35.988507+05:30,POST,POST /jobs/,22.82,ok,
2026-10-04T20:41:36.003097+05:30,GET,GET /jobs/{id}/,20.35,ok,
2026-10-04T20:41:36.052601+05:30,GET,GET /jobs/{id}/,19.17,ok,
2026-10-04T20:41:36.161547+05:30,GET,GET /jobs/{id}/,24.37,ok,
2026-10-04T20:41:36.164863+05:30,POST,POST /jobs/,24.85,ok,
2026-10-04T20:41:36.188851+05:30,POST,POST /jobs/,23.76,ok,
2026-10-04T20:41:36.200489+05:30,POST,POST /jobs/,25.91,ok,
2026-10-04T20:41:36.231292+05:30,GET,GET /jobs/{id}/,19.49,ok,
2026-10-04T20:41:36.243532+05:30,POST,POST /jobs/,23.55,ok,
2026-10-04T20:41:36.272480+05:30,GET,GET /jobs/stats/,20.69,ok,
2026-10-04T20:41:36.323361+05:30,POST,POST /jobs/,20.54,ok,
2026-10-04T20:41:36.352018+05:30,GET,GET /health/,18.2,ok,
2026-10-04T20:41:36.383178+05:30,POST,POST /jobs/,23.84,ok,
2026-10-04T20:41:36.402280+05:30,POST,POST /jobs/,24.69,ok,
2026-10-04T20:41:36.424793+05:30,POST,POST /jobs/,29.34,ok,
2026-10-04T20:41:36.432224+05:30,GET,GET /jobs/stats/,28.71,ok,
2026-10-04T20:41:36.441226+05:30,GET,GET /jobs/{id}/,21.73,ok,
2026-10-04T20:41:36.471906+05:30,GET,GET /jobs/{id}/,19.21,ok,
2026-10-04T20:41:36.493688+05:30,POST,POST /jobs/,28.83,ok,
2026-10-04T20:41:36.521282+05:30,POST,POST /jobs/,30.2,ok,
2026-10-04T20:41:36.567598+05:30,GET,GET /jobs/{id}/,24.08,ok,
2026-10-04T20:41:36.568054+05:30,GET,GET /jobs/stats/,30.51,ok,
2026-10-04T20:41:36.587328+05:30,POST,POST /jobs/,45.76,ok,
2026-10-04T20:41:36.596717+05:30,GET,GET /jobs/{id}/,35.67,ok,
2026-10-04T20:41:36.616139+05:30,POST,POST /jobs/,36.82,ok,
2026-10-04T20:41:36.627462+05:30,GET,GET /jobs/{id}/,17.44,ok,
2026-10-04T20:41:36.649120+05:30,GET,GET /jobs/stats/,21.53,ok,
2026-10-04T20:41:36.699622+05:30,GET,GET /jobs/stats/,19.87,ok,
2026-10-04T20:41:36.768536+05:30,GET,GET /jobs/{id}/,18.41,ok,
2026-10-04T20:41:36.779088+05:30,POST,POST /jobs/,20.9,ok,
2026-10-04T20:41:36.885944+05:30,GET,GET /jobs/{id}/,18.28,ok,
2026-10-04T20:41:36.917224+05:30,GET,GET /jobs/stats/,25.46,ok,
2026-10-04T20:41:36.918000+05:30,POST,POST /jobs/,26.75,ok,
2026-10-04T20:41:36.948704+05:30,GET,GET /health/,18.42,ok,
2026-10-04T20:41:36.983049+05:30,GET,GET /jobs/{id}/,20.03,ok,
2026-10-04T20:41:36.998805+05:30,GET,GET /jobs/{id}/,19.73,ok,
2026-10-04T20:41:37.011025+05:30,POST,POST /jobs/,25.68,ok,
2026-10-04T20:41:37.023641+05:30,GET,GET /jobs/stats/,26.05,ok,
2026-10-04T20:41:37.030313+05:30,POST,POST /jobs/,44.46,ok,
2026-10-04T20:41:37.069326+05:30,POST,POST /jobs/,51.92,ok,
2026-10-04T20:41:37.106598+05:30,GET,GET /jobs/stats/,39.74,ok,
2026-10-04T20:41:37.108668+05:30,GET,GET /jobs/{id}/,35.78,ok,
2026-10-04T20:41:37.154335+05:30,GET,GET /jobs/{id}/,19.36,ok,
2026-10-04T20:41:37.186055+05:30,GET,GET /jobs/{id}/,19.08,ok,
2026-10-04T20:41:37.188174+05:30,POST,POST /jobs/,24.41,ok,
2026-10-04T20:41:37.194479+05:30,GET,GET /jobs/{id}/,20.58,ok,
2026-10-04T20:41:37.246043+05:30,POST,POST /jobs/,23.08,ok,
2026-10-04T20:41:37.269768+05:30,GET,GET /jobs/{id}/,28.74,ok,
2026-10-04T20:41:37.311174+05:30,POST,POST /jobs/,22.08,ok,
2026-10-04T20:41:37.361168+05:30,GET,GET /jobs/{id}/,19.67,ok,
2026-10-04T20:41:37.370278+05:30,GET,GET /jobs/stats/,19.77,ok,
2026-10-04T20:41:37.445802+05:30,GET,GET /jobs/stats/,21.24,ok,
2026-10-04T20:41:37.453154+05:30,GET,GET /jobs/stats/,20.94,ok,
2026-10-04T20:41:37.468697+05:30,GET,GET /jobs/stats/,20.67,ok,
2026-10-04T20:41:37.488352+05:30,POST,POST /jobs/,20.87,ok,
2026-10-04T20:41:37.527763+05:30,GET,GET /jobs/{id}/,17.92,ok,
2026-10-04T20:41:37.550026+05:30,POST,POST /jobs/,22.09,ok,
2026-10-04T20:41:37.560804+05:30,GET,GET /jobs/{id}/,22.34,ok,
2026-10-04T20:41:37.574482+05:30,GET,GET /jobs/{id}/,21.16,ok,
2026-10-04T20:41:37.579836+05:30,POST,POST /jobs/,25.96,ok,
2026-10-04T20:41:37.599154+05:30,POST,POST /jobs/,20.38,ok,
2026-10-04T20:41:37.632189+05:30,POST,POST /jobs/,24.74,ok,
2026-10-04T20:41:37.641365+05:30,POST,POST /jobs/,21.82,ok,
2026-10-04T20:41:37.654955+05:30,POST,POST /jobs/,23.79,ok,
2026-10-04T20:41:37.698504+05:30,POST,POST /jobs/,21.22,ok,
2026-10-04T20:41:37.746359+05:30,GET,GET /jobs/{id}/,19.55,ok,
2026-10-04T20:41:37.775069+05:30,POST,POST /jobs/,22.42,ok,
2026-10-04T20:41:37.795082+05:30,POST,POST /jobs/,21.12,ok,
2026-10-04T20:41:37.817429+05:30,GET,GET /jobs/{id}/,18.06,ok,
2026-10-04T20:41:37.894457+05:30,GET,GET /jobs/{id}/,19.67,ok,
2026-10-04T20:41:37.912660+05:30,GET,GET /jobs/{id}/,22.61,ok,
2026-10-04T20:41:37.919415+05:30,POST,POST /jobs/,26.1,ok,
2026-10-04T20:41:37.995617+05:30,GET,GET /jobs/{id}/,17.87,ok,
2026-10-04T20:41:38.066800+05:30,GET,GET /jobs/stats/,24.91,ok,
2026-10-04T20:41:38.103022+05:30,POST,POST /jobs/,26.86,ok,
2026-10-04T20:41:38.123521+05:30,GET,GET /health/,19.25,ok,
2026-10-04T20:41:38.129015+05:30,GET,GET /jobs/{id}/,19.25,ok,
2026-10-04T20:41:38.148520+05:30,GET,GET /jobs/{id}/,18.21,ok,
2026-10-04T20:41:38.186759+05:30,POST,POST /jobs/,20.92,ok,
2026-10-04T20:41:38.213360+05:30,GET,GET /jobs/{id}/,21.33,ok,
2026-10-04T20:41:38.232846+05:30,POST,POST /jobs/,23.71,ok,
2026-10-04T20:41:38.259202+05:30,POST,POST /jobs/,23.07,ok,
2026-10-04T20:41:38.275341+05:30,GET,GET /jobs/{id}/,23.1,ok,
2026-10-04T20:41:38.299822+05:30,GET,GET /jobs/{id}/,24.28,ok,
2026-10-04T20:41:38.317283+05:30,GET,GET /jobs/{id}/,30.69,ok,
2026-10-04T20:41:38.318133+05:30,GET,GET /jobs/{id}/,26.62,ok,
2026-10-04T20:41:38.335666+05:30,GET,GET /jobs/{id}/,25.63,ok,
2026-10-04T20:41:38.340551+05:30,GET,GET /jobs/{id}/,31.36,ok,
2026-10-04T20:41:38.355679+05:30,GET,GET /health/,31.66,ok,
2026-10-04T20:41:38.362874+05:30,GET,GET /health/,39.41,ok,
2026-10-04T20:41:38.367759+05:30,GET,GET /jobs/stats/,28.85,ok,
2026-10-04T20:41:38.397847+05:30,POST,POST /jobs/,58.14,ok,
2026-10-04T20:41:38.398470+05:30,POST,POST /jobs/,51.91,ok,
2026-10-04T20:41:38.399656+05:30,POST,POST /jobs/,50.82,ok,
2026-10-04T20:41:38.462536+05:30,GET,GET /health/,21.48,ok,
2026-10-04T20:41:38.469997+05:30,GET,GET /health/,19.96,ok,
2026-10-04T20:41:38.530942+05:30,GET,GET /jobs/{id}/,17.63,ok,
2026-10-04T20:41:38.556502+05:30,GET,GET /jobs/stats/,22.3,ok,
2026-10-04T20:41:38.557948+05:30,GET,GET /health/,23.28,ok,
2026-10-04T20:41:38.560862+05:30,GET,GET /jobs/stats/,22.02,ok,
2026-10-04T20:41:38.573918+05:30,POST,POST /jobs/,26.83,ok,
2026-10-04T20:41:38.583729+05:30,GET,GET /jobs/{id}/,18.59,ok,
2026-10-04T20:41:38.592541+05:30,POST,POST /jobs/,23.12,ok,
2026-10-04T20:41:38.605074+05:30,GET,GET /health/,21.22,ok,
2026-10-04T20:41:38.619129+05:30,POST,POST /jobs/,25.26,ok,
2026-10-04T20:41:38.640512+05:30,GET,GET /jobs/stats/,30.13,ok,
2026-10-04T20:41:38.655461+05:30,GET,GET /health/,17.97,ok,
2026-10-04T20:41:38.714382+05:30,GET,GET /jobs/{id}/,18.21,ok,
2026-10-04T20:41:38.766211+05:30,GET,GET /jobs/{id}/,19.46,ok,
2026-10-04T20:41:38.778212+05:30,POST,POST /jobs/,26.87,ok,
2026-10-04T20:41:38.778668+05:30,GET,GET /health/,27.86,ok,
2026-10-04T20:41:38.787014+05:30,POST,POST /jobs/,26.67,ok,
2026-10-04T20:41:38.815144+05:30,POST,POST /jobs/,22.74,ok,
2026-10-04T20:41:38.837758+05:30,GET,GET /jobs/{id}/,18.26,ok,
2026-10-04T20:41:38.864497+05:30,GET,GET /jobs/{id}/,18.35,ok,
2026-10-04T20:41:38.902500+05:30,POST,POST /jobs/,20.68,ok,
2026-10-04T20:41:38.938510+05:30,POST,POST /jobs/,31.65,ok,
2026-10-04T20:41:38.942853+05:30,POST,POST /jobs/,22.26,ok,
2026-10-04T20:41:38.994067+05:30,GET,GET /jobs/{id}/,51.02,ok,
2026-10-04T20:41:39.000057+05:30,POST,POST /jobs/,51.74,ok,
2026-10-04T20:41:39.001160+05:30,GET,GET /jobs/stats/,49.21,ok,
2026-10-04T20:41:39.042583+05:30,GET,GET /jobs/{id}/,17.98,ok,
2026-10-04T20:41:39.048954+05:30,GET,GET /jobs/{id}/,18.24,ok,
2026-10-04T20:41:39.087072+05:30,GET,GET /jobs/{id}/,18.79,ok,
2026-10-04T20:41:39.121310+05:30,POST,POST /jobs/,23.73,ok,
2026-10-04T20:41:39.121811+05:30,POST,POST /jobs/,26.4,ok,
2026-10-04T20:41:39.146911+05:30,POST,POST /jobs/,35.14,ok,
2026-10-04T20:41:39.156474+05:30,POST,POST /jobs/,31.44,ok,
2026-10-04T20:41:39.165500+05:30,GET,GET /jobs/{id}/,26.46,ok,
2026-10-04T20:41:39.176615+05:30,POST,POST /jobs/,24.37,ok,
2026-10-04T20:41:39.276475+05:30,GET,GET /health/,24.47,ok,
2026-10-04T20:41:39.278918+05:30,POST,POST /jobs/,26.33,ok,
2026-10-04T20:41:39.287815+05:30,GET,GET /jobs/stats/,30.81,ok,
2026-10-04T20:41:39.301570+05:30,GET,GET /jobs/stats/,32.32,ok,
2026-10-04T20:41:39.365400+05:30,POST,POST /jobs/,22.45,ok,
2026-10-04T20:41:39.381490+05:30,GET,GET /jobs/{id}/,21.48,ok,
2026-10-04T20:41:39.387987+05:30,GET,GET /jobs/{id}/,20.32,ok,
2026-10-04T20:41:39.395515+05:30,GET,GET /jobs/{id}/,22.72,ok,
2026-10-04T20:41:39.395956+05:30,GET,GET /jobs/stats/,27.28,ok,
2026-10-04T20:41:39.425473+05:30,GET,GET /health/,22.3,ok,
2026-10-04T20:41:39.439332+05:30,GET,GET /jobs/{id}/,21.76,ok,
2026-10-04T20:41:39.439887+05:30,GET,GET /jobs/{id}/,23.71,ok,
2026-10-04T20:41:39.443194+05:30,POST,POST /jobs/,26.22,ok,
2026-10-04T20:41:39.475310+05:30,GET,GET /health/,20.81,ok,
2026-10-04T20:41:39.479977+05:30,POST,POST /jobs/,20.48,ok,
2026-10-04T20:41:39.536550+05:30,GET,GET /jobs/stats/,20.3,ok,
2026-10-04T20:41:39.601561+05:30,POST,POST /jobs/,21.71,ok,
2026-10-04T20:41:39.625969+05:30,GET,GET /jobs/{id}/,21.78,ok,
2026-10-04T20:41:39.627805+05:30,POST,POST /jobs/,27.9,ok,
2026-10-04T20:41:39.715040+05:30,POST,POST /jobs/,24.89,ok,
2026-10-04T20:41:39.717227+05:30,GET,GET /jobs/{id}/,19.97,ok,
2026-10-04T20:41:39.733361+05:30,POST,POST /jobs/,23.09,ok,
2026-10-04T20:41:39.751288+05:30,POST,POST /jobs/,24.78,ok,
2026-10-04T20:41:39.765957+05:30,GET,GET /jobs/{id}/,19.85,ok,
2026-10-04T20:41:39.812005+05:30,GET,GET /jobs/{id}/,17.56,ok,
2026-10-04T20:41:39.837937+05:30,POST,POST /jobs/,20.66,ok,
2026-10-04T20:41:39.906254+05:30,POST,POST /jobs/,25.24,ok,
2026-10-04T20:41:39.906707+05:30,POST,POST /jobs/,27.81,ok,
2026-10-04T20:41:39.915931+05:30,GET,GET /jobs/stats/,27.81,ok,
2026-10-04T20:41:39.957285+05:30,GET,GET /health/,18.06,ok,
2026-10-04T20:41:39.979596+05:30,POST,POST /jobs/,21.02,ok,
2026-10-04T20:41:39.985778+05:30,GET,GET /jobs/{id}/,19.26,ok,
2026-10-04T20:41:40.009257+05:30,GET,GET /jobs/{id}/,21.18,ok,
2026-10-04T20:41:40.018220+05:30,GET,GET /jobs/{id}/,20.73,ok,
2026-10-04T20:41:40.028078+05:30,POST,POST /jobs/,24.55,ok,
2026-10-04T20:41:40.062075+05:30,GET,GET /health/,22.71,ok,
2026-10-04T20:41:40.102982+05:30,GET,GET /jobs/{id}/,19.48,ok,
2026-10-04T20:41:40.108434+05:30,GET,GET /jobs/{id}/,20.14,ok,
2026-10-04T20:41:40.154803+05:30,GET,GET /jobs/{id}/,20.01,ok,
2026-10-04T20:41:40.155832+05:30,GET,GET /health/,18.01,ok,
2026-10-04T20:41:40.161643+05:30,GET,GET /jobs/{id}/,20.94,ok,
2026-10-04T20:41:40.195661+05:30,POST,POST /jobs/,26.72,ok,
2026-10-04T20:41:40.199695+05:30,GET,GET /jobs/{id}/,23.72,ok,
2026-10-04T20:41:40.209705+05:30,GET,GET /jobs/stats/,22.64,ok,
2026-10-04T20:41:40.363566+05:30,GET,GET /health/,21.0,ok,
2026-10-04T20:41:40.398730+05:30,POST,POST /jobs/,20.84,ok,
2026-10-04T20:41:40.446130+05:30,GET,GET /jobs/stats/,29.13,ok,
2026-10-04T20:41:40.448920+05:30,POST,POST /jobs/,30.98,ok,
2026-10-04T20:41:40.449544+05:30,GET,GET /jobs/{id}/,23.65,ok,
2026-10-04T20:41:40.467728+05:30,POST,POST /jobs/,27.44,ok,
2026-10-04T20:41:40.476925+05:30,GET,GET /jobs/{id}/,23.09,ok,
2026-10-04T20:41:40.480332+05:30,POST,POST /jobs/,22.61,ok,
2026-10-04T20:41:40.498735+05:30,POST,POST /jobs/,35.93,ok,
2026-10-04T20:41:40.502861+05:30,GET,GET /jobs/{id}/,29.84,ok,
2026-10-04T20:41:40.507292+05:30,GET,GET /jobs/{id}/,22.63,ok,
2026-10-04T20:41:40.520319+05:30,GET,GET /jobs/{id}/,29.7,ok,
2026-10-04T20:41:40.524065+05:30,GET,GET /jobs/{id}/,31.07,ok,
2026-10-04T20:41:40.538779+05:30,GET,GET /jobs/{id}/,19.96,ok,
2026-10-04T20:41:40.562514+05:30,POST,POST /jobs/,50.94,ok,
2026-10-04T20:41:40.573762+05:30,GET,GET /jobs/{id}/,47.46,ok,
2026-10-04T20:41:40.603859+05:30,GET,GET /jobs/{id}/,17.81,ok,
2026-10-04T20:41:40.679850+05:30,GET,GET /jobs/{id}/,22.67,ok,
2026-10-04T20:41:40.680314+05:30,POST,POST /jobs/,24.16,ok,
2026-10-04T20:41:40.693123+05:30,POST,POST /jobs/,22.0,ok,
2026-10-04T20:41:40.792926+05:30,POST,POST /jobs/,25.47,ok,
2026-10-04T20:41:40.793375+05:30,POST,POST /jobs/,25.44,ok,
2026-10-04T20:41:40.838293+05:30,POST,POST /jobs/,24.58,ok,
2026-10-04T20:41:40.838702+05:30,POST,POST /jobs/,27.1,ok,
2026-10-04T20:41:40.841687+05:30,GET,GET /jobs/{id}/,19.91,ok,
2026-10-04T20:41:40.853599+05:30,POST,POST /jobs/,24.81,ok,
2026-10-04T20:41:40.909956+05:30,GET,GET /jobs/{id}/,18.06,ok,
2026-10-04T20:41:40.918223+05:30,GET,GET /health/,20.32,ok,
2026-10-04T20:41:40.941440+05:30,POST,POST /jobs/,20.85,ok,
2026-10-04T20:41:41.003666+05:30,POST,POST /jobs/,29.71,ok,
2026-10-04T20:41:41.028150+05:30,POST,POST /jobs/,40.12,ok,
2026-10-04T20:41:41.035712+05:30,POST,POST /jobs/,41.71,ok,
2026-10-04T20:41:41.060647+05:30,GET,GET /jobs/{id}/,45.72,ok,
2026-10-04T20:41:41.062793+05:30,GET,GET /jobs/{id}/,47.02,ok,
2026-10-04T20:41:41.122985+05:30,POST,POST /jobs/,46.84,ok,
2026-10-04T20:41:41.134895+05:30,POST,POST /jobs/,24.22,ok,
2026-10-04T20:41:41.135441+05:30,POST,POST /jobs/,27.2,ok,
2026-10-04T20:41:41.158983+05:30,GET,GET /jobs/{id}/,18.26,ok,
2026-10-04T20:41:41.208902+05:30,GET,GET /jobs/{id}/,17.61,ok,
2026-10-04T20:41:41.248960+05:30,GET,GET /jobs/{id}/,23.12,ok,
2026-10-04T20:41:41.249491+05:30,GET,GET /jobs/stats/,24.3,ok,
2026-10-04T20:41:41.257191+05:30,GET,GET /jobs/stats/,26.17,ok,
2026-10-04T20:41:41.320972+05:30,GET,GET /jobs/{id}/,22.48,ok,
2026-10-04T20:41:41.333328+05:30,GET,GET /jobs/{id}/,21.73,ok,
2026-10-04T20:41:41.333767+05:30,POST,POST /jobs/,25.25,ok,
2026-10-04T20:41:41.356880+05:30,GET,GET /jobs/{id}/,19.9,ok,
2026-10-04T20:41:41.364853+05:30,GET,GET /jobs/{id}/,18.99,ok,
2026-10-04T20:41:41.371581+05:30,GET,GET /jobs/{id}/,18.72,ok,
2026-10-04T20:41:41.398092+05:30,POST,POST /jobs/,25.25,ok,
2026-10-04T20:41:41.410568+05:30,GET,GET /jobs/{id}/,21.29,ok,
2026-10-04T20:41:41.412977+05:30,GET,GET /jobs/stats/,25.23,ok,
2026-10-04T20:41:41.429930+05:30,GET,GET /jobs/{id}/,18.09,ok,
2026-10-04T20:41:41.451605+05:30,GET,GET /jobs/{id}/,17.4,ok,
2026-10-04T20:41:41.490958+05:30,POST,POST /jobs/,22.05,ok,
2026-10-04T20:41:41.507856+05:30,GET,GET /jobs/{id}/,16.72,ok,
2026-10-04T20:41:41.541306+05:30,GET,GET /jobs/{id}/,21.14,ok,
2026-10-04T20:41:41.541843+05:30,GET,GET /jobs/{id}/,19.63,ok,
2026-10-04T20:41:41.553380+05:30,POST,POST /jobs/,25.42,ok,
2026-10-04T20:41:41.566412+05:30,GET,GET /health/,23.36,ok,
2026-10-04T20:41:41.652458+05:30,POST,POST /jobs/,20.48,ok,
2026-10-04T20:41:41.703806+05:30,POST,POST /jobs/,21.73,ok,
2026-10-04T20:41:41.705803+05:30,POST,POST /jobs/,25.85,ok,
2026-10-04T20:41:41.860365+05:30,POST,POST /jobs/,22.67,ok,
2026-10-04T20:41:41.870667+05:30,GET,GET /health/,21.0,ok,
2026-10-04T20:41:41.977465+05:30,POST,POST /jobs/,22.45,ok,
2026-10-04T20:41:41.983136+05:30,GET,GET /jobs/stats/,23.04,ok,
2026-10-04T20:41:42.014525+05:30,POST,POST /jobs/,28.09,ok,
2026-10-04T20:41:42.025399+05:30,GET,GET /jobs/{id}/,22.86,ok,
2026-10-04T20:41:42.053463+05:30,POST,POST /jobs/,22.71,ok,
2026-10-04T20:41:42.071213+05:30,POST,POST /jobs/,31.43,ok,
2026-10-04T20:41:42.079689+05:30,GET,GET /jobs/{id}/,26.04,ok,
2026-10-04T20:41:42.120641+05:30,GET,GET /jobs/stats/,42.05,ok,
2026-10-04T20:41:42.121367+05:30,GET,GET /jobs/{id}/,37.11,ok,
2026-10-04T20:41:42.129779+05:30,POST,POST /jobs/,25.12,ok,
2026-10-04T20:41:42.165870+05:30,GET,GET /jobs/stats/,21.74,ok,
2026-10-04T20:41:42.223648+05:30,POST,POST /jobs/,30.24,ok,
2026-10-04T20:41:42.297398+05:30,GET,GET /jobs/{id}/,19.04,ok,
2026-10-04T20:41:42.328579+05:30,GET,GET /jobs/{id}/,17.87,ok,
2026-10-04T20:41:42.373888+05:30,POST,POST /jobs/,22.81,ok,
2026-10-04T20:41:42.377967+05:30,GET,GET /jobs/{id}/,17.81,ok,
2026-10-04T20:41:42.423582+05:30,POST,POST /jobs/,25.3,ok,
2026-10-04T20:41:42.430178+05:30,POST,POST /jobs/,22.8,ok,
2026-10-04T20:41:42.437390+05:30,GET,GET /jobs/stats/,22.87,ok,
2026-10-04T20:41:42.450537+05:30,POST,POST /jobs/,20.18,ok,
2026-10-04T20:41:42.518607+05:30,POST,POST /jobs/,24.55,ok,
2026-10-04T20:41:42.533450+05:30,GET,GET /jobs/stats/,20.39,ok,
2026-10-04T20:41:42.548527+05:30,GET,GET /jobs/{id}/,18.51,ok,
2026-10-04T20:41:42.557749+05:30,GET,GET /jobs/{id}/,22.04,ok,
2026-10-04T20:41:42.570944+05:30,GET,GET /jobs/stats/,24.29,ok,
2026-10-04T20:41:42.577104+05:30,POST,POST /jobs/,24.98,ok,
2026-10-04T20:41:42.578144+05:30,GET,GET /jobs/{id}/,23.51,ok,
2026-10-04T20:41:42.601299+05:30,POST,POST /jobs/,25.51,ok,
2026-10-04T20:41:42.616638+05:30,GET,GET /jobs/{id}/,22.2,ok,
2026-10-04T20:41:42.627358+05:30,GET,GET /jobs/{id}/,19.78,ok,
2026-10-04T20:41:42.666017+05:30,POST,POST /jobs/,24.3,ok,
2026-10-04T20:41:42.667907+05:30,POST,POST /jobs/,24.72,ok,
2026-10-04T20:41:42.697298+05:30,GET,GET /jobs/{id}/,19.12,ok,
2026-10-04T20:41:42.710149+05:30,GET,GET /jobs/{id}/,18.66,ok,
2026-10-04T20:41:42.746678+05:30,GET,GET /health/,20.24,ok,
2026-10-04T20:41:42.769402+05:30,POST,POST /jobs/,21.48,ok,
2026-10-04T20:41:42.781332+05:30,POST,POST /jobs/,24.43,ok,
2026-10-04T20:41:42.795232+05:30,GET,GET /jobs/{id}/,20.1,ok,
2026-10-04T20:41:42.803254+05:30,GET,GET /health/,17.7,ok,
2026-10-04T20:41:42.878548+05:30,GET,GET /jobs/{id}/,18.94,ok,
2026-10-04T20:41:42.879616+05:30,GET,GET /health/,19.5,ok,
2026-10-04T20:41:42.907510+05:30,GET,GET /jobs/{id}/,18.47,ok,
2026-10-04T20:41:42.993523+05:30,GET,GET /health/,18.7,ok,
2026-10-04T20:41:43.047624+05:30,POST,POST /jobs/,23.77,ok,
2026-10-04T20:41:43.062497+05:30,GET,GET /jobs/stats/,22.86,ok,
2026-10-04T20:41:43.105799+05:30,POST,POST /jobs/,21.98,ok,
2026-10-04T20:41:43.119218+05:30,GET,GET /jobs/{id}/,24.23,ok,
2026-10-04T20:41:43.130125+05:30,GET,GET /jobs/{id}/,19.93,ok,
2026-10-04T20:41:43.164624+05:30,POST,POST /jobs/,23.18,ok,
2026-10-04T20:41:43.170929+05:30,POST,POST /jobs/,24.45,ok,
2026-10-04T20:41:43.177355+05:30,GET,GET /jobs/{id}/,21.69,ok,
2026-10-04T20:41:43.245275+05:30,POST,POST /jobs/,27.59,ok,
2026-10-04T20:41:43.259554+05:30,GET,GET /jobs/{id}/,28.88,ok,
2026-10-04T20:41:43.300710+05:30,GET,GET /health/,20.87,ok,
2026-10-04T20:41:43.314094+05:30,GET,GET /jobs/{id}/,18.15,ok,
2026-10-04T20:41:43.335855+05:30,GET,GET /jobs/{id}/,18.5,ok,
2026-10-04T20:41:43.355700+05:30,GET,GET /jobs/{id}/,17.59,ok,
2026-10-04T20:41:43.397529+05:30,POST,POST /jobs/,21.52,ok,
2026-10-04T20:41:43.399410+05:30,GET,GET /jobs/{id}/,19.18,ok,
2026-10-04T20:41:43.427322+05:30,GET,GET /jobs/{id}/,19.65,ok,
2026-10-04T20:41:43.439820+05:30,GET,GET /jobs/{id}/,23.13,ok,
2026-10-04T20:41:43.440369+05:30,GET,GET /jobs/{id}/,19.67,ok,
2026-10-04T20:41:43.449736+05:30,GET,GET /jobs/{id}/,24.95,ok,
2026-10-04T20:41:43.450187+05:30,GET,GET /jobs/{id}/,23.62,ok,
2026-10-04T20:41:43.464701+05:30,POST,POST /jobs/,22.01,ok,
2026-10-04T20:41:43.501554+05:30,POST,POST /jobs/,21.55,ok,
2026-10-04T20:41:43.507711+05:30,POST,POST /jobs/,21.61,ok,
2026-10-04T20:41:43.529890+05:30,GET,GET /health/,18.93,ok,
2026-10-04T20:41:43.559450+05:30,GET,GET /jobs/{id}/,17.18,ok,
2026-10-04T20:41:43.593892+05:30,GET,GET /jobs/{id}/,20.13,ok,
2026-10-04T20:41:43.603311+05:30,POST,POST /jobs/,20.36,ok,
2026-10-04T20:41:43.609265+05:30,GET,GET /jobs/{id}/,21.09,ok,
2026-10-04T20:41:43.631062+05:30,GET,GET /jobs/stats/,19.58,ok,
2026-10-04T20:41:43.646772+05:30,POST,POST /jobs/,20.23,ok,
2026-10-04T20:41:43.692231+05:30,GET,GET /jobs/{id}/,18.16,ok,
2026-10-04T20:41:43.707767+05:30,POST,POST /jobs/,20.68,ok,
2026-10-04T20:41:43.730173+05:30,GET,GET /health/,20.18,ok,
2026-10-04T20:41:43.764062+05:30,POST,POST /jobs/,20.59,ok,
2026-10-04T20:41:43.801025+05:30,POST,POST /jobs/,20.67,ok,
2026-10-04T20:41:43.853803+05:30,POST,POST /jobs/,21.46,ok,
2026-10-04T20:41:43.895460+05:30,POST,POST /jobs/,28.35,ok,
2026-10-04T20:41:43.908008+05:30,GET,GET /jobs/{id}/,21.43,ok,
2026-10-04T20:41:43.933023+05:30,POST,POST /jobs/,20.67,ok,
2026-10-04T20:41:43.946434+05:30,POST,POST /jobs/,22.09,ok,
2026-10-04T20:41:44.002116+05:30,GET,GET /health/,23.43,ok,
2026-10-04T20:41:44.006586+05:30,POST,POST /jobs/,27.34,ok,
2026-10-04T20:41:44.007749+05:30,GET,GET /jobs/{id}/,24.4,ok,
2026-10-04T20:41:44.046658+05:30,GET,GET /health/,19.61,ok,
2026-10-04T20:41:44.070718+05:30,POST,POST /jobs/,32.68,ok,
2026-10-04T20:41:44.083815+05:30,POST,POST /jobs/,25.85,ok,
2026-10-04T20:41:44.098631+05:30,GET,GET /jobs/{id}/,21.63,ok,
2026-10-04T20:41:44.151149+05:30,GET,GET /jobs/{id}/,18.96,ok,
2026-10-04T20:41:44.165336+05:30,GET,GET /jobs/{id}/,19.71,ok,
2026-10-04T20:41:44.178664+05:30,GET,GET /jobs/{id}/,21.19,ok,
2026-10-04T20:41:44.187645+05:30,POST,POST /jobs/,24.19,ok,
2026-10-04T20:41:44.194046+05:30,POST,POST /jobs/,25.31,ok,
2026-10-04T20:41:44.212273+05:30,GET,GET /jobs/{id}/,21.37,ok,
2026-10-04T20:41:44.322145+05:30,GET,GET /jobs/stats/,20.45,ok,
2026-10-04T20:41:44.363399+05:30,GET,GET /health/,23.41,ok,
2026-10-04T20:41:44.363902+05:30,POST,POST /jobs/,24.44,ok,
2026-10-04T20:41:44.511019+05:30,POST,POST /jobs/,21.58,ok,
2026-10-04T20:41:44.516515+05:30,GET,GET /jobs/{id}/,20.0,ok,
2026-10-04T20:41:44.526097+05:30,POST,POST /jobs/,24.64,ok,
2026-10-04T20:41:44.547173+05:30,POST,POST /jobs/,19.83,ok,
2026-10-04T20:41:44.572368+05:30,GET,GET /health/,17.93,ok,
2026-10-04T20:41:44.599272+05:30,GET,GET /jobs/{id}/,19.52,ok,
2026-10-04T20:41:44.615731+05:30,POST,POST /jobs/,21.74,ok,
2026-10-04T20:41:44.754231+05:30,POST,POST /jobs/,20.81,ok,
2026-10-04T20:41:44.780939+05:30,POST,POST /jobs/,20.4,ok,
2026-10-04T20:41:44.802506+05:30,GET,GET /jobs/{id}/,18.29,ok,
2026-10-04T20:41:44.809398+05:30,POST,POST /jobs/,22.15,ok,
2026-10-04T20:41:44.826389+05:30,GET,GET /jobs/{id}/,18.05,ok,
2026-10-04T20:41:44.834612+05:30,POST,POST /jobs/,20.66,ok,
2026-10-04T20:41:44.859801+05:30,GET,GET /jobs/stats/,19.93,ok,
2026-10-04T20:41:44.910537+05:30,GET,GET /jobs/stats/,22.28,ok,
2026-10-04T20:41:44.936032+05:30,POST,POST /jobs/,23.19,ok,
2026-10-04T20:41:44.978788+05:30,GET,GET /jobs/{id}/,19.24,ok,
2026-10-04T20:41:44.998843+05:30,POST,POST /jobs/,22.03,ok,
2026-10-04T20:41:45.078326+05:30,GET,GET /jobs/{id}/,27.58,ok,
2026-10-04T20:41:45.086239+05:30,POST,POST /jobs/,40.79,ok,
2026-10-04T20:41:45.090907+05:30,POST,POST /jobs/,29.17,ok,
2026-10-04T20:41:45.114947+05:30,POST,POST /jobs/,25.38,ok,
2026-10-04T20:41:45.159005+05:30,GET,GET /jobs/stats/,26.74,ok,
2026-10-04T20:41:45.162428+05:30,POST,POST /jobs/,28.04,ok,
2026-10-04T20:41:45.172330+05:30,GET,GET /jobs/{id}/,19.61,ok,
2026-10-04T20:41:45.196635+05:30,GET,GET /jobs/{id}/,19.93,ok,
2026-10-04T20:41:45.208135+05:30,GET,GET /jobs/{id}/,17.49,ok,
2026-10-04T20:41:45.284774+05:30,GET,GET /jobs/stats/,20.98,ok,
2026-10-04T20:41:45.323715+05:30,POST,POST /jobs/,21.61,ok,
2026-10-04T20:41:45.367350+05:30,GET,GET /jobs/{id}/,24.2,ok,
2026-10-04T20:41:45.378545+05:30,POST,POST /jobs/,24.68,ok,
2026-10-04T20:41:45.384974+05:30,POST,POST /jobs/,30.41,ok,
2026-10-04T20:41:45.385489+05:30,GET,GET /jobs/{id}/,23.74,ok,
2026-10-04T20:41:45.399904+05:30,GET,GET /health/,22.65,ok,
2026-10-04T20:41:45.429575+05:30,GET,GET /jobs/{id}/,18.32,ok,
2026-10-04T20:41:45.439137+05:30,GET,GET /jobs/{id}/,22.86,ok,
2026-10-04T20:41:45.443113+05:30,POST,POST /jobs/,25.19,ok,
2026-10-04T20:41:45.457224+05:30,GET,GET /jobs/{id}/,23.26,ok,
2026-10-04T20:41:45.486798+05:30,GET,GET /health/,19.27,ok,
2026-10-04T20:41:45.513383+05:30,GET,GET /jobs/{id}/,18.31,ok,
2026-10-04T20:41:45.620362+05:30,GET,GET /jobs/stats/,22.68,ok,
2026-10-04T20:41:45.620913+05:30,GET,GET /jobs/{id}/,20.19,ok,
2026-10-04T20:41:45.638003+05:30,POST,POST /jobs/,24.99,ok,
2026-10-04T20:41:45.663066+05:30,GET,GET /jobs/stats/,28.72,ok,
2026-10-04T20:41:45.663567+05:30,GET,GET /jobs/{id}/,22.29,ok,
2026-10-04T20:41:45.689269+05:30,GET,GET /jobs/stats/,20.48,ok,
2026-10-04T20:41:45.705352+05:30,GET,GET /health/,19.59,ok,
2026-10-04T20:41:45.800100+05:30,POST,POST /jobs/,21.21,ok,
2026-10-04T20:41:45.809906+05:30,POST,POST /jobs/,22.87,ok,
2026-10-04T20:41:45.822563+05:30,GET,GET /health/,21.2,ok,
2026-10-04T20:41:45.882211+05:30,GET,GET /jobs/stats/,21.35,ok,
2026-10-04T20:41:45.908938+05:30,GET,GET /jobs/{id}/,19.25,ok,
2026-10-04T20:41:45.918193+05:30,POST,POST /jobs/,20.65,ok,
2026-10-04T20:41:45.962702+05:30,POST,POST /jobs/,24.19,ok,
2026-10-04T20:41:45.982718+05:30,POST,POST /jobs/,21.98,ok,
2026-10-04T20:41:45.989411+05:30,GET,GET /jobs/{id}/,19.99,ok,
2026-10-04T20:41:46.054299+05:30,POST,POST /jobs/,22.56,ok,
2026-10-04T20:41:46.072188+05:30,POST,POST /jobs/,24.29,ok,
2026-10-04T20:41:46.077071+05:30,GET,GET /health/,21.5,ok,
2026-10-04T20:41:46.083908+05:30,GET,GET /jobs/{id}/,19.21,ok,
2026-10-04T20:41:46.097600+05:30,GET,GET /jobs/{id}/,18.26,ok,
2026-10-04T20:41:46.131353+05:30,GET,GET /jobs/stats/,23.46,ok,
2026-10-04T20:41:46.141958+05:30,GET,GET /jobs/{id}/,20.83,ok,
2026-10-04T20:41:46.230821+05:30,GET,GET /jobs/stats/,24.57,ok,
2026-10-04T20:41:46.267663+05:30,GET,GET /jobs/{id}/,20.53,ok,
2026-10-04T20:41:46.278011+05:30,GET,GET /jobs/{id}/,23.91,ok,
2026-10-04T20:41:46.293287+05:30,GET,GET /health/,19.67,ok,
2026-10-04T20:41:46.333531+05:30,POST,POST /jobs/,20.79,ok,
2026-10-04T20:41:46.382254+05:30,POST,POST /jobs/,21.26,ok,
2026-10-04T20:41:46.481400+05:30,POST,POST /jobs/,24.57,ok,
2026-10-04T20:41:46.486051+05:30,GET,GET /jobs/{id}/,22.05,ok,
2026-10-04T20:41:46.498274+05:30,GET,GET /jobs/stats/,23.2,ok,
2026-10-04T20:41:46.507804+05:30,POST,POST /jobs/,21.6,ok,
2026-10-04T20:41:46.529484+05:30,GET,GET /health/,18.43,ok,
2026-10-04T20:41:46.534358+05:30,GET,GET /jobs/{id}/,18.84,ok,
2026-10-04T20:41:46.542888+05:30,GET,GET /jobs/{id}/,17.34,ok,
2026-10-04T20:41:46.571964+05:30,GET,GET /health/,19.81,ok,
2026-10-04T20:41:46.623179+05:30,POST,POST /jobs/,21.89,ok,
2026-10-04T20:41:46.668737+05:30,GET,GET /jobs/{id}/,21.05,ok,
2026-10-04T20:41:46.683783+05:30,GET,GET /jobs/stats/,21.82,ok,
2026-10-04T20:41:46.730079+05:30,GET,GET /jobs/{id}/,19.98,ok,
2026-10-04T20:41:46.737603+05:30,GET,GET /health/,20.49,ok,
2026-10-04T20:41:46.747200+05:30,GET,GET /jobs/{id}/,18.21,ok,
2026-10-04T20:41:46.757382+05:30,POST,POST /jobs/,20.8,ok,
2026-10-04T20:41:46.813740+05:30,GET,GET /jobs/{id}/,18.07,ok,
2026-10-04T20:41:46.822600+05:30,GET,GET /jobs/stats/,19.82,ok,
2026-10-04T20:41:46.875992+05:30,POST,POST /jobs/,22.09,ok,
2026-10-04T20:41:46.891828+05:30,GET,GET /health/,20.88,ok,
2026-10-04T20:41:46.941336+05:30,POST,POST /jobs/,20.22,ok,
2026-10-04T20:41:46.966586+05:30,POST,POST /jobs/,20.99,ok,
2026-10-04T20:41:46.992816+05:30,POST,POST /jobs/,24.93,ok,
2026-10-04T20:41:46.994841+05:30,POST,POST /jobs/,23.97,ok,
2026-10-04T20:41:47.023742+05:30,GET,GET /health/,21.62,ok,
2026-10-04T20:41:47.029858+05:30,POST,POST /jobs/,21.14,ok,
2026-10-04T20:41:47.105035+05:30,POST,POST /jobs/,21.84,ok,
2026-10-04T20:41:47.135377+05:30,GET,GET /jobs/{id}/,19.01,ok,
2026-10-04T20:41:47.153760+05:30,GET,GET /health/,23.23,ok,
2026-10-04T20:41:47.162892+05:30,POST,POST /jobs/,25.25,ok,
2026-10-04T20:41:47.175737+05:30,GET,GET /jobs/{id}/,28.52,ok,
2026-10-04T20:41:47.176547+05:30,POST,POST /jobs/,30.01,ok,
2026-10-04T20:41:47.181535+05:30,GET,GET /health/,24.54,ok,
2026-10-04T20:41:47.226185+05:30,GET,GET /jobs/stats/,20.22,ok,
2026-10-04T20:41:47.299285+05:30,POST,POST /jobs/,20.59,ok,
2026-10-04T20:41:47.335589+05:30,GET,GET /jobs/{id}/,20.01,ok,
2026-10-04T20:41:47.353324+05:30,GET,GET /jobs/{id}/,21.61,ok,
2026-10-04T20:41:47.361860+05:30,GET,GET /jobs/{id}/,20.97,ok,
2026-10-04T20:41:47.381274+05:30,POST,POST /jobs/,20.61,ok,
2026-10-04T20:41:47.405082+05:30,GET,GET /jobs/stats/,20.51,ok,
2026-10-04T20:41:47.418880+05:30,GET,GET /jobs/{id}/,18.3,ok,
2026-10-04T20:41:47.441293+05:30,GET,GET /jobs/{id}/,18.1,ok,
2026-10-04T20:41:47.504516+05:30,POST,POST /jobs/,20.5,ok,
2026-10-04T20:41:47.562429+05:30,POST,POST /jobs/,22.39,ok,
2026-10-04T20:41:47.603891+05:30,POST,POST /jobs/,21.14,ok,
2026-10-04T20:41:47.653908+05:30,GET,GET /jobs/stats/,21.73,ok,
2026-10-04T20:41:47.659512+05:30,GET,GET /jobs/{id}/,19.19,ok,
2026-10-04T20:41:47.660303+05:30,GET,GET /health/,17.92,ok,
2026-10-04T20:41:47.710700+05:30,GET,GET /jobs/{id}/,18.06,ok,
2026-10-04T20:41:47.734215+05:30,GET,GET /jobs/stats/,22.29,ok,
2026-10-04T20:41:47.734931+05:30,GET,GET /health/,22.57,ok,
2026-10-04T20:41:47.758355+05:30,GET,GET /jobs/{id}/,18.35,ok,
2026-10-04T20:41:47.758778+05:30,GET,GET /jobs/stats/,22.68,ok,
2026-10-04T20:41:47.771747+05:30,POST,POST /jobs/,23.8,ok,
2026-10-04T20:41:47.884944+05:30,GET,GET /health/,28.73,ok,
2026-10-04T20:41:47.887755+05:30,GET,GET /health/,21.39,ok,
2026-10-04T20:41:47.895077+05:30,GET,GET /jobs/{id}/,22.15,ok,
2026-10-04T20:41:47.901865+05:30,POST,POST /jobs/,28.2,ok,
2026-10-04T20:41:47.909816+05:30,GET,GET /jobs/{id}/,23.6,ok,
2026-10-04T20:41:47.916861+05:30,POST,POST /jobs/,24.51,ok,
2026-10-04T20:41:47.949038+05:30,POST,POST /jobs/,21.88,ok,
2026-10-04T20:41:47.958099+05:30,POST,POST /jobs/,20.93,ok,
2026-10-04T20:41:47.995534+05:30,GET,GET /health/,19.17,ok,
2026-10-04T20:41:48.027258+05:30,POST,POST /jobs/,21.23,ok,
2026-10-04T20:41:48.070142+05:30,GET,GET /jobs/{id}/,18.36,ok,
2026-10-04T20:41:48.078166+05:30,POST,POST /jobs/,21.26,ok,
2026-10-04T20:41:48.118128+05:30,GET,GET /jobs/{id}/,17.6,ok,
2026-10-04T20:41:48.144741+05:30,GET,GET /jobs/{id}/,19.28,ok,
2026-10-04T20:41:48.150469+05:30,GET,GET /jobs/stats/,24.5,ok,
2026-10-04T20:41:48.205147+05:30,GET,GET /health/,26.19,ok,
2026-10-04T20:41:48.214060+05:30,POST,POST /jobs/,34.57,ok,
2026-10-04T20:41:48.216130+05:30,POST,POST /jobs/,33.47,ok,
2026-10-04T20:41:48.218956+05:30,GET,GET /jobs/stats/,30.99,ok,
2026-10-04T20:41:48.227530+05:30,GET,GET /jobs/{id}/,34.39,ok,
2026-10-04T20:41:48.268766+05:30,GET,GET /jobs/{id}/,37.9,ok,
2026-10-04T20:41:48.319349+05:30,GET,GET /jobs/{id}/,23.06,ok,
2026-10-04T20:41:48.385631+05:30,POST,POST /jobs/,20.84,ok,
2026-10-04T20:41:48.466498+05:30,GET,GET /jobs/stats/,23.56,ok,
2026-10-04T20:41:48.472857+05:30,GET,GET /jobs/{id}/,18.89,ok,
2026-10-04T20:41:48.536691+05:30,GET,GET /jobs/{id}/,20.3,ok,
2026-10-04T20:41:48.553955+05:30,POST,POST /jobs/,22.9,ok,
2026-10-04T20:41:48.567289+05:30,GET,GET /health/,22.33,ok,
2026-10-04T20:41:48.589019+05:30,POST,POST /jobs/,20.4,ok,
2026-10-04T20:41:48.613977+05:30,POST,POST /jobs/,22.32,ok,
2026-10-04T20:41:48.614555+05:30,GET,GET /health/,26.7,ok,
2026-10-04T20:41:48.627439+05:30,GET,GET /jobs/stats/,22.73,ok,
2026-10-04T20:41:48.644934+05:30,GET,GET /jobs/{id}/,17.33,ok,
2026-10-04T20:41:48.656163+05:30,GET,GET /jobs/{id}/,20.7,ok,
2026-10-04T20:41:48.668686+05:30,GET,GET /jobs/{id}/,18.44,ok,
2026-10-04T20:41:48.731356+05:30,POST,POST /jobs/,22.18,ok,
2026-10-04T20:41:48.739881+05:30,GET,GET /jobs/stats/,24.67,ok,
2026-10-04T20:41:48.774704+05:30,POST,POST /jobs/,21.53,ok,
2026-10-04T20:41:48.786534+05:30,GET,GET /jobs/{id}/,18.27,ok,
2026-10-04T20:41:48.817682+05:30,POST,POST /jobs/,20.75,ok,
2026-10-04T20:41:48.840468+05:30,GET,GET /jobs/{id}/,18.43,ok,
2026-10-04T20:41:48.867150+05:30,POST,POST /jobs/,23.38,ok,
2026-10-04T20:41:48.875947+05:30,GET,GET /jobs/{id}/,21.0,ok,
2026-10-04T20:41:48.890982+05:30,GET,GET /jobs/{id}/,20.51,ok,
2026-10-04T20:41:48.896485+05:30,GET,GET /jobs/{id}/,22.9,ok,
2026-10-04T20:41:48.903102+05:30,POST,POST /jobs/,25.8,ok,
2026-10-04T20:41:48.908124+05:30,POST,POST /jobs/,24.42,ok,
2026-10-04T20:41:48.927101+05:30,POST,POST /jobs/,30.4,ok,
2026-10-04T20:41:48.947101+05:30,GET,GET /jobs/{id}/,19.72,ok,
2026-10-04T20:41:48.964746+05:30,POST,POST /jobs/,23.47,ok,
2026-10-04T20:41:48.973209+05:30,GET,GET /jobs/{id}/,18.81,ok,
2026-10-04T20:41:48.989864+05:30,POST,POST /jobs/,21.83,ok,
2026-10-04T20:41:49.014950+05:30,GET,GET /jobs/stats/,20.86,ok,
2026-10-04T20:41:49.034701+05:30,GET,GET /jobs/{id}/,18.5,ok,
2026-10-04T20:41:49.054564+05:30,POST,POST /jobs/,25.28,ok,
2026-10-04T20:41:49.063496+05:30,POST,POST /jobs/,23.5,ok,
2026-10-04T20:41:49.066708+05:30,GET,GET /jobs/stats/,26.11,ok,
2026-10-04T20:41:49.081003+05:30,GET,GET /jobs/{id}/,18.54,ok,
2026-10-04T20:41:49.108660+05:30,GET,GET /health/,18.38,ok,
2026-10-04T20:41:49.134717+05:30,POST,POST /jobs/,22.74,ok,
2026-10-04T20:41:49.176789+05:30,POST,POST /jobs/,20.74,ok,
2026-10-04T20:41:49.247197+05:30,GET,GET /jobs/{id}/,18.11,ok,
2026-10-04T20:41:49.305558+05:30,GET,GET /health/,18.89,ok,
2026-10-04T20:41:49.322958+05:30,GET,GET /jobs/{id}/,19.27,ok,
2026-10-04T20:41:49.351062+05:30,GET,GET /health/,19.81,ok,
2026-10-04T20:41:49.371963+05:30,GET,GET /jobs/stats/,20.7,ok,
2026-10-04T20:41:49.485539+05:30,GET,GET /jobs/stats/,21.04,ok,
2026-10-04T20:41:49.494300+05:30,GET,GET /jobs/stats/,20.83,ok,
2026-10-04T20:41:49.535740+05:30,GET,GET /jobs/stats/,20.15,ok,
2026-10-04T20:41:49.541698+05:30,GET,GET /jobs/{id}/,18.15,ok,
2026-10-04T20:41:49.597007+05:30,GET,GET /jobs/{id}/,17.84,ok,
2026-10-04T20:41:49.620307+05:30,POST,POST /jobs/,20.95,ok,
2026-10-04T20:41:49.645326+05:30,GET,GET /jobs/{id}/,17.42,ok,
2026-10-04T20:41:49.709001+05:30,GET,GET /jobs/{id}/,21.42,ok,
2026-10-04T20:41:49.709491+05:30,GET,GET /jobs/{id}/,22.88,ok,
2026-10-04T20:41:49.753491+05:30,POST,POST /jobs/,21.73,ok,
2026-10-04T20:41:49.779482+05:30,GET,GET /health/,19.59,ok,
2026-10-04T20:41:49.816131+05:30,GET,GET /jobs/{id}/,18.35,ok,
2026-10-04T20:41:49.885754+05:30,POST,POST /jobs/,20.32,ok,
2026-10-04T20:41:49.913650+05:30,POST,POST /jobs/,24.4,ok,
2026-10-04T20:41:49.934221+05:30,POST,POST /jobs/,21.58,ok,
2026-10-04T20:41:49.999601+05:30,GET,GET /jobs/stats/,23.01,ok,
2026-10-04T20:41:50.009421+05:30,GET,GET /jobs/stats/,22.89,ok,
2026-10-04T20:41:50.011782+05:30,GET,GET /health/,22.44,ok,
2026-10-04T20:41:50.042395+05:30,POST,POST /jobs/,20.31,ok,
2026-10-04T20:41:50.080730+05:30,POST,POST /jobs/,22.02,ok,
2026-10-04T20:41:50.085383+05:30,GET,GET /jobs/{id}/,18.52,ok,
2026-10-04T20:41:50.087189+05:30,GET,GET /jobs/{id}/,22.41,ok,
2026-10-04T20:41:50.136987+05:30,POST,POST /jobs/,21.37,ok,
2026-10-04T20:41:50.165462+05:30,POST,POST /jobs/,24.19,ok,
2026-10-04T20:41:50.190259+05:30,GET,GET /jobs/{id}/,17.44,ok,
2026-10-04T20:41:50.222191+05:30,POST,POST /jobs/,20.63,ok,
2026-10-04T20:41:50.249173+05:30,GET,GET /health/,23.76,ok,
2026-10-04T20:41:50.259507+05:30,GET,GET /jobs/stats/,22.21,ok,
2026-10-04T20:41:50.261645+05:30,GET,GET /health/,21.17,ok,
2026-10-04T20:41:50.337159+05:30,GET,GET /health/,19.98,ok,
2026-10-04T20:41:50.379388+05:30,POST,POST /jobs/,21.77,ok,
2026-10-04T20:41:50.413379+05:30,GET,GET /health/,18.71,ok,
2026-10-04T20:41:50.554241+05:30,GET,GET /jobs/stats/,21.16,ok,
2026-10-04T20:41:50.559267+05:30,GET,GET /health/,20.19,ok,
2026-10-04T20:41:50.589096+05:30,GET,GET /jobs/{id}/,19.5,ok,
2026-10-04T20:41:50.596951+05:30,POST,POST /jobs/,26.85,ok,
2026-10-04T20:41:50.611694+05:30,GET,GET /jobs/{id}/,22.41,ok,
2026-10-04T20:41:50.634550+05:30,POST,POST /jobs/,24.05,ok,
2026-10-04T20:41:50.637966+05:30,POST,POST /jobs/,22.72,ok,
2026-10-04T20:41:50.660456+05:30,GET,GET /jobs/{id}/,30.1,ok,
2026-10-04T20:41:50.683389+05:30,GET,GET /jobs/{id}/,17.5,ok,
2026-10-04T20:41:50.745017+05:30,GET,GET /health/,23.32,ok,
2026-10-04T20:41:50.758816+05:30,POST,POST /jobs/,27.1,ok,
2026-10-04T20:41:50.759422+05:30,POST,POST /jobs/,27.17,ok,
2026-10-04T20:41:50.780932+05:30,GET,GET /jobs/{id}/,27.58,ok,
2026-10-04T20:41:50.803519+05:30,GET,GET /jobs/{id}/,20.32,ok,
2026-10-04T20:41:50.820076+05:30,POST,POST /jobs/,21.91,ok,
2026-10-04T20:41:50.863485+05:30,GET,GET /health/,18.13,ok,
2026-10-04T20:41:50.867700+05:30,GET,GET /jobs/stats/,21.82,ok,
2026-10-04T20:41:50.887147+05:30,GET,GET /jobs/{id}/,17.17,ok,
2026-10-04T20:41:50.906958+05:30,GET,GET /jobs/{id}/,17.54,ok,
2026-10-04T20:41:50.943590+05:30,POST,POST /jobs/,21.33,ok,
2026-10-04T20:41:50.972029+05:30,POST,POST /jobs/,25.0,ok,
2026-10-04T20:41:51.006257+05:30,GET,GET /jobs/stats/,23.94,ok,
2026-10-04T20:41:51.033382+05:30,GET,GET /jobs/{id}/,18.78,ok,
2026-10-04T20:41:51.090950+05:30,GET,GET /jobs/{id}/,21.24,ok,
2026-10-04T20:41:51.095740+05:30,POST,POST /jobs/,25.42,ok,
2026-10-04T20:41:51.159022+05:30,GET,GET /jobs/{id}/,18.92,ok,
2026-10-04T20:41:51.182734+05:30,GET,GET /jobs/stats/,20.44,ok,
2026-10-04T20:41:51.208678+05:30,GET,GET /jobs/{id}/,18.63,ok,
2026-10-04T20:41:51.262118+05:30,GET,GET /jobs/{id}/,22.12,ok,
2026-10-04T20:41:51.269717+05:30,GET,GET /health/,26.68,ok,
2026-10-04T20:41:51.305789+05:30,GET,GET /health/,25.74,ok,
2026-10-04T20:41:51.307686+05:30,GET,GET /health/,23.62,ok,
2026-10-04T20:41:51.320317+05:30,POST,POST /jobs/,24.09,ok,
2026-10-04T20:41:51.322831+05:30,GET,GET /jobs/{id}/,20.34,ok,
2026-10-04T20:41:51.400511+05:30,GET,GET /jobs/{id}/,63.51,ok,
2026-10-04T20:41:51.401202+05:30,POST,POST /jobs/,67.46,ok,
2026-10-04T20:41:51.408289+05:30,GET,GET /jobs/{id}/,68.59,ok,
2026-10-04T20:41:51.409497+05:30,POST,POST /jobs/,42.81,ok,
2026-10-04T20:41:51.410082+05:30,POST,POST /jobs/,55.53,ok,
2026-10-04T20:41:51.424058+05:30,GET,GET /jobs/{id}/,28.27,ok,
2026-10-04T20:41:51.454597+05:30,GET,GET /jobs/stats/,24.29,ok,
2026-10-04T20:41:51.456694+05:30,POST,POST /jobs/,23.95,ok,
2026-10-04T20:41:51.495775+05:30,GET,GET /jobs/{id}/,17.79,ok,
2026-10-04T20:41:51.549134+05:30,POST,POST /jobs/,21.72,ok,
2026-10-04T20:41:51.593999+05:30,GET,GET /jobs/stats/,20.42,ok,
2026-10-04T20:41:51.618848+05:30,POST,POST /jobs/,22.6,ok,
2026-10-04T20:41:51.633186+05:30,GET,GET /jobs/{id}/,19.83,ok,
2026-10-04T20:41:51.674158+05:30,POST,POST /jobs/,22.64,ok,
2026-10-04T20:41:51.680569+05:30,GET,GET /jobs/{id}/,22.98,ok,
2026-10-04T20:41:51.715856+05:30,GET,GET /health/,20.03,ok,
2026-10-04T20:41:51.738651+05:30,POST,POST /jobs/,22.63,ok,
2026-10-04T20:41:51.749643+05:30,GET,GET /jobs/stats/,27.68,ok,
2026-10-04T20:41:51.802128+05:30,GET,GET /jobs/{id}/,18.16,ok,
2026-10-04T20:41:51.810362+05:30,POST,POST /jobs/,20.33,ok,
2026-10-04T20:41:51.849065+05:30,GET,GET /jobs/stats/,23.45,ok,
2026-10-04T20:41:51.853091+05:30,GET,GET /jobs/{id}/,20.44,ok,
2026-10-04T20:41:51.861050+05:30,GET,GET /jobs/{id}/,23.38,ok,
2026-10-04T20:41:51.871826+05:30,GET,GET /jobs/{id}/,24.15,ok,
2026-10-04T20:41:51.872225+05:30,GET,GET /jobs/stats/,22.69,ok,
2026-10-04T20:41:51.919089+05:30,POST,POST /jobs/,27.68,ok,
2026-10-04T20:41:51.920648+05:30,POST,POST /jobs/,29.97,ok,
2026-10-04T20:41:51.927611+05:30,POST,POST /jobs/,24.1,ok,
2026-10-04T20:41:51.944337+05:30,GET,GET /jobs/{id}/,24.7,ok,
2026-10-04T20:41:51.952651+05:30,POST,POST /jobs/,35.06,ok,
2026-10-04T20:41:51.959496+05:30,GET,GET /jobs/{id}/,23.55,ok,
2026-10-04T20:41:51.965991+05:30,POST,POST /jobs/,29.28,ok,
2026-10-04T20:41:51.968782+05:30,POST,POST /jobs/,25.96,ok,
2026-10-04T20:41:52.005797+05:30,GET,GET /jobs/{id}/,31.7,ok,
2026-10-04T20:41:52.017913+05:30,GET,GET /jobs/{id}/,22.8,ok,
2026-10-04T20:41:52.069615+05:30,POST,POST /jobs/,26.34,ok,
2026-10-04T20:41:52.095236+05:30,GET,GET /health/,22.32,ok,
2026-10-04T20:41:52.097194+05:30,GET,GET /health/,21.05,ok,
2026-10-04T20:41:52.123465+05:30,POST,POST /jobs/,21.97,ok,
2026-10-04T20:41:52.125994+05:30,GET,GET /jobs/{id}/,19.31,ok,
2026-10-04T20:41:52.173158+05:30,GET,GET /jobs/{id}/,18.83,ok,
2026-10-04T20:41:52.173879+05:30,GET,GET /health/,19.03,ok,
2026-10-04T20:41:52.206722+05:30,GET,GET /jobs/{id}/,17.58,ok,
2026-10-04T20:41:52.235214+05:30,GET,GET /jobs/{id}/,18.2,ok,
2026-10-04T20:41:52.294509+05:30,GET,GET /jobs/{id}/,17.91,ok,
2026-10-04T20:41:52.319559+05:30,GET,GET /jobs/{id}/,18.74,ok,
2026-10-04T20:41:52.329126+05:30,GET,GET /jobs/{id}/,19.79,ok,
2026-10-04T20:41:52.349340+05:30,POST,POST /jobs/,21.44,ok,
2026-10-04T20:41:52.390440+05:30,GET,GET /health/,19.78,ok,
2026-10-04T20:41:52.456487+05:30,GET,GET /jobs/{id}/,18.73,ok,
2026-10-04T20:41:52.472350+05:30,POST,POST /jobs/,21.6,ok,
2026-10-04T20:41:52.485276+05:30,GET,GET /jobs/stats/,20.42,ok,
2026-10-04T20:41:52.502812+05:30,POST,POST /jobs/,23.09,ok,
2026-10-04T20:41:52.545571+05:30,GET,GET /jobs/{id}/,22.57,ok,
2026-10-04T20:41:52.555229+05:30,POST,POST /jobs/,32.9,ok,
2026-10-04T20:41:52.557502+05:30,GET,GET /health/,26.25,ok,
2026-10-04T20:41:52.579506+05:30,GET,GET /jobs/stats/,19.77,ok,
2026-10-04T20:41:52.609445+05:30,GET,GET /jobs/stats/,20.65,ok,
2026-10-04T20:41:52.678764+05:30,GET,GET /jobs/{id}/,20.49,ok,
2026-10-04T20:41:52.693324+05:30,GET,GET /jobs/{id}/,18.73,ok,
2026-10-04T20:41:52.720706+05:30,GET,GET /health/,24.15,ok,
2026-10-04T20:41:52.732563+05:30,GET,GET /jobs/stats/,23.11,ok,
2026-10-04T20:41:52.734952+05:30,GET,GET /health/,22.5,ok,
2026-10-04T20:41:52.763120+05:30,GET,GET /jobs/{id}/,17.86,ok,
2026-10-04T20:41:52.796285+05:30,GET,GET /jobs/stats/,26.32,ok,
2026-10-04T20:41:52.796904+05:30,POST,POST /jobs/,27.51,ok,
2026-10-04T20:41:52.808898+05:30,GET,GET /jobs/{id}/,20.28,ok,
2026-10-04T20:41:52.877317+05:30,GET,GET /jobs/{id}/,17.95,ok,
2026-10-04T20:41:52.959385+05:30,POST,POST /jobs/,21.22,ok,
2026-10-04T20:41:53.019919+05:30,GET,GET /health/,18.22,ok,
2026-10-04T20:41:53.066512+05:30,GET,GET /jobs/{id}/,20.25,ok,
2026-10-04T20:41:53.066981+05:30,GET,GET /jobs/{id}/,20.19,ok,
2026-10-04T20:41:53.122719+05:30,GET,GET /jobs/stats/,21.09,ok,
2026-10-04T20:41:53.182341+05:30,GET,GET /jobs/{id}/,18.3,ok,
2026-10-04T20:41:53.204189+05:30,POST,POST /jobs/,20.57,ok,
2026-10-04T20:41:53.237714+05:30,GET,GET /jobs/stats/,25.14,ok,
2026-10-04T20:41:53.268058+05:30,GET,GET /jobs/{id}/,26.07,ok,
2026-10-04T20:41:53.295745+05:30,GET,GET /jobs/{id}/,19.4,ok,
2026-10-04T20:41:53.338879+05:30,POST,POST /jobs/,34.8,ok,
2026-10-04T20:41:53.349319+05:30,POST,POST /jobs/,35.15,ok,
2026-10-04T20:41:53.350276+05:30,GET,GET /jobs/stats/,35.63,ok,
2026-10-04T20:41:53.359153+05:30,POST,POST /jobs/,27.39,ok,
2026-10-04T20:41:53.413123+05:30,GET,GET /jobs/{id}/,24.42,ok,
2026-10-04T20:41:53.415208+05:30,POST,POST /jobs/,41.5,ok,
2026-10-04T20:41:53.487921+05:30,GET,GET /jobs/{id}/,22.06,ok,
2026-10-04T20:41:53.495801+05:30,POST,POST /jobs/,28.81,ok,
2026-10-04T20:41:53.498816+05:30,GET,GET /jobs/stats/,29.72,ok,
2026-10-04T20:41:53.504346+05:30,POST,POST /jobs/,32.73,ok,
2026-10-04T20:41:53.507925+05:30,POST,POST /jobs/,36.86,ok,
2026-10-04T20:41:53.519914+05:30,POST,POST /jobs/,33.1,ok,
2026-10-04T20:41:53.527402+05:30,GET,GET /jobs/{id}/,27.32,ok,
2026-10-04T20:41:53.554352+05:30,GET,GET /jobs/{id}/,18.68,ok,
2026-10-04T20:41:53.562061+05:30,GET,GET /jobs/{id}/,23.37,ok,
2026-10-04T20:41:53.585148+05:30,GET,GET /jobs/{id}/,17.81,ok,
2026-10-04T20:41:53.694923+05:30,GET,GET /jobs/{id}/,18.15,ok,
2026-10-04T20:41:53.751925+05:30,GET,GET /jobs/{id}/,21.7,ok,
2026-10-04T20:41:53.769511+05:30,GET,GET /jobs/{id}/,21.58,ok,
2026-10-04T20:41:53.769980+05:30,POST,POST /jobs/,25.7,ok,
2026-10-04T20:41:53.842076+05:30,GET,GET /jobs/{id}/,17.82,ok,
2026-10-04T20:41:53.886443+05:30,GET,GET /jobs/{id}/,23.68,ok,
2026-10-04T20:41:53.906472+05:30,GET,GET /jobs/stats/,29.65,ok,
2026-10-04T20:41:53.907272+05:30,GET,GET /jobs/stats/,29.95,ok,
2026-10-04T20:41:53.917512+05:30,GET,GET /health/,26.81,ok,
2026-10-04T20:41:53.925450+05:30,GET,GET /jobs/{id}/,24.51,ok,
2026-10-04T20:41:53.926564+05:30,GET,GET /jobs/stats/,28.54,ok,
2026-10-04T20:41:53.938857+05:30,POST,POST /jobs/,20.1,ok,
2026-10-04T20:41:53.944791+05:30,GET,GET /jobs/{id}/,19.15,ok,
2026-10-04T20:41:53.967805+05:30,GET,GET /jobs/{id}/,20.76,ok,
2026-10-04T20:41:53.975810+05:30,POST,POST /jobs/,27.94,ok,
2026-10-04T20:41:53.986764+05:30,GET,GET /jobs/{id}/,20.16,ok,
2026-10-04T20:41:53.990735+05:30,GET,GET /jobs/{id}/,20.37,ok,
2026-10-04T20:41:54.035144+05:30,GET,GET /jobs/{id}/,17.81,ok,
2026-10-04T20:41:54.059871+05:30,GET,GET /health/,20.46,ok,
2026-10-04T20:41:54.061020+05:30,POST,POST /jobs/,24.51,ok,
2026-10-04T20:41:54.107578+05:30,GET,GET /jobs/{id}/,18.06,ok,
2026-10-04T20:41:54.122292+05:30,POST,POST /jobs/,24.7,ok,
2026-10-04T20:41:54.138329+05:30,GET,GET /jobs/{id}/,22.39,ok,
2026-10-04T20:41:54.176595+05:30,GET,GET /jobs/stats/,20.01,ok,
2026-10-04T20:41:54.214664+05:30,GET,GET /health/,17.78,ok,
2026-10-04T20:41:54.236070+05:30,POST,POST /jobs/,26.16,ok,
2026-10-04T20:41:54.241755+05:30,GET,GET /health/,25.86,ok,
2026-10-04T20:41:54.253618+05:30,GET,GET /jobs/stats/,23.62,ok,
2026-10-04T20:41:54.296983+05:30,GET,GET /health/,18.94,ok,
2026-10-04T20:41:54.344420+05:30,GET,GET /jobs/{id}/,19.03,ok,
2026-10-04T20:41:54.351481+05:30,GET,GET /jobs/stats/,23.15,ok,
2026-10-04T20:41:54.365702+05:30,GET,GET /jobs/{id}/,17.98,ok,
2026-10-04T20:41:54.426698+05:30,GET,GET /jobs/{id}/,17.68,ok,
2026-10-04T20:41:54.448972+05:30,GET,GET /jobs/{id}/,17.89,ok,
2026-10-04T20:41:54.532587+05:30,GET,GET /jobs/{id}/,18.25,ok,
2026-10-04T20:41:54.603739+05:30,POST,POST /jobs/,20.79,ok,
2026-10-04T20:41:54.615823+05:30,POST,POST /jobs/,20.83,ok,
2026-10-04T20:41:54.710466+05:30,POST,POST /jobs/,24.31,ok,
2026-10-04T20:41:54.726707+05:30,POST,POST /jobs/,28.48,ok,
2026-10-04T20:41:54.738254+05:30,GET,GET /health/,21.55,ok,
2026-10-04T20:41:54.745178+05:30,POST,POST /jobs/,26.27,ok,
2026-10-04T20:41:54.798571+05:30,POST,POST /jobs/,21.04,ok,
2026-10-04T20:41:54.810723+05:30,GET,GET /health/,21.23,ok,
2026-10-04T20:41:54.830953+05:30,GET,GET /jobs/{id}/,17.98,ok,
2026-10-04T20:41:54.836530+05:30,GET,GET /jobs/stats/,21.71,ok,
2026-10-04T20:41:54.866059+05:30,GET,GET /jobs/stats/,20.26,ok,
2026-10-04T20:41:54.882356+05:30,GET,GET /jobs/{id}/,17.48,ok,
2026-10-04T20:41:54.920544+05:30,GET,GET /jobs/{id}/,20.37,ok,
2026-10-04T20:41:54.921069+05:30,POST,POST /jobs/,24.44,ok,
2026-10-04T20:41:54.931656+05:30,GET,GET /jobs/{id}/,24.67,ok,
2026-10-04T20:41:54.950105+05:30,POST,POST /jobs/,24.22,ok,
2026-10-04T20:41:54.950584+05:30,GET,GET /jobs/{id}/,19.77,ok,
2026-10-04T20:41:54.980592+05:30,GET,GET /jobs/{id}/,17.74,ok,
2026-10-04T20:41:55.015158+05:30,GET,GET /jobs/{id}/,18.27,ok,
2026-10-04T20:41:55.039251+05:30,GET,GET /jobs/{id}/,23.87,ok,
2026-10-04T20:41:55.060647+05:30,GET,GET /jobs/{id}/,18.12,ok,
2026-10-04T20:41:55.099806+05:30,GET,GET /jobs/{id}/,18.85,ok,
2026-10-04T20:41:55.112011+05:30,GET,GET /jobs/{id}/,19.94,ok,
2026-10-04T20:41:55.128547+05:30,POST,POST /jobs/,21.46,ok,
2026-10-04T20:41:55.250206+05:30,POST,POST /jobs/,20.75,ok,
2026-10-04T20:41:55.290332+05:30,GET,GET /jobs/{id}/,18.66,ok,
2026-10-04T20:41:55.290851+05:30,GET,GET /jobs/{id}/,21.3,ok,
2026-10-04T20:41:55.323769+05:30,POST,POST /jobs/,20.51,ok,
2026-10-04T20:41:55.355802+05:30,GET,GET /jobs/{id}/,25.22,ok,
2026-10-04T20:41:55.357330+05:30,POST,POST /jobs/,27.27,ok,
2026-10-04T20:41:55.371480+05:30,POST,POST /jobs/,27.8,ok,
2026-10-04T20:41:55.389950+05:30,GET,GET /health/,28.4,ok,
2026-10-04T20:41:55.391787+05:30,POST,POST /jobs/,29.77,ok,
2026-10-04T20:41:55.394950+05:30,POST,POST /jobs/,24.63,ok,
2026-10-04T20:41:55.451259+05:30,GET,GET /jobs/{id}/,17.98,ok,
2026-10-04T20:41:55.454574+05:30,POST,POST /jobs/,20.77,ok,
2026-10-04T20:41:55.478542+05:30,GET,GET /jobs/{id}/,17.69,ok,
2026-10-04T20:41:55.530959+05:30,GET,GET /jobs/stats/,19.99,ok,
2026-10-04T20:41:55.623081+05:30,POST,POST /jobs/,19.8,ok,
2026-10-04T20:41:55.658402+05:30,POST,POST /jobs/,20.0,ok,
2026-10-04T20:41:55.684693+05:30,GET,GET /jobs/stats/,22.04,ok,
2026-10-04T20:41:55.760809+05:30,GET,GET /jobs/stats/,21.84,ok,
2026-10-04T20:41:55.771160+05:30,POST,POST /jobs/,26.23,ok,
2026-10-04T20:41:55.775361+05:30,POST,POST /jobs/,28.41,ok,
2026-10-04T20:41:55.780863+05:30,GET,GET /jobs/{id}/,21.12,ok,
2026-10-04T20:41:55.798313+05:30,GET,GET /jobs/{id}/,17.29,ok,
2026-10-04T20:41:55.929500+05:30,GET,GET /jobs/stats/,19.57,ok,
2026-10-04T20:41:55.957862+05:30,GET,GET /health/,23.09,ok,
2026-10-04T20:41:55.974311+05:30,GET,GET /health/,27.39,ok,
2026-10-04T20:41:55.985472+05:30,GET,GET /jobs/stats/,21.32,ok,
2026-10-04T20:41:56.002892+05:30,POST,POST /jobs/,23.25,ok,
2026-10-04T20:41:56.034303+05:30,GET,GET /jobs/stats/,22.09,ok,
2026-10-04T20:41:56.043129+05:30,POST,POST /jobs/,20.87,ok,
2026-10-04T20:41:56.073187+05:30,POST,POST /jobs/,20.69,ok,
2026-10-04T20:41:56.231541+05:30,POST,POST /jobs/,28.63,ok,
2026-10-04T20:41:56.245845+05:30,GET,GET /jobs/stats/,28.91,ok,
2026-10-04T20:41:56.251327+05:30,POST,POST /jobs/,30.35,ok,
2026-10-04T20:41:56.253654+05:30,POST,POST /jobs/,35.72,ok,
2026-10-04T20:41:56.277399+05:30,POST,POST /jobs/,24.82,ok,
2026-10-04T20:41:56.303590+05:30,GET,GET /jobs/stats/,19.93,ok,
2026-10-04T20:41:56.406432+05:30,GET,GET /jobs/{id}/,18.5,ok,
2026-10-04T20:41:56.424768+05:30,GET,GET /health/,22.74,ok,
2026-10-04T20:41:56.471550+05:30,GET,GET /health/,20.39,ok,
2026-10-04T20:41:56.498319+05:30,POST,POST /jobs/,21.48,ok,
2026-10-04T20:41:56.509560+05:30,POST,POST /jobs/,23.73,ok,
2026-10-04T20:41:56.522076+05:30,GET,GET /health/,20.34,ok,
2026-10-04T20:41:56.536887+05:30,GET,GET /health/,21.02,ok,
2026-10-04T20:41:56.550425+05:30,GET,GET /jobs/{id}/,18.03,ok,
2026-10-04T20:41:56.556298+05:30,GET,GET /health/,18.21,ok,
2026-10-04T20:41:56.597744+05:30,GET,GET /jobs/{id}/,18.61,ok,
2026-10-04T20:41:56.616963+05:30,GET,GET /jobs/{id}/,20.25,ok,
2026-10-04T20:41:56.634783+05:30,GET,GET /jobs/{id}/,22.15,ok,
2026-10-04T20:41:56.651348+05:30,POST,POST /jobs/,22.02,ok,
2026-10-04T20:41:56.676892+05:30,POST,POST /jobs/,24.25,ok,
2026-10-04T20:41:56.684596+05:30,GET,GET /jobs/stats/,20.99,ok,
2026-10-04T20:41:56.702978+05:30,GET,GET /jobs/{id}/,19.77,ok,
2026-10-04T20:41:56.744893+05:30,GET,GET /jobs/{id}/,18.61,ok,
2026-10-04T20:41:56.755436+05:30,POST,POST /jobs/,21.14,ok,
2026-10-04T20:41:56.816976+05:30,GET,GET /health/,19.1,ok,
2026-10-04T20:41:56.827216+05:30,POST,POST /jobs/,20.3,ok,
2026-10-04T20:41:56.847700+05:30,GET,GET /jobs/{id}/,18.23,ok,
2026-10-04T20:41:56.867398+05:30,POST,POST /jobs/,20.89,ok,
2026-10-04T20:41:56.874832+05:30,GET,GET /jobs/{id}/,20.54,ok,
2026-10-04T20:41:56.947245+05:30,GET,GET /jobs/{id}/,18.51,ok,
2026-10-04T20:41:56.956111+05:30,GET,GET /jobs/{id}/,19.34,ok,
2026-10-04T20:41:56.996820+05:30,POST,POST /jobs/,27.41,ok,
2026-10-04T20:41:57.013658+05:30,GET,GET /jobs/stats/,25.51,ok,
2026-10-04T20:41:57.017820+05:30,POST,POST /jobs/,30.33,ok,
2026-10-04T20:41:57.026028+05:30,POST,POST /jobs/,26.93,ok,
2026-10-04T20:41:57.067199+05:30,GET,GET /jobs/{id}/,17.79,ok,
2026-10-04T20:41:57.096646+05:30,GET,GET /jobs/{id}/,18.94,ok,
2026-10-04T20:41:57.170832+05:30,POST,POST /jobs/,28.85,ok,
2026-10-04T20:41:57.181088+05:30,GET,GET /jobs/{id}/,27.95,ok,
2026-10-04T20:41:57.182227+05:30,GET,GET /jobs/stats/,28.3,ok,
2026-10-04T20:41:57.189897+05:30,GET,GET /jobs/stats/,25.07,ok,
2026-10-04T20:41:57.213510+05:30,GET,GET /jobs/{id}/,17.33,ok,
2026-10-04T20:41:57.264262+05:30,GET,GET /jobs/{id}/,19.42,ok,
2026-10-04T20:41:57.274932+05:30,POST,POST /jobs/,20.96,ok,
2026-10-04T20:41:57.303062+05:30,POST,POST /jobs/,22.83,ok,
2026-10-04T20:41:57.303563+05:30,GET,GET /jobs/{id}/,21.26,ok,
2026-10-04T20:41:57.321863+05:30,GET,GET /jobs/{id}/,20.01,ok,
2026-10-04T20:41:57.351392+05:30,POST,POST /jobs/,20.2,ok,
2026-10-04T20:41:57.369602+05:30,GET,GET /jobs/{id}/,18.03,ok,
2026-10-04T20:41:57.391889+05:30,GET,GET /jobs/stats/,21.05,ok,
2026-10-04T20:41:57.398702+05:30,POST,POST /jobs/,20.98,ok,
2026-10-04T20:41:57.420576+05:30,GET,GET /jobs/stats/,19.65,ok,
2026-10-04T20:41:57.464739+05:30,GET,GET /jobs/stats/,20.88,ok,
2026-10-04T20:41:57.581780+05:30,POST,POST /jobs/,22.5,ok,
2026-10-04T20:41:57.611721+05:30,POST,POST /jobs/,21.64,ok,
2026-10-04T20:41:57.651291+05:30,POST,POST /jobs/,20.25,ok,
2026-10-04T20:41:57.672225+05:30,GET,GET /jobs/{id}/,18.55,ok,
2026-10-04T20:41:57.698025+05:30,GET,GET /jobs/{id}/,22.55,ok,
2026-10-04T20:41:57.713433+05:30,GET,GET /jobs/{id}/,20.04,ok,
2026-10-04T20:41:57.773338+05:30,POST,POST /jobs/,20.58,ok,
2026-10-04T20:41:57.808479+05:30,GET,GET /jobs/{id}/,17.78,ok,
2026-10-04T20:41:57.872710+05:30,GET,GET /jobs/stats/,22.93,ok,
2026-10-04T20:41:57.881089+05:30,GET,GET /jobs/{id}/,23.01,ok,
2026-10-04T20:41:57.892803+05:30,GET,GET /jobs/{id}/,23.85,ok,
2026-10-04T20:41:57.918095+05:30,POST,POST /jobs/,21.81,ok,
2026-10-04T20:41:57.918582+05:30,GET,GET /health/,18.38,ok,
2026-10-04T20:41:57.941392+05:30,POST,POST /jobs/,20.59,ok,
2026-10-04T20:41:57.954744+05:30,POST,POST /jobs/,22.04,ok,
2026-10-04T20:41:57.970916+05:30,GET,GET /jobs/{id}/,25.26,ok,
2026-10-04T20:41:57.971351+05:30,GET,GET /jobs/{id}/,22.82,ok,
2026-10-04T20:41:58.006716+05:30,POST,POST /jobs/,21.12,ok,
2026-10-04T20:41:58.018641+05:30,GET,GET /jobs/{id}/,18.53,ok,
2026-10-04T20:41:58.055839+05:30,GET,GET /health/,30.88,ok,
2026-10-04T20:41:58.057458+05:30,POST,POST /jobs/,31.92,ok,
2026-10-04T20:41:58.061562+05:30,GET,GET /jobs/{id}/,23.91,ok,
2026-10-04T20:41:58.067349+05:30,GET,GET /jobs/stats/,27.76,ok,
2026-10-04T20:41:58.067877+05:30,GET,GET /health/,34.27,ok,
2026-10-04T20:41:58.083423+05:30,GET,GET /jobs/stats/,21.73,ok,
2026-10-04T20:41:58.094938+05:30,GET,GET /jobs/{id}/,17.8,ok,
2026-10-04T20:41:58.123287+05:30,GET,GET /health/,18.1,ok,
2026-10-04T20:41:58.209018+05:30,GET,GET /jobs/{id}/,18.04,ok,
2026-10-04T20:41:58.229951+05:30,GET,GET /jobs/{id}/,18.65,ok,
2026-10-04T20:41:58.250747+05:30,GET,GET /health/,19.46,ok,
2026-10-04T20:41:58.258517+05:30,GET,GET /jobs/{id}/,22.23,ok,
2026-10-04T20:41:58.258947+05:30,GET,GET /jobs/{id}/,21.99,ok,
2026-10-04T20:41:58.264812+05:30,POST,POST /jobs/,27.2,ok,
2026-10-04T20:41:58.321286+05:30,GET,GET /jobs/{id}/,17.75,ok,
2026-10-04T20:41:58.323211+05:30,POST,POST /jobs/,23.69,ok,
2026-10-04T20:41:58.403913+05:30,GET,GET /health/,21.25,ok,
2026-10-04T20:41:58.421048+05:30,POST,POST /jobs/,22.37,ok,
2026-10-04T20:41:58.425285+05:30,GET,GET /jobs/stats/,23.72,ok,
2026-10-04T20:41:58.481931+05:30,POST,POST /jobs/,29.31,ok,
2026-10-04T20:41:58.496008+05:30,GET,GET /jobs/{id}/,23.36,ok,
2026-10-04T20:41:58.496171+05:30,GET,GET /jobs/{id}/,30.18,ok,
2026-10-04T20:41:58.507592+05:30,GET,GET /jobs/{id}/,25.47,ok,
2026-10-04T20:41:58.508074+05:30,POST,POST /jobs/,32.22,ok,
2026-10-04T20:41:58.553500+05:30,POST,POST /jobs/,21.14,ok,
2026-10-04T20:41:58.593593+05:30,POST,POST /jobs/,23.79,ok,
2026-10-04T20:41:58.598717+05:30,GET,GET /jobs/{id}/,19.83,ok,
2026-10-04T20:41:58.630668+05:30,GET,GET /jobs/{id}/,17.65,ok,
2026-10-04T20:41:58.660227+05:30,GET,GET /jobs/{id}/,18.25,ok,
2026-10-04T20:41:58.678166+05:30,GET,GET /jobs/{id}/,17.77,ok,
2026-10-04T20:41:58.800908+05:30,GET,GET /jobs/{id}/,18.18,ok,
2026-10-04T20:41:58.815489+05:30,GET,GET /jobs/{id}/,19.7,ok,
2026-10-04T20:41:58.870502+05:30,POST,POST /jobs/,26.68,ok,
2026-10-04T20:41:58.984117+05:30,GET,GET /jobs/{id}/,17.96,ok,
2026-10-04T20:41:59.014977+05:30,GET,GET /health/,18.6,ok,
2026-10-04T20:41:59.058756+05:30,POST,POST /jobs/,30.43,ok,
2026-10-04T20:41:59.067727+05:30,GET,GET /jobs/{id}/,28.26,ok,
2026-10-04T20:41:59.074354+05:30,GET,GET /health/,33.46,ok,
2026-10-04T20:41:59.083753+05:30,GET,GET /health/,21.75,ok,
2026-10-04T20:41:59.099058+05:30,GET,GET /health/,18.44,ok,
2026-10-04T20:41:59.146856+05:30,GET,GET /jobs/{id}/,24.45,ok,
2026-10-04T20:41:59.149741+05:30,GET,GET /health/,22.39,ok,
2026-10-04T20:41:59.153773+05:30,GET,GET /jobs/{id}/,21.37,ok,
2026-10-04T20:41:59.157744+05:30,GET,GET /jobs/{id}/,22.35,ok,
2026-10-04T20:41:59.268027+05:30,POST,POST /jobs/,109.08,ok,
2026-10-04T20:41:59.281599+05:30,POST,POST /jobs/,119.82,ok,
2026-10-04T20:41:59.282262+05:30,GET,GET /jobs/{id}/,57.43,ok,
2026-10-04T20:41:59.282806+05:30,GET,GET /health/,47.99,ok,
2026-10-04T20:41:59.285962+05:30,GET,GET /jobs/{id}/,48.12,ok,
2026-10-04T20:41:59.306306+05:30,POST,POST /jobs/,33.98,ok,
2026-10-04T20:41:59.315673+05:30,POST,POST /jobs/,30.59,ok,
2026-10-04T20:41:59.316871+05:30,GET,GET /health/,25.38,ok,
2026-10-04T20:41:59.340055+05:30,GET,GET /health/,17.96,ok,
2026-10-04T20:41:59.397700+05:30,POST,POST /jobs/,20.33,ok,
2026-10-04T20:41:59.422697+05:30,GET,GET /jobs/{id}/,18.64,ok,
2026-10-04T20:41:59.431656+05:30,GET,GET /jobs/{id}/,17.63,ok,
2026-10-04T20:41:59.507375+05:30,GET,GET /jobs/{id}/,18.39,ok,
2026-10-04T20:41:59.517272+05:30,GET,GET /jobs/{id}/,19.8,ok,
2026-10-04T20:41:59.524774+05:30,POST,POST /jobs/,29.27,ok,
2026-10-04T20:41:59.539777+05:30,GET,GET /jobs/{id}/,23.9,ok,
2026-10-04T20:41:59.547123+05:30,POST,POST /jobs/,24.43,ok,
2026-10-04T20:41:59.550992+05:30,GET,GET /jobs/{id}/,23.96,ok,
2026-10-04T20:41:59.587057+05:30,GET,GET /jobs/stats/,20.65,ok,
2026-10-04T20:41:59.600347+05:30,GET,GET /jobs/{id}/,19.92,ok,
2026-10-04T20:41:59.601095+05:30,GET,GET /health/,20.1,ok,
2026-10-04T20:41:59.627745+05:30,GET,GET /jobs/{id}/,17.39,ok,
2026-10-04T20:41:59.663385+05:30,GET,GET /jobs/stats/,23.36,ok,
2026-10-04T20:41:59.674498+05:30,GET,GET /jobs/stats/,21.45,ok,
2026-10-04T20:41:59.676964+05:30,GET,GET /jobs/stats/,20.93,ok,
2026-10-04T20:41:59.703670+05:30,POST,POST /jobs/,22.44,ok,
2026-10-04T20:41:59.709709+05:30,GET,GET /health/,27.99,ok,
2026-10-04T20:41:59.717185+05:30,GET,GET /health/,26.49,ok,
2026-10-04T20:41:59.727915+05:30,GET,GET /jobs/{id}/,25.56,ok,
2026-10-04T20:41:59.732849+05:30,POST,POST /jobs/,31.26,ok,
2026-10-04T20:41:59.762602+05:30,POST,POST /jobs/,21.47,ok,
2026-10-04T20:41:59.823854+05:30,GET,GET /health/,18.7,ok,
2026-10-04T20:41:59.826537+05:30,GET,GET /jobs/{id}/,17.79,ok,
2026-10-04T20:41:59.875533+05:30,POST,POST /jobs/,23.66,ok,
2026-10-04T20:41:59.876222+05:30,POST,POST /jobs/,22.08,ok,
2026-10-04T20:41:59.924020+05:30,GET,GET /jobs/{id}/,17.52,ok,
2026-10-04T20:41:59.966666+05:30,POST,POST /jobs/,20.13,ok,
2026-10-04T20:42:00.117921+05:30,POST,POST /jobs/,86.68,ok,
2026-10-04T20:42:00.138378+05:30,GET,GET /jobs/{id}/,26.95,ok,
2026-10-04T20:42:00.194049+05:30,POST,POST /jobs/,22.31,ok,
2026-10-04T20:42:00.221336+05:30,GET,GET /jobs/{id}/,25.94,ok,
2026-10-04T20:42:00.225753+05:30,GET,GET /jobs/{id}/,27.74,ok,
2026-10-04T20:42:00.230708+05:30,POST,POST /jobs/,33.36,ok,
2026-10-04T20:42:00.231297+05:30,GET,GET /jobs/{id}/,31.89,ok,
2026-10-04T20:42:00.277918+05:30,POST,POST /jobs/,24.31,ok,
2026-10-04T20:42:00.329696+05:30,GET,GET /health/,19.47,ok,
2026-10-04T20:42:00.348590+05:30,GET,GET /jobs/{id}/,20.16,ok,
2026-10-04T20:42:00.354230+05:30,GET,GET /jobs/stats/,23.0,ok,
2026-10-04T20:42:00.359715+05:30,POST,POST /jobs/,23.41,ok,
2026-10-04T20:42:00.430878+05:30,GET,GET /health/,18.63,ok,
2026-10-04T20:42:00.463163+05:30,GET,GET /jobs/{id}/,18.93,ok,
2026-10-04T20:42:00.488889+05:30,POST,POST /jobs/,22.42,ok,
2026-10-04T20:42:00.520532+05:30,POST,POST /jobs/,20.3,ok,
2026-10-04T20:42:00.635141+05:30,GET,GET /jobs/{id}/,19.05,ok,
2026-10-04T20:42:00.638987+05:30,POST,POST /jobs/,22.05,ok,
2026-10-04T20:42:00.824250+05:30,POST,POST /jobs/,22.52,ok,
2026-10-04T20:42:00.845154+05:30,POST,POST /jobs/,24.23,ok,
2026-10-04T20:42:00.907196+05:30,GET,GET /jobs/{id}/,19.76,ok,
2026-10-04T20:42:00.921091+05:30,POST,POST /jobs/,20.49,ok,
2026-10-04T20:42:00.948442+05:30,POST,POST /jobs/,26.06,ok,
2026-10-04T20:42:00.961722+05:30,GET,GET /jobs/{id}/,24.38,ok,
2026-10-04T20:42:00.967645+05:30,GET,GET /jobs/{id}/,28.32,ok,
2026-10-04T20:42:00.984531+05:30,GET,GET /jobs/{id}/,18.51,ok,
2026-10-04T20:42:01.005079+05:30,POST,POST /jobs/,28.13,ok,
2026-10-04T20:42:01.009228+05:30,GET,GET /jobs/{id}/,22.88,ok,
2026-10-04T20:42:01.020482+05:30,GET,GET /jobs/{id}/,29.02,ok,
2026-10-04T20:42:01.022329+05:30,POST,POST /jobs/,36.49,ok,
2026-10-04T20:42:01.035433+05:30,POST,POST /jobs/,37.1,ok,
2026-10-04T20:42:01.069313+05:30,GET,GET /jobs/{id}/,18.57,ok,
2026-10-04T20:42:01.097661+05:30,GET,GET /jobs/{id}/,20.02,ok,
2026-10-04T20:42:01.104161+05:30,GET,GET /jobs/{id}/,22.51,ok,
2026-10-04T20:42:01.115769+05:30,POST,POST /jobs/,25.14,ok,
2026-10-04T20:42:01.132969+05:30,POST,POST /jobs/,34.01,ok,
2026-10-04T20:42:01.149909+05:30,GET,GET /jobs/{id}/,43.44,ok,
2026-10-04T20:42:01.199753+05:30,GET,GET /jobs/stats/,40.51,ok,
2026-10-04T20:42:01.281714+05:30,GET,GET /jobs/{id}/,71.9,ok,
2026-10-04T20:42:01.322486+05:30,POST,POST /jobs/,105.62,ok,
2026-10-04T20:42:01.333943+05:30,GET,GET /jobs/{id}/,97.05,ok,
2026-10-04T20:42:01.420032+05:30,GET,GET /jobs/{id}/,185.6,ok,
2026-10-04T20:42:01.420482+05:30,GET,GET /health/,209.91,ok,
2026-10-04T20:42:01.430846+05:30,GET,GET /jobs/stats/,193.12,ok,
2026-10-04T20:42:01.465628+05:30,GET,GET /jobs/stats/,181.6,ok,
2026-10-04T20:42:01.469648+05:30,GET,GET /jobs/{id}/,117.68,ok,
2026-10-04T20:42:01.498378+05:30,POST,POST /jobs/,165.33,ok,
2026-10-04T20:42:01.509645+05:30,POST,POST /jobs/,220.04,ok,
2026-10-04T20:42:01.519728+05:30,GET,GET /health/,286.55,ok,
2026-10-04T20:42:01.521215+05:30,GET,GET /jobs/{id}/,126.11,ok,
2026-10-04T20:42:01.524297+05:30,POST,POST /jobs/,249.26,ok,
2026-10-04T20:42:01.527390+05:30,GET,GET /jobs/{id}/,249.1,ok,
2026-10-04T20:42:01.550388+05:30,GET,GET /jobs/{id}/,220.28,ok,
2026-10-04T20:42:01.551029+05:30,POST,POST /jobs/,216.15,ok,
2026-10-04T20:42:01.551239+05:30,GET,GET /jobs/{id}/,132.29,ok,
2026-10-04T20:42:01.612828+05:30,POST,POST /jobs/,44.48,ok,
2026-10-04T20:42:01.744035+05:30,GET,GET /jobs/{id}/,66.48,ok,
2026-10-04T20:42:01.764747+05:30,GET,GET /jobs/{id}/,76.8,ok,
2026-10-04T20:42:01.787515+05:30,GET,GET /jobs/{id}/,98.33,ok,
2026-10-04T20:42:01.807767+05:30,GET,GET /jobs/stats/,119.06,ok,
2026-10-04T20:42:01.821684+05:30,POST,POST /jobs/,97.11,ok,
2026-10-04T20:42:01.835422+05:30,GET,GET /jobs/{id}/,73.02,ok,
2026-10-04T20:42:01.857805+05:30,POST,POST /jobs/,102.34,ok,
2026-10-04T20:42:01.862429+05:30,GET,GET /jobs/stats/,92.53,ok,
2026-10-04T20:42:01.880587+05:30,POST,POST /jobs/,53.71,ok,
2026-10-04T20:42:01.936849+05:30,GET,GET /jobs/{id}/,80.42,ok,
2026-10-04T20:42:01.937547+05:30,POST,POST /jobs/,115.64,ok,
2026-10-04T20:42:01.938016+05:30,GET,GET /jobs/{id}/,91.81,ok,
2026-10-04T20:42:01.989560+05:30,GET,GET /health/,79.33,ok,
2026-10-04T20:42:01.989797+05:30,POST,POST /jobs/,80.67,ok,
2026-10-04T20:42:01.993095+05:30,POST,POST /jobs/,93.65,ok,
2026-10-04T20:42:02.022155+05:30,GET,GET /jobs/stats/,81.92,ok,
2026-10-04T20:42:02.028603+05:30,POST,POST /jobs/,118.74,ok,
2026-10-04T20:42:02.041702+05:30,GET,GET /jobs/{id}/,70.52,ok,
2026-10-04T20:42:02.052045+05:30,GET,GET /jobs/{id}/,56.51,ok,
2026-10-04T20:42:02.096163+05:30,POST,POST /jobs/,54.2,ok,
2026-10-04T20:42:02.148612+05:30,GET,GET /jobs/{id}/,53.99,ok,
2026-10-04T20:42:02.189213+05:30,GET,GET /jobs/stats/,72.25,ok,
2026-10-04T20:42:02.193484+05:30,GET,GET /jobs/{id}/,68.17,ok,
2026-10-04T20:42:02.206670+05:30,GET,GET /jobs/{id}/,61.05,ok,
2026-10-04T20:42:02.225025+05:30,GET,GET /jobs/{id}/,30.98,ok,
2026-10-04T20:42:02.225595+05:30,POST,POST /jobs/,70.62,ok,
2026-10-04T20:42:02.230076+05:30,POST,POST /jobs/,72.1,ok,
2026-10-04T20:42:02.234000+05:30,GET,GET /jobs/{id}/,27.1,ok,
2026-10-04T20:42:02.238258+05:30,GET,GET /jobs/stats/,41.1,ok,
2026-10-04T20:42:02.277477+05:30,POST,POST /jobs/,44.78,ok,
2026-10-04T20:42:02.296469+05:30,GET,GET /jobs/stats/,52.46,ok,
2026-10-04T20:42:02.320175+05:30,POST,POST /jobs/,44.06,ok,
2026-10-04T20:42:02.336559+05:30,POST,POST /jobs/,32.73,ok,
2026-10-04T20:42:02.358056+05:30,POST,POST /jobs/,26.55,ok,
2026-10-04T20:42:02.389770+05:30,GET,GET /jobs/stats/,24.37,ok,
2026-10-04T20:42:02.411408+05:30,POST,POST /jobs/,22.77,ok,
2026-10-04T20:42:02.434267+05:30,GET,GET /jobs/stats/,22.71,ok,
2026-10-04T20:42:02.438270+05:30,POST,POST /jobs/,21.71,ok,
2026-10-04T20:42:02.497356+05:30,GET,GET /health/,23.77,ok,
2026-10-04T20:42:02.511581+05:30,GET,GET /jobs/{id}/,21.66,ok,
2026-10-04T20:42:02.516848+05:30,POST,POST /jobs/,25.89,ok,
2026-10-04T20:42:02.542074+05:30,GET,GET /health/,21.93,ok,
2026-10-04T20:42:02.565016+05:30,GET,GET /health/,22.79,ok,
2026-10-04T20:42:02.576909+05:30,GET,GET /jobs/stats/,21.7,ok,
2026-10-04T20:42:02.631372+05:30,POST,POST /jobs/,24.15,ok,
2026-10-04T20:42:02.706976+05:30,GET,GET /jobs/{id}/,22.0,ok,
2026-10-04T20:42:02.715593+05:30,POST,POST /jobs/,22.46,ok,
2026-10-04T20:42:02.726110+05:30,POST,POST /jobs/,25.95,ok,
2026-10-04T20:42:02.731037+05:30,POST,POST /jobs/,23.78,ok,
2026-10-04T20:42:02.781484+05:30,GET,GET /health/,27.12,ok,
2026-10-04T20:42:02.785029+05:30,GET,GET /health/,21.0,ok,
2026-10-04T20:42:02.796132+05:30,GET,GET /jobs/{id}/,29.84,ok,
2026-10-04T20:42:02.818099+05:30,GET,GET /jobs/stats/,28.79,ok,
2026-10-04T20:42:02.886425+05:30,GET,GET /jobs/{id}/,20.94,ok,
2026-10-04T20:42:02.895543+05:30,GET,GET /jobs/{id}/,18.82,ok,
2026-10-04T20:42:02.936783+05:30,POST,POST /jobs/,22.92,ok,
2026-10-04T20:42:02.964264+05:30,GET,GET /jobs/stats/,25.22,ok,
2026-10-04T20:42:02.978883+05:30,GET,GET /jobs/{id}/,24.77,ok,
2026-10-04T20:42:02.987769+05:30,GET,GET /jobs/{id}/,19.15,ok,
2026-10-04T20:42:03.020921+05:30,POST,POST /jobs/,22.86,ok,
2026-10-04T20:42:03.098491+05:30,GET,GET /health/,22.24,ok,
2026-10-04T20:42:03.158085+05:30,GET,GET /jobs/{id}/,23.08,ok,
2026-10-04T20:42:03.158573+05:30,GET,GET /health/,27.62,ok,
2026-10-04T20:42:03.182040+05:30,GET,GET /jobs/stats/,31.06,ok,
2026-10-04T20:42:03.184291+05:30,GET,GET /jobs/{id}/,22.48,ok,
2026-10-04T20:42:03.190290+05:30,GET,GET /jobs/{id}/,22.52,ok,
2026-10-04T20:42:03.234928+05:30,GET,GET /health/,25.17,ok,
2026-10-04T20:42:03.243569+05:30,GET,GET /jobs/{id}/,26.7,ok,
2026-10-04T20:42:03.263578+05:30,POST,POST /jobs/,33.43,ok,
2026-10-04T20:42:03.284059+05:30,POST,POST /jobs/,39.18,ok,
2026-10-04T20:42:03.296707+05:30,GET,GET /jobs/{id}/,42.57,ok,
2026-10-04T20:42:03.302269+05:30,POST,POST /jobs/,67.15,ok,
2026-10-04T20:42:03.308103+05:30,POST,POST /jobs/,72.21,ok,
2026-10-04T20:42:03.311100+05:30,POST,POST /jobs/,48.64,ok,
2026-10-04T20:42:03.314403+05:30,GET,GET /health/,45.46,ok,
2026-10-04T20:42:03.320858+05:30,GET,GET /jobs/{id}/,53.66,ok,
2026-10-04T20:42:03.331979+05:30,POST,POST /jobs/,63.75,ok,
2026-10-04T20:42:03.363710+05:30,POST,POST /jobs/,68.56,ok,
2026-10-04T20:42:03.389730+05:30,GET,GET /jobs/{id}/,27.93,ok,
2026-10-04T20:42:03.391769+05:30,POST,POST /jobs/,54.47,ok,
2026-10-04T20:42:03.428475+05:30,GET,GET /health/,19.43,ok,
2026-10-04T20:42:03.482249+05:30,GET,GET /jobs/{id}/,19.45,ok,
2026-10-04T20:42:03.490014+05:30,GET,GET /jobs/stats/,24.18,ok,
2026-10-04T20:42:03.508041+05:30,POST,POST /jobs/,31.23,ok,
2026-10-04T20:42:03.546561+05:30,GET,GET /health/,19.07,ok,
2026-10-04T20:42:03.578425+05:30,POST,POST /jobs/,22.54,ok,
2026-10-04T20:42:03.606092+05:30,GET,GET /jobs/{id}/,19.32,ok,
2026-10-04T20:42:03.622223+05:30,POST,POST /jobs/,29.47,ok,
2026-10-04T20:42:03.630737+05:30,GET,GET /jobs/{id}/,24.45,ok,
2026-10-04T20:42:03.642189+05:30,POST,POST /jobs/,26.05,ok,
2026-10-04T20:42:03.663418+05:30,POST,POST /jobs/,27.37,ok,
2026-10-04T20:42:03.707687+05:30,GET,GET /jobs/stats/,22.98,ok,
2026-10-04T20:42:03.772767+05:30,GET,GET /jobs/{id}/,18.77,ok,
2026-10-04T20:42:03.773246+05:30,POST,POST /jobs/,23.25,ok,
2026-10-04T20:42:03.838439+05:30,GET,GET /jobs/{id}/,19.92,ok,
2026-10-04T20:42:03.851476+05:30,GET,GET /health/,21.92,ok,
2026-10-04T20:42:03.864717+05:30,POST,POST /jobs/,23.95,ok,
2026-10-04T20:42:03.865188+05:30,POST,POST /jobs/,22.52,ok,
2026-10-04T20:42:03.911392+05:30,POST,POST /jobs/,26.85,ok,
2026-10-04T20:42:03.913256+05:30,POST,POST /jobs/,26.64,ok,
2026-10-04T20:42:03.971278+05:30,POST,POST /jobs/,20.73,ok,
2026-10-04T20:42:04.063203+05:30,POST,POST /jobs/,25.59,ok,
2026-10-04T20:42:04.074631+05:30,GET,GET /jobs/{id}/,19.9,ok,
2026-10-04T20:42:04.080548+05:30,POST,POST /jobs/,23.56,ok,
2026-10-04T20:42:04.127428+05:30,GET,GET /jobs/{id}/,20.4,ok,
2026-10-04T20:42:04.127909+05:30,POST,POST /jobs/,24.07,ok,
2026-10-04T20:42:04.165645+05:30,GET,GET /jobs/{id}/,20.45,ok,
2026-10-04T20:42:04.180417+05:30,POST,POST /jobs/,20.47,ok,
2026-10-04T20:42:04.214124+05:30,GET,GET /jobs/stats/,24.41,ok,
2026-10-04T20:42:04.219455+05:30,POST,POST /jobs/,22.69,ok,
2026-10-04T20:42:04.232469+05:30,POST,POST /jobs/,23.55,ok,
2026-10-04T20:42:04.241977+05:30,POST,POST /jobs/,22.36,ok,
2026-10-04T20:42:04.252628+05:30,GET,GET /jobs/{id}/,21.53,ok,
2026-10-04T20:42:04.318416+05:30,GET,GET /health/,19.49,ok,
2026-10-04T20:42:04.350273+05:30,GET,GET /jobs/{id}/,22.54,ok,
2026-10-04T20:42:04.366330+05:30,GET,GET /jobs/stats/,24.42,ok,
2026-10-04T20:42:04.370656+05:30,GET,GET /jobs/{id}/,21.71,ok,
2026-10-04T20:42:04.409462+05:30,GET,GET /jobs/stats/,22.54,ok,
2026-10-04T20:42:04.423815+05:30,GET,GET /health/,19.99,ok,
2026-10-04T20:42:04.424669+05:30,POST,POST /jobs/,25.77,ok,
2026-10-04T20:42:04.441185+05:30,POST,POST /jobs/,30.45,ok,
2026-10-04T20:42:04.442045+05:30,POST,POST /jobs/,29.33,ok,
2026-10-04T20:42:04.463056+05:30,GET,GET /jobs/{id}/,33.67,ok,
2026-10-04T20:42:04.463517+05:30,GET,GET /health/,34.63,ok,
2026-10-04T20:42:04.464111+05:30,GET,GET /health/,33.76,ok,
2026-10-04T20:42:04.477868+05:30,GET,GET /jobs/{id}/,26.54,ok,
2026-10-04T20:42:04.498583+05:30,GET,GET /jobs/{id}/,21.85,ok,
2026-10-04T20:42:04.499669+05:30,GET,GET /health/,27.23,ok,
2026-10-04T20:42:04.516814+05:30,POST,POST /jobs/,25.37,ok,
2026-10-04T20:42:04.524250+05:30,GET,GET /jobs/{id}/,19.31,ok,
2026-10-04T20:42:04.573492+05:30,GET,GET /jobs/{id}/,17.94,ok,
2026-10-04T20:42:04.624553+05:30,GET,GET /jobs/{id}/,19.55,ok,
2026-10-04T20:42:04.680548+05:30,POST,POST /jobs/,24.66,ok,
2026-10-04T20:42:04.684899+05:30,GET,GET /jobs/{id}/,23.85,ok,
2026-10-04T20:42:04.693372+05:30,POST,POST /jobs/,24.27,ok,
2026-10-04T20:42:04.708922+05:30,GET,GET /jobs/{id}/,34.74,ok,
2026-10-04T20:42:04.709593+05:30,GET,GET /jobs/{id}/,28.79,ok,
2026-10-04T20:42:04.723168+05:30,POST,POST /jobs/,37.01,ok,
2026-10-04T20:42:04.731819+05:30,GET,GET /jobs/stats/,33.07,ok,
2026-10-04T20:42:04.764829+05:30,GET,GET /jobs/{id}/,39.98,ok,
2026-10-04T20:42:04.766003+05:30,GET,GET /jobs/stats/,43.86,ok,
2026-10-04T20:42:04.775945+05:30,GET,GET /jobs/{id}/,39.84,ok,
2026-10-04T20:42:04.794760+05:30,GET,GET /jobs/{id}/,19.9,ok,
2026-10-04T20:42:04.799612+05:30,POST,POST /jobs/,23.49,ok,
2026-10-04T20:42:04.844749+05:30,GET,GET /jobs/{id}/,25.78,ok,
2026-10-04T20:42:04.855051+05:30,GET,GET /jobs/stats/,23.16,ok,
2026-10-04T20:42:04.860809+05:30,GET,GET /jobs/stats/,27.92,ok,
2026-10-04T20:42:04.884078+05:30,GET,GET /jobs/{id}/,17.96,ok,
2026-10-04T20:42:04.907223+05:30,POST,POST /jobs/,21.83,ok,
2026-10-04T20:42:04.919751+05:30,POST,POST /jobs/,21.4,ok,
2026-10-04T20:42:04.958244+05:30,POST,POST /jobs/,22.16,ok,
2026-10-04T20:42:04.966342+05:30,GET,GET /jobs/stats/,23.95,ok,
2026-10-04T20:42:04.971365+05:30,GET,GET /jobs/{id}/,27.33,ok,
2026-10-04T20:42:04.977339+05:30,POST,POST /jobs/,34.29,ok,
2026-10-04T20:42:04.993553+05:30,GET,GET /jobs/{id}/,27.02,ok,
2026-10-04T20:42:05.010919+05:30,GET,GET /jobs/{id}/,24.26,ok,
2026-10-04T20:42:05.017897+05:30,GET,GET /jobs/{id}/,22.06,ok,
2026-10-04T20:42:05.065678+05:30,POST,POST /jobs/,23.22,ok,
2026-10-04T20:42:05.094941+05:30,GET,GET /health/,18.99,ok,
2026-10-04T20:42:05.108481+05:30,GET,GET /health/,18.21,ok,
2026-10-04T20:42:05.127966+05:30,GET,GET /jobs/stats/,19.35,ok,
2026-10-04T20:42:05.162570+05:30,GET,GET /jobs/{id}/,18.28,ok,
2026-10-04T20:42:05.200637+05:30,GET,GET /jobs/{id}/,21.77,ok,
2026-10-04T20:42:05.208532+05:30,POST,POST /jobs/,24.03,ok,
2026-10-04T20:42:05.353243+05:30,GET,GET /jobs/{id}/,21.89,ok,
2026-10-04T20:42:05.353869+05:30,POST,POST /jobs/,27.65,ok,
2026-10-04T20:42:05.392759+05:30,POST,POST /jobs/,23.54,ok,
2026-10-04T20:42:05.406683+05:30,GET,GET /jobs/stats/,23.24,ok,
2026-10-04T20:42:05.411182+05:30,GET,GET /health/,19.61,ok,
2026-10-04T20:42:05.424921+05:30,GET,GET /jobs/{id}/,19.52,ok,
2026-10-04T20:42:05.493701+05:30,GET,GET /health/,18.48,ok,
2026-10-04T20:42:05.513870+05:30,GET,GET /jobs/{id}/,17.89,ok,
2026-10-04T20:42:05.659125+05:30,GET,GET /jobs/{id}/,21.85,ok,
2026-10-04T20:42:05.664783+05:30,GET,GET /jobs/{id}/,20.48,ok,
2026-10-04T20:42:05.681598+05:30,POST,POST /jobs/,27.99,ok,
2026-10-04T20:42:05.687860+05:30,POST,POST /jobs/,24.41,ok,
2026-10-04T20:42:05.694925+05:30,GET,GET /jobs/{id}/,21.26,ok,
2026-10-04T20:42:05.734115+05:30,GET,GET /jobs/{id}/,19.9,ok,
2026-10-04T20:42:05.751603+05:30,GET,GET /jobs/{id}/,18.52,ok,
2026-10-04T20:42:05.792808+05:30,POST,POST /jobs/,27.82,ok,
2026-10-04T20:42:05.793379+05:30,GET,GET /jobs/{id}/,21.25,ok,
2026-10-04T20:42:05.796685+05:30,GET,GET /health/,26.62,ok,
2026-10-04T20:42:05.803906+05:30,POST,POST /jobs/,27.04,ok,
2026-10-04T20:42:05.807395+05:30,POST,POST /jobs/,28.51,ok,
2026-10-04T20:42:05.877508+05:30,GET,GET /jobs/{id}/,18.59,ok,
2026-10-04T20:42:05.925272+05:30,GET,GET /jobs/{id}/,20.42,ok,
2026-10-04T20:42:05.933513+05:30,GET,GET /jobs/stats/,21.55,ok,
2026-10-04T20:42:05.942788+05:30,GET,GET /jobs/{id}/,22.38,ok,
2026-10-04T20:42:05.948279+05:30,GET,GET /jobs/{id}/,21.74,ok,
2026-10-04T20:42:05.977504+05:30,POST,POST /jobs/,30.37,ok,
2026-10-04T20:42:05.980673+05:30,GET,GET /jobs/{id}/,25.68,ok,
2026-10-04T20:42:05.992226+05:30,POST,POST /jobs/,31.14,ok,
2026-10-04T20:42:05.994987+05:30,POST,POST /jobs/,33.25,ok,
2026-10-04T20:42:06.034011+05:30,GET,GET /jobs/{id}/,27.6,ok,
2026-10-04T20:42:06.040676+05:30,GET,GET /jobs/{id}/,28.16,ok,
2026-10-04T20:42:06.053522+05:30,POST,POST /jobs/,24.74,ok,
2026-10-04T20:42:06.067035+05:30,GET,GET /jobs/{id}/,20.03,ok,
2026-10-04T20:42:06.099972+05:30,GET,GET /jobs/stats/,22.65,ok,
2026-10-04T20:42:06.111200+05:30,POST,POST /jobs/,21.88,ok,
2026-10-04T20:42:06.122829+05:30,POST,POST /jobs/,26.46,ok,
2026-10-04T20:42:06.143568+05:30,GET,GET /jobs/stats/,28.11,ok,
2026-10-04T20:42:06.167155+05:30,POST,POST /jobs/,21.33,ok,
2026-10-04T20:42:06.210429+05:30,GET,GET /jobs/{id}/,21.66,ok,
2026-10-04T20:42:06.221127+05:30,GET,GET /jobs/{id}/,18.27,ok,
2026-10-04T20:42:06.260138+05:30,POST,POST /jobs/,23.62,ok,
2026-10-04T20:42:06.261129+05:30,GET,GET /jobs/{id}/,22.58,ok,
2026-10-04T20:42:06.329182+05:30,GET,GET /jobs/{id}/,18.47,ok,
2026-10-04T20:42:06.338722+05:30,GET,GET /jobs/{id}/,19.99,ok,
2026-10-04T20:42:06.382304+05:30,POST,POST /jobs/,24.26,ok,
2026-10-04T20:42:06.401600+05:30,POST,POST /jobs/,22.98,ok,
2026-10-04T20:42:06.411724+05:30,GET,GET /jobs/{id}/,25.1,ok,
2026-10-04T20:42:06.435904+05:30,POST,POST /jobs/,27.97,ok,
2026-10-04T20:42:06.472265+05:30,GET,GET /jobs/stats/,22.07,ok,
2026-10-04T20:42:06.488839+05:30,POST,POST /jobs/,20.62,ok,
2026-10-04T20:42:06.546306+05:30,GET,GET /jobs/{id}/,23.14,ok,
2026-10-04T20:42:06.559445+05:30,POST,POST /jobs/,29.2,ok,
2026-10-04T20:42:06.568523+05:30,GET,GET /jobs/{id}/,27.15,ok,
2026-10-04T20:42:06.575706+05:30,GET,GET /jobs/stats/,24.11,ok,
2026-10-04T20:42:06.594398+05:30,GET,GET /jobs/{id}/,18.52,ok,
2026-10-04T20:42:06.655837+05:30,GET,GET /jobs/stats/,20.19,ok,
2026-10-04T20:42:06.699759+05:30,GET,GET /jobs/{id}/,21.17,ok,
2026-10-04T20:42:06.715759+05:30,POST,POST /jobs/,24.3,ok,
2026-10-04T20:42:06.716909+05:30,GET,GET /jobs/{id}/,24.68,ok,
2026-10-04T20:42:06.822375+05:30,GET,GET /jobs/stats/,22.15,ok,
2026-10-04T20:42:06.830011+05:30,POST,POST /jobs/,22.64,ok,
2026-10-04T20:42:06.838389+05:30,POST,POST /jobs/,26.98,ok,
2026-10-04T20:42:06.847804+05:30,POST,POST /jobs/,25.26,ok,
2026-10-04T20:42:06.858011+05:30,POST,POST /jobs/,24.69,ok,
2026-10-04T20:42:06.877662+05:30,GET,GET /jobs/{id}/,19.45,ok,
2026-10-04T20:42:06.885564+05:30,POST,POST /jobs/,24.24,ok,
2026-10-04T20:42:06.955328+05:30,GET,GET /health/,22.2,ok,
2026-10-04T20:42:06.962802+05:30,POST,POST /jobs/,20.7,ok,
2026-10-04T20:42:06.967243+05:30,GET,GET /jobs/{id}/,20.16,ok,
2026-10-04T20:42:07.007846+05:30,POST,POST /jobs/,21.34,ok,
2026-10-04T20:42:07.054876+05:30,POST,POST /jobs/,20.68,ok,
2026-10-04T20:42:07.109244+05:30,GET,GET /jobs/{id}/,22.75,ok,
2026-10-04T20:42:07.117096+05:30,GET,GET /jobs/{id}/,23.54,ok,
2026-10-04T20:42:07.117578+05:30,GET,GET /jobs/{id}/,23.5,ok,
2026-10-04T20:42:07.127838+05:30,POST,POST /jobs/,23.58,ok,
2026-10-04T20:42:07.164597+05:30,GET,GET /jobs/{id}/,17.44,ok,
2026-10-04T20:42:07.188244+05:30,GET,GET /jobs/stats/,20.4,ok,
2026-10-04T20:42:07.202253+05:30,GET,GET /health/,19.37,ok,
2026-10-04T20:42:07.216858+05:30,GET,GET /jobs/{id}/,18.29,ok,
2026-10-04T20:42:07.273591+05:30,GET,GET /jobs/{id}/,19.38,ok,
2026-10-04T20:42:07.284003+05:30,GET,GET /health/,17.79,ok,
2026-10-04T20:42:07.294039+05:30,GET,GET /jobs/{id}/,18.16,ok,
2026-10-04T20:42:07.313245+05:30,GET,GET /jobs/{id}/,17.93,ok,
2026-10-04T20:42:07.361041+05:30,GET,GET /health/,19.52,ok,
2026-10-04T20:42:07.366968+05:30,POST,POST /jobs/,23.41,ok,
2026-10-04T20:42:07.383690+05:30,GET,GET /jobs/{id}/,23.86,ok,
2026-10-04T20:42:07.391776+05:30,GET,GET /jobs/stats/,21.55,ok,
2026-10-04T20:42:07.418510+05:30,GET,GET /jobs/{id}/,18.41,ok,
2026-10-04T20:42:07.444901+05:30,GET,GET /health/,18.12,ok,
2026-10-04T20:42:07.450559+05:30,GET,GET /jobs/{id}/,17.78,ok,
2026-10-04T20:42:07.460195+05:30,GET,GET /jobs/{id}/,19.41,ok,
2026-10-04T20:42:07.482220+05:30,GET,GET /jobs/{id}/,19.72,ok,
2026-10-04T20:42:07.482882+05:30,GET,GET /health/,19.6,ok,
2026-10-04T20:42:07.493932+05:30,GET,GET /jobs/{id}/,20.91,ok,
2026-10-04T20:42:07.556853+05:30,POST,POST /jobs/,25.61,ok,
2026-10-04T20:42:07.565820+05:30,POST,POST /jobs/,21.52,ok,
2026-10-04T20:42:07.611887+05:30,POST,POST /jobs/,22.08,ok,
2026-10-04T20:42:07.612331+05:30,GET,GET /health/,23.09,ok,
2026-10-04T20:42:07.652337+05:30,GET,GET /jobs/{id}/,22.67,ok,
2026-10-04T20:42:07.659934+05:30,GET,GET /jobs/stats/,23.29,ok,
2026-10-04T20:42:07.666764+05:30,GET,GET /jobs/stats/,23.16,ok,
2026-10-04T20:42:07.669002+05:30,GET,GET /jobs/{id}/,22.46,ok,
2026-10-04T20:42:07.677708+05:30,GET,GET /jobs/{id}/,17.61,ok,
2026-10-04T20:42:07.702715+05:30,GET,GET /jobs/{id}/,19.71,ok,
2026-10-04T20:42:07.713929+05:30,POST,POST /jobs/,21.0,ok,
2026-10-04T20:42:07.720845+05:30,POST,POST /jobs/,23.92,ok,
2026-10-04T20:42:07.743770+05:30,GET,GET /jobs/{id}/,19.6,ok,
2026-10-04T20:42:07.773802+05:30,GET,GET /jobs/{id}/,21.7,ok,
2026-10-04T20:42:07.798442+05:30,GET,GET /jobs/{id}/,38.26,ok,
2026-10-04T20:42:07.804006+05:30,GET,GET /jobs/stats/,43.13,ok,
2026-10-04T20:42:07.829236+05:30,GET,GET /jobs/{id}/,17.93,ok,
2026-10-04T20:42:07.935056+05:30,POST,POST /jobs/,25.34,ok,
2026-10-04T20:42:07.949947+05:30,POST,POST /jobs/,25.38,ok,
2026-10-04T20:42:07.957431+05:30,GET,GET /jobs/{id}/,22.22,ok,
2026-10-04T20:42:07.966273+05:30,GET,GET /jobs/{id}/,23.14,ok,
2026-10-04T20:42:08.009628+05:30,POST,POST /jobs/,21.76,ok,
2026-10-04T20:42:08.070027+05:30,GET,GET /jobs/stats/,20.09,ok,
2026-10-04T20:42:08.097248+05:30,GET,GET /jobs/stats/,22.94,ok,
2026-10-04T20:42:08.099309+05:30,POST,POST /jobs/,22.03,ok,
2026-10-04T20:42:08.132499+05:30,GET,GET /jobs/{id}/,17.76,ok,
2026-10-04T20:42:08.175115+05:30,GET,GET /jobs/{id}/,18.26,ok,
2026-10-04T20:42:08.178941+05:30,POST,POST /jobs/,21.52,ok,
2026-10-04T20:42:08.302943+05:30,GET,GET /jobs/{id}/,26.24,ok,
2026-10-04T20:42:08.320189+05:30,GET,GET /jobs/{id}/,21.23,ok,
2026-10-04T20:42:08.347770+05:30,POST,POST /jobs/,21.29,ok,
2026-10-04T20:42:08.355571+05:30,GET,GET /jobs/{id}/,20.81,ok,
2026-10-04T20:42:08.385393+05:30,GET,GET /jobs/{id}/,18.33,ok,
2026-10-04T20:42:08.414645+05:30,GET,GET /jobs/{id}/,17.94,ok,
2026-10-04T20:42:08.469334+05:30,POST,POST /jobs/,24.36,ok,
2026-10-04T20:42:08.476644+05:30,GET,GET /health/,23.6,ok,
2026-10-04T20:42:08.485006+05:30,GET,GET /jobs/{id}/,29.98,ok,
2026-10-04T20:42:08.485526+05:30,GET,GET /jobs/{id}/,29.48,ok,
2026-10-04T20:42:08.498759+05:30,POST,POST /jobs/,31.36,ok,
2026-10-04T20:42:08.499247+05:30,GET,GET /jobs/{id}/,29.31,ok,
2026-10-04T20:42:08.525485+05:30,POST,POST /jobs/,23.97,ok,
2026-10-04T20:42:08.543179+05:30,POST,POST /jobs/,24.41,ok,
2026-10-04T20:42:08.554938+05:30,POST,POST /jobs/,23.12,ok,
2026-10-04T20:42:08.579681+05:30,GET,GET /jobs/stats/,21.48,ok,
2026-10-04T20:42:08.631707+05:30,POST,POST /jobs/,23.71,ok,
2026-10-04T20:42:08.637216+05:30,GET,GET /jobs/{id}/,23.03,ok,
2026-10-04T20:42:08.655744+05:30,GET,GET /jobs/{id}/,29.24,ok,
2026-10-04T20:42:08.662797+05:30,POST,POST /jobs/,26.92,ok,
2026-10-04T20:42:08.678231+05:30,GET,GET /health/,18.23,ok,
2026-10-04T20:42:08.687075+05:30,POST,POST /jobs/,22.02,ok,
2026-10-04T20:42:08.706158+05:30,GET,GET /jobs/{id}/,27.71,ok,
2026-10-04T20:42:08.706731+05:30,GET,GET /jobs/{id}/,27.74,ok,
2026-10-04T20:42:08.723757+05:30,GET,GET /jobs/{id}/,24.96,ok,
2026-10-04T20:42:08.724227+05:30,POST,POST /jobs/,27.69,ok,
2026-10-04T20:42:08.748944+05:30,POST,POST /jobs/,21.48,ok,
2026-10-04T20:42:08.831205+05:30,GET,GET /health/,19.78,ok,
2026-10-04T20:42:08.834504+05:30,POST,POST /jobs/,21.5,ok,
2026-10-04T20:42:08.859132+05:30,GET,GET /jobs/{id}/,20.32,ok,
2026-10-04T20:42:08.869842+05:30,GET,GET /jobs/stats/,23.08,ok,
2026-10-04T20:42:08.875647+05:30,POST,POST /jobs/,24.89,ok,
2026-10-04T20:42:08.905144+05:30,POST,POST /jobs/,22.14,ok,
2026-10-04T20:42:08.943148+05:30,GET,GET /jobs/{id}/,23.6,ok,
2026-10-04T20:42:08.943582+05:30,GET,GET /jobs/{id}/,20.0,ok,
2026-10-04T20:42:08.953610+05:30,POST,POST /jobs/,24.04,ok,
2026-10-04T20:42:08.973522+05:30,POST,POST /jobs/,22.66,ok,
2026-10-04T20:42:09.005776+05:30,GET,GET /health/,17.99,ok,
2026-10-04T20:42:09.077254+05:30,POST,POST /jobs/,21.13,ok,
2026-10-04T20:42:09.132093+05:30,POST,POST /jobs/,21.52,ok,
2026-10-04T20:42:09.154617+05:30,GET,GET /jobs/{id}/,18.22,ok,
2026-10-04T20:42:09.165487+05:30,GET,GET /health/,19.98,ok,
2026-10-04T20:42:09.214767+05:30,POST,POST /jobs/,21.97,ok,
2026-10-04T20:42:09.227927+05:30,GET,GET /jobs/{id}/,19.98,ok,
2026-10-04T20:42:09.279397+05:30,GET,GET /jobs/{id}/,20.15,ok,
2026-10-04T20:42:09.292639+05:30,POST,POST /jobs/,23.34,ok,
2026-10-04T20:42:09.293696+05:30,GET,GET /jobs/stats/,22.35,ok,
2026-10-04T20:42:09.301399+05:30,GET,GET /jobs/{id}/,18.66,ok,
2026-10-04T20:42:09.317991+05:30,GET,GET /jobs/{id}/,17.96,ok,
2026-10-04T20:42:09.398399+05:30,POST,POST /jobs/,25.86,ok,
2026-10-04T20:42:09.403413+05:30,POST,POST /jobs/,23.74,ok,
2026-10-04T20:42:09.431642+05:30,GET,GET /jobs/{id}/,19.94,ok,
2026-10-04T20:42:09.479266+05:30,GET,GET /jobs/{id}/,18.33,ok,
2026-10-04T20:42:09.502115+05:30,GET,GET /health/,20.61,ok,
2026-10-04T20:42:09.512920+05:30,POST,POST /jobs/,21.4,ok,
2026-10-04T20:42:09.583373+05:30,GET,GET /jobs/{id}/,20.09,ok,
2026-10-04T20:42:09.583852+05:30,GET,GET /jobs/{id}/,22.64,ok,
2026-10-04T20:42:09.618044+05:30,POST,POST /jobs/,20.92,ok,
2026-10-04T20:42:09.668599+05:30,POST,POST /jobs/,23.23,ok,
2026-10-04T20:42:09.680535+05:30,POST,POST /jobs/,30.82,ok,
2026-10-04T20:42:09.683740+05:30,POST,POST /jobs/,26.18,ok,
2026-10-04T20:42:09.690665+05:30,GET,GET /jobs/stats/,31.09,ok,
2026-10-04T20:42:09.705311+05:30,GET,GET /jobs/{id}/,30.38,ok,
2026-10-04T20:42:09.743723+05:30,POST,POST /jobs/,23.87,ok,
2026-10-04T20:42:09.761127+05:30,POST,POST /jobs/,21.83,ok,
2026-10-04T20:42:09.789501+05:30,POST,POST /jobs/,26.04,ok,
2026-10-04T20:42:09.802283+05:30,GET,GET /jobs/{id}/,24.51,ok,
2026-10-04T20:42:09.809772+05:30,GET,GET /jobs/stats/,24.52,ok,
2026-10-04T20:42:09.814652+05:30,POST,POST /jobs/,28.14,ok,
2026-10-04T20:42:09.862874+05:30,GET,GET /jobs/{id}/,57.29,ok,
2026-10-04T20:42:09.877178+05:30,GET,GET /jobs/{id}/,53.22,ok,
2026-10-04T20:42:09.923295+05:30,GET,GET /jobs/stats/,22.78,ok,
2026-10-04T20:42:09.937328+05:30,GET,GET /jobs/{id}/,17.76,ok,
2026-10-04T20:42:09.943996+05:30,GET,GET /jobs/{id}/,17.44,ok,
2026-10-04T20:42:09.968344+05:30,GET,GET /jobs/{id}/,18.03,ok,
2026-10-04T20:42:10.039880+05:30,POST,POST /jobs/,26.16,ok,
2026-10-04T20:42:10.048831+05:30,GET,GET /jobs/{id}/,23.57,ok,
2026-10-04T20:42:10.049265+05:30,GET,GET /jobs/stats/,24.57,ok,
2026-10-04T20:42:10.055041+05:30,GET,GET /jobs/{id}/,21.69,ok,
2026-10-04T20:42:10.100537+05:30,GET,GET /jobs/{id}/,18.2,ok,
2026-10-04T20:42:10.154275+05:30,POST,POST /jobs/,21.43,ok,
2026-10-04T20:42:10.160684+05:30,GET,GET /jobs/{id}/,21.8,ok,
2026-10-04T20:42:10.182098+05:30,POST,POST /jobs/,20.17,ok,
2026-10-04T20:42:10.208969+05:30,POST,POST /jobs/,20.57,ok,
2026-10-04T20:42:10.293034+05:30,GET,GET /jobs/stats/,21.74,ok,
2026-10-04T20:42:10.314552+05:30,GET,GET /jobs/{id}/,18.23,ok,
2026-10-04T20:42:10.332212+05:30,GET,GET /health/,18.66,ok,
2026-10-04T20:42:10.349786+05:30,GET,GET /jobs/{id}/,18.95,ok,
2026-10-04T20:42:10.354060+05:30,POST,POST /jobs/,23.92,ok,
2026-10-04T20:42:10.360579+05:30,POST,POST /jobs/,25.68,ok,
2026-10-04T20:42:10.374060+05:30,GET,GET /health/,20.98,ok,
2026-10-04T20:42:10.397465+05:30,POST,POST /jobs/,21.15,ok,
2026-10-04T20:42:10.461808+05:30,POST,POST /jobs/,25.04,ok,
2026-10-04T20:42:10.480086+05:30,GET,GET /jobs/{id}/,23.23,ok,
2026-10-04T20:42:10.488308+05:30,GET,GET /jobs/{id}/,19.17,ok,
2026-10-04T20:42:10.496121+05:30,GET,GET /jobs/{id}/,20.95,ok,
2026-10-04T20:42:10.560323+05:30,POST,POST /jobs/,20.6,ok,
2026-10-04T20:42:10.590491+05:30,POST,POST /jobs/,23.8,ok,
2026-10-04T20:42:10.599883+05:30,GET,GET /jobs/{id}/,23.56,ok,
2026-10-04T20:42:10.601829+05:30,POST,POST /jobs/,26.1,ok,
2026-10-04T20:42:10.624767+05:30,POST,POST /jobs/,20.7,ok,
2026-10-04T20:42:10.631392+05:30,GET,GET /jobs/{id}/,18.32,ok,
2026-10-04T20:42:10.697364+05:30,GET,GET /jobs/{id}/,19.66,ok,
2026-10-04T20:42:10.715075+05:30,GET,GET /health/,19.28,ok,
2026-10-04T20:42:10.784950+05:30,POST,POST /jobs/,23.56,ok,
2026-10-04T20:42:10.786891+05:30,GET,GET /jobs/{id}/,24.95,ok,
2026-10-04T20:42:10.787780+05:30,GET,GET /jobs/{id}/,25.53,ok,
2026-10-04T20:42:10.810715+05:30,POST,POST /jobs/,23.63,ok,
2026-10-04T20:42:10.862220+05:30,GET,GET /jobs/stats/,51.34,ok,
2026-10-04T20:42:10.872194+05:30,GET,GET /jobs/stats/,48.37,ok,
2026-10-04T20:42:10.883388+05:30,POST,POST /jobs/,54.29,ok,
2026-10-04T20:42:10.883914+05:30,GET,GET /health/,51.94,ok,
2026-10-04T20:42:10.884267+05:30,GET,GET /jobs/{id}/,26.25,ok,
2026-10-04T20:42:10.909306+05:30,GET,GET /jobs/stats/,20.83,ok,
2026-10-04T20:42:10.938508+05:30,GET,GET /jobs/{id}/,18.91,ok,
2026-10-04T20:42:10.963883+05:30,POST,POST /jobs/,33.3,ok,
2026-10-04T20:42:10.990177+05:30,POST,POST /jobs/,36.41,ok,
2026-10-04T20:42:11.013662+05:30,GET,GET /jobs/{id}/,23.3,ok,
2026-10-04T20:42:11.021165+05:30,GET,GET /jobs/{id}/,28.93,ok,
2026-10-04T20:42:11.021577+05:30,GET,GET /jobs/{id}/,27.19,ok,
2026-10-04T20:42:11.030804+05:30,POST,POST /jobs/,27.17,ok,
2026-10-04T20:42:11.044230+05:30,POST,POST /jobs/,25.04,ok,
2026-10-04T20:42:11.064911+05:30,POST,POST /jobs/,21.78,ok,
2026-10-04T20:42:11.073117+05:30,GET,GET /jobs/{id}/,18.21,ok,
2026-10-04T20:42:11.076887+05:30,GET,GET /jobs/{id}/,18.83,ok,
2026-10-04T20:42:11.127746+05:30,POST,POST /jobs/,28.54,ok,
2026-10-04T20:42:11.139438+05:30,POST,POST /jobs/,35.14,ok,
2026-10-04T20:42:11.151957+05:30,GET,GET /jobs/stats/,33.58,ok,
2026-10-04T20:42:11.153156+05:30,GET,GET /health/,32.61,ok,
2026-10-04T20:42:11.164038+05:30,POST,POST /jobs/,33.81,ok,
2026-10-04T20:42:11.176039+05:30,POST,POST /jobs/,31.45,ok,
2026-10-04T20:42:11.176553+05:30,GET,GET /jobs/stats/,32.83,ok,
2026-10-04T20:42:11.185566+05:30,GET,GET /jobs/{id}/,23.98,ok,
2026-10-04T20:42:11.212074+05:30,POST,POST /jobs/,23.23,ok,
2026-10-04T20:42:11.292298+05:30,GET,GET /jobs/stats/,26.93,ok,
2026-10-04T20:42:11.296987+05:30,POST,POST /jobs/,22.61,ok,
2026-10-04T20:42:11.301389+05:30,POST,POST /jobs/,26.49,ok,
2026-10-04T20:42:11.351528+05:30,POST,POST /jobs/,23.76,ok,
2026-10-04T20:42:11.352119+05:30,GET,GET /jobs/{id}/,21.28,ok,
2026-10-04T20:42:11.356916+05:30,POST,POST /jobs/,24.21,ok,
2026-10-04T20:42:11.404392+05:30,POST,POST /jobs/,22.17,ok,
2026-10-04T20:42:11.422848+05:30,GET,GET /jobs/{id}/,22.41,ok,
2026-10-04T20:42:11.427464+05:30,GET,GET /jobs/{id}/,20.61,ok,
2026-10-04T20:42:11.448107+05:30,GET,GET /jobs/stats/,21.66,ok,
2026-10-04T20:42:11.457492+05:30,GET,GET /jobs/{id}/,19.39,ok,
2026-10-04T20:42:11.490463+05:30,GET,GET /jobs/stats/,22.67,ok,
2026-10-04T20:42:11.507632+05:30,POST,POST /jobs/,21.72,ok,
2026-10-04T20:42:11.547697+05:30,GET,GET /health/,17.77,ok,
2026-10-04T20:42:11.578567+05:30,POST,POST /jobs/,21.57,ok,
2026-10-04T20:42:11.587574+05:30,GET,GET /jobs/{id}/,22.55,ok,
2026-10-04T20:42:11.610585+05:30,GET,GET /jobs/{id}/,22.82,ok,
2026-10-04T20:42:11.613281+05:30,POST,POST /jobs/,25.1,ok,
2026-10-04T20:42:11.631319+05:30,POST,POST /jobs/,26.98,ok,
2026-10-04T20:42:11.639452+05:30,GET,GET /jobs/stats/,23.97,ok,
2026-10-04T20:42:11.661656+05:30,POST,POST /jobs/,20.94,ok,
2026-10-04T20:42:11.681386+05:30,POST,POST /jobs/,26.74,ok,
2026-10-04T20:42:11.705361+05:30,GET,GET /jobs/{id}/,20.65,ok,
2026-10-04T20:42:11.714085+05:30,GET,GET /jobs/stats/,27.98,ok,
2026-10-04T20:42:11.714548+05:30,POST,POST /jobs/,29.34,ok,
2026-10-04T20:42:11.809882+05:30,GET,GET /health/,18.07,ok,
2026-10-04T20:42:11.828463+05:30,GET,GET /jobs/{id}/,18.35,ok,
2026-10-04T20:42:11.926983+05:30,GET,GET /jobs/{id}/,20.2,ok,
2026-10-04T20:42:11.934856+05:30,POST,POST /jobs/,28.97,ok,
2026-10-04T20:42:11.935201+05:30,GET,GET /jobs/{id}/,30.38,ok,
2026-10-04T20:42:11.955307+05:30,GET,GET /health/,29.63,ok,
2026-10-04T20:42:11.978021+05:30,GET,GET /jobs/{id}/,22.51,ok,
2026-10-04T20:42:11.987257+05:30,GET,GET /jobs/stats/,21.73,ok,
2026-10-04T20:42:12.037685+05:30,GET,GET /health/,19.13,ok,
2026-10-04T20:42:12.071499+05:30,GET,GET /jobs/{id}/,24.28,ok,
2026-10-04T20:42:12.077700+05:30,GET,GET /jobs/{id}/,28.72,ok,
2026-10-04T20:42:12.087013+05:30,GET,GET /jobs/{id}/,24.18,ok,
2026-10-04T20:42:12.087748+05:30,GET,GET /jobs/{id}/,26.91,ok,
2026-10-04T20:42:12.132920+05:30,GET,GET /jobs/{id}/,17.86,ok,
2026-10-04T20:42:12.189652+05:30,GET,GET /jobs/{id}/,20.41,ok,
2026-10-04T20:42:12.204298+05:30,GET,GET /jobs/{id}/,18.94,ok,
2026-10-04T20:42:12.285649+05:30,POST,POST /jobs/,24.98,ok,
2026-10-04T20:42:12.311527+05:30,GET,GET /health/,24.62,ok,
2026-10-04T20:42:12.327077+05:30,GET,GET /jobs/stats/,21.84,ok,
2026-10-04T20:42:12.332450+05:30,GET,GET /jobs/{id}/,18.56,ok,
2026-10-04T20:42:12.342276+05:30,POST,POST /jobs/,21.41,ok,
2026-10-04T20:42:12.353933+05:30,GET,GET /health/,20.28,ok,
2026-10-04T20:42:12.427706+05:30,GET,GET /jobs/stats/,23.51,ok,
2026-10-04T20:42:12.435458+05:30,GET,GET /health/,19.21,ok,
2026-10-04T20:42:12.443988+05:30,POST,POST /jobs/,20.66,ok,
2026-10-04T20:42:12.480323+05:30,GET,GET /jobs/{id}/,17.9,ok,
2026-10-04T20:42:12.513015+05:30,POST,POST /jobs/,23.2,ok,
2026-10-04T20:42:12.531089+05:30,POST,POST /jobs/,24.08,ok,
2026-10-04T20:42:12.539026+05:30,GET,GET /jobs/stats/,20.75,ok,
2026-10-04T20:42:12.581650+05:30,POST,POST /jobs/,21.31,ok,
2026-10-04T20:42:12.597026+05:30,POST,POST /jobs/,24.5,ok,
2026-10-04T20:42:12.604841+05:30,GET,GET /jobs/{id}/,20.45,ok,
2026-10-04T20:42:12.605830+05:30,GET,GET /health/,21.96,ok,
2026-10-04T20:42:12.661593+05:30,POST,POST /jobs/,23.44,ok,
2026-10-04T20:42:12.666371+05:30,POST,POST /jobs/,25.14,ok,
2026-10-04T20:42:12.668396+05:30,GET,GET /jobs/stats/,26.69,ok,
2026-10-04T20:42:12.710551+05:30,GET,GET /health/,18.89,ok,
2026-10-04T20:42:12.739497+05:30,POST,POST /jobs/,23.65,ok,
2026-10-04T20:42:12.757635+05:30,POST,POST /jobs/,24.71,ok,
2026-10-04T20:42:12.786978+05:30,GET,GET /jobs/{id}/,17.9,ok,
2026-10-04T20:42:12.807558+05:30,POST,POST /jobs/,20.42,ok,
2026-10-04T20:42:12.892322+05:30,POST,POST /jobs/,20.17,ok,
2026-10-04T20:42:12.945284+05:30,GET,GET /jobs/stats/,21.02,ok,
2026-10-04T20:42:12.950599+05:30,GET,GET /jobs/{id}/,19.28,ok,
2026-10-04T20:42:12.981285+05:30,GET,GET /jobs/{id}/,20.51,ok,
2026-10-04T20:42:12.981716+05:30,GET,GET /jobs/stats/,21.88,ok,
2026-10-04T20:42:13.010075+05:30,GET,GET /jobs/{id}/,18.09,ok,
2026-10-04T20:42:13.045464+05:30,GET,GET /health/,19.1,ok,
2026-10-04T20:42:13.049061+05:30,POST,POST /jobs/,22.18,ok,
2026-10-04T20:42:13.136883+05:30,GET,GET /health/,23.36,ok,
2026-10-04T20:42:13.153890+05:30,POST,POST /jobs/,24.36,ok,
2026-10-04T20:42:13.154403+05:30,GET,GET /jobs/stats/,24.37,ok,
2026-10-04T20:42:13.168799+05:30,POST,POST /jobs/,29.63,ok,
2026-10-04T20:42:13.206073+05:30,POST,POST /jobs/,22.98,ok,
2026-10-04T20:42:13.230605+05:30,GET,GET /jobs/{id}/,23.29,ok,
2026-10-04T20:42:13.262553+05:30,GET,GET /health/,28.84,ok,
2026-10-04T20:42:13.268821+05:30,GET,GET /health/,32.15,ok,
2026-10-04T20:42:13.272725+05:30,GET,GET /health/,28.13,ok,
2026-10-04T20:42:13.284707+05:30,GET,GET /jobs/stats/,52.88,ok,
2026-10-04T20:42:13.285191+05:30,GET,GET /jobs/{id}/,26.27,ok,
2026-10-04T20:42:13.289832+05:30,POST,POST /jobs/,42.12,ok,
2026-10-04T20:42:13.384826+05:30,GET,GET /jobs/stats/,21.69,ok,
2026-10-04T20:42:13.416792+05:30,POST,POST /jobs/,25.66,ok,
2026-10-04T20:42:13.427756+05:30,POST,POST /jobs/,29.65,ok,
2026-10-04T20:42:13.428195+05:30,POST,POST /jobs/,29.18,ok,
2026-10-04T20:42:13.439226+05:30,GET,GET /jobs/{id}/,28.09,ok,
2026-10-04T20:42:13.470828+05:30,GET,GET /jobs/stats/,20.32,ok,
2026-10-04T20:42:13.510205+05:30,POST,POST /jobs/,21.03,ok,
2026-10-04T20:42:13.511116+05:30,GET,GET /jobs/stats/,21.46,ok,
2026-10-04T20:42:13.535103+05:30,POST,POST /jobs/,19.69,ok,
2026-10-04T20:42:13.560510+05:30,GET,GET /jobs/stats/,20.16,ok,
2026-10-04T20:42:13.596593+05:30,GET,GET /jobs/{id}/,21.75,ok,
2026-10-04T20:42:13.597136+05:30,GET,GET /jobs/{id}/,19.25,ok,
2026-10-04T20:42:13.609902+05:30,POST,POST /jobs/,24.12,ok,
2026-10-04T20:42:13.640068+05:30,POST,POST /jobs/,20.88,ok,
2026-10-04T20:42:13.665861+05:30,GET,GET /jobs/stats/,23.55,ok,
2026-10-04T20:42:13.666940+05:30,GET,GET /jobs/{id}/,20.74,ok,
2026-10-04T20:42:13.694279+05:30,GET,GET /health/,18.11,ok,
2026-10-04T20:42:13.702814+05:30,GET,GET /health/,19.68,ok,
2026-10-04T20:42:13.745661+05:30,GET,GET /jobs/{id}/,19.55,ok,
2026-10-04T20:42:13.794649+05:30,GET,GET /jobs/{id}/,19.47,ok,
2026-10-04T20:42:13.795302+05:30,GET,GET /health/,19.54,ok,
2026-10-04T20:42:13.826244+05:30,GET,GET /health/,17.7,ok,
2026-10-04T20:42:13.856293+05:30,POST,POST /jobs/,20.76,ok,
2026-10-04T20:42:13.884758+05:30,GET,GET /jobs/{id}/,27.14,ok,
2026-10-04T20:42:13.916212+05:30,POST,POST /jobs/,25.1,ok,
2026-10-04T20:42:13.924696+05:30,POST,POST /jobs/,20.3,ok,
2026-10-04T20:42:13.964039+05:30,GET,GET /jobs/{id}/,19.94,ok,
2026-10-04T20:42:13.978816+05:30,GET,GET /health/,18.31,ok,
2026-10-04T20:42:14.035920+05:30,GET,GET /jobs/{id}/,24.76,ok,
2026-10-04T20:42:14.043220+05:30,GET,GET /jobs/stats/,25.84,ok,
2026-10-04T20:42:14.048926+05:30,GET,GET /jobs/{id}/,19.2,ok,
2026-10-04T20:42:14.074117+05:30,GET,GET /jobs/{id}/,18.92,ok,
2026-10-04T20:42:14.087132+05:30,GET,GET /jobs/{id}/,17.94,ok,
2026-10-04T20:42:14.150136+05:30,POST,POST /jobs/,22.72,ok,
2026-10-04T20:42:14.168777+05:30,GET,GET /jobs/{id}/,22.14,ok,
2026-10-04T20:42:14.182753+05:30,GET,GET /jobs/{id}/,18.27,ok,
2026-10-04T20:42:14.207065+05:30,GET,GET /jobs/{id}/,20.04,ok,
2026-10-04T20:42:14.223600+05:30,POST,POST /jobs/,21.65,ok,
2026-10-04T20:42:14.229647+05:30,GET,GET /jobs/{id}/,18.31,ok,
2026-10-04T20:42:14.244669+05:30,GET,GET /health/,19.85,ok,
2026-10-04T20:42:14.247998+05:30,GET,GET /jobs/{id}/,20.18,ok,
2026-10-04T20:42:14.264479+05:30,GET,GET /jobs/{id}/,23.34,ok,
2026-10-04T20:42:14.284173+05:30,GET,GET /jobs/{id}/,24.88,ok,
2026-10-04T20:42:14.284764+05:30,POST,POST /jobs/,29.48,ok,
2026-10-04T20:42:14.292451+05:30,GET,GET /jobs/stats/,25.75,ok,
2026-10-04T20:42:14.346252+05:30,GET,GET /jobs/stats/,21.54,ok,
2026-10-04T20:42:14.362206+05:30,GET,GET /jobs/stats/,21.46,ok,
2026-10-04T20:42:14.376776+05:30,GET,GET /jobs/{id}/,18.24,ok,
2026-10-04T20:42:14.409594+05:30,GET,GET /jobs/{id}/,19.51,ok,
2026-10-04T20:42:14.426213+05:30,GET,GET /jobs/{id}/,18.36,ok,
2026-10-04T20:42:14.464062+05:30,GET,GET /health/,19.54,ok,
2026-10-04T20:42:14.474661+05:30,GET,GET /jobs/{id}/,29.6,ok,
2026-10-04T20:42:14.475350+05:30,POST,POST /jobs/,28.13,ok,
2026-10-04T20:42:14.484714+05:30,POST,POST /jobs/,25.4,ok,
2026-10-04T20:42:14.490970+05:30,GET,GET /jobs/{id}/,25.22,ok,
2026-10-04T20:42:14.532919+05:30,GET,GET /health/,18.66,ok,
2026-10-04T20:42:14.553190+05:30,GET,GET /jobs/{id}/,17.96,ok,
2026-10-04T20:42:14.576935+05:30,GET,GET /jobs/{id}/,18.46,ok,
2026-10-04T20:42:14.641330+05:30,GET,GET /health/,18.12,ok,
2026-10-04T20:42:14.727345+05:30,GET,GET /jobs/stats/,20.71,ok,
2026-10-04T20:42:14.763007+05:30,GET,GET /health/,18.38,ok,
2026-10-04T20:42:14.764201+05:30,GET,GET /health/,17.57,ok,
2026-10-04T20:42:14.772749+05:30,POST,POST /jobs/,25.37,ok,
2026-10-04T20:42:14.789817+05:30,GET,GET /jobs/{id}/,20.73,ok,
2026-10-04T20:42:14.791632+05:30,POST,POST /jobs/,25.19,ok,
2026-10-04T20:42:14.832932+05:30,GET,GET /jobs/{id}/,17.86,ok,
2026-10-04T20:42:14.899312+05:30,POST,POST /jobs/,24.01,ok,
2026-10-04T20:42:14.915220+05:30,GET,GET /jobs/{id}/,20.82,ok,
2026-10-04T20:42:14.947083+05:30,POST,POST /jobs/,21.52,ok,
2026-10-04T20:42:14.978191+05:30,POST,POST /jobs/,27.77,ok,
2026-10-04T20:42:14.992806+05:30,GET,GET /jobs/{id}/,22.47,ok,
2026-10-04T20:42:14.996583+05:30,GET,GET /jobs/{id}/,22.14,ok,
2026-10-04T20:42:15.082633+05:30,GET,GET /jobs/{id}/,20.72,ok,
2026-10-04T20:42:15.093310+05:30,GET,GET /jobs/stats/,21.31,ok,
2026-10-04T20:42:15.110946+05:30,GET,GET /health/,18.74,ok,
2026-10-04T20:42:15.143254+05:30,GET,GET /health/,20.02,ok,
2026-10-04T20:42:15.180808+05:30,GET,GET /jobs/stats/,20.25,ok,
2026-10-04T20:42:15.241481+05:30,GET,GET /jobs/{id}/,19.22,ok,
2026-10-04T20:42:15.243745+05:30,GET,GET /jobs/stats/,24.5,ok,
2026-10-04T20:42:15.244270+05:30,GET,GET /jobs/{id}/,19.88,ok,
2026-10-04T20:42:15.339224+05:30,GET,GET /health/,19.46,ok,
2026-10-04T20:42:15.350213+05:30,GET,GET /jobs/{id}/,18.23,ok,
2026-10-04T20:42:15.376016+05:30,POST,POST /jobs/,24.56,ok,
2026-10-04T20:42:15.413918+05:30,POST,POST /jobs/,22.56,ok,
2026-10-04T20:42:15.424527+05:30,GET,GET /jobs/{id}/,20.0,ok,
2026-10-04T20:42:15.436681+05:30,POST,POST /jobs/,20.52,ok,
2026-10-04T20:42:15.476637+05:30,GET,GET /jobs/{id}/,20.33,ok,
2026-10-04T20:42:15.477152+05:30,POST,POST /jobs/,24.99,ok,
2026-10-04T20:42:15.486574+05:30,POST,POST /jobs/,24.17,ok,
2026-10-04T20:42:15.546396+05:30,POST,POST /jobs/,22.5,ok,
2026-10-04T20:42:15.593882+05:30,POST,POST /jobs/,21.2,ok,
2026-10-04T20:42:15.652803+05:30,GET,GET /jobs/{id}/,18.45,ok,
2026-10-04T20:42:15.700827+05:30,POST,POST /jobs/,21.71,ok,
2026-10-04T20:42:15.738694+05:30,POST,POST /jobs/,25.53,ok,
2026-10-04T20:42:15.745726+05:30,POST,POST /jobs/,24.53,ok,
2026-10-04T20:42:15.762025+05:30,POST,POST /jobs/,25.17,ok,
2026-10-04T20:42:15.769700+05:30,GET,GET /jobs/stats/,20.72,ok,
2026-10-04T20:42:15.817508+05:30,GET,GET /jobs/{id}/,18.51,ok,
2026-10-04T20:42:15.827554+05:30,GET,GET /jobs/{id}/,19.53,ok,
2026-10-04T20:42:15.863860+05:30,GET,GET /jobs/stats/,21.04,ok,
2026-10-04T20:42:15.875928+05:30,POST,POST /jobs/,22.09,ok,
2026-10-04T20:42:15.897793+05:30,GET,GET /jobs/stats/,29.65,ok,
2026-10-04T20:42:15.921559+05:30,POST,POST /jobs/,32.45,ok,
2026-10-04T20:42:15.922200+05:30,POST,POST /jobs/,33.92,ok,
2026-10-04T20:42:15.936476+05:30,GET,GET /jobs/{id}/,23.18,ok,
2026-10-04T20:42:15.978061+05:30,POST,POST /jobs/,20.28,ok,
2026-10-04T20:42:16.002039+05:30,GET,GET /jobs/{id}/,30.21,ok,
2026-10-04T20:42:16.010869+05:30,POST,POST /jobs/,30.54,ok,
2026-10-04T20:42:16.022909+05:30,GET,GET /jobs/stats/,35.64,ok,
2026-10-04T20:42:16.023091+05:30,POST,POST /jobs/,33.25,ok,
2026-10-04T20:42:16.060092+05:30,GET,GET /jobs/{id}/,19.76,ok,
2026-10-04T20:42:16.075356+05:30,GET,GET /health/,18.71,ok,
2026-10-04T20:42:16.135345+05:30,POST,POST /jobs/,28.65,ok,
2026-10-04T20:42:16.147816+05:30,GET,GET /jobs/{id}/,31.13,ok,
2026-10-04T20:42:16.151062+05:30,GET,GET /jobs/{id}/,37.34,ok,
2026-10-04T20:42:16.169127+05:30,POST,POST /jobs/,27.89,ok,
2026-10-04T20:42:16.189758+05:30,POST,POST /jobs/,27.4,ok,
2026-10-04T20:42:16.203538+05:30,POST,POST /jobs/,27.11,ok,
2026-10-04T20:42:16.208606+05:30,GET,GET /health/,24.3,ok,
2026-10-04T20:42:16.237766+05:30,GET,GET /health/,23.9,ok,
2026-10-04T20:42:16.277957+05:30,POST,POST /jobs/,21.86,ok,
2026-10-04T20:42:16.281688+05:30,GET,GET /jobs/{id}/,20.21,ok,
2026-10-04T20:42:16.303547+05:30,POST,POST /jobs/,21.71,ok,
2026-10-04T20:42:16.321249+05:30,GET,GET /jobs/{id}/,18.91,ok,
2026-10-04T20:42:16.326673+05:30,POST,POST /jobs/,22.47,ok,
2026-10-04T20:42:16.331960+05:30,GET,GET /jobs/{id}/,19.93,ok,
2026-10-04T20:42:16.353810+05:30,GET,GET /jobs/{id}/,18.58,ok,
2026-10-04T20:42:16.375810+05:30,GET,GET /jobs/{id}/,19.71,ok,
2026-10-04T20:42:16.471161+05:30,GET,GET /jobs/{id}/,19.0,ok,
2026-10-04T20:42:16.482265+05:30,POST,POST /jobs/,22.93,ok,
2026-10-04T20:42:16.488060+05:30,GET,GET /jobs/{id}/,21.62,ok,
2026-10-04T20:42:16.502219+05:30,GET,GET /jobs/{id}/,21.74,ok,
2026-10-04T20:42:16.554060+05:30,GET,GET /health/,19.55,ok,
2026-10-04T20:42:16.570126+05:30,GET,GET /jobs/{id}/,19.56,ok,
2026-10-04T20:42:16.584296+05:30,GET,GET /jobs/{id}/,18.88,ok,
2026-10-04T20:42:16.618406+05:30,GET,GET /health/,17.78,ok,
2026-10-04T20:42:16.624588+05:30,GET,GET /jobs/{id}/,17.98,ok,
2026-10-04T20:42:16.677469+05:30,GET,GET /jobs/{id}/,22.52,ok,
2026-10-04T20:42:16.679812+05:30,POST,POST /jobs/,24.18,ok,
2026-10-04T20:42:16.683284+05:30,POST,POST /jobs/,25.52,ok,
2026-10-04T20:42:16.693490+05:30,POST,POST /jobs/,27.68,ok,
2026-10-04T20:42:16.712177+05:30,GET,GET /jobs/stats/,27.68,ok,
2026-10-04T20:42:16.736283+05:30,GET,GET /jobs/{id}/,19.72,ok,
2026-10-04T20:42:16.819470+05:30,GET,GET /jobs/stats/,20.79,ok,
2026-10-04T20:42:16.821626+05:30,GET,GET /jobs/stats/,22.45,ok,
2026-10-04T20:42:16.847400+05:30,GET,GET /jobs/{id}/,20.4,ok,
2026-10-04T20:42:16.851365+05:30,POST,POST /jobs/,22.45,ok,
2026-10-04T20:42:16.861301+05:30,POST,POST /jobs/,22.24,ok,
2026-10-04T20:42:16.892948+05:30,GET,GET /jobs/{id}/,19.14,ok,
2026-10-04T20:42:16.902983+05:30,GET,GET /jobs/{id}/,23.08,ok,
2026-10-04T20:42:16.907255+05:30,GET,GET /jobs/{id}/,24.34,ok,
2026-10-04T20:42:16.925135+05:30,POST,POST /jobs/,26.9,ok,
2026-10-04T20:42:16.925652+05:30,GET,GET /jobs/{id}/,24.39,ok,
2026-10-04T20:42:16.936653+05:30,POST,POST /jobs/,23.1,ok,
2026-10-04T20:42:16.964586+05:30,GET,GET /jobs/{id}/,20.56,ok,
2026-10-04T20:42:17.040519+05:30,GET,GET /jobs/stats/,23.08,ok,
2026-10-04T20:42:17.051270+05:30,POST,POST /jobs/,27.81,ok,
2026-10-04T20:42:17.063365+05:30,POST,POST /jobs/,27.68,ok,
2026-10-04T20:42:17.064007+05:30,GET,GET /jobs/{id}/,23.29,ok,
2026-10-04T20:42:17.095452+05:30,POST,POST /jobs/,24.17,ok,
2026-10-04T20:42:17.117574+05:30,POST,POST /jobs/,20.87,ok,
2026-10-04T20:42:17.139578+05:30,GET,GET /jobs/{id}/,20.74,ok,
2026-10-04T20:42:17.152727+05:30,GET,GET /jobs/{id}/,21.97,ok,
2026-10-04T20:42:17.196834+05:30,GET,GET /jobs/{id}/,18.64,ok,
2026-10-04T20:42:17.198021+05:30,GET,GET /health/,17.84,ok,
2026-10-04T20:42:17.210442+05:30,POST,POST /jobs/,25.02,ok,
2026-10-04T20:42:17.239179+05:30,GET,GET /health/,17.45,ok,
2026-10-04T20:42:17.258223+05:30,GET,GET /health/,17.77,ok,
2026-10-04T20:42:17.269403+05:30,POST,POST /jobs/,20.06,ok,
2026-10-04T20:42:17.295865+05:30,POST,POST /jobs/,21.2,ok,
2026-10-04T20:42:17.304987+05:30,POST,POST /jobs/,22.26,ok,
2026-10-04T20:42:17.335723+05:30,POST,POST /jobs/,32.02,ok,
2026-10-04T20:42:17.337864+05:30,POST,POST /jobs/,31.11,ok,
2026-10-04T20:42:17.350646+05:30,POST,POST /jobs/,29.82,ok,
2026-10-04T20:42:17.355282+05:30,POST,POST /jobs/,31.34,ok,
2026-10-04T20:42:17.461233+05:30,GET,GET /jobs/{id}/,23.56,ok,
2026-10-04T20:42:17.463378+05:30,GET,GET /jobs/{id}/,18.67,ok,
2026-10-04T20:42:17.471411+05:30,GET,GET /jobs/stats/,24.6,ok,
2026-10-04T20:42:17.474858+05:30,GET,GET /jobs/stats/,24.03,ok,
2026-10-04T20:42:17.538642+05:30,GET,GET /jobs/{id}/,19.46,ok,
2026-10-04T20:42:17.549468+05:30,GET,GET /jobs/{id}/,18.21,ok,
2026-10-04T20:42:17.602213+05:30,GET,GET /jobs/{id}/,18.43,ok,
2026-10-04T20:42:17.642785+05:30,GET,GET /jobs/{id}/,21.26,ok,
2026-10-04T20:42:17.659978+05:30,GET,GET /jobs/{id}/,18.33,ok,
2026-10-04T20:42:17.683960+05:30,GET,GET /jobs/{id}/,19.7,ok,
2026-10-04T20:42:17.689461+05:30,GET,GET /jobs/{id}/,19.15,ok,
2026-10-04T20:42:17.708339+05:30,GET,GET /jobs/{id}/,17.63,ok,
2026-10-04T20:42:17.810932+05:30,POST,POST /jobs/,22.17,ok,
2026-10-04T20:42:17.902920+05:30,GET,GET /jobs/{id}/,18.25,ok,
2026-10-04T20:42:17.934725+05:30,POST,POST /jobs/,23.48,ok,
2026-10-04T20:42:17.947400+05:30,GET,GET /jobs/{id}/,22.75,ok,
2026-10-04T20:42:17.973335+05:30,POST,POST /jobs/,31.29,ok,
2026-10-04T20:42:17.996692+05:30,POST,POST /jobs/,36.0,ok,
2026-10-04T20:42:17.998535+05:30,GET,GET /jobs/{id}/,26.23,ok,
2026-10-04T20:42:18.004917+05:30,POST,POST /jobs/,37.92,ok,
2026-10-04T20:42:18.020237+05:30,GET,GET /jobs/{id}/,20.43,ok,
2026-10-04T20:42:18.084676+05:30,GET,GET /jobs/{id}/,39.97,ok,
2026-10-04T20:42:18.085360+05:30,GET,GET /jobs/{id}/,48.73,ok,
2026-10-04T20:42:18.093912+05:30,GET,GET /jobs/{id}/,23.15,ok,
2026-10-04T20:42:18.102760+05:30,GET,GET /jobs/stats/,29.82,ok,
2026-10-04T20:42:18.112625+05:30,GET,GET /jobs/{id}/,20.04,ok,
2026-10-04T20:42:18.121577+05:30,GET,GET /jobs/stats/,24.93,ok,
2026-10-04T20:42:18.169535+05:30,GET,GET /jobs/{id}/,19.62,ok,
2026-10-04T20:42:18.173165+05:30,POST,POST /jobs/,22.68,ok,
2026-10-04T20:42:18.180703+05:30,GET,GET /jobs/{id}/,24.15,ok,
2026-10-04T20:42:18.198558+05:30,POST,POST /jobs/,26.7,ok,
2026-10-04T20:42:18.201342+05:30,POST,POST /jobs/,24.76,ok,
2026-10-04T20:42:18.216165+05:30,POST,POST /jobs/,26.18,ok,
2026-10-04T20:42:18.241005+05:30,POST,POST /jobs/,32.24,ok,
2026-10-04T20:42:18.249037+05:30,POST,POST /jobs/,24.56,ok,
2026-10-04T20:42:18.276916+05:30,GET,GET /jobs/{id}/,24.57,ok,
2026-10-04T20:42:18.279889+05:30,GET,GET /health/,24.88,ok,
2026-10-04T20:42:18.282406+05:30,GET,GET /jobs/{id}/,26.67,ok,
2026-10-04T20:42:18.320209+05:30,POST,POST /jobs/,24.5,ok,
2026-10-04T20:42:18.338211+05:30,GET,GET /health/,19.79,ok,
2026-10-04T20:42:18.349260+05:30,GET,GET /jobs/{id}/,19.74,ok,
2026-10-04T20:42:18.391972+05:30,GET,GET /jobs/{id}/,20.38,ok,
2026-10-04T20:42:18.404528+05:30,GET,GET /jobs/stats/,25.73,ok,
2026-10-04T20:42:18.414317+05:30,GET,GET /jobs/{id}/,23.69,ok,
2026-10-04T20:42:18.426007+05:30,GET,GET /jobs/stats/,21.3,ok,
2026-10-04T20:42:18.474352+05:30,GET,GET /jobs/{id}/,19.99,ok,
2026-10-04T20:42:18.474813+05:30,GET,GET /jobs/{id}/,18.45,ok,
2026-10-04T20:42:18.538658+05:30,POST,POST /jobs/,21.57,ok,
2026-10-04T20:42:18.600528+05:30,GET,GET /jobs/{id}/,18.57,ok,
2026-10-04T20:42:18.656451+05:30,GET,GET /jobs/{id}/,20.4,ok,
2026-10-04T20:42:18.665058+05:30,GET,GET /jobs/stats/,21.92,ok,
2026-10-04T20:42:18.671081+05:30,GET,GET /jobs/{id}/,18.92,ok,
2026-10-04T20:42:18.726788+05:30,GET,GET /jobs/stats/,21.26,ok,
2026-10-04T20:42:18.774582+05:30,GET,GET /jobs/{id}/,18.3,ok,
2026-10-04T20:42:18.849662+05:30,GET,GET /jobs/stats/,21.79,ok,
2026-10-04T20:42:18.867437+05:30,GET,GET /jobs/{id}/,18.83,ok,
2026-10-04T20:42:18.908802+05:30,GET,GET /jobs/{id}/,18.03,ok,
2026-10-04T20:42:18.916237+05:30,GET,GET /jobs/stats/,20.53,ok,
2026-10-04T20:42:18.950518+05:30,GET,GET /jobs/{id}/,18.98,ok,
2026-10-04T20:42:18.957812+05:30,GET,GET /jobs/{id}/,21.18,ok,
2026-10-04T20:42:18.965946+05:30,POST,POST /jobs/,23.27,ok,
2026-10-04T20:42:18.990649+05:30,GET,GET /jobs/{id}/,17.38,ok,
2026-10-04T20:42:19.024274+05:30,POST,POST /jobs/,23.32,ok,
2026-10-04T20:42:19.026952+05:30,POST,POST /jobs/,22.93,ok,
2026-10-04T20:42:19.058129+05:30,POST,POST /jobs/,20.64,ok,
2026-10-04T20:42:19.060124+05:30,GET,GET /jobs/{id}/,18.67,ok,
2026-10-04T20:42:19.108686+05:30,POST,POST /jobs/,24.2,ok,
2026-10-04T20:42:19.193330+05:30,GET,GET /health/,18.34,ok,
2026-10-04T20:42:19.264703+05:30,POST,POST /jobs/,22.04,ok,
2026-10-04T20:42:19.274427+05:30,POST,POST /jobs/,23.56,ok,
2026-10-04T20:42:19.295525+05:30,GET,GET /health/,27.55,ok,
2026-10-04T20:42:19.314594+05:30,GET,GET /jobs/{id}/,29.52,ok,
2026-10-04T20:42:19.317829+05:30,GET,GET /jobs/{id}/,30.18,ok,
2026-10-04T20:42:19.318358+05:30,POST,POST /jobs/,34.65,ok,
2026-10-04T20:42:19.318756+05:30,GET,GET /jobs/{id}/,24.96,ok,
2026-10-04T20:42:19.332173+05:30,POST,POST /jobs/,29.08,ok,
2026-10-04T20:42:19.360771+05:30,GET,GET /health/,58.63,ok,
2026-10-04T20:42:19.369778+05:30,GET,GET /jobs/{id}/,52.96,ok,
2026-10-04T20:42:19.373443+05:30,POST,POST /jobs/,53.18,ok,
2026-10-04T20:42:19.387667+05:30,GET,GET /jobs/{id}/,52.69,ok,
2026-10-04T20:42:19.388161+05:30,POST,POST /jobs/,53.76,ok,
2026-10-04T20:42:19.428589+05:30,GET,GET /jobs/{id}/,19.17,ok,
2026-10-04T20:42:19.432467+05:30,GET,GET /jobs/{id}/,19.99,ok,
2026-10-04T20:42:19.443575+05:30,POST,POST /jobs/,25.22,ok,
2026-10-04T20:42:19.486925+05:30,POST,POST /jobs/,23.03,ok,
2026-10-04T20:42:19.499759+05:30,POST,POST /jobs/,24.71,ok,
2026-10-04T20:42:19.506985+05:30,GET,GET /jobs/{id}/,21.86,ok,
2026-10-04T20:42:19.528640+05:30,GET,GET /jobs/stats/,22.77,ok,
2026-10-04T20:42:19.534728+05:30,POST,POST /jobs/,22.12,ok,
2026-10-04T20:42:19.547148+05:30,GET,GET /jobs/{id}/,18.3,ok,
2026-10-04T20:42:19.680959+05:30,POST,POST /jobs/,20.4,ok,
2026-10-04T20:42:19.756149+05:30,GET,GET /jobs/{id}/,21.63,ok,
2026-10-04T20:42:19.761793+05:30,GET,GET /jobs/{id}/,26.29,ok,
2026-10-04T20:42:19.762264+05:30,GET,GET /jobs/{id}/,27.22,ok,
2026-10-04T20:42:19.804656+05:30,GET,GET /jobs/{id}/,19.14,ok,
2026-10-04T20:42:19.815855+05:30,GET,GET /jobs/stats/,21.72,ok,
2026-10-04T20:42:19.842360+05:30,POST,POST /jobs/,21.21,ok,
2026-10-04T20:42:19.889550+05:30,GET,GET /jobs/{id}/,19.84,ok,
2026-10-04T20:42:19.921687+05:30,POST,POST /jobs/,22.77,ok,
2026-10-04T20:42:19.932656+05:30,GET,GET /jobs/{id}/,20.66,ok,
2026-10-04T20:42:19.945397+05:30,POST,POST /jobs/,23.53,ok,
2026-10-04T20:42:19.976968+05:30,GET,GET /jobs/{id}/,18.27,ok,
2026-10-04T20:42:20.022042+05:30,GET,GET /jobs/{id}/,19.74,ok,
2026-10-04T20:42:20.033093+05:30,GET,GET /jobs/{id}/,18.65,ok,
2026-10-04T20:42:20.057500+05:30,GET,GET /jobs/{id}/,23.12,ok,
2026-10-04T20:42:20.069931+05:30,GET,GET /health/,20.48,ok,
2026-10-04T20:42:20.074652+05:30,GET,GET /jobs/{id}/,21.33,ok,
2026-10-04T20:42:20.086673+05:30,POST,POST /jobs/,20.86,ok,
2026-10-04T20:42:20.120984+05:30,GET,GET /jobs/{id}/,17.97,ok,
2026-10-04T20:42:20.167217+05:30,GET,GET /jobs/stats/,22.72,ok,
2026-10-04T20:42:20.186020+05:30,GET,GET /jobs/{id}/,23.42,ok,
2026-10-04T20:42:20.203372+05:30,POST,POST /jobs/,21.82,ok,
2026-10-04T20:42:20.229050+05:30,GET,GET /jobs/{id}/,18.37,ok,
2026-10-04T20:42:20.283616+05:30,GET,GET /health/,21.3,ok,
2026-10-04T20:42:20.297360+05:30,POST,POST /jobs/,24.46,ok,
2026-10-04T20:42:20.347396+05:30,GET,GET /jobs/{id}/,18.68,ok,
2026-10-04T20:42:20.348479+05:30,GET,GET /health/,19.15,ok,
2026-10-04T20:42:20.358295+05:30,GET,GET /health/,21.01,ok,
2026-10-04T20:42:20.367381+05:30,POST,POST /jobs/,21.16,ok,
2026-10-04T20:42:20.426277+05:30,GET,GET /jobs/stats/,22.45,ok,
2026-10-04T20:42:20.428281+05:30,POST,POST /jobs/,21.43,ok,
2026-10-04T20:42:20.465207+05:30,GET,GET /health/,19.67,ok,
2026-10-04T20:42:20.467758+05:30,GET,GET /jobs/{id}/,18.23,ok,
2026-10-04T20:42:20.473491+05:30,GET,GET /jobs/{id}/,18.8,ok,
2026-10-04T20:42:20.515512+05:30,POST,POST /jobs/,20.73,ok,
2026-10-04T20:42:20.554993+05:30,GET,GET /jobs/{id}/,18.19,ok,
2026-10-04T20:42:20.575316+05:30,POST,POST /jobs/,20.12,ok,
2026-10-04T20:42:20.598545+05:30,POST,POST /jobs/,24.45,ok,
2026-10-04T20:42:20.618411+05:30,GET,GET /jobs/{id}/,20.95,ok,
2026-10-04T20:42:20.638093+05:30,POST,POST /jobs/,27.94,ok,
2026-10-04T20:42:20.654970+05:30,GET,GET /jobs/{id}/,21.67,ok,
2026-10-04T20:42:20.673597+05:30,POST,POST /jobs/,24.18,ok,
2026-10-04T20:42:20.723345+05:30,GET,GET /jobs/{id}/,21.43,ok,
2026-10-04T20:42:20.733853+05:30,POST,POST /jobs/,23.47,ok,
2026-10-04T20:42:20.741681+05:30,GET,GET /jobs/{id}/,23.2,ok,
2026-10-04T20:42:20.785630+05:30,GET,GET /health/,21.67,ok,
2026-10-04T20:42:20.799806+05:30,GET,GET /jobs/stats/,23.78,ok,
2026-10-04T20:42:20.815628+05:30,POST,POST /jobs/,27.7,ok,
2026-10-04T20:42:20.833422+05:30,POST,POST /jobs/,23.29,ok,
2026-10-04T20:42:20.854958+05:30,POST,POST /jobs/,20.3,ok,
2026-10-04T20:42:20.877872+05:30,GET,GET /jobs/{id}/,22.73,ok,
2026-10-04T20:42:20.879856+05:30,POST,POST /jobs/,22.84,ok,
2026-10-04T20:42:20.892500+05:30,GET,GET /health/,19.44,ok,
2026-10-04T20:42:20.932572+05:30,GET,GET /health/,19.79,ok,
2026-10-04T20:42:20.937775+05:30,GET,GET /jobs/{id}/,18.94,ok,
2026-10-04T20:42:20.985967+05:30,GET,GET /jobs/stats/,26.87,ok,
2026-10-04T20:42:20.986482+05:30,GET,GET /jobs/{id}/,20.1,ok,
2026-10-04T20:42:21.014961+05:30,POST,POST /jobs/,22.19,ok,
2026-10-04T20:42:21.028766+05:30,GET,GET /jobs/{id}/,20.99,ok,
2026-10-04T20:42:21.040096+05:30,POST,POST /jobs/,27.19,ok,
2026-10-04T20:42:21.072099+05:30,GET,GET /jobs/{id}/,22.64,ok,
2026-10-04T20:42:21.087786+05:30,GET,GET /jobs/{id}/,19.97,ok,
2026-10-04T20:42:21.100652+05:30,POST,POST /jobs/,25.26,ok,
2026-10-04T20:42:21.143339+05:30,GET,GET /jobs/stats/,22.21,ok,
2026-10-04T20:42:21.204951+05:30,GET,GET /jobs/{id}/,21.24,ok,
2026-10-04T20:42:21.253211+05:30,GET,GET /jobs/{id}/,18.93,ok,
2026-10-04T20:42:21.282674+05:30,GET,GET /jobs/stats/,20.21,ok,
2026-10-04T20:42:21.306738+05:30,GET,GET /jobs/{id}/,19.79,ok,
2026-10-04T20:42:21.316214+05:30,GET,GET /jobs/stats/,21.39,ok,
2026-10-04T20:42:21.332840+05:30,POST,POST /jobs/,21.81,ok,
2026-10-04T20:42:21.341203+05:30,POST,POST /jobs/,23.73,ok,
2026-10-04T20:42:21.341636+05:30,GET,GET /jobs/{id}/,23.71,ok,
2026-10-04T20:42:21.353964+05:30,POST,POST /jobs/,20.92,ok,
2026-10-04T20:42:21.419132+05:30,POST,POST /jobs/,23.01,ok,
2026-10-04T20:42:21.445429+05:30,GET,GET /jobs/{id}/,18.02,ok,
2026-10-04T20:42:21.500361+05:30,GET,GET /jobs/{id}/,18.61,ok,
2026-10-04T20:42:21.523534+05:30,GET,GET /jobs/stats/,19.89,ok,
2026-10-04T20:42:21.593338+05:30,POST,POST /jobs/,22.47,ok,
2026-10-04T20:42:21.609069+05:30,GET,GET /jobs/{id}/,20.11,ok,
2026-10-04T20:42:21.620955+05:30,POST,POST /jobs/,25.96,ok,
2026-10-04T20:42:21.635743+05:30,POST,POST /jobs/,24.4,ok,
2026-10-04T20:42:21.654941+05:30,GET,GET /health/,23.7,ok,
2026-10-04T20:42:21.665888+05:30,POST,POST /jobs/,21.83,ok,
2026-10-04T20:42:21.764572+05:30,GET,GET /jobs/{id}/,19.37,ok,
2026-10-04T20:42:21.775764+05:30,GET,GET /jobs/{id}/,18.47,ok,
2026-10-04T20:42:21.803774+05:30,GET,GET /jobs/{id}/,19.67,ok,
2026-10-04T20:42:21.825025+05:30,POST,POST /jobs/,26.81,ok,
2026-10-04T20:42:21.825547+05:30,GET,GET /jobs/{id}/,22.73,ok,
2026-10-04T20:42:21.832365+05:30,POST,POST /jobs/,21.02,ok,
2026-10-04T20:42:21.856080+05:30,GET,GET /jobs/{id}/,18.4,ok,
2026-10-04T20:42:21.942434+05:30,POST,POST /jobs/,22.89,ok,
2026-10-04T20:42:21.961047+05:30,POST,POST /jobs/,25.5,ok,
2026-10-04T20:42:21.996967+05:30,GET,GET /jobs/{id}/,18.56,ok,
2026-10-04T20:42:22.000783+05:30,GET,GET /jobs/{id}/,18.33,ok,
2026-10-04T20:42:22.047245+05:30,GET,GET /jobs/{id}/,19.13,ok,
2026-10-04T20:42:22.077537+05:30,POST,POST /jobs/,25.96,ok,
2026-10-04T20:42:22.083737+05:30,GET,GET /jobs/{id}/,26.22,ok,
2026-10-04T20:42:22.091427+05:30,GET,GET /jobs/{id}/,25.75,ok,
2026-10-04T20:42:22.130430+05:30,GET,GET /jobs/{id}/,18.61,ok,
2026-10-04T20:42:22.138659+05:30,POST,POST /jobs/,24.76,ok,
2026-10-04T20:42:22.164315+05:30,GET,GET /jobs/{id}/,18.37,ok,
2026-10-04T20:42:22.208772+05:30,GET,GET /jobs/stats/,22.1,ok,
2026-10-04T20:42:22.218477+05:30,POST,POST /jobs/,22.77,ok,
2026-10-04T20:42:22.226248+05:30,GET,GET /jobs/{id}/,21.51,ok,
2026-10-04T20:42:22.251770+05:30,GET,GET /health/,23.21,ok,
2026-10-04T20:42:22.258035+05:30,GET,GET /jobs/stats/,23.55,ok,
2026-10-04T20:42:22.262436+05:30,GET,GET /health/,21.95,ok,
2026-10-04T20:42:22.270097+05:30,GET,GET /jobs/stats/,27.68,ok,
2026-10-04T20:42:22.278303+05:30,POST,POST /jobs/,25.21,ok,
2026-10-04T20:42:22.286295+05:30,GET,GET /jobs/{id}/,19.62,ok,
2026-10-04T20:42:22.300478+05:30,GET,GET /jobs/{id}/,19.85,ok,
2026-10-04T20:42:22.321409+05:30,POST,POST /jobs/,22.35,ok,
2026-10-04T20:42:22.329866+05:30,GET,GET /jobs/{id}/,19.63,ok,
2026-10-04T20:42:22.345715+05:30,GET,GET /jobs/stats/,22.04,ok,
2026-10-04T20:42:22.364343+05:30,POST,POST /jobs/,25.26,ok,
2026-10-04T20:42:22.364570+05:30,POST,POST /jobs/,30.46,ok,
2026-10-04T20:42:22.374926+05:30,GET,GET /health/,30.27,ok,
2026-10-04T20:42:22.377322+05:30,GET,GET /jobs/{id}/,31.46,ok,
2026-10-04T20:42:22.395464+05:30,POST,POST /jobs/,34.71,ok,
2026-10-04T20:42:22.401254+05:30,POST,POST /jobs/,25.03,ok,
2026-10-04T20:42:22.406240+05:30,GET,GET /health/,23.39,ok,
2026-10-04T20:42:22.430129+05:30,POST,POST /jobs/,20.67,ok,
2026-10-04T20:42:22.522414+05:30,GET,GET /jobs/{id}/,18.96,ok,
2026-10-04T20:42:22.541379+05:30,GET,GET /jobs/{id}/,17.72,ok,
2026-10-04T20:42:22.591292+05:30,POST,POST /jobs/,22.59,ok,
2026-10-04T20:42:22.635224+05:30,GET,GET /jobs/{id}/,18.41,ok,
2026-10-04T20:42:22.676126+05:30,GET,GET /jobs/{id}/,18.51,ok,
2026-10-04T20:42:22.683919+05:30,POST,POST /jobs/,21.31,ok,
2026-10-04T20:42:22.727845+05:30,GET,GET /jobs/{id}/,20.64,ok,
2026-10-04T20:42:22.746798+05:30,GET,GET /health/,17.72,ok,
2026-10-04T20:42:22.756508+05:30,POST,POST /jobs/,21.55,ok,
2026-10-04T20:42:22.773146+05:30,GET,GET /health/,20.08,ok,
2026-10-04T20:42:22.781909+05:30,POST,POST /jobs/,22.13,ok,
2026-10-04T20:42:22.885214+05:30,POST,POST /jobs/,56.91,ok,
2026-10-04T20:42:22.924318+05:30,GET,GET /jobs/stats/,21.81,ok,
2026-10-04T20:42:22.951025+05:30,GET,GET /jobs/{id}/,18.33,ok,
2026-10-04T20:42:23.000998+05:30,POST,POST /jobs/,26.65,ok,
2026-10-04T20:42:23.007277+05:30,GET,GET /jobs/stats/,23.69,ok,
2026-10-04T20:42:23.020219+05:30,POST,POST /jobs/,25.43,ok,
2026-10-04T20:42:23.088788+05:30,POST,POST /jobs/,24.01,ok,
2026-10-04T20:42:23.095065+05:30,POST,POST /jobs/,24.16,ok,
2026-10-04T20:42:23.117720+05:30,POST,POST /jobs/,24.58,ok,
2026-10-04T20:42:23.147251+05:30,GET,GET /jobs/{id}/,18.2,ok,
2026-10-04T20:42:23.196289+05:30,GET,GET /jobs/stats/,22.73,ok,
2026-10-04T20:42:23.214713+05:30,GET,GET /jobs/{id}/,22.08,ok,
2026-10-04T20:42:23.222259+05:30,GET,GET /jobs/{id}/,23.73,ok,
2026-10-04T20:42:23.240948+05:30,POST,POST /jobs/,23.97,ok,
2026-10-04T20:42:23.247835+05:30,GET,GET /health/,23.33,ok,
2026-10-04T20:42:23.262764+05:30,GET,GET /jobs/{id}/,28.37,ok,
2026-10-04T20:42:23.351762+05:30,GET,GET /jobs/{id}/,19.31,ok,
2026-10-04T20:42:23.353579+05:30,POST,POST /jobs/,23.15,ok,
2026-10-04T20:42:23.399463+05:30,POST,POST /jobs/,21.59,ok,
2026-10-04T20:42:23.454006+05:30,POST,POST /jobs/,22.12,ok,
2026-10-04T20:42:23.470405+05:30,POST,POST /jobs/,23.42,ok,
2026-10-04T20:42:23.489981+05:30,GET,GET /jobs/{id}/,17.31,ok,
2026-10-04T20:42:23.516083+05:30,GET,GET /jobs/stats/,20.84,ok,
2026-10-04T20:42:23.573341+05:30,GET,GET /jobs/stats/,50.97,ok,
2026-10-04T20:42:23.573825+05:30,GET,GET /jobs/{id}/,25.16,ok,
2026-10-04T20:42:23.587038+05:30,POST,POST /jobs/,37.85,ok,
2026-10-04T20:42:23.587635+05:30,POST,POST /jobs/,29.13,ok,
2026-10-04T20:42:23.650467+05:30,POST,POST /jobs/,22.34,ok,
2026-10-04T20:42:23.652841+05:30,GET,GET /jobs/{id}/,18.68,ok,
2026-10-04T20:42:23.660263+05:30,POST,POST /jobs/,22.14,ok,
2026-10-04T20:42:23.663759+05:30,POST,POST /jobs/,20.67,ok,
2026-10-04T20:42:23.695216+05:30,GET,GET /jobs/{id}/,17.16,ok,
2026-10-04T20:42:23.721512+05:30,GET,GET /jobs/{id}/,20.93,ok,
2026-10-04T20:42:23.723509+05:30,GET,GET /jobs/{id}/,20.0,ok,
2026-10-04T20:42:23.732517+05:30,GET,GET /jobs/{id}/,20.61,ok,
2026-10-04T20:42:23.784335+05:30,GET,GET /jobs/{id}/,18.52,ok,
2026-10-04T20:42:23.787897+05:30,POST,POST /jobs/,20.06,ok,
2026-10-04T20:42:23.799324+05:30,POST,POST /jobs/,23.27,ok,
2026-10-04T20:42:23.810211+05:30,GET,GET /jobs/{id}/,18.94,ok,
2026-10-04T20:42:23.815776+05:30,GET,GET /jobs/{id}/,21.6,ok,
2026-10-04T20:42:23.844921+05:30,POST,POST /jobs/,21.86,ok,
2026-10-04T20:42:23.879961+05:30,GET,GET /jobs/stats/,27.77,ok,
2026-10-04T20:42:23.899188+05:30,GET,GET /jobs/{id}/,29.66,ok,
2026-10-04T20:42:23.907922+05:30,POST,POST /jobs/,42.49,ok,
2026-10-04T20:42:23.908772+05:30,POST,POST /jobs/,46.43,ok,
2026-10-04T20:42:23.909286+05:30,POST,POST /jobs/,39.24,ok,
2026-10-04T20:42:23.914453+05:30,GET,GET /jobs/{id}/,35.75,ok,
2026-10-04T20:42:23.926808+05:30,GET,GET /jobs/stats/,54.64,ok,
2026-10-04T20:42:24.009255+05:30,POST,POST /jobs/,21.12,ok,
2026-10-04T20:42:24.048209+05:30,GET,GET /jobs/{id}/,18.5,ok,
2026-10-04T20:42:24.075624+05:30,GET,GET /health/,18.04,ok,
2026-10-04T20:42:24.095783+05:30,GET,GET /jobs/{id}/,19.97,ok,
2026-10-04T20:42:24.128129+05:30,GET,GET /jobs/{id}/,19.03,ok,
2026-10-04T20:42:24.159555+05:30,POST,POST /jobs/,21.1,ok,
2026-10-04T20:42:24.165400+05:30,GET,GET /jobs/{id}/,18.49,ok,
2026-10-04T20:42:24.238025+05:30,GET,GET /jobs/{id}/,18.31,ok,
2026-10-04T20:42:24.258760+05:30,POST,POST /jobs/,20.57,ok,
2026-10-04T20:42:24.266216+05:30,GET,GET /jobs/{id}/,19.11,ok,
2026-10-04T20:42:24.270146+05:30,GET,GET /jobs/{id}/,19.08,ok,
2026-10-04T20:42:24.315161+05:30,GET,GET /jobs/{id}/,19.72,ok,
2026-10-04T20:42:24.326295+05:30,POST,POST /jobs/,21.74,ok,
2026-10-04T20:42:24.356273+05:30,POST,POST /jobs/,21.67,ok,
2026-10-04T20:42:24.395120+05:30,GET,GET /jobs/{id}/,21.07,ok,
2026-10-04T20:42:24.395635+05:30,GET,GET /jobs/stats/,24.95,ok,
2026-10-04T20:42:24.425459+05:30,GET,GET /health/,20.55,ok,
2026-10-04T20:42:24.449168+05:30,GET,GET /jobs/{id}/,18.41,ok,
2026-10-04T20:42:24.479382+05:30,GET,GET /jobs/{id}/,22.25,ok,
2026-10-04T20:42:24.484038+05:30,POST,POST /jobs/,27.47,ok,
2026-10-04T20:42:24.513121+05:30,GET,GET /jobs/{id}/,25.74,ok,
2026-10-04T20:42:24.528831+05:30,GET,GET /jobs/stats/,25.39,ok,
2026-10-04T20:42:24.555732+05:30,GET,GET /jobs/{id}/,22.62,ok,
2026-10-04T20:42:24.558013+05:30,POST,POST /jobs/,22.99,ok,
2026-10-04T20:42:24.574997+05:30,POST,POST /jobs/,24.81,ok,
2026-10-04T20:42:24.583124+05:30,GET,GET /jobs/{id}/,20.87,ok,
2026-10-04T20:42:24.616007+05:30,GET,GET /jobs/{id}/,22.96,ok,
2026-10-04T20:42:24.616906+05:30,POST,POST /jobs/,24.41,ok,
2026-10-04T20:42:24.651030+05:30,POST,POST /jobs/,20.85,ok,
2026-10-04T20:42:24.660154+05:30,GET,GET /jobs/{id}/,20.94,ok,
2026-10-04T20:42:24.741296+05:30,POST,POST /jobs/,25.81,ok,
2026-10-04T20:42:24.741622+05:30,GET,GET /jobs/stats/,29.13,ok,
2026-10-04T20:42:24.748012+05:30,GET,GET /health/,24.27,ok,
2026-10-04T20:42:24.772685+05:30,GET,GET /jobs/{id}/,20.28,ok,
2026-10-04T20:42:24.784907+05:30,GET,GET /jobs/stats/,28.57,ok,
2026-10-04T20:42:24.787589+05:30,GET,GET /health/,30.51,ok,
2026-10-04T20:42:24.792091+05:30,GET,GET /health/,35.27,ok,
2026-10-04T20:42:24.800851+05:30,GET,GET /health/,21.9,ok,
2026-10-04T20:42:24.868479+05:30,POST,POST /jobs/,21.1,ok,
2026-10-04T20:42:24.897296+05:30,GET,GET /jobs/{id}/,18.51,ok,
2026-10-04T20:42:24.915857+05:30,GET,GET /jobs/{id}/,18.4,ok,
2026-10-04T20:42:24.985127+05:30,POST,POST /jobs/,26.8,ok,
2026-10-04T20:42:24.986379+05:30,POST,POST /jobs/,30.21,ok,
2026-10-04T20:42:25.067628+05:30,GET,GET /jobs/{id}/,18.53,ok,
2026-10-04T20:42:25.111458+05:30,POST,POST /jobs/,21.47,ok,
2026-10-04T20:42:25.155522+05:30,GET,GET /jobs/{id}/,18.71,ok,
2026-10-04T20:42:25.160290+05:30,GET,GET /health/,22.98,ok,
2026-10-04T20:42:25.168029+05:30,POST,POST /jobs/,22.65,ok,
2026-10-04T20:42:25.189909+05:30,GET,GET /jobs/{id}/,19.58,ok,
2026-10-04T20:42:25.234262+05:30,GET,GET /jobs/{id}/,20.01,ok,
2026-10-04T20:42:25.242803+05:30,GET,GET /jobs/{id}/,18.49,ok,
2026-10-04T20:42:25.315882+05:30,GET,GET /jobs/{id}/,21.77,ok,
2026-10-04T20:42:25.338408+05:30,GET,GET /jobs/{id}/,18.22,ok,
2026-10-04T20:42:25.361954+05:30,GET,GET /health/,19.21,ok,
2026-10-04T20:42:25.370872+05:30,GET,GET /jobs/{id}/,22.46,ok,
2026-10-04T20:42:25.372222+05:30,GET,GET /jobs/stats/,24.43,ok,
2026-10-04T20:42:25.406466+05:30,GET,GET /health/,19.95,ok,
2026-10-04T20:42:25.419478+05:30,POST,POST /jobs/,21.92,ok,
2026-10-04T20:42:25.446357+05:30,POST,POST /jobs/,20.62,ok,
2026-10-04T20:42:25.468980+05:30,GET,GET /jobs/{id}/,18.36,ok,
2026-10-04T20:42:25.478946+05:30,POST,POST /jobs/,20.41,ok,
2026-10-04T20:42:25.557714+05:30,GET,GET /jobs/stats/,20.48,ok,
2026-10-04T20:42:25.572765+05:30,POST,POST /jobs/,20.37,ok,
2026-10-04T20:42:25.615908+05:30,GET,GET /jobs/{id}/,18.85,ok,
2026-10-04T20:42:25.630031+05:30,GET,GET /jobs/{id}/,18.96,ok,
2026-10-04T20:42:25.674655+05:30,GET,GET /jobs/stats/,22.34,ok,
2026-10-04T20:42:25.702866+05:30,POST,POST /jobs/,22.92,ok,
2026-10-04T20:42:25.736365+05:30,GET,GET /jobs/stats/,22.23,ok,
2026-10-04T20:42:25.776681+05:30,POST,POST /jobs/,22.82,ok,
2026-10-04T20:42:25.858664+05:30,GET,GET /jobs/{id}/,18.67,ok,
2026-10-04T20:42:25.884369+05:30,GET,GET /jobs/{id}/,18.41,ok,
2026-10-04T20:42:25.902893+05:30,POST,POST /jobs/,24.77,ok,
2026-10-04T20:42:25.908667+05:30,GET,GET /health/,22.16,ok,
2026-10-04T20:42:25.909443+05:30,POST,POST /jobs/,23.77,ok,
2026-10-04T20:42:25.918883+05:30,POST,POST /jobs/,23.64,ok,
2026-10-04T20:42:26.024543+05:30,POST,POST /jobs/,28.31,ok,
2026-10-04T20:42:26.045629+05:30,POST,POST /jobs/,25.11,ok,
2026-10-04T20:42:26.047870+05:30,POST,POST /jobs/,31.5,ok,
2026-10-04T20:42:26.055856+05:30,POST,POST /jobs/,29.03,ok,
2026-10-04T20:42:26.057053+05:30,GET,GET /jobs/{id}/,29.4,ok,
2026-10-04T20:42:26.067806+05:30,GET,GET /jobs/{id}/,32.05,ok,
2026-10-04T20:42:26.079308+05:30,GET,GET /jobs/stats/,27.78,ok,
2026-10-04T20:42:26.081465+05:30,GET,GET /health/,25.46,ok,
2026-10-04T20:42:26.097594+05:30,GET,GET /jobs/{id}/,30.88,ok,
2026-10-04T20:42:26.112496+05:30,GET,GET /jobs/stats/,28.79,ok,
2026-10-04T20:42:26.136746+05:30,GET,GET /jobs/{id}/,28.86,ok,
2026-10-04T20:42:26.153685+05:30,POST,POST /jobs/,38.89,ok,
2026-10-04T20:42:26.160850+05:30,GET,GET /jobs/stats/,34.59,ok,
2026-10-04T20:42:26.166583+05:30,GET,GET /jobs/{id}/,23.69,ok,
2026-10-04T20:42:26.170284+05:30,POST,POST /jobs/,26.15,ok,
2026-10-04T20:42:26.223470+05:30,GET,GET /jobs/stats/,23.43,ok,
2026-10-04T20:42:26.269054+05:30,POST,POST /jobs/,22.22,ok,
2026-10-04T20:42:26.279458+05:30,GET,GET /jobs/{id}/,17.56,ok,
2026-10-04T20:42:26.325674+05:30,POST,POST /jobs/,21.73,ok,
2026-10-04T20:42:26.373539+05:30,GET,GET /health/,18.57,ok,
2026-10-04T20:42:26.407960+05:30,GET,GET /jobs/stats/,21.0,ok,
2026-10-04T20:42:26.421415+05:30,GET,GET /jobs/{id}/,25.46,ok,
2026-10-04T20:42:26.428647+05:30,GET,GET /jobs/{id}/,20.52,ok,
2026-10-04T20:42:26.438049+05:30,POST,POST /jobs/,25.05,ok,
2026-10-04T20:42:26.454696+05:30,POST,POST /jobs/,24.3,ok,
2026-10-04T20:42:26.455291+05:30,POST,POST /jobs/,25.36,ok,
2026-10-04T20:42:26.484115+05:30,POST,POST /jobs/,21.56,ok,
2026-10-04T20:42:26.510246+05:30,GET,GET /jobs/{id}/,17.78,ok,
2026-10-04T20:42:26.563121+05:30,POST,POST /jobs/,27.55,ok,
2026-10-04T20:42:26.564084+05:30,POST,POST /jobs/,28.06,ok,
2026-10-04T20:42:26.585039+05:30,POST,POST /jobs/,21.75,ok,
2026-10-04T20:42:26.597393+05:30,GET,GET /health/,27.75,ok,
2026-10-04T20:42:26.603322+05:30,POST,POST /jobs/,26.55,ok,
2026-10-04T20:42:26.618157+05:30,GET,GET /jobs/{id}/,29.38,ok,
2026-10-04T20:42:26.618789+05:30,POST,POST /jobs/,35.01,ok,
2026-10-04T20:42:26.625600+05:30,GET,GET /jobs/{id}/,28.05,ok,
2026-10-04T20:42:26.629885+05:30,GET,GET /jobs/{id}/,25.23,ok,
2026-10-04T20:42:26.660751+05:30,GET,GET /jobs/{id}/,21.58,ok,
2026-10-04T20:42:26.671091+05:30,GET,GET /jobs/{id}/,20.47,ok,
2026-10-04T20:42:26.671512+05:30,GET,GET /health/,21.43,ok,
2026-10-04T20:42:26.693106+05:30,GET,GET /health/,19.74,ok,
2026-10-04T20:42:26.694603+05:30,GET,GET /jobs/stats/,23.0,ok,
2026-10-04T20:42:26.767721+05:30,GET,GET /jobs/stats/,20.7,ok,
2026-10-04T20:42:26.818654+05:30,GET,GET /jobs/{id}/,20.64,ok,
2026-10-04T20:42:26.855240+05:30,GET,GET /jobs/stats/,21.32,ok,
2026-10-04T20:42:26.861715+05:30,GET,GET /jobs/{id}/,18.75,ok,
2026-10-04T20:42:26.893197+05:30,GET,GET /jobs/{id}/,21.16,ok,
2026-10-04T20:42:26.914239+05:30,POST,POST /jobs/,25.08,ok,
2026-10-04T20:42:26.929460+05:30,GET,GET /jobs/stats/,22.99,ok,
2026-10-04T20:42:26.978380+05:30,POST,POST /jobs/,23.61,ok,
2026-10-04T20:42:26.988032+05:30,GET,GET /jobs/stats/,21.15,ok,
2026-10-04T20:42:27.009741+05:30,GET,GET /jobs/{id}/,19.42,ok,
2026-10-04T20:42:27.032269+05:30,POST,POST /jobs/,23.58,ok,
2026-10-04T20:42:27.103284+05:30,GET,GET /jobs/{id}/,18.61,ok,
2026-10-04T20:42:27.111844+05:30,GET,GET /jobs/{id}/,20.06,ok,
2026-10-04T20:42:27.162000+05:30,GET,GET /jobs/{id}/,18.78,ok,
2026-10-04T20:42:27.203128+05:30,POST,POST /jobs/,27.76,ok,
2026-10-04T20:42:27.205104+05:30,POST,POST /jobs/,26.65,ok,
2026-10-04T20:42:27.237443+05:30,POST,POST /jobs/,20.95,ok,
2026-10-04T20:42:27.272949+05:30,POST,POST /jobs/,21.19,ok,
2026-10-04T20:42:27.285456+05:30,GET,GET /jobs/{id}/,21.43,ok,
2026-10-04T20:42:27.321732+05:30,POST,POST /jobs/,20.97,ok,
2026-10-04T20:42:27.365154+05:30,GET,GET /jobs/{id}/,18.92,ok,
2026-10-04T20:42:27.406652+05:30,GET,GET /health/,18.16,ok,
2026-10-04T20:42:27.479067+05:30,POST,POST /jobs/,21.09,ok,
2026-10-04T20:42:27.527647+05:30,GET,GET /jobs/{id}/,18.28,ok,
2026-10-04T20:42:27.603297+05:30,GET,GET /jobs/stats/,24.35,ok,
2026-10-04T20:42:27.609445+05:30,POST,POST /jobs/,27.51,ok,
2026-10-04T20:42:27.609913+05:30,GET,GET /jobs/stats/,26.95,ok,
2026-10-04T20:42:27.636287+05:30,GET,GET /jobs/{id}/,18.14,ok,
2026-10-04T20:42:27.650004+05:30,POST,POST /jobs/,22.87,ok,
2026-10-04T20:42:27.674236+05:30,POST,POST /jobs/,29.49,ok,
2026-10-04T20:42:27.674820+05:30,POST,POST /jobs/,26.74,ok,
2026-10-04T20:42:27.695724+05:30,GET,GET /jobs/{id}/,17.67,ok,
2026-10-04T20:42:27.737792+05:30,POST,POST /jobs/,23.59,ok,
2026-10-04T20:42:27.756891+05:30,GET,GET /jobs/{id}/,20.58,ok,
2026-10-04T20:42:27.763361+05:30,POST,POST /jobs/,26.28,ok,
2026-10-04T20:42:27.781571+05:30,GET,GET /health/,19.41,ok,
2026-10-04T20:42:27.799028+05:30,GET,GET /jobs/{id}/,18.42,ok,
2026-10-04T20:42:27.807212+05:30,POST,POST /jobs/,20.09,ok,
2026-10-04T20:42:27.845031+05:30,GET,GET /jobs/{id}/,19.5,ok,
2026-10-04T20:42:27.848776+05:30,GET,GET /jobs/{id}/,21.23,ok,
2026-10-04T20:42:27.849254+05:30,GET,GET /jobs/{id}/,21.04,ok,
2026-10-04T20:42:27.927620+05:30,GET,GET /health/,18.9,ok,
2026-10-04T20:42:27.933779+05:30,POST,POST /jobs/,24.14,ok,
2026-10-04T20:42:27.947444+05:30,GET,GET /jobs/{id}/,21.15,ok,
2026-10-04T20:42:27.996805+05:30,GET,GET /jobs/stats/,21.07,ok,
2026-10-04T20:42:28.003079+05:30,GET,GET /jobs/{id}/,18.12,ok,
2026-10-04T20:42:28.046740+05:30,POST,POST /jobs/,20.32,ok,
2026-10-04T20:42:28.091869+05:30,GET,GET /jobs/stats/,21.85,ok,
2026-10-04T20:42:28.133634+05:30,GET,GET /jobs/{id}/,19.43,ok,
2026-10-04T20:42:28.142301+05:30,POST,POST /jobs/,21.32,ok,
2026-10-04T20:42:28.163747+05:30,GET,GET /jobs/{id}/,19.13,ok,
2026-10-04T20:42:28.177954+05:30,POST,POST /jobs/,21.22,ok,
2026-10-04T20:42:28.202209+05:30,GET,GET /jobs/{id}/,17.94,ok,
2026-10-04T20:42:28.233567+05:30,POST,POST /jobs/,22.0,ok,
2026-10-04T20:42:28.300841+05:30,POST,POST /jobs/,27.95,ok,
2026-10-04T20:42:28.312590+05:30,GET,GET /jobs/{id}/,27.9,ok,
2026-10-04T20:42:28.314955+05:30,POST,POST /jobs/,30.96,ok,
2026-10-04T20:42:28.325375+05:30,GET,GET /jobs/{id}/,23.16,ok,
2026-10-04T20:42:28.328354+05:30,GET,GET /jobs/{id}/,32.45,ok,
2026-10-04T20:42:28.336786+05:30,GET,GET /health/,27.46,ok,
2026-10-04T20:42:28.418981+05:30,POST,POST /jobs/,20.84,ok,
2026-10-04T20:42:28.452911+05:30,POST,POST /jobs/,20.59,ok,
2026-10-04T20:42:28.474256+05:30,GET,GET /jobs/{id}/,18.04,ok,
2026-10-04T20:42:28.483255+05:30,GET,GET /jobs/{id}/,17.93,ok,
2026-10-04T20:42:28.541603+05:30,GET,GET /jobs/{id}/,22.03,ok,
2026-10-04T20:42:28.558399+05:30,POST,POST /jobs/,27.76,ok,
2026-10-04T20:42:28.570477+05:30,GET,GET /jobs/{id}/,27.6,ok,
2026-10-04T20:42:28.577846+05:30,GET,GET /jobs/{id}/,28.01,ok,
2026-10-04T20:42:28.589894+05:30,GET,GET /jobs/stats/,30.27,ok,
2026-10-04T20:42:28.595799+05:30,GET,GET /jobs/stats/,33.12,ok,
2026-10-04T20:42:28.597087+05:30,GET,GET /health/,25.38,ok,
2026-10-04T20:42:28.617586+05:30,GET,GET /jobs/{id}/,25.38,ok,
2026-10-04T20:42:28.619259+05:30,POST,POST /jobs/,23.09,ok,
2026-10-04T20:42:28.694436+05:30,GET,GET /jobs/{id}/,18.89,ok,
2026-10-04T20:42:28.714793+05:30,GET,GET /jobs/{id}/,18.08,ok,
2026-10-04T20:42:28.725811+05:30,POST,POST /jobs/,23.12,ok,
2026-10-04T20:42:28.740780+05:30,GET,GET /jobs/{id}/,21.53,ok,
2026-10-04T20:42:28.757455+05:30,POST,POST /jobs/,21.3,ok,
2026-10-04T20:42:28.815593+05:30,GET,GET /jobs/stats/,22.67,ok,
2026-10-04T20:42:28.824898+05:30,POST,POST /jobs/,20.96,ok,
2026-10-04T20:42:28.897560+05:30,GET,GET /jobs/{id}/,18.34,ok,
2026-10-04T20:42:28.925839+05:30,GET,GET /jobs/stats/,24.91,ok,
2026-10-04T20:42:28.938159+05:30,POST,POST /jobs/,22.15,ok,
2026-10-04T20:42:28.961897+05:30,GET,GET /health/,18.49,ok,
2026-10-04T20:42:28.981353+05:30,POST,POST /jobs/,24.02,ok,
2026-10-04T20:42:28.986299+05:30,GET,GET /health/,23.17,ok,
2026-10-04T20:42:28.987639+05:30,GET,GET /health/,20.62,ok,
2026-10-04T20:42:28.996559+05:30,POST,POST /jobs/,22.81,ok,
2026-10-04T20:42:29.008512+05:30,POST,POST /jobs/,21.75,ok,
2026-10-04T20:42:29.043004+05:30,POST,POST /jobs/,34.24,ok,
2026-10-04T20:42:29.082190+05:30,GET,GET /jobs/stats/,22.84,ok,
2026-10-04T20:42:29.107790+05:30,GET,GET /jobs/{id}/,18.27,ok,
2026-10-04T20:42:29.150792+05:30,GET,GET /health/,17.7,ok,
2026-10-04T20:42:29.194916+05:30,GET,GET /jobs/{id}/,17.8,ok,
2026-10-04T20:42:29.201871+05:30,GET,GET /jobs/{id}/,17.76,ok,
2026-10-04T20:42:29.257956+05:30,POST,POST /jobs/,21.77,ok,
2026-10-04T20:42:29.276921+05:30,GET,GET /jobs/{id}/,20.55,ok,
2026-10-04T20:42:29.284695+05:30,GET,GET /health/,20.07,ok,
2026-10-04T20:42:29.290763+05:30,GET,GET /jobs/{id}/,19.82,ok,
2026-10-04T20:42:29.298411+05:30,GET,GET /jobs/{id}/,19.24,ok,
2026-10-04T20:42:29.343526+05:30,POST,POST /jobs/,20.8,ok,
2026-10-04T20:42:29.416898+05:30,GET,GET /health/,20.1,ok,
2026-10-04T20:42:29.436945+05:30,POST,POST /jobs/,24.09,ok,
2026-10-04T20:42:29.453991+05:30,POST,POST /jobs/,21.59,ok,
2026-10-04T20:42:29.489092+05:30,GET,GET /jobs/{id}/,18.77,ok,
2026-10-04T20:42:29.505382+05:30,POST,POST /jobs/,22.02,ok,
2026-10-04T20:42:29.517947+05:30,POST,POST /jobs/,22.58,ok,
2026-10-04T20:42:29.574698+05:30,GET,GET /jobs/{id}/,20.44,ok,
2026-10-04T20:42:29.592756+05:30,GET,GET /jobs/stats/,24.19,ok,
2026-10-04T20:42:29.606702+05:30,POST,POST /jobs/,27.73,ok,
2026-10-04T20:42:29.619196+05:30,GET,GET /jobs/{id}/,24.17,ok,
2026-10-04T20:42:29.619860+05:30,POST,POST /jobs/,30.2,ok,
2026-10-04T20:42:29.620223+05:30,POST,POST /jobs/,33.31,ok,
2026-10-04T20:42:29.631220+05:30,GET,GET /jobs/{id}/,25.81,ok,
2026-10-04T20:42:29.655642+05:30,POST,POST /jobs/,20.12,ok,
2026-10-04T20:42:29.695909+05:30,POST,POST /jobs/,22.92,ok,
2026-10-04T20:42:29.697835+05:30,POST,POST /jobs/,21.83,ok,
2026-10-04T20:42:29.725378+05:30,GET,GET /jobs/stats/,20.31,ok,
2026-10-04T20:42:29.763486+05:30,GET,GET /jobs/{id}/,22.8,ok,
2026-10-04T20:42:29.783649+05:30,GET,GET /jobs/{id}/,27.95,ok,
2026-10-04T20:42:29.784698+05:30,GET,GET /health/,27.88,ok,
2026-10-04T20:42:29.788484+05:30,GET,GET /health/,27.49,ok,
2026-10-04T20:42:29.798074+05:30,POST,POST /jobs/,25.74,ok,
2026-10-04T20:42:29.799257+05:30,GET,GET /health/,27.52,ok,
2026-10-04T20:42:29.806349+05:30,GET,GET /jobs/stats/,23.86,ok,
2026-10-04T20:42:29.857327+05:30,GET,GET /health/,19.71,ok,
2026-10-04T20:42:29.872168+05:30,GET,GET /jobs/stats/,26.59,ok,
2026-10-04T20:42:29.894620+05:30,GET,GET /jobs/stats/,27.98,ok,
2026-10-04T20:42:29.904284+05:30,GET,GET /health/,24.91,ok,
2026-10-04T20:42:29.910121+05:30,POST,POST /jobs/,32.67,ok,
2026-10-04T20:42:29.922759+05:30,POST,POST /jobs/,42.75,ok,
2026-10-04T20:42:29.926829+05:30,GET,GET /jobs/{id}/,24.32,ok,
2026-10-04T20:42:29.931175+05:30,GET,GET /jobs/{id}/,26.67,ok,
2026-10-04T20:42:29.948152+05:30,GET,GET /jobs/{id}/,18.16,ok,
2026-10-04T20:42:29.968047+05:30,GET,GET /jobs/{id}/,17.62,ok,
2026-10-04T20:42:30.009735+05:30,POST,POST /jobs/,24.35,ok,
2026-10-04T20:42:30.056969+05:30,POST,POST /jobs/,24.88,ok,
2026-10-04T20:42:30.067531+05:30,POST,POST /jobs/,25.26,ok,
2026-10-04T20:42:30.075032+05:30,POST,POST /jobs/,24.48,ok,
2026-10-04T20:42:30.093086+05:30,POST,POST /jobs/,31.82,ok,
2026-10-04T20:42:30.115904+05:30,GET,GET /jobs/{id}/,17.54,ok,
2026-10-04T20:42:30.159365+05:30,POST,POST /jobs/,21.13,ok,
2026-10-04T20:42:30.219050+05:30,GET,GET /jobs/stats/,20.25,ok,
2026-10-04T20:42:30.235174+05:30,GET,GET /health/,20.41,ok,
2026-10-04T20:42:30.250009+05:30,GET,GET /jobs/stats/,19.69,ok,
2026-10-04T20:42:30.275072+05:30,GET,GET /jobs/{id}/,18.74,ok,
2026-10-04T20:42:30.297218+05:30,GET,GET /jobs/{id}/,20.85,ok,
2026-10-04T20:42:30.304783+05:30,POST,POST /jobs/,24.2,ok,
2026-10-04T20:42:30.330970+05:30,GET,GET /health/,17.92,ok,
2026-10-04T20:42:30.407817+05:30,GET,GET /jobs/{id}/,18.37,ok,
2026-10-04T20:42:30.439241+05:30,GET,GET /jobs/{id}/,21.12,ok,
2026-10-04T20:42:30.449807+05:30,POST,POST /jobs/,25.64,ok,
2026-10-04T20:42:30.458408+05:30,GET,GET /jobs/{id}/,20.19,ok,
2026-10-04T20:42:30.522969+05:30,GET,GET /jobs/{id}/,19.2,ok,
2026-10-04T20:42:30.553928+05:30,POST,POST /jobs/,20.67,ok,
2026-10-04T20:42:30.576132+05:30,GET,GET /jobs/{id}/,17.92,ok,
2026-10-04T20:42:30.599309+05:30,GET,GET /jobs/{id}/,21.88,ok,
2026-10-04T20:42:30.603714+05:30,POST,POST /jobs/,25.78,ok,
2026-10-04T20:42:30.616580+05:30,POST,POST /jobs/,29.56,ok,
2026-10-04T20:42:30.619215+05:30,GET,GET /jobs/{id}/,27.19,ok,
2026-10-04T20:42:30.628231+05:30,GET,GET /jobs/{id}/,26.52,ok,
2026-10-04T20:42:30.628801+05:30,GET,GET /jobs/{id}/,30.74,ok,
2026-10-04T20:42:30.637296+05:30,GET,GET /jobs/stats/,33.44,ok,
2026-10-04T20:42:30.651301+05:30,GET,GET /health/,21.3,ok,
2026-10-04T20:42:30.663658+05:30,GET,GET /jobs/{id}/,24.11,ok,
2026-10-04T20:42:30.685858+05:30,GET,GET /jobs/{id}/,27.25,ok,
2026-10-04T20:42:30.749275+05:30,POST,POST /jobs/,24.43,ok,
2026-10-04T20:42:30.749859+05:30,POST,POST /jobs/,25.7,ok,
2026-10-04T20:42:30.790151+05:30,GET,GET /jobs/stats/,22.05,ok,
2026-10-04T20:42:30.801388+05:30,GET,GET /jobs/stats/,23.22,ok,
2026-10-04T20:42:30.804933+05:30,GET,GET /jobs/{id}/,21.8,ok,
2026-10-04T20:42:30.808715+05:30,POST,POST /jobs/,24.89,ok,
2026-10-04T20:42:30.861526+05:30,GET,GET /jobs/stats/,21.56,ok,
2026-10-04T20:42:30.877502+05:30,POST,POST /jobs/,21.44,ok,
2026-10-04T20:42:30.964467+05:30,GET,GET /jobs/{id}/,21.38,ok,
2026-10-04T20:42:30.987289+05:30,GET,GET /jobs/{id}/,20.55,ok,
2026-10-04T20:42:30.998898+05:30,GET,GET /jobs/{id}/,20.11,ok,
2026-10-04T20:42:31.055974+05:30,POST,POST /jobs/,23.56,ok,
2026-10-04T20:42:31.085545+05:30,POST,POST /jobs/,32.9,ok,
2026-10-04T20:42:31.087430+05:30,POST,POST /jobs/,34.07,ok,
2026-10-04T20:42:31.104714+05:30,POST,POST /jobs/,29.84,ok,
2026-10-04T20:42:31.110894+05:30,POST,POST /jobs/,27.7,ok,
2026-10-04T20:42:31.130984+05:30,GET,GET /jobs/{id}/,17.84,ok,
2026-10-04T20:42:31.156852+05:30,POST,POST /jobs/,22.59,ok,
2026-10-04T20:42:31.164991+05:30,GET,GET /jobs/{id}/,22.74,ok,
2026-10-04T20:42:31.180784+05:30,GET,GET /jobs/{id}/,23.77,ok,
2026-10-04T20:42:31.223296+05:30,POST,POST /jobs/,21.21,ok,
2026-10-04T20:42:31.310287+05:30,GET,GET /jobs/{id}/,25.55,ok,
2026-10-04T20:42:31.310577+05:30,POST,POST /jobs/,29.94,ok,
2026-10-04T20:42:31.323511+05:30,GET,GET /jobs/{id}/,23.11,ok,
2026-10-04T20:42:31.338639+05:30,POST,POST /jobs/,37.59,ok,
2026-10-04T20:42:31.367651+05:30,POST,POST /jobs/,52.79,ok,
2026-10-04T20:42:31.396565+05:30,POST,POST /jobs/,45.61,ok,
2026-10-04T20:42:31.407014+05:30,POST,POST /jobs/,51.99,ok,
2026-10-04T20:42:31.431986+05:30,GET,GET /jobs/{id}/,17.7,ok,
2026-10-04T20:42:31.482555+05:30,POST,POST /jobs/,21.28,ok,
2026-10-04T20:42:31.497336+05:30,GET,GET /health/,24.04,ok,
2026-10-04T20:42:31.523279+05:30,POST,POST /jobs/,38.47,ok,
2026-10-04T20:42:31.562802+05:30,POST,POST /jobs/,23.13,ok,
2026-10-04T20:42:31.568881+05:30,POST,POST /jobs/,24.58,ok,
2026-10-04T20:42:31.606704+05:30,POST,POST /jobs/,26.52,ok,
2026-10-04T20:42:31.613676+05:30,GET,GET /jobs/{id}/,22.41,ok,
2026-10-04T20:42:31.627539+05:30,GET,GET /health/,27.38,ok,
2026-10-04T20:42:31.628023+05:30,POST,POST /jobs/,27.09,ok,
2026-10-04T20:42:31.658732+05:30,GET,GET /jobs/{id}/,18.34,ok,
2026-10-04T20:42:31.662462+05:30,GET,GET /jobs/{id}/,19.05,ok,
2026-10-04T20:42:31.722213+05:30,GET,GET /jobs/{id}/,18.42,ok,
2026-10-04T20:42:31.784808+05:30,POST,POST /jobs/,26.21,ok,
2026-10-04T20:42:31.784967+05:30,POST,POST /jobs/,33.46,ok,
2026-10-04T20:42:31.789453+05:30,GET,GET /jobs/{id}/,23.77,ok,
2026-10-04T20:42:31.793198+05:30,GET,GET /jobs/{id}/,24.35,ok,
2026-10-04T20:42:31.798762+05:30,GET,GET /jobs/stats/,35.16,ok,
2026-10-04T20:42:31.831078+05:30,POST,POST /jobs/,25.01,ok,
2026-10-04T20:42:31.848820+05:30,GET,GET /jobs/stats/,27.56,ok,
2026-10-04T20:42:31.893354+05:30,GET,GET /health/,20.21,ok,
2026-10-04T20:42:31.908115+05:30,GET,GET /jobs/{id}/,19.94,ok,
2026-10-04T20:42:32.000135+05:30,POST,POST /jobs/,22.53,ok,
2026-10-04T20:42:32.018453+05:30,GET,GET /jobs/{id}/,27.56,ok,
2026-10-04T20:42:32.034443+05:30,POST,POST /jobs/,42.29,ok,
2026-10-04T20:42:32.063371+05:30,POST,POST /jobs/,36.22,ok,
2026-10-04T20:42:32.064596+05:30,POST,POST /jobs/,43.83,ok,
2026-10-04T20:42:32.069612+05:30,GET,GET /health/,31.94,ok,
2026-10-04T20:42:32.070363+05:30,GET,GET /jobs/{id}/,29.72,ok,
2026-10-04T20:42:32.091901+05:30,GET,GET /jobs/{id}/,21.38,ok,
2026-10-04T20:42:32.104929+05:30,GET,GET /jobs/{id}/,20.13,ok,
2026-10-04T20:42:32.137548+05:30,GET,GET /jobs/stats/,23.32,ok,
2026-10-04T20:42:32.155655+05:30,POST,POST /jobs/,24.41,ok,
2026-10-04T20:42:32.162611+05:30,POST,POST /jobs/,29.4,ok,
2026-10-04T20:42:32.181097+05:30,GET,GET /jobs/{id}/,28.16,ok,
2026-10-04T20:42:32.181622+05:30,POST,POST /jobs/,27.17,ok,
2026-10-04T20:42:32.239251+05:30,GET,GET /jobs/{id}/,18.13,ok,
2026-10-04T20:42:32.290390+05:30,GET,GET /jobs/{id}/,20.69,ok,
2026-10-04T20:42:32.296143+05:30,GET,GET /health/,23.35,ok,
2026-10-04T20:42:32.303221+05:30,GET,GET /jobs/{id}/,19.5,ok,
2026-10-04T20:42:32.313328+05:30,POST,POST /jobs/,21.69,ok,
2026-10-04T20:42:32.316337+05:30,POST,POST /jobs/,21.18,ok,
2026-10-04T20:42:32.342202+05:30,GET,GET /jobs/{id}/,21.51,ok,
2026-10-04T20:42:32.366591+05:30,POST,POST /jobs/,30.4,ok,
2026-10-04T20:42:32.394129+05:30,GET,GET /jobs/stats/,36.61,ok,
2026-10-04T20:42:32.410151+05:30,POST,POST /jobs/,30.23,ok,
2026-10-04T20:42:32.493541+05:30,GET,GET /jobs/stats/,22.94,ok,
2026-10-04T20:42:32.509091+05:30,GET,GET /jobs/{id}/,24.41,ok,
2026-10-04T20:42:32.557621+05:30,GET,GET /jobs/{id}/,18.22,ok,
2026-10-04T20:42:32.590381+05:30,POST,POST /jobs/,22.43,ok,
2026-10-04T20:42:32.615456+05:30,POST,POST /jobs/,24.85,ok,
2026-10-04T20:42:32.629784+05:30,GET,GET /jobs/{id}/,21.0,ok,
2026-10-04T20:42:32.641383+05:30,POST,POST /jobs/,25.74,ok,
2026-10-04T20:42:32.655844+05:30,POST,POST /jobs/,30.31,ok,
2026-10-04T20:42:32.663331+05:30,GET,GET /health/,27.29,ok,
2026-10-04T20:42:32.670492+05:30,GET,GET /jobs/{id}/,21.79,ok,
2026-10-04T20:42:32.679128+05:30,POST,POST /jobs/,20.97,ok,
2026-10-04T20:42:32.690916+05:30,GET,GET /jobs/{id}/,18.15,ok,
2026-10-04T20:42:32.733060+05:30,GET,GET /jobs/{id}/,22.91,ok,
2026-10-04T20:42:32.733627+05:30,GET,GET /jobs/{id}/,24.4,ok,
2026-10-04T20:42:32.749880+05:30,GET,GET /jobs/{id}/,22.77,ok,
2026-10-04T20:42:32.769657+05:30,GET,GET /jobs/{id}/,24.77,ok,
2026-10-04T20:42:32.776712+05:30,POST,POST /jobs/,24.57,ok,
2026-10-04T20:42:32.783112+05:30,GET,GET /jobs/{id}/,21.96,ok,
2026-10-04T20:42:32.788911+05:30,POST,POST /jobs/,27.18,ok,
2026-10-04T20:42:32.825617+05:30,POST,POST /jobs/,21.39,ok,
2026-10-04T20:42:32.855540+05:30,GET,GET /health/,20.67,ok,
2026-10-04T20:42:32.865316+05:30,GET,GET /jobs/{id}/,18.35,ok,
2026-10-04T20:42:32.888014+05:30,POST,POST /jobs/,20.44,ok,
2026-10-04T20:42:32.944827+05:30,GET,GET /jobs/{id}/,20.93,ok,
2026-10-04T20:42:32.972533+05:30,POST,POST /jobs/,21.38,ok,
2026-10-04T20:42:32.977339+05:30,GET,GET /jobs/{id}/,20.15,ok,
2026-10-04T20:42:32.992300+05:30,GET,GET /health/,21.14,ok,
2026-10-04T20:42:32.997140+05:30,GET,GET /jobs/{id}/,18.57,ok,
2026-10-04T20:42:33.060441+05:30,GET,GET /jobs/{id}/,18.94,ok,
2026-10-04T20:42:33.099269+05:30,POST,POST /jobs/,21.46,ok,
2026-10-04T20:42:33.156809+05:30,GET,GET /health/,19.22,ok,
2026-10-04T20:42:33.178031+05:30,POST,POST /jobs/,22.42,ok,
2026-10-04T20:42:33.212227+05:30,POST,POST /jobs/,22.78,ok,
2026-10-04T20:42:33.241183+05:30,POST,POST /jobs/,39.55,ok,
2026-10-04T20:42:33.259272+05:30,GET,GET /jobs/{id}/,29.73,ok,
2026-10-04T20:42:33.275688+05:30,GET,GET /jobs/stats/,28.26,ok,
2026-10-04T20:42:33.300083+05:30,GET,GET /jobs/{id}/,21.09,ok,
2026-10-04T20:42:33.318269+05:30,GET,GET /jobs/{id}/,24.09,ok,
2026-10-04T20:42:33.339837+05:30,GET,GET /jobs/{id}/,25.41,ok,
2026-10-04T20:42:33.346854+05:30,GET,GET /health/,26.35,ok,
2026-10-04T20:42:33.365099+05:30,GET,GET /health/,30.66,ok,
2026-10-04T20:42:33.369006+05:30,GET,GET /jobs/{id}/,20.88,ok,
2026-10-04T20:42:33.399768+05:30,GET,GET /jobs/{id}/,45.6,ok,
2026-10-04T20:42:33.400446+05:30,POST,POST /jobs/,49.19,ok,
2026-10-04T20:42:33.416453+05:30,GET,GET /health/,25.05,ok,
2026-10-04T20:42:33.430342+05:30,GET,GET /jobs/{id}/,18.59,ok,
2026-10-04T20:42:33.451610+05:30,GET,GET /jobs/{id}/,18.0,ok,
2026-10-04T20:42:33.465213+05:30,GET,GET /jobs/{id}/,18.52,ok,
2026-10-04T20:42:33.484701+05:30,GET,GET /jobs/{id}/,18.16,ok,
2026-10-04T20:42:33.524700+05:30,POST,POST /jobs/,22.68,ok,
2026-10-04T20:42:33.530655+05:30,GET,GET /jobs/{id}/,22.55,ok,
2026-10-04T20:42:33.538106+05:30,GET,GET /jobs/{id}/,20.91,ok,
2026-10-04T20:42:33.546184+05:30,GET,GET /jobs/{id}/,20.14,ok,
2026-10-04T20:42:33.564161+05:30,POST,POST /jobs/,28.22,ok,
2026-10-04T20:42:33.571065+05:30,GET,GET /health/,29.38,ok,
2026-10-04T20:42:33.588041+05:30,POST,POST /jobs/,30.53,ok,
2026-10-04T20:42:33.589007+05:30,GET,GET /jobs/{id}/,21.55,ok,
2026-10-04T20:42:33.605905+05:30,POST,POST /jobs/,24.52,ok,
2026-10-04T20:42:33.634387+05:30,GET,GET /jobs/{id}/,23.21,ok,
2026-10-04T20:42:33.635130+05:30,POST,POST /jobs/,26.97,ok,
2026-10-04T20:42:33.644902+05:30,GET,GET /jobs/{id}/,22.73,ok,
2026-10-04T20:42:33.658589+05:30,GET,GET /jobs/stats/,23.33,ok,
2026-10-04T20:42:33.660743+05:30,GET,GET /health/,25.02,ok,
2026-10-04T20:42:33.665505+05:30,GET,GET /health/,20.48,ok,
2026-10-04T20:42:33.694047+05:30,POST,POST /jobs/,22.29,ok,
2026-10-04T20:42:33.700248+05:30,GET,GET /jobs/{id}/,21.45,ok,
2026-10-04T20:42:33.709532+05:30,GET,GET /jobs/{id}/,19.71,ok,
2026-10-04T20:42:33.735353+05:30,GET,GET /jobs/{id}/,22.52,ok,
2026-10-04T20:42:33.743026+05:30,POST,POST /jobs/,29.7,ok,
2026-10-04T20:42:33.747588+05:30,GET,GET /jobs/stats/,27.25,ok,
2026-10-04T20:42:33.756775+05:30,POST,POST /jobs/,27.16,ok,
2026-10-04T20:42:33.763604+05:30,GET,GET /jobs/{id}/,24.95,ok,
2026-10-04T20:42:33.784055+05:30,POST,POST /jobs/,25.98,ok,
2026-10-04T20:42:33.787846+05:30,GET,GET /jobs/{id}/,19.99,ok,
2026-10-04T20:42:33.826572+05:30,POST,POST /jobs/,21.16,ok,
2026-10-04T20:42:33.849550+05:30,GET,GET /jobs/stats/,24.1,ok,
2026-10-04T20:42:33.855635+05:30,POST,POST /jobs/,21.51,ok,
2026-10-04T20:42:34.024663+05:30,GET,GET /jobs/{id}/,18.17,ok,
2026-10-04T20:42:34.115978+05:30,POST,POST /jobs/,21.97,ok,
2026-10-04T20:42:34.120349+05:30,GET,GET /jobs/{id}/,20.18,ok,
2026-10-04T20:42:34.133857+05:30,GET,GET /jobs/{id}/,18.99,ok,
2026-10-04T20:42:34.153828+05:30,GET,GET /jobs/stats/,21.11,ok,
2026-10-04T20:42:34.256327+05:30,GET,GET /health/,18.18,ok,
2026-10-04T20:42:34.311663+05:30,GET,GET /jobs/stats/,23.93,ok,
2026-10-04T20:42:34.312162+05:30,GET,GET /health/,23.5,ok,
2026-10-04T20:42:34.326477+05:30,GET,GET /jobs/{id}/,20.86,ok,
2026-10-04T20:42:34.353117+05:30,GET,GET /jobs/{id}/,24.35,ok,
2026-10-04T20:42:34.354064+05:30,GET,GET /health/,24.45,ok,
2026-10-04T20:42:34.357170+05:30,POST,POST /jobs/,25.53,ok,
2026-10-04T20:42:34.365019+05:30,GET,GET /jobs/{id}/,21.43,ok,
2026-10-04T20:42:34.370438+05:30,GET,GET /jobs/{id}/,21.78,ok,
2026-10-04T20:42:34.439814+05:30,GET,GET /jobs/{id}/,20.93,ok,
2026-10-04T20:42:34.458732+05:30,GET,GET /health/,17.7,ok,
2026-10-04T20:42:34.528615+05:30,GET,GET /jobs/{id}/,20.58,ok,
2026-10-04T20:42:34.562452+05:30,POST,POST /jobs/,22.55,ok,
2026-10-04T20:42:34.576175+05:30,GET,GET /jobs/{id}/,20.19,ok,
2026-10-04T20:42:34.602475+05:30,POST,POST /jobs/,22.99,ok,
2026-10-04T20:42:34.604930+05:30,GET,GET /jobs/stats/,24.96,ok,
2026-10-04T20:42:34.611672+05:30,POST,POST /jobs/,26.52,ok,
2026-10-04T20:42:34.629324+05:30,GET,GET /jobs/{id}/,21.43,ok,
2026-10-04T20:42:34.662054+05:30,POST,POST /jobs/,20.44,ok,
2026-10-04T20:42:34.682739+05:30,GET,GET /jobs/{id}/,18.42,ok,
2026-10-04T20:42:34.707527+05:30,POST,POST /jobs/,23.53,ok,
2026-10-04T20:42:34.711183+05:30,GET,GET /jobs/{id}/,21.18,ok,
2026-10-04T20:42:34.715413+05:30,POST,POST /jobs/,23.48,ok,
2026-10-04T20:42:34.746636+05:30,GET,GET /jobs/{id}/,17.92,ok,
2026-10-04T20:42:34.783134+05:30,POST,POST /jobs/,23.95,ok,
2026-10-04T20:42:34.787996+05:30,GET,GET /health/,22.5,ok,
2026-10-04T20:42:34.813067+05:30,GET,GET /jobs/stats/,21.78,ok,
2026-10-04T20:42:34.822222+05:30,GET,GET /jobs/{id}/,18.04,ok,
2026-10-04T20:42:34.834927+05:30,GET,GET /health/,17.63,ok,
2026-10-04T20:42:34.854686+05:30,GET,GET /health/,17.52,ok,
2026-10-04T20:42:34.885445+05:30,POST,POST /jobs/,24.43,ok,
2026-10-04T20:42:34.890824+05:30,GET,GET /jobs/{id}/,18.67,ok,
2026-10-04T20:42:34.921762+05:30,GET,GET /jobs/stats/,21.65,ok,
2026-10-04T20:42:34.922264+05:30,GET,GET /jobs/{id}/,21.57,ok,
2026-10-04T20:42:34.958600+05:30,POST,POST /jobs/,23.05,ok,
2026-10-04T20:42:34.973870+05:30,GET,GET /jobs/{id}/,20.3,ok,
2026-10-04T20:42:35.000853+05:30,POST,POST /jobs/,22.69,ok,
2026-10-04T20:42:35.050100+05:30,GET,GET /jobs/{id}/,18.67,ok,
2026-10-04T20:42:35.055829+05:30,GET,GET /jobs/{id}/,18.39,ok,
2026-10-04T20:42:35.130867+05:30,GET,GET /health/,18.75,ok,
2026-10-04T20:42:35.147160+05:30,POST,POST /jobs/,26.92,ok,
2026-10-04T20:42:35.163376+05:30,GET,GET /health/,19.03,ok,
2026-10-04T20:42:35.166660+05:30,POST,POST /jobs/,27.48,ok,
2026-10-04T20:42:35.206747+05:30,GET,GET /jobs/{id}/,20.79,ok,
2026-10-04T20:42:35.210474+05:30,GET,GET /jobs/{id}/,21.31,ok,
2026-10-04T20:42:35.222161+05:30,GET,GET /jobs/{id}/,28.68,ok,
2026-10-04T20:42:35.240730+05:30,GET,GET /jobs/stats/,25.0,ok,
2026-10-04T20:42:35.269172+05:30,POST,POST /jobs/,22.13,ok,
2026-10-04T20:42:35.290066+05:30,GET,GET /health/,27.03,ok,
2026-10-04T20:42:35.306328+05:30,POST,POST /jobs/,30.74,ok,
2026-10-04T20:42:35.306798+05:30,GET,GET /jobs/{id}/,28.28,ok,
2026-10-04T20:42:35.346428+05:30,GET,GET /health/,20.38,ok,
2026-10-04T20:42:35.395538+05:30,POST,POST /jobs/,21.76,ok,
2026-10-04T20:42:35.397824+05:30,GET,GET /jobs/{id}/,20.0,ok,
2026-10-04T20:42:35.444310+05:30,GET,GET /jobs/{id}/,18.18,ok,
2026-10-04T20:42:35.519115+05:30,GET,GET /jobs/stats/,20.41,ok,
2026-10-04T20:42:35.596231+05:30,POST,POST /jobs/,20.8,ok,
2026-10-04T20:42:35.603561+05:30,GET,GET /jobs/{id}/,20.05,ok,
2026-10-04T20:42:35.618555+05:30,GET,GET /health/,17.96,ok,
2026-10-04T20:42:35.694826+05:30,POST,POST /jobs/,21.94,ok,
2026-10-04T20:42:35.716945+05:30,POST,POST /jobs/,23.37,ok,
2026-10-04T20:42:35.754675+05:30,GET,GET /jobs/{id}/,18.39,ok,
2026-10-04T20:42:35.760658+05:30,GET,GET /jobs/{id}/,18.33,ok,
2026-10-04T20:42:35.791887+05:30,POST,POST /jobs/,22.88,ok,
2026-10-04T20:42:35.801339+05:30,GET,GET /jobs/{id}/,23.25,ok,
2026-10-04T20:42:35.838488+05:30,GET,GET /health/,17.87,ok,
2026-10-04T20:42:35.854054+05:30,GET,GET /health/,19.44,ok,
2026-10-04T20:42:35.875554+05:30,GET,GET /health/,21.35,ok,
2026-10-04T20:42:35.887436+05:30,GET,GET /jobs/{id}/,21.36,ok,
2026-10-04T20:42:35.894914+05:30,POST,POST /jobs/,23.46,ok,
2026-10-04T20:42:35.903146+05:30,GET,GET /jobs/{id}/,20.26,ok,
2026-10-04T20:42:35.938311+05:30,GET,GET /jobs/stats/,28.89,ok,
2026-10-04T20:42:35.939040+05:30,POST,POST /jobs/,27.52,ok,
2026-10-04T20:42:35.940931+05:30,GET,GET /jobs/{id}/,22.03,ok,
2026-10-04T20:42:35.954702+05:30,GET,GET /jobs/{id}/,22.69,ok,
2026-10-04T20:42:35.959940+05:30,GET,GET /jobs/{id}/,23.31,ok,
2026-10-04T20:42:36.010069+05:30,POST,POST /jobs/,28.78,ok,
2026-10-04T20:42:36.011406+05:30,GET,GET /jobs/{id}/,26.05,ok,
2026-10-04T20:42:36.018531+05:30,GET,GET /jobs/{id}/,25.11,ok,
2026-10-04T20:42:36.051237+05:30,GET,GET /jobs/stats/,21.27,ok,
2026-10-04T20:42:36.073302+05:30,GET,GET /jobs/{id}/,17.75,ok,
2026-10-04T20:42:36.111833+05:30,GET,GET /jobs/{id}/,17.98,ok,
2026-10-04T20:42:36.121905+05:30,POST,POST /jobs/,23.02,ok,
2026-10-04T20:42:36.154378+05:30,POST,POST /jobs/,35.17,ok,
2026-10-04T20:42:36.158115+05:30,GET,GET /health/,37.42,ok,
2026-10-04T20:42:36.160749+05:30,GET,GET /jobs/{id}/,31.16,ok,
2026-10-04T20:42:36.178842+05:30,GET,GET /jobs/stats/,43.17,ok,
2026-10-04T20:42:36.190079+05:30,GET,GET /jobs/{id}/,46.52,ok,
2026-10-04T20:42:36.202991+05:30,GET,GET /jobs/{id}/,38.09,ok,
2026-10-04T20:42:36.203737+05:30,POST,POST /jobs/,42.83,ok,
2026-10-04T20:42:36.212535+05:30,GET,GET /jobs/{id}/,34.65,ok,
2026-10-04T20:42:36.229737+05:30,GET,GET /health/,37.58,ok,
2026-10-04T20:42:36.252134+05:30,GET,GET /jobs/{id}/,19.14,ok,
2026-10-04T20:42:36.284528+05:30,GET,GET /jobs/{id}/,18.0,ok,
2026-10-04T20:42:36.319159+05:30,GET,GET /jobs/{id}/,18.28,ok,
2026-10-04T20:42:36.325315+05:30,GET,GET /health/,18.42,ok,
2026-10-04T20:42:36.417374+05:30,GET,GET /jobs/stats/,24.45,ok,
2026-10-04T20:42:36.438932+05:30,GET,GET /health/,20.29,ok,
2026-10-04T20:42:36.453497+05:30,POST,POST /jobs/,22.87,ok,
2026-10-04T20:42:36.477715+05:30,GET,GET /health/,17.88,ok,
2026-10-04T20:42:36.481446+05:30,GET,GET /jobs/{id}/,17.58,ok,
2026-10-04T20:42:36.503077+05:30,GET,GET /jobs/{id}/,18.29,ok,
2026-10-04T20:42:36.530630+05:30,POST,POST /jobs/,22.25,ok,
2026-10-04T20:42:36.552082+05:30,GET,GET /jobs/{id}/,19.16,ok,
2026-10-04T20:42:36.557852+05:30,POST,POST /jobs/,21.96,ok,
2026-10-04T20:42:36.603101+05:30,POST,POST /jobs/,24.93,ok,
2026-10-04T20:42:36.609367+05:30,GET,GET /jobs/{id}/,21.05,ok,
2026-10-04T20:42:36.615458+05:30,POST,POST /jobs/,24.05,ok,
2026-10-04T20:42:36.684028+05:30,GET,GET /jobs/{id}/,18.28,ok,
2026-10-04T20:42:36.730907+05:30,GET,GET /jobs/{id}/,23.54,ok,
2026-10-04T20:42:36.735141+05:30,GET,GET /jobs/{id}/,22.74,ok,
2026-10-04T20:42:36.766743+05:30,GET,GET /jobs/stats/,21.3,ok,
2026-10-04T20:42:36.772666+05:30,GET,GET /jobs/{id}/,19.2,ok,
2026-10-04T20:42:36.822917+05:30,GET,GET /jobs/{id}/,19.89,ok,
2026-10-04T20:42:36.836584+05:30,GET,GET /health/,19.51,ok,
2026-10-04T20:42:36.842935+05:30,POST,POST /jobs/,21.81,ok,
2026-10-04T20:42:36.845499+05:30,GET,GET /jobs/{id}/,19.27,ok,
2026-10-04T20:42:36.867490+05:30,POST,POST /jobs/,23.18,ok,
2026-10-04T20:42:36.920791+05:30,GET,GET /health/,21.98,ok,
2026-10-04T20:42:36.925232+05:30,GET,GET /health/,23.46,ok,
2026-10-04T20:42:36.944949+05:30,POST,POST /jobs/,31.84,ok,
2026-10-04T20:42:36.970368+05:30,GET,GET /jobs/{id}/,23.13,ok,
2026-10-04T20:42:36.996558+05:30,POST,POST /jobs/,21.89,ok,
2026-10-04T20:42:37.016433+05:30,GET,GET /jobs/{id}/,18.55,ok,
2026-10-04T20:42:37.023964+05:30,GET,GET /jobs/{id}/,20.19,ok,
2026-10-04T20:42:37.051031+05:30,GET,GET /jobs/{id}/,21.74,ok,
2026-10-04T20:42:37.054629+05:30,POST,POST /jobs/,24.43,ok,
2026-10-04T20:42:37.068010+05:30,GET,GET /jobs/{id}/,20.72,ok,
2026-10-04T20:42:37.091114+05:30,GET,GET /health/,24.16,ok,
2026-10-04T20:42:37.100781+05:30,GET,GET /jobs/stats/,22.22,ok,
2026-10-04T20:42:37.123920+05:30,GET,GET /jobs/{id}/,19.84,ok,
2026-10-04T20:42:37.148731+05:30,GET,GET /jobs/{id}/,17.5,ok,
2026-10-04T20:42:37.177888+05:30,POST,POST /jobs/,24.84,ok,
2026-10-04T20:42:37.188230+05:30,GET,GET /jobs/stats/,22.21,ok,
2026-10-04T20:42:37.192130+05:30,GET,GET /jobs/stats/,22.18,ok,
2026-10-04T20:42:37.217432+05:30,GET,GET /jobs/{id}/,19.01,ok,
2026-10-04T20:42:37.290716+05:30,GET,GET /jobs/{id}/,18.77,ok,
2026-10-04T20:42:37.298556+05:30,POST,POST /jobs/,21.5,ok,
2026-10-04T20:42:37.359564+05:30,POST,POST /jobs/,21.5,ok,
2026-10-04T20:42:37.380705+05:30,GET,GET /health/,17.9,ok,
2026-10-04T20:42:37.428446+05:30,GET,GET /jobs/{id}/,25.82,ok,
2026-10-04T20:42:37.429633+05:30,POST,POST /jobs/,27.61,ok,
2026-10-04T20:42:37.484029+05:30,POST,POST /jobs/,30.12,ok,
2026-10-04T20:42:37.488039+05:30,POST,POST /jobs/,27.94,ok,
2026-10-04T20:42:37.526011+05:30,POST,POST /jobs/,20.6,ok,
2026-10-04T20:42:37.558416+05:30,POST,POST /jobs/,25.06,ok,
2026-10-04T20:42:37.558920+05:30,POST,POST /jobs/,23.52,ok,
2026-10-04T20:42:37.585159+05:30,GET,GET /jobs/{id}/,17.98,ok,
2026-10-04T20:42:37.645199+05:30,GET,GET /jobs/{id}/,22.65,ok,
2026-10-04T20:42:37.653738+05:30,GET,GET /jobs/{id}/,20.19,ok,
2026-10-04T20:42:37.667187+05:30,POST,POST /jobs/,27.53,ok,
2026-10-04T20:42:37.672022+05:30,GET,GET /jobs/{id}/,25.51,ok,
2026-10-04T20:42:37.672502+05:30,GET,GET /jobs/{id}/,22.95,ok,
2026-10-04T20:42:37.681779+05:30,GET,GET /jobs/{id}/,23.76,ok,
2026-10-04T20:42:37.687647+05:30,GET,GET /jobs/{id}/,25.6,ok,
2026-10-04T20:42:37.689616+05:30,GET,GET /jobs/{id}/,18.97,ok,
2026-10-04T20:42:37.698306+05:30,GET,GET /jobs/{id}/,22.29,ok,
2026-10-04T20:42:37.708096+05:30,GET,GET /jobs/{id}/,17.25,ok,
2026-10-04T20:42:37.734541+05:30,GET,GET /jobs/{id}/,20.16,ok,
2026-10-04T20:42:37.749013+05:30,GET,GET /jobs/{id}/,19.64,ok,
2026-10-04T20:42:37.759953+05:30,GET,GET /jobs/stats/,22.17,ok,
2026-10-04T20:42:37.773599+05:30,POST,POST /jobs/,21.3,ok,
2026-10-04T20:42:37.844598+05:30,POST,POST /jobs/,22.67,ok,
2026-10-04T20:42:37.862345+05:30,POST,POST /jobs/,25.39,ok,
2026-10-04T20:42:37.896213+05:30,POST,POST /jobs/,20.57,ok,
2026-10-04T20:42:37.926264+05:30,POST,POST /jobs/,20.75,ok,
2026-10-04T20:42:38.003487+05:30,GET,GET /health/,18.92,ok,
2026-10-04T20:42:38.054060+05:30,GET,GET /jobs/{id}/,19.2,ok,
2026-10-04T20:42:38.065160+05:30,GET,GET /jobs/{id}/,21.09,ok,
2026-10-04T20:42:38.082609+05:30,POST,POST /jobs/,22.12,ok,
2026-10-04T20:42:38.099982+05:30,GET,GET /jobs/{id}/,25.49,ok,
2026-10-04T20:42:38.108285+05:30,POST,POST /jobs/,23.41,ok,
2026-10-04T20:42:38.147009+05:30,GET,GET /jobs/{id}/,19.15,ok,
2026-10-04T20:42:38.147777+05:30,GET,GET /health/,19.32,ok,
2026-10-04T20:42:38.182163+05:30,GET,GET /jobs/stats/,21.14,ok,
2026-10-04T20:42:38.202906+05:30,GET,GET /health/,17.46,ok,
2026-10-04T20:42:38.232204+05:30,GET,GET /jobs/{id}/,21.96,ok,
2026-10-04T20:42:38.245038+05:30,GET,GET /jobs/stats/,21.76,ok,
2026-10-04T20:42:38.256708+05:30,POST,POST /jobs/,22.2,ok,
2026-10-04T20:42:38.319766+05:30,GET,GET /jobs/stats/,24.59,ok,
2026-10-04T20:42:38.329045+05:30,GET,GET /jobs/{id}/,18.77,ok,
2026-10-04T20:42:38.371944+05:30,GET,GET /jobs/{id}/,30.42,ok,
2026-10-04T20:42:38.372591+05:30,POST,POST /jobs/,37.22,ok,
2026-10-04T20:42:38.373443+05:30,POST,POST /jobs/,35.05,ok,
2026-10-04T20:42:38.377471+05:30,GET,GET /jobs/{id}/,27.96,ok,
2026-10-04T20:42:38.391562+05:30,GET,GET /jobs/{id}/,29.05,ok,
2026-10-04T20:42:38.397987+05:30,POST,POST /jobs/,27.54,ok,
2026-10-04T20:42:38.439775+05:30,GET,GET /jobs/{id}/,23.28,ok,
2026-10-04T20:42:38.456565+05:30,POST,POST /jobs/,22.95,ok,
2026-10-04T20:42:38.492161+05:30,GET,GET /jobs/{id}/,18.26,ok,
2026-10-04T20:42:38.494975+05:30,GET,GET /jobs/{id}/,19.06,ok,
2026-10-04T20:42:38.521211+05:30,POST,POST /jobs/,20.92,ok,
2026-10-04T20:42:38.566323+05:30,POST,POST /jobs/,21.68,ok,
2026-10-04T20:42:38.604081+05:30,GET,GET /jobs/{id}/,18.43,ok,
2026-10-04T20:42:38.643032+05:30,GET,GET /jobs/{id}/,17.62,ok,
2026-10-04T20:42:38.696560+05:30,GET,GET /jobs/{id}/,22.2,ok,
2026-10-04T20:42:38.697448+05:30,GET,GET /health/,22.58,ok,
2026-10-04T20:42:38.705439+05:30,GET,GET /jobs/{id}/,19.4,ok,
2026-10-04T20:42:38.718048+05:30,POST,POST /jobs/,28.81,ok,
2026-10-04T20:42:38.719094+05:30,POST,POST /jobs/,22.37,ok,
2026-10-04T20:42:38.731884+05:30,POST,POST /jobs/,23.18,ok,
2026-10-04T20:42:38.805611+05:30,POST,POST /jobs/,22.39,ok,
2026-10-04T20:42:38.813674+05:30,POST,POST /jobs/,22.4,ok,
2026-10-04T20:42:38.817019+05:30,POST,POST /jobs/,22.68,ok,
2026-10-04T20:42:38.862624+05:30,GET,GET /jobs/stats/,23.32,ok,
2026-10-04T20:42:38.871981+05:30,GET,GET /jobs/{id}/,19.56,ok,
2026-10-04T20:42:38.872533+05:30,GET,GET /jobs/{id}/,22.17,ok,
2026-10-04T20:42:38.897224+05:30,GET,GET /jobs/{id}/,18.41,ok,
2026-10-04T20:42:38.966682+05:30,GET,GET /jobs/stats/,21.2,ok,
2026-10-04T20:42:38.989240+05:30,GET,GET /jobs/{id}/,22.37,ok,
2026-10-04T20:42:39.005206+05:30,GET,GET /jobs/{id}/,28.45,ok,
2026-10-04T20:42:39.009451+05:30,POST,POST /jobs/,29.7,ok,
2026-10-04T20:42:39.019189+05:30,POST,POST /jobs/,35.29,ok,
2026-10-04T20:42:39.034039+05:30,GET,GET /jobs/{id}/,20.26,ok,
2026-10-04T20:42:39.055719+05:30,POST,POST /jobs/,21.52,ok,
2026-10-04T20:42:39.187131+05:30,GET,GET /jobs/{id}/,20.97,ok,
2026-10-04T20:42:39.190954+05:30,POST,POST /jobs/,25.32,ok,
2026-10-04T20:42:39.219864+05:30,GET,GET /jobs/{id}/,18.62,ok,
2026-10-04T20:42:39.260724+05:30,GET,GET /health/,18.58,ok,
2026-10-04T20:42:39.270099+05:30,GET,GET /jobs/stats/,20.99,ok,
2026-10-04T20:42:39.292273+05:30,GET,GET /health/,20.92,ok,
2026-10-04T20:42:39.296925+05:30,POST,POST /jobs/,25.12,ok,
2026-10-04T20:42:39.306893+05:30,POST,POST /jobs/,24.96,ok,
2026-10-04T20:42:39.328728+05:30,POST,POST /jobs/,28.49,ok,
2026-10-04T20:42:39.360710+05:30,GET,GET /jobs/{id}/,21.66,ok,
2026-10-04T20:42:39.402926+05:30,GET,GET /jobs/stats/,22.93,ok,
2026-10-04T20:42:39.414161+05:30,POST,POST /jobs/,28.14,ok,
2026-10-04T20:42:39.414624+05:30,POST,POST /jobs/,28.12,ok,
2026-10-04T20:42:39.452180+05:30,GET,GET /jobs/{id}/,20.26,ok,
2026-10-04T20:42:39.452792+05:30,GET,GET /jobs/{id}/,19.95,ok,
2026-10-04T20:42:39.478557+05:30,GET,GET /health/,18.55,ok,
2026-10-04T20:42:39.507376+05:30,GET,GET /health/,24.5,ok,
2026-10-04T20:42:39.528369+05:30,POST,POST /jobs/,35.58,ok,
2026-10-04T20:42:39.529062+05:30,POST,POST /jobs/,33.15,ok,
2026-10-04T20:42:39.595600+05:30,GET,GET /jobs/{id}/,64.2,ok,
2026-10-04T20:42:39.601190+05:30,GET,GET /jobs/{id}/,64.4,ok,
2026-10-04T20:42:39.601737+05:30,GET,GET /health/,67.11,ok,
2026-10-04T20:42:39.610341+05:30,POST,POST /jobs/,48.43,ok,
2026-10-04T20:42:39.619630+05:30,GET,GET /jobs/{id}/,22.76,ok,
2026-10-04T20:42:39.645405+05:30,GET,GET /jobs/{id}/,19.46,ok,
2026-10-04T20:42:39.651607+05:30,POST,POST /jobs/,22.67,ok,
2026-10-04T20:42:39.658503+05:30,GET,GET /jobs/{id}/,18.6,ok,
2026-10-04T20:42:39.687573+05:30,POST,POST /jobs/,20.76,ok,
2026-10-04T20:42:39.706922+05:30,GET,GET /jobs/{id}/,19.15,ok,
2026-10-04T20:42:39.724323+05:30,GET,GET /jobs/{id}/,19.64,ok,
2026-10-04T20:42:39.783655+05:30,GET,GET /jobs/{id}/,19.91,ok,
2026-10-04T20:42:39.794084+05:30,GET,GET /jobs/{id}/,18.19,ok,
2026-10-04T20:42:39.814569+05:30,GET,GET /jobs/{id}/,19.19,ok,
2026-10-04T20:42:39.820127+05:30,GET,GET /jobs/{id}/,19.82,ok,
2026-10-04T20:42:39.832168+05:30,GET,GET /health/,21.79,ok,
2026-10-04T20:42:39.846777+05:30,GET,GET /jobs/{id}/,18.88,ok,
2026-10-04T20:42:39.847249+05:30,GET,GET /health/,19.89,ok,
2026-10-04T20:42:39.905837+05:30,GET,GET /jobs/{id}/,21.25,ok,
2026-10-04T20:42:39.922890+05:30,POST,POST /jobs/,21.13,ok,
2026-10-04T20:42:40.017057+05:30,POST,POST /jobs/,24.81,ok,
2026-10-04T20:42:40.029997+05:30,GET,GET /jobs/{id}/,19.54,ok,
2026-10-04T20:42:40.055597+05:30,GET,GET /jobs/{id}/,18.29,ok,
2026-10-04T20:42:40.082062+05:30,GET,GET /jobs/stats/,25.22,ok,
2026-10-04T20:42:40.094604+05:30,POST,POST /jobs/,26.78,ok,
2026-10-04T20:42:40.130974+05:30,POST,POST /jobs/,26.98,ok,
2026-10-04T20:42:40.131576+05:30,GET,GET /jobs/{id}/,25.39,ok,
2026-10-04T20:42:40.139751+05:30,GET,GET /jobs/{id}/,21.28,ok,
2026-10-04T20:42:40.157317+05:30,POST,POST /jobs/,23.53,ok,
2026-10-04T20:42:40.217257+05:30,POST,POST /jobs/,21.58,ok,
2026-10-04T20:42:40.222824+05:30,POST,POST /jobs/,23.11,ok,
2026-10-04T20:42:40.267129+05:30,POST,POST /jobs/,20.98,ok,
2026-10-04T20:42:40.277814+05:30,GET,GET /jobs/{id}/,20.63,ok,
2026-10-04T20:42:40.292877+05:30,GET,GET /jobs/{id}/,20.46,ok,
2026-10-04T20:42:40.316065+05:30,GET,GET /jobs/stats/,20.95,ok,
2026-10-04T20:42:40.338118+05:30,GET,GET /jobs/{id}/,17.78,ok,
2026-10-04T20:42:40.419641+05:30,POST,POST /jobs/,21.03,ok,
2026-10-04T20:42:40.444772+05:30,GET,GET /jobs/{id}/,17.84,ok,
2026-10-04T20:42:40.464514+05:30,GET,GET /health/,17.52,ok,
2026-10-04T20:42:40.518505+05:30,GET,GET /jobs/{id}/,19.66,ok,
2026-10-04T20:42:40.524169+05:30,POST,POST /jobs/,21.26,ok,
2026-10-04T20:42:40.570303+05:30,GET,GET /jobs/{id}/,20.79,ok,
2026-10-04T20:42:40.570805+05:30,GET,GET /jobs/{id}/,20.57,ok,
2026-10-04T20:42:40.622879+05:30,GET,GET /jobs/stats/,20.83,ok,
2026-10-04T20:42:40.662554+05:30,GET,GET /health/,17.39,ok,
2026-10-04T20:42:40.690144+05:30,POST,POST /jobs/,21.3,ok,
2026-10-04T20:42:40.742816+05:30,POST,POST /jobs/,27.37,ok,
2026-10-04T20:42:40.750485+05:30,GET,GET /jobs/{id}/,20.95,ok,
2026-10-04T20:42:40.751000+05:30,GET,GET /jobs/{id}/,20.88,ok,
2026-10-04T20:42:40.775447+05:30,GET,GET /jobs/{id}/,19.19,ok,
2026-10-04T20:42:40.782538+05:30,GET,GET /jobs/{id}/,20.29,ok,
2026-10-04T20:42:40.794659+05:30,POST,POST /jobs/,24.54,ok,
2026-10-04T20:42:40.804202+05:30,POST,POST /jobs/,27.43,ok,
2026-10-04T20:42:40.829134+05:30,GET,GET /jobs/stats/,22.63,ok,
2026-10-04T20:42:40.846678+05:30,GET,GET /jobs/{id}/,22.06,ok,
2026-10-04T20:42:40.856814+05:30,GET,GET /jobs/{id}/,18.4,ok,
2026-10-04T20:42:40.867848+05:30,POST,POST /jobs/,19.94,ok,
2026-10-04T20:42:40.890782+05:30,GET,GET /jobs/{id}/,17.65,ok,
2026-10-04T20:42:40.912844+05:30,GET,GET /jobs/{id}/,20.78,ok,
2026-10-04T20:42:40.913394+05:30,GET,GET /jobs/{id}/,20.71,ok,
2026-10-04T20:42:41.029144+05:30,GET,GET /health/,21.47,ok,
2026-10-04T20:42:41.036853+05:30,GET,GET /jobs/{id}/,19.42,ok,
2026-10-04T20:42:41.040360+05:30,POST,POST /jobs/,23.47,ok,
2026-10-04T20:42:41.046658+05:30,GET,GET /jobs/{id}/,21.08,ok,
2026-10-04T20:42:41.087852+05:30,GET,GET /health/,18.93,ok,
2026-10-04T20:42:41.111384+05:30,POST,POST /jobs/,22.27,ok,
2026-10-04T20:42:41.135556+05:30,POST,POST /jobs/,25.18,ok,
2026-10-04T20:42:41.149959+05:30,GET,GET /jobs/{id}/,20.98,ok,
2026-10-04T20:42:41.161011+05:30,POST,POST /jobs/,27.98,ok,
2026-10-04T20:42:41.175169+05:30,GET,GET /jobs/{id}/,23.97,ok,
2026-10-04T20:42:41.190258+05:30,GET,GET /jobs/{id}/,19.94,ok,
2026-10-04T20:42:41.209767+05:30,GET,GET /jobs/{id}/,18.26,ok,
2026-10-04T20:42:41.259711+05:30,GET,GET /jobs/{id}/,19.64,ok,
2026-10-04T20:42:41.291884+05:30,POST,POST /jobs/,31.96,ok,
2026-10-04T20:42:41.298529+05:30,GET,GET /jobs/{id}/,29.42,ok,
2026-10-04T20:42:41.307742+05:30,GET,GET /health/,31.44,ok,
2026-10-04T20:42:41.310199+05:30,GET,GET /jobs/{id}/,23.14,ok,
2026-10-04T20:42:41.315082+05:30,GET,GET /jobs/{id}/,22.95,ok,
2026-10-04T20:42:41.318578+05:30,POST,POST /jobs/,34.79,ok,
2026-10-04T20:42:41.359049+05:30,GET,GET /jobs/{id}/,18.97,ok,
2026-10-04T20:42:41.365369+05:30,GET,GET /jobs/{id}/,18.21,ok,
2026-10-04T20:42:41.393587+05:30,POST,POST /jobs/,20.82,ok,
2026-10-04T20:42:41.417848+05:30,GET,GET /health/,17.99,ok,
2026-10-04T20:42:41.440927+05:30,GET,GET /jobs/{id}/,21.79,ok,
2026-10-04T20:42:41.457816+05:30,GET,GET /health/,20.71,ok,
2026-10-04T20:42:41.462434+05:30,GET,GET /jobs/{id}/,20.24,ok,
2026-10-04T20:42:41.471677+05:30,GET,GET /jobs/{id}/,17.42,ok,
2026-10-04T20:42:41.496164+05:30,GET,GET /jobs/stats/,21.25,ok,
2026-10-04T20:42:41.510454+05:30,GET,GET /jobs/{id}/,18.52,ok,
2026-10-04T20:42:41.520592+05:30,POST,POST /jobs/,20.09,ok,
2026-10-04T20:42:41.547816+05:30,GET,GET /health/,19.96,ok,
2026-10-04T20:42:41.559129+05:30,GET,GET /jobs/{id}/,20.22,ok,
2026-10-04T20:42:41.580167+05:30,GET,GET /jobs/stats/,20.91,ok,
2026-10-04T20:42:41.600066+05:30,POST,POST /jobs/,20.93,ok,
2026-10-04T20:42:41.643243+05:30,GET,GET /jobs/{id}/,18.08,ok,
2026-10-04T20:42:41.711656+05:30,POST,POST /jobs/,20.84,ok,
2026-10-04T20:42:41.719726+05:30,GET,GET /jobs/{id}/,19.79,ok,
2026-10-04T20:42:41.740106+05:30,POST,POST /jobs/,21.82,ok,
2026-10-04T20:42:41.779222+05:30,GET,GET /jobs/{id}/,21.58,ok,
2026-10-04T20:42:41.794816+05:30,POST,POST /jobs/,25.13,ok,
2026-10-04T20:42:41.796610+05:30,GET,GET /jobs/stats/,23.95,ok,
2026-10-04T20:42:41.823461+05:30,GET,GET /jobs/stats/,21.55,ok,
2026-10-04T20:42:41.843717+05:30,GET,GET /jobs/{id}/,22.06,ok,
2026-10-04T20:42:41.848057+05:30,POST,POST /jobs/,27.06,ok,
2026-10-04T20:42:41.860578+05:30,GET,GET /jobs/{id}/,22.8,ok,
2026-10-04T20:42:41.868370+05:30,GET,GET /jobs/{id}/,21.57,ok,
2026-10-04T20:42:41.893819+05:30,GET,GET /jobs/{id}/,18.12,ok,
2026-10-04T20:42:41.940052+05:30,GET,GET /jobs/{id}/,21.73,ok,
2026-10-04T20:42:41.940584+05:30,GET,GET /jobs/{id}/,23.48,ok,
2026-10-04T20:42:41.973121+05:30,GET,GET /health/,18.3,ok,
2026-10-04T20:42:42.005359+05:30,GET,GET /jobs/{id}/,18.68,ok,
2026-10-04T20:42:42.033443+05:30,GET,GET /jobs/stats/,29.87,ok,
2026-10-04T20:42:42.045624+05:30,POST,POST /jobs/,24.93,ok,
2026-10-04T20:42:42.050800+05:30,GET,GET /health/,25.37,ok,
2026-10-04T20:42:42.182850+05:30,POST,POST /jobs/,23.29,ok,
2026-10-04T20:42:42.198453+05:30,GET,GET /jobs/{id}/,20.85,ok,
2026-10-04T20:42:42.221037+05:30,GET,GET /jobs/{id}/,20.81,ok,
2026-10-04T20:42:42.221860+05:30,GET,GET /jobs/stats/,22.16,ok,
2026-10-04T20:42:42.233373+05:30,GET,GET /jobs/stats/,24.03,ok,
2026-10-04T20:42:42.253701+05:30,GET,GET /jobs/{id}/,21.52,ok,
2026-10-04T20:42:42.266151+05:30,POST,POST /jobs/,26.2,ok,
2026-10-04T20:42:42.272160+05:30,GET,GET /jobs/{id}/,24.04,ok,
2026-10-04T20:42:42.283579+05:30,GET,GET /jobs/stats/,22.6,ok,
2026-10-04T20:42:42.369993+05:30,GET,GET /jobs/{id}/,18.1,ok,
2026-10-04T20:42:42.392747+05:30,POST,POST /jobs/,21.45,ok,
2026-10-04T20:42:42.394920+05:30,GET,GET /jobs/{id}/,18.75,ok,
2026-10-04T20:42:42.431660+05:30,POST,POST /jobs/,21.46,ok,
2026-10-04T20:42:42.434084+05:30,GET,GET /jobs/{id}/,19.34,ok,
2026-10-04T20:42:42.443685+05:30,GET,GET /jobs/{id}/,19.89,ok,
2026-10-04T20:42:42.464566+05:30,GET,GET /jobs/{id}/,18.56,ok,
2026-10-04T20:42:42.477542+05:30,GET,GET /jobs/{id}/,18.61,ok,
2026-10-04T20:42:42.528239+05:30,GET,GET /jobs/stats/,20.42,ok,
2026-10-04T20:42:42.582596+05:30,GET,GET /jobs/{id}/,17.99,ok,
2026-10-04T20:42:42.647374+05:30,POST,POST /jobs/,24.41,ok,
2026-10-04T20:42:42.653566+05:30,POST,POST /jobs/,29.99,ok,
2026-10-04T20:42:42.654930+05:30,GET,GET /jobs/{id}/,23.11,ok,
2026-10-04T20:42:42.659364+05:30,GET,GET /jobs/{id}/,22.52,ok,
2026-10-04T20:42:42.682400+05:30,GET,GET /jobs/{id}/,18.79,ok,
2026-10-04T20:42:42.751675+05:30,POST,POST /jobs/,20.98,ok,
2026-10-04T20:42:42.778828+05:30,POST,POST /jobs/,20.89,ok,
2026-10-04T20:42:42.784253+05:30,POST,POST /jobs/,20.32,ok,
2026-10-04T20:42:42.862783+05:30,POST,POST /jobs/,21.21,ok,
2026-10-04T20:42:42.897990+05:30,GET,GET /jobs/{id}/,19.91,ok,
2026-10-04T20:42:42.912889+05:30,GET,GET /jobs/{id}/,18.75,ok,
2026-10-04T20:42:42.948423+05:30,GET,GET /jobs/{id}/,19.57,ok,
2026-10-04T20:42:42.950426+05:30,POST,POST /jobs/,23.66,ok,
2026-10-04T20:42:42.975853+05:30,GET,GET /jobs/{id}/,18.17,ok,
2026-10-04T20:42:43.013666+05:30,GET,GET /jobs/stats/,39.04,ok,
2026-10-04T20:42:43.017699+05:30,POST,POST /jobs/,37.17,ok,
2026-10-04T20:42:43.031857+05:30,POST,POST /jobs/,23.02,ok,
2026-10-04T20:42:43.065515+05:30,GET,GET /jobs/{id}/,22.31,ok,
2026-10-04T20:42:43.087420+05:30,GET,GET /health/,21.72,ok,
2026-10-04T20:42:43.088095+05:30,POST,POST /jobs/,28.83,ok,
2026-10-04T20:42:43.094548+05:30,GET,GET /health/,23.86,ok,
2026-10-04T20:42:43.095538+05:30,GET,GET /jobs/stats/,26.79,ok,
2026-10-04T20:42:43.127148+05:30,GET,GET /jobs/{id}/,21.32,ok,
2026-10-04T20:42:43.132033+05:30,GET,GET /health/,24.27,ok,
2026-10-04T20:42:43.144114+05:30,GET,GET /jobs/stats/,25.17,ok,
2026-10-04T20:42:43.154145+05:30,POST,POST /jobs/,23.15,ok,
2026-10-04T20:42:43.160490+05:30,GET,GET /jobs/{id}/,25.79,ok,
2026-10-04T20:42:43.189015+05:30,GET,GET /jobs/stats/,24.28,ok,
2026-10-04T20:42:43.223719+05:30,POST,POST /jobs/,24.4,ok,
2026-10-04T20:42:43.235895+05:30,POST,POST /jobs/,25.51,ok,
2026-10-04T20:42:43.262705+05:30,GET,GET /jobs/{id}/,33.68,ok,
2026-10-04T20:42:43.274366+05:30,GET,GET /jobs/stats/,30.2,ok,
2026-10-04T20:42:43.288269+05:30,POST,POST /jobs/,39.17,ok,
2026-10-04T20:42:43.289047+05:30,POST,POST /jobs/,44.16,ok,
2026-10-04T20:42:43.301993+05:30,GET,GET /jobs/stats/,45.77,ok,
2026-10-04T20:42:43.318764+05:30,POST,POST /jobs/,49.76,ok,
2026-10-04T20:42:43.325580+05:30,GET,GET /health/,35.34,ok,
2026-10-04T20:42:43.326206+05:30,GET,GET /jobs/{id}/,44.51,ok,
2026-10-04T20:42:43.335877+05:30,POST,POST /jobs/,38.67,ok,
2026-10-04T20:42:43.352159+05:30,GET,GET /jobs/{id}/,29.37,ok,
2026-10-04T20:42:43.363422+05:30,POST,POST /jobs/,23.24,ok,
2026-10-04T20:42:43.380219+05:30,GET,GET /jobs/{id}/,23.74,ok,
2026-10-04T20:42:43.397495+05:30,GET,GET /jobs/stats/,23.8,ok,
2026-10-04T20:42:43.411362+05:30,GET,GET /jobs/{id}/,18.79,ok,
2026-10-04T20:42:43.466287+05:30,POST,POST /jobs/,20.63,ok,
2026-10-04T20:42:43.503518+05:30,GET,GET /health/,20.96,ok,
2026-10-04T20:42:43.517096+05:30,POST,POST /jobs/,21.28,ok,
2026-10-04T20:42:43.551882+05:30,GET,GET /jobs/{id}/,19.47,ok,
2026-10-04T20:42:43.562904+05:30,GET,GET /jobs/{id}/,19.35,ok,
2026-10-04T20:42:43.573407+05:30,GET,GET /jobs/stats/,23.76,ok,
2026-10-04T20:42:43.590276+05:30,POST,POST /jobs/,21.05,ok,
2026-10-04T20:42:43.606286+05:30,POST,POST /jobs/,23.56,ok,
2026-10-04T20:42:43.627730+05:30,POST,POST /jobs/,23.41,ok,
2026-10-04T20:42:43.661551+05:30,POST,POST /jobs/,39.92,ok,
2026-10-04T20:42:43.674788+05:30,GET,GET /jobs/{id}/,35.75,ok,
2026-10-04T20:42:43.683827+05:30,POST,POST /jobs/,29.78,ok,
2026-10-04T20:42:43.724189+05:30,POST,POST /jobs/,20.91,ok,
2026-10-04T20:42:43.835061+05:30,GET,GET /jobs/{id}/,18.42,ok,
2026-10-04T20:42:43.867736+05:30,GET,GET /jobs/{id}/,25.34,ok,
2026-10-04T20:42:43.881163+05:30,GET,GET /jobs/{id}/,32.75,ok,
2026-10-04T20:42:43.894849+05:30,GET,GET /jobs/{id}/,29.31,ok,
2026-10-04T20:42:43.952231+05:30,GET,GET /jobs/{id}/,17.87,ok,
2026-10-04T20:42:43.958679+05:30,GET,GET /jobs/{id}/,17.3,ok,
2026-10-04T20:42:44.046857+05:30,POST,POST /jobs/,31.47,ok,
2026-10-04T20:42:44.055039+05:30,GET,GET /jobs/stats/,29.59,ok,
2026-10-04T20:42:44.061189+05:30,GET,GET /jobs/{id}/,19.43,ok,
2026-10-04T20:42:44.130098+05:30,GET,GET /jobs/stats/,24.62,ok,
2026-10-04T20:42:44.132014+05:30,GET,GET /jobs/{id}/,21.55,ok,
2026-10-04T20:42:44.169482+05:30,GET,GET /jobs/{id}/,19.17,ok,
2026-10-04T20:42:44.190842+05:30,POST,POST /jobs/,20.13,ok,
2026-10-04T20:42:44.198323+05:30,GET,GET /health/,17.72,ok,
2026-10-04T20:42:44.222677+05:30,GET,GET /jobs/{id}/,18.03,ok,
2026-10-04T20:42:44.223108+05:30,GET,GET /jobs/{id}/,20.5,ok,
2026-10-04T20:42:44.229400+05:30,GET,GET /jobs/{id}/,19.57,ok,
2026-10-04T20:42:44.250317+05:30,GET,GET /jobs/{id}/,19.68,ok,
2026-10-04T20:42:44.254191+05:30,GET,GET /jobs/{id}/,19.57,ok,
2026-10-04T20:42:44.327318+05:30,GET,GET /jobs/{id}/,17.82,ok,
2026-10-04T20:42:44.361995+05:30,GET,GET /jobs/{id}/,19.37,ok,
2026-10-04T20:42:44.371903+05:30,GET,GET /jobs/{id}/,21.26,ok,
2026-10-04T20:42:44.380109+05:30,POST,POST /jobs/,23.49,ok,
2026-10-04T20:42:44.392889+05:30,GET,GET /jobs/{id}/,22.9,ok,
2026-10-04T20:42:44.394817+05:30,POST,POST /jobs/,28.58,ok,
2026-10-04T20:42:44.407869+05:30,GET,GET /jobs/{id}/,19.46,ok,
2026-10-04T20:42:44.474462+05:30,POST,POST /jobs/,23.28,ok,
2026-10-04T20:42:44.485596+05:30,GET,GET /jobs/{id}/,19.41,ok,
2026-10-04T20:42:44.524093+05:30,GET,GET /jobs/{id}/,20.2,ok,
2026-10-04T20:42:44.546123+05:30,GET,GET /jobs/{id}/,19.78,ok,
2026-10-04T20:42:44.554947+05:30,GET,GET /jobs/{id}/,20.63,ok,
2026-10-04T20:42:44.555731+05:30,GET,GET /health/,17.67,ok,
2026-10-04T20:42:44.563570+05:30,POST,POST /jobs/,25.03,ok,
2026-10-04T20:42:44.624143+05:30,POST,POST /jobs/,21.27,ok,
2026-10-04T20:42:44.644645+05:30,GET,GET /health/,21.74,ok,
2026-10-04T20:42:44.652116+05:30,GET,GET /jobs/{id}/,17.85,ok,
2026-10-04T20:42:44.714827+05:30,POST,POST /jobs/,24.38,ok,
2026-10-04T20:42:44.718587+05:30,GET,GET /jobs/{id}/,21.02,ok,
2026-10-04T20:42:44.736171+05:30,POST,POST /jobs/,22.68,ok,
2026-10-04T20:42:44.763327+05:30,GET,GET /jobs/{id}/,17.86,ok,
2026-10-04T20:42:44.794596+05:30,GET,GET /jobs/{id}/,17.97,ok,
2026-10-04T20:42:44.802522+05:30,POST,POST /jobs/,20.91,ok,
2026-10-04T20:42:44.855172+05:30,POST,POST /jobs/,21.31,ok,
2026-10-04T20:42:44.855701+05:30,GET,GET /health/,21.36,ok,
2026-10-04T20:42:44.927843+05:30,GET,GET /jobs/{id}/,18.5,ok,
2026-10-04T20:42:44.970965+05:30,GET,GET /jobs/{id}/,17.81,ok,
2026-10-04T20:42:45.020886+05:30,GET,GET /jobs/{id}/,20.63,ok,
2026-10-04T20:42:45.045583+05:30,POST,POST /jobs/,22.35,ok,
2026-10-04T20:42:45.163292+05:30,POST,POST /jobs/,25.99,ok,
2026-10-04T20:42:45.170502+05:30,GET,GET /jobs/stats/,23.1,ok,
2026-10-04T20:42:45.194837+05:30,GET,GET /jobs/{id}/,21.04,ok,
2026-10-04T20:42:45.204517+05:30,POST,POST /jobs/,25.8,ok,
2026-10-04T20:42:45.242943+05:30,GET,GET /health/,28.02,ok,
2026-10-04T20:42:45.247167+05:30,POST,POST /jobs/,22.19,ok,
2026-10-04T20:42:45.253190+05:30,GET,GET /jobs/stats/,24.83,ok,
2026-10-04T20:42:45.257196+05:30,GET,GET /jobs/stats/,26.77,ok,
2026-10-04T20:42:45.273919+05:30,GET,GET /health/,17.73,ok,
2026-10-04T20:42:45.298934+05:30,POST,POST /jobs/,20.73,ok,
2026-10-04T20:42:45.312598+05:30,POST,POST /jobs/,26.42,ok,
2026-10-04T20:42:45.327909+05:30,GET,GET /jobs/stats/,23.7,ok,
2026-10-04T20:42:45.330156+05:30,GET,GET /health/,23.69,ok,
2026-10-04T20:42:45.344118+05:30,POST,POST /jobs/,22.22,ok,
2026-10-04T20:42:45.410669+05:30,POST,POST /jobs/,22.06,ok,
2026-10-04T20:42:45.414438+05:30,GET,GET /jobs/{id}/,20.75,ok,
2026-10-04T20:42:45.518026+05:30,POST,POST /jobs/,24.83,ok,
2026-10-04T20:42:45.544691+05:30,GET,GET /jobs/{id}/,18.37,ok,
2026-10-04T20:42:45.600051+05:30,GET,GET /health/,18.08,ok,
2026-10-04T20:42:45.626718+05:30,GET,GET /jobs/stats/,21.38,ok,
2026-10-04T20:42:45.651627+05:30,POST,POST /jobs/,26.45,ok,
2026-10-04T20:42:45.667383+05:30,GET,GET /jobs/{id}/,18.78,ok,
2026-10-04T20:42:45.676251+05:30,POST,POST /jobs/,21.33,ok,
2026-10-04T20:42:45.732266+05:30,GET,GET /jobs/{id}/,22.19,ok,
2026-10-04T20:42:45.733029+05:30,GET,GET /jobs/stats/,23.51,ok,
2026-10-04T20:42:45.740886+05:30,GET,GET /jobs/{id}/,18.69,ok,
2026-10-04T20:42:45.794749+05:30,GET,GET /jobs/{id}/,18.57,ok,
2026-10-04T20:42:45.813943+05:30,GET,GET /jobs/{id}/,16.93,ok,
2026-10-04T20:42:45.840127+05:30,GET,GET /health/,18.94,ok,
2026-10-04T20:42:45.855021+05:30,GET,GET /jobs/stats/,19.9,ok,
2026-10-04T20:42:45.881032+05:30,POST,POST /jobs/,20.74,ok,
2026-10-04T20:42:45.915940+05:30,GET,GET /jobs/{id}/,22.62,ok,
2026-10-04T20:42:45.916354+05:30,GET,GET /jobs/{id}/,22.51,ok,
2026-10-04T20:42:45.942258+05:30,GET,GET /jobs/{id}/,19.42,ok,
2026-10-04T20:42:45.971675+05:30,GET,GET /jobs/{id}/,27.06,ok,
2026-10-04T20:42:45.978059+05:30,GET,GET /jobs/{id}/,20.02,ok,
2026-10-04T20:42:45.984960+05:30,GET,GET /jobs/stats/,22.79,ok,
2026-10-04T20:42:46.040009+05:30,POST,POST /jobs/,24.66,ok,
2026-10-04T20:42:46.052304+05:30,POST,POST /jobs/,24.24,ok,
2026-10-04T20:42:46.057351+05:30,GET,GET /jobs/{id}/,24.23,ok,
2026-10-04T20:42:46.066105+05:30,GET,GET /jobs/{id}/,20.76,ok,
2026-10-04T20:42:46.104818+05:30,GET,GET /jobs/{id}/,18.41,ok,
2026-10-04T20:42:46.209837+05:30,GET,GET /jobs/{id}/,22.66,ok,
2026-10-04T20:42:46.223823+05:30,GET,GET /jobs/stats/,26.06,ok,
2026-10-04T20:42:46.237417+05:30,POST,POST /jobs/,27.41,ok,
2026-10-04T20:42:46.243430+05:30,GET,GET /jobs/{id}/,23.48,ok,
2026-10-04T20:42:46.254237+05:30,GET,GET /jobs/{id}/,21.1,ok,
2026-10-04T20:42:46.274321+05:30,POST,POST /jobs/,24.58,ok,
2026-10-04T20:42:46.279724+05:30,GET,GET /jobs/{id}/,23.24,ok,
2026-10-04T20:42:46.304320+05:30,GET,GET /jobs/{id}/,20.33,ok,
2026-10-04T20:42:46.316542+05:30,POST,POST /jobs/,28.47,ok,
2026-10-04T20:42:46.330236+05:30,GET,GET /jobs/stats/,27.13,ok,
2026-10-04T20:42:46.360510+05:30,GET,GET /jobs/{id}/,23.92,ok,
2026-10-04T20:42:46.380452+05:30,POST,POST /jobs/,28.8,ok,
2026-10-04T20:42:46.390138+05:30,GET,GET /jobs/{id}/,19.3,ok,
2026-10-04T20:42:46.400869+05:30,POST,POST /jobs/,28.95,ok,
2026-10-04T20:42:46.408501+05:30,POST,POST /jobs/,23.76,ok,
2026-10-04T20:42:46.417841+05:30,GET,GET /health/,27.58,ok,
2026-10-04T20:42:46.435996+05:30,GET,GET /jobs/{id}/,26.21,ok,
2026-10-04T20:42:46.439823+05:30,POST,POST /jobs/,26.92,ok,
2026-10-04T20:42:46.456784+05:30,GET,GET /jobs/{id}/,20.59,ok,
2026-10-04T20:42:46.592023+05:30,GET,GET /jobs/{id}/,18.88,ok,
2026-10-04T20:42:46.604827+05:30,POST,POST /jobs/,28.13,ok,
2026-10-04T20:42:46.605590+05:30,POST,POST /jobs/,29.47,ok,
2026-10-04T20:42:46.623803+05:30,GET,GET /jobs/{id}/,18.05,ok,
2026-10-04T20:42:46.655846+05:30,GET,GET /jobs/stats/,21.79,ok,
2026-10-04T20:42:46.665034+05:30,GET,GET /jobs/{id}/,18.0,ok,
2026-10-04T20:42:46.705501+05:30,GET,GET /health/,18.2,ok,
2026-10-04T20:42:46.712599+05:30,GET,GET /jobs/stats/,21.34,ok,
2026-10-04T20:42:46.737538+05:30,GET,GET /jobs/stats/,21.7,ok,
2026-10-04T20:42:46.738454+05:30,GET,GET /health/,17.65,ok,
2026-10-04T20:42:46.837183+05:30,GET,GET /health/,19.45,ok,
2026-10-04T20:42:46.847508+05:30,GET,GET /jobs/{id}/,17.76,ok,
2026-10-04T20:42:46.898154+05:30,POST,POST /jobs/,22.33,ok,
2026-10-04T20:42:46.943054+05:30,POST,POST /jobs/,23.58,ok,
2026-10-04T20:42:46.970090+05:30,GET,GET /jobs/{id}/,17.73,ok,
2026-10-04T20:42:47.000114+05:30,GET,GET /jobs/{id}/,18.71,ok,
2026-10-04T20:42:47.029513+05:30,GET,GET /jobs/{id}/,23.53,ok,
2026-10-04T20:42:47.030039+05:30,GET,GET /jobs/{id}/,25.54,ok,
2026-10-04T20:42:47.041367+05:30,GET,GET /jobs/{id}/,21.71,ok,
2026-10-04T20:42:47.042266+05:30,GET,GET /jobs/stats/,23.31,ok,
2026-10-04T20:42:47.063958+05:30,POST,POST /jobs/,22.42,ok,
2026-10-04T20:42:47.075501+05:30,POST,POST /jobs/,28.67,ok,
2026-10-04T20:42:47.077316+05:30,GET,GET /jobs/{id}/,25.54,ok,
2026-10-04T20:42:47.093585+05:30,GET,GET /jobs/stats/,28.29,ok,
2026-10-04T20:42:47.103158+05:30,GET,GET /jobs/{id}/,27.45,ok,
2026-10-04T20:42:47.140578+05:30,GET,GET /health/,22.15,ok,
2026-10-04T20:42:47.152710+05:30,GET,GET /jobs/{id}/,23.05,ok,
2026-10-04T20:42:47.157725+05:30,GET,GET /health/,20.11,ok,
2026-10-04T20:42:47.164066+05:30,GET,GET /jobs/stats/,22.26,ok,
2026-10-04T20:42:47.223489+05:30,GET,GET /health/,19.11,ok,
2026-10-04T20:42:47.238185+05:30,POST,POST /jobs/,23.45,ok,
2026-10-04T20:42:47.255610+05:30,POST,POST /jobs/,23.85,ok,
2026-10-04T20:42:47.269875+05:30,GET,GET /jobs/{id}/,22.38,ok,
2026-10-04T20:42:47.295921+05:30,GET,GET /jobs/{id}/,20.71,ok,
2026-10-04T20:42:47.303768+05:30,GET,GET /jobs/{id}/,18.51,ok,
2026-10-04T20:42:47.316058+05:30,POST,POST /jobs/,26.76,ok,
2026-10-04T20:42:47.329050+05:30,GET,GET /jobs/{id}/,21.01,ok,
2026-10-04T20:42:47.345973+05:30,POST,POST /jobs/,22.6,ok,
2026-10-04T20:42:47.434336+05:30,GET,GET /jobs/stats/,21.06,ok,
2026-10-04T20:42:47.480831+05:30,GET,GET /health/,18.23,ok,
2026-10-04T20:42:47.522907+05:30,GET,GET /jobs/{id}/,17.75,ok,
2026-10-04T20:42:47.552612+05:30,GET,GET /jobs/{id}/,18.4,ok,
2026-10-04T20:42:47.594999+05:30,GET,GET /jobs/{id}/,19.0,ok,
2026-10-04T20:42:47.598359+05:30,POST,POST /jobs/,24.42,ok,
2026-10-04T20:42:47.639186+05:30,GET,GET /jobs/stats/,22.39,ok,
2026-10-04T20:42:47.665532+05:30,GET,GET /jobs/{id}/,20.12,ok,
2026-10-04T20:42:47.666060+05:30,POST,POST /jobs/,23.63,ok,
2026-10-04T20:42:47.724797+05:30,GET,GET /jobs/{id}/,19.26,ok,
2026-10-04T20:42:47.740992+05:30,POST,POST /jobs/,23.46,ok,
2026-10-04T20:42:47.747024+05:30,GET,GET /jobs/{id}/,18.42,ok,
2026-10-04T20:42:47.747632+05:30,GET,GET /health/,19.6,ok,
2026-10-04T20:42:47.768019+05:30,GET,GET /jobs/{id}/,17.14,ok,
2026-10-04T20:42:47.795375+05:30,POST,POST /jobs/,20.05,ok,
2026-10-04T20:42:47.848750+05:30,GET,GET /health/,18.09,ok,
2026-10-04T20:42:47.855390+05:30,POST,POST /jobs/,22.74,ok,
2026-10-04T20:42:47.893481+05:30,GET,GET /jobs/{id}/,18.77,ok,
2026-10-04T20:42:47.896718+05:30,POST,POST /jobs/,21.1,ok,
2026-10-04T20:42:47.963498+05:30,GET,GET /health/,18.91,ok,
2026-10-04T20:42:47.977812+05:30,GET,GET /jobs/{id}/,19.03,ok,
2026-10-04T20:42:48.013645+05:30,GET,GET /jobs/{id}/,18.51,ok,
2026-10-04T20:42:48.019847+05:30,GET,GET /health/,18.68,ok,
2026-10-04T20:42:48.084014+05:30,GET,GET /jobs/stats/,28.83,ok,
2026-10-04T20:42:48.084946+05:30,POST,POST /jobs/,29.22,ok,
2026-10-04T20:42:48.102663+05:30,POST,POST /jobs/,27.77,ok,
2026-10-04T20:42:48.110077+05:30,GET,GET /jobs/{id}/,18.88,ok,
2026-10-04T20:42:48.122934+05:30,GET,GET /jobs/{id}/,18.96,ok,
2026-10-04T20:42:48.188987+05:30,GET,GET /health/,19.56,ok,
2026-10-04T20:42:48.197993+05:30,GET,GET /health/,18.55,ok,
2026-10-04T20:42:48.234213+05:30,GET,GET /jobs/{id}/,17.89,ok,
2026-10-04T20:42:48.315502+05:30,GET,GET /jobs/{id}/,23.8,ok,
2026-10-04T20:42:48.318708+05:30,GET,GET /jobs/stats/,33.19,ok,
2026-10-04T20:42:48.322639+05:30,POST,POST /jobs/,35.14,ok,
2026-10-04T20:42:48.328756+05:30,GET,GET /jobs/{id}/,27.57,ok,
2026-10-04T20:42:48.351196+05:30,GET,GET /jobs/{id}/,20.15,ok,
2026-10-04T20:42:48.355552+05:30,POST,POST /jobs/,22.62,ok,
2026-10-04T20:42:48.385648+05:30,GET,GET /jobs/stats/,20.81,ok,
2026-10-04T20:42:48.443129+05:30,POST,POST /jobs/,27.49,ok,
2026-10-04T20:42:48.452454+05:30,GET,GET /jobs/{id}/,23.54,ok,
2026-10-04T20:42:48.453071+05:30,GET,GET /jobs/stats/,26.24,ok,
2026-10-04T20:42:48.466346+05:30,GET,GET /jobs/{id}/,24.4,ok,
2026-10-04T20:42:48.483821+05:30,GET,GET /jobs/stats/,22.52,ok,
2026-10-04T20:42:48.500012+05:30,GET,GET /jobs/{id}/,20.38,ok,
2026-10-04T20:42:48.514455+05:30,GET,GET /jobs/{id}/,19.33,ok,
2026-10-04T20:42:48.562059+05:30,GET,GET /jobs/{id}/,19.12,ok,
2026-10-04T20:42:48.569779+05:30,POST,POST /jobs/,20.82,ok,
2026-10-04T20:42:48.596929+05:30,GET,GET /jobs/{id}/,17.86,ok,
2026-10-04T20:42:48.674058+05:30,GET,GET /jobs/{id}/,19.64,ok,
2026-10-04T20:42:48.690916+05:30,POST,POST /jobs/,22.5,ok,
2026-10-04T20:42:48.695512+05:30,GET,GET /jobs/stats/,22.59,ok,
2026-10-04T20:42:48.744599+05:30,POST,POST /jobs/,23.77,ok,
2026-10-04T20:42:48.760930+05:30,GET,GET /jobs/{id}/,23.05,ok,
2026-10-04T20:42:48.838548+05:30,GET,GET /health/,18.32,ok,
2026-10-04T20:42:48.904315+05:30,GET,GET /health/,18.45,ok,
2026-10-04T20:42:48.937273+05:30,POST,POST /jobs/,31.62,ok,
2026-10-04T20:42:48.940228+05:30,GET,GET /health/,23.91,ok,
2026-10-04T20:42:48.953772+05:30,POST,POST /jobs/,22.16,ok,
2026-10-04T20:42:49.002155+05:30,GET,GET /jobs/{id}/,19.07,ok,
2026-10-04T20:42:49.016990+05:30,POST,POST /jobs/,22.88,ok,
2026-10-04T20:42:49.055068+05:30,GET,GET /health/,20.79,ok,
2026-10-04T20:42:49.059687+05:30,GET,GET /jobs/stats/,23.48,ok,
2026-10-04T20:42:49.065905+05:30,GET,GET /jobs/{id}/,20.55,ok,
2026-10-04T20:42:49.100785+05:30,POST,POST /jobs/,22.59,ok,
2026-10-04T20:42:49.206381+05:30,GET,GET /jobs/{id}/,122.1,ok,
2026-10-04T20:42:49.208570+05:30,POST,POST /jobs/,123.71,ok,
2026-10-04T20:42:49.216903+05:30,GET,GET /jobs/{id}/,77.78,ok,
2026-10-04T20:42:49.230933+05:30,POST,POST /jobs/,63.27,ok,
2026-10-04T20:42:49.231134+05:30,POST,POST /jobs/,37.35,ok,
2026-10-04T20:42:49.260725+05:30,GET,GET /jobs/stats/,119.33,ok,
2026-10-04T20:42:49.269227+05:30,POST,POST /jobs/,58.42,ok,
2026-10-04T20:42:49.299309+05:30,GET,GET /jobs/{id}/,81.16,ok,
2026-10-04T20:42:49.305911+05:30,GET,GET /jobs/{id}/,82.84,ok,
2026-10-04T20:42:49.313335+05:30,GET,GET /jobs/{id}/,65.04,ok,
2026-10-04T20:42:49.325790+05:30,GET,GET /health/,42.7,ok,
2026-10-04T20:42:49.326530+05:30,POST,POST /jobs/,54.96,ok,
2026-10-04T20:42:49.327085+05:30,POST,POST /jobs/,89.74,ok,
2026-10-04T20:42:49.330022+05:30,GET,GET /jobs/{id}/,32.05,ok,
2026-10-04T20:42:49.330454+05:30,GET,GET /jobs/{id}/,58.47,ok,
2026-10-04T20:42:49.364266+05:30,GET,GET /jobs/{id}/,59.67,ok,
2026-10-04T20:42:49.364920+05:30,GET,GET /jobs/{id}/,58.84,ok,
2026-10-04T20:42:49.402202+05:30,GET,GET /jobs/{id}/,62.34,ok,
2026-10-04T20:42:49.410173+05:30,POST,POST /jobs/,47.16,ok,
2026-10-04T20:42:49.415229+05:30,GET,GET /health/,34.05,ok,
2026-10-04T20:42:49.442772+05:30,GET,GET /jobs/{id}/,18.21,ok,
2026-10-04T20:42:49.552589+05:30,GET,GET /health/,19.51,ok,
2026-10-04T20:42:49.562467+05:30,GET,GET /jobs/{id}/,20.18,ok,
2026-10-04T20:42:49.577448+05:30,POST,POST /jobs/,26.16,ok,
2026-10-04T20:42:49.584604+05:30,GET,GET /jobs/{id}/,19.86,ok,
2026-10-04T20:42:49.649292+05:30,POST,POST /jobs/,27.17,ok,
2026-10-04T20:42:49.651543+05:30,GET,GET /jobs/{id}/,26.82,ok,
2026-10-04T20:42:49.661738+05:30,GET,GET /jobs/stats/,37.68,ok,
2026-10-04T20:42:49.662346+05:30,POST,POST /jobs/,25.28,ok,
2026-10-04T20:42:49.666115+05:30,POST,POST /jobs/,26.86,ok,
2026-10-04T20:42:49.674193+05:30,GET,GET /jobs/{id}/,29.83,ok,
2026-10-04T20:42:49.698526+05:30,GET,GET /health/,20.93,ok,
2026-10-04T20:42:49.706187+05:30,POST,POST /jobs/,25.61,ok,
2026-10-04T20:42:49.721723+05:30,GET,GET /jobs/{id}/,20.88,ok,
2026-10-04T20:42:49.777812+05:30,GET,GET /jobs/stats/,21.61,ok,
2026-10-04T20:42:49.787105+05:30,GET,GET /jobs/stats/,21.86,ok,
2026-10-04T20:42:49.816412+05:30,POST,POST /jobs/,25.03,ok,
2026-10-04T20:42:49.851261+05:30,POST,POST /jobs/,20.54,ok,
2026-10-04T20:42:49.936946+05:30,GET,GET /jobs/stats/,22.02,ok,
2026-10-04T20:42:49.948901+05:30,POST,POST /jobs/,22.96,ok,
2026-10-04T20:42:49.963006+05:30,GET,GET /jobs/{id}/,18.72,ok,
2026-10-04T20:42:50.001502+05:30,GET,GET /jobs/{id}/,19.16,ok,
2026-10-04T20:42:50.023673+05:30,GET,GET /health/,24.28,ok,
2026-10-04T20:42:50.054919+05:30,GET,GET /jobs/{id}/,22.91,ok,
2026-10-04T20:42:50.064924+05:30,GET,GET /jobs/stats/,21.84,ok,
2026-10-04T20:42:50.108357+05:30,GET,GET /jobs/{id}/,19.06,ok,
2026-10-04T20:42:50.187667+05:30,POST,POST /jobs/,20.93,ok,
2026-10-04T20:42:50.208715+05:30,GET,GET /jobs/stats/,22.13,ok,
2026-10-04T20:42:50.217862+05:30,POST,POST /jobs/,21.61,ok,
2026-10-04T20:42:50.261047+05:30,POST,POST /jobs/,22.72,ok,
2026-10-04T20:42:50.269638+05:30,GET,GET /jobs/{id}/,24.21,ok,
2026-10-04T20:42:50.276344+05:30,GET,GET /jobs/{id}/,21.93,ok,
2026-10-04T20:42:50.310772+05:30,GET,GET /jobs/{id}/,18.08,ok,
2026-10-04T20:42:50.335527+05:30,GET,GET /jobs/stats/,21.51,ok,
2026-10-04T20:42:50.404047+05:30,GET,GET /jobs/stats/,21.22,ok,
2026-10-04T20:42:50.421569+05:30,GET,GET /jobs/{id}/,18.7,ok,
2026-10-04T20:42:50.430803+05:30,GET,GET /jobs/{id}/,19.07,ok,
2026-10-04T20:42:50.435033+05:30,GET,GET /jobs/{id}/,19.28,ok,
2026-10-04T20:42:50.457373+05:30,GET,GET /jobs/{id}/,18.09,ok,
2026-10-04T20:42:50.474244+05:30,GET,GET /jobs/{id}/,18.0,ok,
2026-10-04T20:42:50.545536+05:30,POST,POST /jobs/,22.95,ok,
2026-10-04T20:42:50.550136+05:30,GET,GET /jobs/{id}/,21.25,ok,
2026-10-04T20:42:50.555454+05:30,GET,GET /health/,22.86,ok,
2026-10-04T20:42:50.566591+05:30,POST,POST /jobs/,22.3,ok,
2026-10-04T20:42:50.601470+05:30,GET,GET /jobs/{id}/,18.57,ok,
2026-10-04T20:42:50.601908+05:30,GET,GET /jobs/{id}/,21.03,ok,
2026-10-04T20:42:50.614998+05:30,POST,POST /jobs/,22.01,ok,
2026-10-04T20:42:50.621467+05:30,GET,GET /health/,19.47,ok,
2026-10-04T20:42:50.665147+05:30,POST,POST /jobs/,20.39,ok,
2026-10-04T20:42:50.702353+05:30,POST,POST /jobs/,20.9,ok,
2026-10-04T20:42:50.781313+05:30,GET,GET /health/,19.53,ok,
2026-10-04T20:42:50.846907+05:30,POST,POST /jobs/,27.27,ok,
2026-10-04T20:42:50.854392+05:30,GET,GET /jobs/stats/,23.69,ok,
2026-10-04T20:42:50.863269+05:30,POST,POST /jobs/,23.59,ok,
2026-10-04T20:42:50.894843+05:30,GET,GET /jobs/{id}/,22.22,ok,
2026-10-04T20:42:50.896911+05:30,POST,POST /jobs/,23.75,ok,
2026-10-04T20:42:50.902927+05:30,GET,GET /jobs/stats/,27.71,ok,
2026-10-04T20:42:50.904730+05:30,GET,GET /jobs/stats/,22.54,ok,
2026-10-04T20:42:50.936903+05:30,GET,GET /jobs/{id}/,18.88,ok,
2026-10-04T20:42:50.958813+05:30,POST,POST /jobs/,29.69,ok,
2026-10-04T20:42:50.973702+05:30,GET,GET /jobs/{id}/,23.52,ok,
2026-10-04T20:42:50.990501+05:30,GET,GET /jobs/stats/,23.39,ok,
2026-10-04T20:42:51.027279+05:30,GET,GET /jobs/stats/,24.49,ok,
2026-10-04T20:42:51.035189+05:30,GET,GET /jobs/{id}/,26.54,ok,
2026-10-04T20:42:51.037418+05:30,GET,GET /jobs/{id}/,29.63,ok,
2026-10-04T20:42:51.050793+05:30,GET,GET /jobs/{id}/,21.22,ok,
2026-10-04T20:42:51.057842+05:30,POST,POST /jobs/,24.22,ok,
2026-10-04T20:42:51.064021+05:30,GET,GET /jobs/{id}/,21.29,ok,
2026-10-04T20:42:51.102513+05:30,GET,GET /jobs/{id}/,18.16,ok,
2026-10-04T20:42:51.135908+05:30,GET,GET /jobs/{id}/,18.07,ok,
2026-10-04T20:42:51.143652+05:30,POST,POST /jobs/,21.73,ok,
2026-10-04T20:42:51.174941+05:30,GET,GET /jobs/{id}/,17.99,ok,
2026-10-04T20:42:51.264310+05:30,GET,GET /health/,22.08,ok,
2026-10-04T20:42:51.273205+05:30,GET,GET /jobs/{id}/,27.98,ok,
2026-10-04T20:42:51.280721+05:30,POST,POST /jobs/,30.05,ok,
2026-10-04T20:42:51.294501+05:30,GET,GET /jobs/{id}/,25.84,ok,
2026-10-04T20:42:51.300889+05:30,GET,GET /jobs/{id}/,18.93,ok,
2026-10-04T20:42:51.308604+05:30,POST,POST /jobs/,21.78,ok,
2026-10-04T20:42:51.331392+05:30,GET,GET /jobs/stats/,20.53,ok,
2026-10-04T20:42:51.355304+05:30,GET,GET /jobs/stats/,22.63,ok,
2026-10-04T20:42:51.372335+05:30,POST,POST /jobs/,21.21,ok,
2026-10-04T20:42:51.378484+05:30,GET,GET /health/,17.95,ok,
2026-10-04T20:42:51.417214+05:30,GET,GET /jobs/{id}/,19.41,ok,
2026-10-04T20:42:51.451924+05:30,GET,GET /jobs/stats/,21.43,ok,
2026-10-04T20:42:51.475789+05:30,GET,GET /jobs/{id}/,17.58,ok,
2026-10-04T20:42:51.498581+05:30,GET,GET /jobs/stats/,21.55,ok,
2026-10-04T20:42:51.512318+05:30,GET,GET /jobs/{id}/,23.29,ok,
2026-10-04T20:42:51.553421+05:30,GET,GET /jobs/{id}/,18.66,ok,
2026-10-04T20:42:51.591069+05:30,POST,POST /jobs/,22.34,ok,
2026-10-04T20:42:51.605675+05:30,GET,GET /jobs/{id}/,20.82,ok,
2026-10-04T20:42:51.627717+05:30,POST,POST /jobs/,21.86,ok,
2026-10-04T20:42:51.664057+05:30,GET,GET /jobs/{id}/,18.03,ok,
2026-10-04T20:42:51.684792+05:30,POST,POST /jobs/,21.75,ok,
2026-10-04T20:42:51.696989+05:30,POST,POST /jobs/,23.19,ok,
2026-10-04T20:42:51.773392+05:30,GET,GET /jobs/{id}/,22.06,ok,
2026-10-04T20:42:51.781072+05:30,POST,POST /jobs/,21.02,ok,
2026-10-04T20:42:51.804952+05:30,GET,GET /jobs/{id}/,17.6,ok,
2026-10-04T20:42:51.843348+05:30,POST,POST /jobs/,21.09,ok,
2026-10-04T20:42:51.855017+05:30,GET,GET /jobs/{id}/,18.7,ok,
2026-10-04T20:42:51.877630+05:30,GET,GET /jobs/stats/,20.44,ok,
2026-10-04T20:42:51.936236+05:30,POST,POST /jobs/,22.31,ok,
2026-10-04T20:42:51.953376+05:30,POST,POST /jobs/,22.36,ok,
2026-10-04T20:42:51.984730+05:30,GET,GET /jobs/{id}/,18.06,ok,
2026-10-04T20:42:52.014647+05:30,GET,GET /jobs/{id}/,24.58,ok,
2026-10-04T20:42:52.025854+05:30,GET,GET /jobs/{id}/,21.8,ok,
2026-10-04T20:42:52.083673+05:30,POST,POST /jobs/,32.49,ok,
2026-10-04T20:42:52.094664+05:30,GET,GET /jobs/{id}/,29.24,ok,
2026-10-04T20:42:52.099115+05:30,POST,POST /jobs/,32.91,ok,
2026-10-04T20:42:52.102974+05:30,GET,GET /jobs/{id}/,22.92,ok,
2026-10-04T20:42:52.163796+05:30,GET,GET /jobs/{id}/,19.48,ok,
2026-10-04T20:42:52.164235+05:30,GET,GET /jobs/stats/,21.99,ok,
2026-10-04T20:42:52.203797+05:30,GET,GET /jobs/stats/,21.29,ok,
2026-10-04T20:42:52.248988+05:30,GET,GET /health/,21.52,ok,
2026-10-04T20:42:52.260471+05:30,GET,GET /jobs/{id}/,20.91,ok,
2026-10-04T20:42:52.300062+05:30,GET,GET /jobs/stats/,21.28,ok,
2026-10-04T20:42:52.304077+05:30,POST,POST /jobs/,23.28,ok,
2026-10-04T20:42:52.313869+05:30,GET,GET /jobs/{id}/,19.84,ok,
2026-10-04T20:42:52.329053+05:30,GET,GET /health/,21.72,ok,
2026-10-04T20:42:52.342218+05:30,GET,GET /jobs/{id}/,22.07,ok,
2026-10-04T20:42:52.356327+05:30,GET,GET /jobs/{id}/,24.99,ok,
2026-10-04T20:42:52.356915+05:30,GET,GET /jobs/stats/,34.51,ok,
2026-10-04T20:42:52.367417+05:30,GET,GET /jobs/{id}/,30.18,ok,
2026-10-04T20:42:52.378280+05:30,GET,GET /jobs/{id}/,26.4,ok,
2026-10-04T20:42:52.378907+05:30,POST,POST /jobs/,30.41,ok,
2026-10-04T20:42:52.395069+05:30,POST,POST /jobs/,32.93,ok,
2026-10-04T20:42:52.411083+05:30,GET,GET /jobs/stats/,34.41,ok,
2026-10-04T20:42:52.446143+05:30,GET,GET /jobs/stats/,20.77,ok,
2026-10-04T20:42:52.467665+05:30,GET,GET /jobs/{id}/,18.24,ok,
2026-10-04T20:42:52.482523+05:30,GET,GET /jobs/{id}/,22.13,ok,
2026-10-04T20:42:52.490789+05:30,GET,GET /jobs/stats/,20.9,ok,
2026-10-04T20:42:52.496916+05:30,GET,GET /jobs/{id}/,18.08,ok,
2026-10-04T20:42:52.507567+05:30,GET,GET /health/,17.86,ok,
2026-10-04T20:42:52.551470+05:30,POST,POST /jobs/,20.61,ok,
2026-10-04T20:42:52.565653+05:30,POST,POST /jobs/,22.77,ok,
2026-10-04T20:42:52.613404+05:30,GET,GET /jobs/{id}/,18.24,ok,
2026-10-04T20:42:52.721502+05:30,GET,GET /health/,18.66,ok,
2026-10-04T20:42:52.763684+05:30,GET,GET /jobs/{id}/,24.84,ok,
2026-10-04T20:42:52.772357+05:30,GET,GET /jobs/stats/,21.52,ok,
2026-10-04T20:42:52.774551+05:30,GET,GET /health/,22.66,ok,
2026-10-04T20:42:52.849220+05:30,POST,POST /jobs/,21.37,ok,
2026-10-04T20:42:52.875329+05:30,POST,POST /jobs/,27.6,ok,
2026-10-04T20:42:52.875832+05:30,POST,POST /jobs/,28.86,ok,
2026-10-04T20:42:52.893921+05:30,GET,GET /health/,19.83,ok,
2026-10-04T20:42:52.909132+05:30,GET,GET /jobs/{id}/,20.61,ok,
2026-10-04T20:42:52.918971+05:30,POST,POST /jobs/,26.23,ok,
2026-10-04T20:42:52.934370+05:30,GET,GET /jobs/stats/,24.02,ok,
2026-10-04T20:42:52.963620+05:30,GET,GET /health/,18.84,ok,
2026-10-04T20:42:52.983178+05:30,GET,GET /jobs/{id}/,23.2,ok,
2026-10-04T20:42:52.994122+05:30,GET,GET /jobs/{id}/,26.67,ok,
2026-10-04T20:42:52.994729+05:30,POST,POST /jobs/,27.88,ok,
2026-10-04T20:42:53.011197+05:30,GET,GET /jobs/{id}/,22.65,ok,
2026-10-04T20:42:53.159816+05:30,GET,GET /jobs/{id}/,19.19,ok,
2026-10-04T20:42:53.185344+05:30,GET,GET /jobs/stats/,20.27,ok,
2026-10-04T20:42:53.234058+05:30,GET,GET /health/,28.42,ok,
2026-10-04T20:42:53.254911+05:30,POST,POST /jobs/,33.72,ok,
2026-10-04T20:42:53.258445+05:30,GET,GET /jobs/stats/,42.84,ok,
2026-10-04T20:42:53.287615+05:30,POST,POST /jobs/,49.27,ok,
2026-10-04T20:42:53.300078+05:30,GET,GET /jobs/stats/,38.41,ok,
2026-10-04T20:42:53.312430+05:30,GET,GET /jobs/stats/,39.82,ok,
2026-10-04T20:42:53.318971+05:30,GET,GET /jobs/stats/,43.43,ok,
2026-10-04T20:42:53.324955+05:30,GET,GET /jobs/{id}/,37.18,ok,
2026-10-04T20:42:53.332937+05:30,GET,GET /jobs/{id}/,34.15,ok,
2026-10-04T20:42:53.345756+05:30,GET,GET /health/,31.04,ok,
2026-10-04T20:42:53.347249+05:30,POST,POST /jobs/,40.5,ok,
2026-10-04T20:42:53.390718+05:30,POST,POST /jobs/,22.1,ok,
2026-10-04T20:42:53.432829+05:30,GET,GET /jobs/{id}/,24.78,ok,
2026-10-04T20:42:53.433539+05:30,GET,GET /jobs/{id}/,22.22,ok,
2026-10-04T20:42:53.436144+05:30,POST,POST /jobs/,26.02,ok,
2026-10-04T20:42:53.470267+05:30,GET,GET /jobs/{id}/,18.82,ok,
2026-10-04T20:42:53.538594+05:30,GET,GET /jobs/{id}/,17.95,ok,
2026-10-04T20:42:53.559418+05:30,POST,POST /jobs/,20.64,ok,
2026-10-04T20:42:53.585039+05:30,GET,GET /jobs/{id}/,19.23,ok,
2026-10-04T20:42:53.585714+05:30,GET,GET /jobs/{id}/,22.0,ok,
2026-10-04T20:42:53.621251+05:30,POST,POST /jobs/,23.2,ok,
2026-10-04T20:42:53.623155+05:30,GET,GET /jobs/{id}/,23.96,ok,
2026-10-04T20:42:53.637611+05:30,POST,POST /jobs/,23.24,ok,
2026-10-04T20:42:53.649617+05:30,GET,GET /health/,21.11,ok,
2026-10-04T20:42:53.654942+05:30,GET,GET /jobs/{id}/,23.42,ok,
2026-10-04T20:42:53.706817+05:30,POST,POST /jobs/,20.58,ok,
2026-10-04T20:42:53.761004+05:30,GET,GET /jobs/{id}/,19.86,ok,
2026-10-04T20:42:53.814773+05:30,GET,GET /jobs/{id}/,19.42,ok,
2026-10-04T20:42:53.841294+05:30,POST,POST /jobs/,20.21,ok,
2026-10-04T20:42:53.876959+05:30,GET,GET /health/,18.41,ok,
2026-10-04T20:42:53.895933+05:30,POST,POST /jobs/,24.33,ok,
2026-10-04T20:42:53.913251+05:30,GET,GET /jobs/{id}/,18.81,ok,
2026-10-04T20:42:53.961616+05:30,POST,POST /jobs/,21.01,ok,
2026-10-04T20:42:53.968018+05:30,GET,GET /health/,18.4,ok,
2026-10-04T20:42:54.004502+05:30,POST,POST /jobs/,23.17,ok,
2026-10-04T20:42:54.017264+05:30,GET,GET /jobs/{id}/,20.87,ok,
2026-10-04T20:42:54.028492+05:30,GET,GET /jobs/{id}/,22.59,ok,
2026-10-04T20:42:54.044214+05:30,POST,POST /jobs/,21.65,ok,
2026-10-04T20:42:54.098643+05:30,POST,POST /jobs/,21.13,ok,
2026-10-04T20:42:54.120044+05:30,GET,GET /jobs/{id}/,19.12,ok,
2026-10-04T20:42:54.160316+05:30,GET,GET /jobs/stats/,20.99,ok,
2026-10-04T20:42:54.167564+05:30,POST,POST /jobs/,21.05,ok,
2026-10-04T20:42:54.175342+05:30,GET,GET /jobs/{id}/,18.73,ok,
2026-10-04T20:42:54.187136+05:30,GET,GET /health/,18.34,ok,
2026-10-04T20:42:54.218412+05:30,GET,GET /jobs/{id}/,17.93,ok,
2026-10-04T20:42:54.303995+05:30,GET,GET /jobs/{id}/,18.26,ok,
2026-10-04T20:42:54.309974+05:30,GET,GET /health/,18.24,ok,
2026-10-04T20:42:54.337936+05:30,GET,GET /health/,20.54,ok,
2026-10-04T20:42:54.349712+05:30,GET,GET /health/,18.33,ok,
2026-10-04T20:42:54.357325+05:30,POST,POST /jobs/,23.7,ok,
2026-10-04T20:42:54.374874+05:30,POST,POST /jobs/,21.85,ok,
2026-10-04T20:42:54.380004+05:30,GET,GET /jobs/{id}/,19.4,ok,
2026-10-04T20:42:54.385583+05:30,GET,GET /jobs/{id}/,20.04,ok,
2026-10-04T20:42:54.406672+05:30,POST,POST /jobs/,20.92,ok,
2026-10-04T20:42:54.456988+05:30,GET,GET /health/,17.95,ok,
2026-10-04T20:42:54.508917+05:30,POST,POST /jobs/,20.62,ok,
2026-10-04T20:42:54.571330+05:30,GET,GET /jobs/{id}/,18.1,ok,
2026-10-04T20:42:54.578755+05:30,POST,POST /jobs/,22.49,ok,
2026-10-04T20:42:54.606900+05:30,POST,POST /jobs/,21.84,ok,
2026-10-04T20:42:54.613554+05:30,GET,GET /jobs/{id}/,20.54,ok,
2026-10-04T20:42:54.651994+05:30,GET,GET /health/,18.17,ok,
2026-10-04T20:42:54.661846+05:30,GET,GET /jobs/stats/,22.05,ok,
2026-10-04T20:42:54.669265+05:30,GET,GET /jobs/{id}/,18.4,ok,
2026-10-04T20:42:54.756270+05:30,POST,POST /jobs/,26.67,ok,
2026-10-04T20:42:54.760302+05:30,POST,POST /jobs/,26.64,ok,
2026-10-04T20:42:54.775066+05:30,GET,GET /jobs/{id}/,18.6,ok,
2026-10-04T20:42:54.793916+05:30,GET,GET /jobs/{id}/,18.69,ok,
2026-10-04T20:42:54.803259+05:30,GET,GET /jobs/{id}/,21.14,ok,
2026-10-04T20:42:54.840902+05:30,GET,GET /jobs/{id}/,20.11,ok,
2026-10-04T20:42:54.849056+05:30,GET,GET /jobs/{id}/,19.01,ok,
2026-10-04T20:42:54.871342+05:30,GET,GET /health/,18.04,ok,
2026-10-04T20:42:54.888347+05:30,GET,GET /jobs/{id}/,18.05,ok,
2026-10-04T20:42:54.928111+05:30,GET,GET /jobs/stats/,21.44,ok,
2026-10-04T20:42:54.934820+05:30,GET,GET /jobs/{id}/,18.14,ok,
2026-10-04T20:42:54.945799+05:30,GET,GET /health/,17.51,ok,
2026-10-04T20:42:54.994498+05:30,POST,POST /jobs/,20.4,ok,
2026-10-04T20:42:55.028434+05:30,POST,POST /jobs/,22.62,ok,
2026-10-04T20:42:55.098983+05:30,POST,POST /jobs/,24.2,ok,
2026-10-04T20:42:55.113132+05:30,POST,POST /jobs/,28.74,ok,
2026-10-04T20:42:55.130232+05:30,GET,GET /jobs/stats/,38.82,ok,
2026-10-04T20:42:55.155309+05:30,POST,POST /jobs/,47.98,ok,
2026-10-04T20:42:55.165914+05:30,GET,GET /health/,33.35,ok,
2026-10-04T20:42:55.166497+05:30,GET,GET /jobs/{id}/,41.98,ok,
2026-10-04T20:42:55.172524+05:30,GET,GET /jobs/stats/,50.05,ok,
2026-10-04T20:42:55.183075+05:30,GET,GET /jobs/{id}/,26.49,ok,
2026-10-04T20:42:55.192710+05:30,POST,POST /jobs/,23.94,ok,
2026-10-04T20:42:55.204283+05:30,POST,POST /jobs/,22.48,ok,
2026-10-04T20:42:55.228823+05:30,POST,POST /jobs/,25.76,ok,
2026-10-04T20:42:55.271944+05:30,GET,GET /health/,17.83,ok,
2026-10-04T20:42:55.300838+05:30,POST,POST /jobs/,25.54,ok,
2026-10-04T20:42:55.310151+05:30,GET,GET /jobs/{id}/,21.59,ok,
2026-10-04T20:42:55.320760+05:30,GET,GET /jobs/stats/,27.0,ok,
2026-10-04T20:42:55.322641+05:30,POST,POST /jobs/,23.65,ok,
2026-10-04T20:42:55.332271+05:30,POST,POST /jobs/,23.19,ok,
2026-10-04T20:42:55.379522+05:30,GET,GET /health/,18.98,ok,
2026-10-04T20:42:55.387872+05:30,GET,GET /jobs/{id}/,18.37,ok,
2026-10-04T20:42:55.424915+05:30,POST,POST /jobs/,23.74,ok,
2026-10-04T20:42:55.430240+05:30,GET,GET /jobs/{id}/,20.5,ok,
2026-10-04T20:42:55.498326+05:30,GET,GET /jobs/stats/,25.6,ok,
2026-10-04T20:42:55.499000+05:30,POST,POST /jobs/,24.33,ok,
2026-10-04T20:42:55.501996+05:30,POST,POST /jobs/,22.21,ok,
2026-10-04T20:42:55.510708+05:30,GET,GET /jobs/stats/,29.0,ok,
2026-10-04T20:42:55.609173+05:30,POST,POST /jobs/,21.14,ok,
2026-10-04T20:42:55.651962+05:30,GET,GET /health/,18.53,ok,
2026-10-04T20:42:55.658936+05:30,POST,POST /jobs/,21.49,ok,
2026-10-04T20:42:55.677347+05:30,GET,GET /jobs/{id}/,18.25,ok,
2026-10-04T20:42:55.694426+05:30,GET,GET /health/,18.18,ok,
2026-10-04T20:42:55.782167+05:30,GET,GET /jobs/{id}/,18.39,ok,
2026-10-04T20:42:55.792443+05:30,POST,POST /jobs/,21.43,ok,
2026-10-04T20:42:55.827397+05:30,GET,GET /jobs/{id}/,17.6,ok,
2026-10-04T20:42:55.846690+05:30,GET,GET /health/,18.06,ok,
2026-10-04T20:42:55.867785+05:30,POST,POST /jobs/,23.2,ok,
2026-10-04T20:42:55.874982+05:30,POST,POST /jobs/,29.64,ok,
2026-10-04T20:42:55.893941+05:30,POST,POST /jobs/,34.5,ok,
2026-10-04T20:42:55.900360+05:30,GET,GET /jobs/{id}/,34.26,ok,
2026-10-04T20:42:55.906607+05:30,GET,GET /jobs/{id}/,33.72,ok,
2026-10-04T20:42:55.928002+05:30,GET,GET /jobs/{id}/,19.16,ok,
2026-10-04T20:42:55.939685+05:30,GET,GET /jobs/stats/,19.94,ok,
2026-10-04T20:42:55.963930+05:30,GET,GET /jobs/{id}/,20.95,ok,
2026-10-04T20:42:55.980218+05:30,GET,GET /jobs/{id}/,20.85,ok,
2026-10-04T20:42:55.988949+05:30,POST,POST /jobs/,23.78,ok,
2026-10-04T20:42:55.995158+05:30,GET,GET /jobs/{id}/,18.95,ok,
2026-10-04T20:42:56.022644+05:30,GET,GET /jobs/{id}/,22.05,ok,
2026-10-04T20:42:56.059147+05:30,GET,GET /jobs/{id}/,18.02,ok,
2026-10-04T20:42:56.132520+05:30,GET,GET /health/,27.9,ok,
2026-10-04T20:42:56.148000+05:30,GET,GET /jobs/stats/,36.1,ok,
2026-10-04T20:42:56.148523+05:30,GET,GET /jobs/{id}/,31.45,ok,
2026-10-04T20:42:56.155314+05:30,GET,GET /jobs/{id}/,30.88,ok,
2026-10-04T20:42:56.162873+05:30,GET,GET /jobs/stats/,25.05,ok,
2026-10-04T20:42:56.169286+05:30,GET,GET /jobs/{id}/,19.54,ok,
2026-10-04T20:42:56.209902+05:30,GET,GET /jobs/{id}/,22.31,ok,
2026-10-04T20:42:56.253023+05:30,GET,GET /jobs/{id}/,17.81,ok,
2026-10-04T20:42:56.348566+05:30,GET,GET /jobs/{id}/,18.21,ok,
2026-10-04T20:42:56.360653+05:30,POST,POST /jobs/,23.54,ok,
2026-10-04T20:42:56.361148+05:30,GET,GET /jobs/stats/,28.85,ok,
2026-10-04T20:42:56.414395+05:30,POST,POST /jobs/,21.97,ok,
2026-10-04T20:42:56.455630+05:30,GET,GET /jobs/{id}/,18.74,ok,
2026-10-04T20:42:56.470505+05:30,POST,POST /jobs/,21.56,ok,
2026-10-04T20:42:56.506119+05:30,GET,GET /jobs/{id}/,17.99,ok,
2026-10-04T20:42:56.541744+05:30,GET,GET /jobs/{id}/,20.3,ok,
2026-10-04T20:42:56.556868+05:30,GET,GET /jobs/{id}/,19.35,ok,
2026-10-04T20:42:56.584012+05:30,GET,GET /jobs/{id}/,18.82,ok,
2026-10-04T20:42:56.607300+05:30,GET,GET /jobs/{id}/,20.99,ok,
2026-10-04T20:42:56.620445+05:30,GET,GET /jobs/{id}/,20.09,ok,
2026-10-04T20:42:56.621343+05:30,GET,GET /jobs/{id}/,20.52,ok,
2026-10-04T20:42:56.640732+05:30,GET,GET /jobs/stats/,20.14,ok,
2026-10-04T20:42:56.737953+05:30,GET,GET /jobs/{id}/,22.71,ok,
2026-10-04T20:42:56.754986+05:30,POST,POST /jobs/,22.63,ok,
2026-10-04T20:42:56.787480+05:30,GET,GET /jobs/{id}/,17.98,ok,
2026-10-04T20:42:56.811688+05:30,GET,GET /jobs/{id}/,17.92,ok,
2026-10-04T20:42:56.841872+05:30,GET,GET /jobs/{id}/,18.89,ok,
2026-10-04T20:42:56.842379+05:30,GET,GET /jobs/stats/,23.44,ok,
2026-10-04T20:42:56.875941+05:30,POST,POST /jobs/,21.28,ok,
2026-10-04T20:42:56.947325+05:30,GET,GET /jobs/{id}/,18.03,ok,
2026-10-04T20:42:56.970632+05:30,GET,GET /jobs/{id}/,21.04,ok,
2026-10-04T20:42:56.978829+05:30,GET,GET /jobs/stats/,27.28,ok,
2026-10-04T20:42:56.988559+05:30,POST,POST /jobs/,25.87,ok,
2026-10-04T20:42:56.989055+05:30,GET,GET /jobs/{id}/,23.18,ok,
2026-10-04T20:42:56.995447+05:30,GET,GET /jobs/{id}/,20.56,ok,
2026-10-04T20:42:57.009048+05:30,GET,GET /health/,18.81,ok,
2026-10-04T20:42:57.068706+05:30,GET,GET /jobs/stats/,22.22,ok,
2026-10-04T20:42:57.077570+05:30,POST,POST /jobs/,29.06,ok,
2026-10-04T20:42:57.086477+05:30,GET,GET /jobs/stats/,23.79,ok,
2026-10-04T20:42:57.088552+05:30,GET,GET /jobs/{id}/,19.65,ok,
2026-10-04T20:42:57.111395+05:30,GET,GET /jobs/{id}/,17.54,ok,
2026-10-04T20:42:57.146372+05:30,GET,GET /jobs/{id}/,17.65,ok,
2026-10-04T20:42:57.211646+05:30,POST,POST /jobs/,19.97,ok,
2026-10-04T20:42:57.251564+05:30,GET,GET /jobs/{id}/,18.41,ok,
2026-10-04T20:42:57.278215+05:30,GET,GET /jobs/{id}/,17.35,ok,
2026-10-04T20:42:57.289771+05:30,GET,GET /jobs/stats/,23.94,ok,
2026-10-04T20:42:57.311776+05:30,GET,GET /jobs/stats/,30.32,ok,
2026-10-04T20:42:57.312295+05:30,POST,POST /jobs/,30.35,ok,
2026-10-04T20:42:57.330712+05:30,GET,GET /jobs/{id}/,25.7,ok,
2026-10-04T20:42:57.331260+05:30,POST,POST /jobs/,28.18,ok,
2026-10-04T20:42:57.331618+05:30,GET,GET /jobs/{id}/,21.34,ok,
2026-10-04T20:42:57.361889+05:30,POST,POST /jobs/,20.98,ok,
2026-10-04T20:42:57.383728+05:30,GET,GET /jobs/{id}/,21.65,ok,
2026-10-04T20:42:57.384138+05:30,GET,GET /jobs/{id}/,26.21,ok,
2026-10-04T20:42:57.404048+05:30,GET,GET /jobs/stats/,21.68,ok,
2026-10-04T20:42:57.474884+05:30,POST,POST /jobs/,20.51,ok,
2026-10-04T20:42:57.477374+05:30,GET,GET /jobs/{id}/,19.0,ok,
2026-10-04T20:42:57.505831+05:30,GET,GET /jobs/{id}/,19.17,ok,
2026-10-04T20:42:57.512330+05:30,POST,POST /jobs/,24.76,ok,
2026-10-04T20:42:57.576243+05:30,GET,GET /jobs/{id}/,19.95,ok,
2026-10-04T20:42:57.576789+05:30,GET,GET /health/,21.09,ok,
2026-10-04T20:42:57.686476+05:30,GET,GET /jobs/stats/,21.41,ok,
2026-10-04T20:42:57.691471+05:30,POST,POST /jobs/,20.38,ok,
2026-10-04T20:42:57.742476+05:30,GET,GET /jobs/stats/,20.53,ok,
2026-10-04T20:42:57.774702+05:30,POST,POST /jobs/,20.91,ok,
2026-10-04T20:42:57.778551+05:30,GET,GET /jobs/{id}/,18.69,ok,
2026-10-04T20:42:57.801962+05:30,GET,GET /jobs/{id}/,18.16,ok,
2026-10-04T20:42:57.825001+05:30,GET,GET /jobs/{id}/,18.73,ok,
2026-10-04T20:42:57.875019+05:30,GET,GET /jobs/{id}/,17.72,ok,
2026-10-04T20:42:57.928345+05:30,GET,GET /jobs/{id}/,18.03,ok,
2026-10-04T20:42:57.958004+05:30,POST,POST /jobs/,22.31,ok,
2026-10-04T20:42:57.994469+05:30,GET,GET /jobs/stats/,25.17,ok,
2026-10-04T20:42:58.006238+05:30,GET,GET /jobs/{id}/,23.88,ok,
2026-10-04T20:42:58.009463+05:30,GET,GET /health/,25.14,ok,
2026-10-04T20:42:58.018388+05:30,GET,GET /jobs/stats/,28.99,ok,
2026-10-04T20:42:58.058804+05:30,GET,GET /jobs/{id}/,19.03,ok,
2026-10-04T20:42:58.063647+05:30,GET,GET /health/,19.8,ok,
2026-10-04T20:42:58.095512+05:30,POST,POST /jobs/,23.55,ok,
2026-10-04T20:42:58.108680+05:30,GET,GET /jobs/{id}/,20.63,ok,
2026-10-04T20:42:58.122843+05:30,POST,POST /jobs/,21.01,ok,
2026-10-04T20:42:58.157835+05:30,POST,POST /jobs/,25.69,ok,
2026-10-04T20:42:58.158933+05:30,GET,GET /jobs/stats/,26.23,ok,
2026-10-04T20:42:58.173841+05:30,POST,POST /jobs/,25.06,ok,
2026-10-04T20:42:58.187970+05:30,GET,GET /jobs/{id}/,19.73,ok,
2026-10-04T20:42:58.242711+05:30,POST,POST /jobs/,21.41,ok,
2026-10-04T20:42:58.289316+05:30,POST,POST /jobs/,22.29,ok,
2026-10-04T20:42:58.326286+05:30,POST,POST /jobs/,20.59,ok,
2026-10-04T20:42:58.383991+05:30,GET,GET /jobs/{id}/,20.67,ok,
2026-10-04T20:42:58.386181+05:30,POST,POST /jobs/,23.43,ok,
2026-10-04T20:42:58.432178+05:30,GET,GET /jobs/stats/,23.62,ok,
2026-10-04T20:42:58.448044+05:30,POST,POST /jobs/,25.48,ok,
2026-10-04T20:42:58.452638+05:30,GET,GET /health/,25.07,ok,
2026-10-04T20:42:58.474862+05:30,GET,GET /jobs/{id}/,18.93,ok,
2026-10-04T20:42:58.499820+05:30,GET,GET /jobs/{id}/,21.67,ok,
2026-10-04T20:42:58.506475+05:30,GET,GET /jobs/{id}/,17.35,ok,
2026-10-04T20:42:58.522133+05:30,GET,GET /health/,20.01,ok,
2026-10-04T20:42:58.530190+05:30,POST,POST /jobs/,19.46,ok,
2026-10-04T20:42:58.561115+05:30,GET,GET /jobs/{id}/,18.62,ok,
2026-10-04T20:42:58.571475+05:30,POST,POST /jobs/,25.9,ok,
2026-10-04T20:42:58.584322+05:30,GET,GET /jobs/stats/,21.98,ok,
2026-10-04T20:42:58.624072+05:30,GET,GET /jobs/{id}/,18.32,ok,
2026-10-04T20:42:58.626045+05:30,POST,POST /jobs/,23.34,ok,
2026-10-04T20:42:58.648455+05:30,GET,GET /jobs/{id}/,17.11,ok,
2026-10-04T20:42:58.738631+05:30,POST,POST /jobs/,24.83,ok,
2026-10-04T20:42:58.745295+05:30,GET,GET /jobs/{id}/,19.7,ok,
2026-10-04T20:42:58.756973+05:30,GET,GET /health/,22.46,ok,
2026-10-04T20:42:58.771049+05:30,POST,POST /jobs/,22.37,ok,
2026-10-04T20:42:58.774834+05:30,GET,GET /jobs/{id}/,18.99,ok,
2026-10-04T20:42:58.820544+05:30,GET,GET /jobs/{id}/,20.42,ok,
2026-10-04T20:42:58.837715+05:30,POST,POST /jobs/,22.5,ok,
2026-10-04T20:42:58.876008+05:30,GET,GET /jobs/{id}/,36.01,ok,
2026-10-04T20:42:58.882739+05:30,GET,GET /jobs/{id}/,30.54,ok,
2026-10-04T20:42:58.889500+05:30,POST,POST /jobs/,30.17,ok,
2026-10-04T20:42:58.899582+05:30,POST,POST /jobs/,22.3,ok,
2026-10-04T20:42:58.981691+05:30,GET,GET /jobs/{id}/,20.68,ok,
2026-10-04T20:42:58.982292+05:30,POST,POST /jobs/,24.39,ok,
2026-10-04T20:42:58.992059+05:30,POST,POST /jobs/,22.17,ok,
2026-10-04T20:42:59.033768+05:30,GET,GET /jobs/{id}/,23.4,ok,
2026-10-04T20:42:59.084239+05:30,GET,GET /jobs/{id}/,18.13,ok,
2026-10-04T20:42:59.093320+05:30,GET,GET /health/,19.16,ok,
2026-10-04T20:42:59.128692+05:30,POST,POST /jobs/,21.03,ok,
2026-10-04T20:42:59.146397+05:30,GET,GET /health/,17.55,ok,
2026-10-04T20:42:59.166398+05:30,GET,GET /jobs/{id}/,17.72,ok,
2026-10-04T20:42:59.185898+05:30,GET,GET /health/,19.37,ok,
2026-10-04T20:42:59.186940+05:30,GET,GET /health/,16.66,ok,
2026-10-04T20:42:59.197425+05:30,GET,GET /jobs/stats/,23.23,ok,
2026-10-04T20:42:59.224459+05:30,GET,GET /jobs/{id}/,18.68,ok,
2026-10-04T20:42:59.235539+05:30,GET,GET /health/,17.85,ok,
2026-10-04T20:42:59.263939+05:30,POST,POST /jobs/,23.12,ok,
2026-10-04T20:42:59.311233+05:30,POST,POST /jobs/,20.94,ok,
2026-10-04T20:42:59.330664+05:30,GET,GET /health/,18.13,ok,
2026-10-04T20:42:59.366905+05:30,POST,POST /jobs/,20.94,ok,
2026-10-04T20:42:59.375807+05:30,GET,GET /jobs/stats/,21.74,ok,
2026-10-04T20:42:59.391859+05:30,GET,GET /jobs/{id}/,20.68,ok,
2026-10-04T20:42:59.434507+05:30,GET,GET /jobs/stats/,21.37,ok,
2026-10-04T20:42:59.436650+05:30,GET,GET /jobs/{id}/,18.54,ok,
2026-10-04T20:42:59.537758+05:30,GET,GET /jobs/stats/,20.61,ok,
2026-10-04T20:42:59.584103+05:30,GET,GET /jobs/{id}/,18.03,ok,
2026-10-04T20:42:59.675392+05:30,GET,GET /jobs/{id}/,25.38,ok,
2026-10-04T20:42:59.675847+05:30,GET,GET /jobs/stats/,26.45,ok,
2026-10-04T20:42:59.683349+05:30,POST,POST /jobs/,23.24,ok,
2026-10-04T20:42:59.691141+05:30,GET,GET /jobs/{id}/,21.41,ok,
2026-10-04T20:42:59.719798+05:30,GET,GET /jobs/{id}/,18.32,ok,
2026-10-04T20:42:59.741093+05:30,GET,GET /jobs/{id}/,21.13,ok,
2026-10-04T20:42:59.751505+05:30,GET,GET /jobs/stats/,28.61,ok,
2026-10-04T20:42:59.753202+05:30,POST,POST /jobs/,28.47,ok,
2026-10-04T20:42:59.753584+05:30,GET,GET /health/,25.51,ok,
2026-10-04T20:42:59.761185+05:30,GET,GET /jobs/{id}/,24.01,ok,
2026-10-04T20:42:59.782498+05:30,POST,POST /jobs/,20.08,ok,
2026-10-04T20:42:59.791973+05:30,POST,POST /jobs/,22.68,ok,
2026-10-04T20:42:59.802757+05:30,GET,GET /jobs/{id}/,18.01,ok,
2026-10-04T20:42:59.811353+05:30,GET,GET /jobs/{id}/,17.09,ok,
2026-10-04T20:42:59.838721+05:30,POST,POST /jobs/,22.04,ok,
2026-10-04T20:42:59.839202+05:30,GET,GET /health/,20.59,ok,
2026-10-04T20:42:59.878762+05:30,GET,GET /health/,19.32,ok,
2026-10-04T20:42:59.894029+05:30,GET,GET /jobs/{id}/,18.61,ok,
2026-10-04T20:42:59.923923+05:30,POST,POST /jobs/,31.67,ok,
2026-10-04T20:43:00.013001+05:30,POST,POST /jobs/,86.75,ok,
2026-10-04T20:43:00.066266+05:30,POST,POST /jobs/,113.94,ok,
2026-10-04T20:43:00.072115+05:30,GET,GET /jobs/{id}/,107.73,ok,
2026-10-04T20:43:00.116695+05:30,GET,GET /jobs/{id}/,145.88,ok,
2026-10-04T20:43:00.135296+05:30,GET,GET /health/,192.64,ok,
2026-10-04T20:43:00.136231+05:30,GET,GET /health/,198.8,ok,
2026-10-04T20:43:00.140439+05:30,GET,GET /jobs/stats/,120.77,ok,
2026-10-04T20:43:00.143873+05:30,GET,GET /jobs/{id}/,105.5,ok,
2026-10-04T20:43:00.165661+05:30,POST,POST /jobs/,145.03,ok,
2026-10-04T20:43:00.214402+05:30,GET,GET /jobs/{id}/,109.58,ok,
2026-10-04T20:43:00.216217+05:30,GET,GET /jobs/stats/,94.04,ok,
2026-10-04T20:43:00.217188+05:30,POST,POST /jobs/,88.8,ok,
2026-10-04T20:43:00.226832+05:30,GET,GET /jobs/{id}/,83.67,ok,
2026-10-04T20:43:00.299372+05:30,POST,POST /jobs/,100.64,ok,
2026-10-04T20:43:00.322530+05:30,POST,POST /jobs/,107.04,ok,
2026-10-04T20:43:00.327882+05:30,GET,GET /jobs/{id}/,108.79,ok,
2026-10-04T20:43:00.366410+05:30,POST,POST /jobs/,122.26,ok,
2026-10-04T20:43:00.368264+05:30,POST,POST /jobs/,88.83,ok,
2026-10-04T20:43:00.399946+05:30,GET,GET /health/,157.8,ok,
2026-10-04T20:43:00.400866+05:30,POST,POST /jobs/,89.69,ok,
2026-10-04T20:43:00.401831+05:30,GET,GET /health/,128.52,ok,
2026-10-04T20:43:00.410664+05:30,GET,GET /jobs/{id}/,84.31,ok,
2026-10-04T20:43:00.419141+05:30,GET,GET /jobs/{id}/,31.71,ok,
2026-10-04T20:43:00.499380+05:30,POST,POST /jobs/,21.91,ok,
2026-10-04T20:43:00.499845+05:30,GET,GET /jobs/stats/,26.42,ok,
2026-10-04T20:43:00.519540+05:30,GET,GET /health/,18.51,ok,
2026-10-04T20:43:00.536285+05:30,GET,GET /jobs/{id}/,18.37,ok,
2026-10-04T20:43:00.605432+05:30,GET,GET /health/,19.78,ok,
2026-10-04T20:43:00.608040+05:30,POST,POST /jobs/,25.43,ok,
2026-10-04T20:43:00.623577+05:30,GET,GET /jobs/{id}/,21.76,ok,
2026-10-04T20:43:00.645025+05:30,GET,GET /jobs/stats/,20.22,ok,
2026-10-04T20:43:00.668911+05:30,POST,POST /jobs/,21.59,ok,
2026-10-04T20:43:00.786134+05:30,GET,GET /jobs/{id}/,20.85,ok,
2026-10-04T20:43:00.793890+05:30,POST,POST /jobs/,26.57,ok,
2026-10-04T20:43:00.794359+05:30,GET,GET /jobs/{id}/,21.99,ok,
2026-10-04T20:43:00.812934+05:30,GET,GET /jobs/{id}/,17.34,ok,
2026-10-04T20:43:00.856981+05:30,GET,GET /jobs/stats/,23.62,ok,
2026-10-04T20:43:00.859640+05:30,GET,GET /jobs/{id}/,22.01,ok,
2026-10-04T20:43:00.872482+05:30,GET,GET /jobs/{id}/,20.46,ok,
2026-10-04T20:43:00.919910+05:30,GET,GET /jobs/{id}/,19.41,ok,
2026-10-04T20:43:00.920739+05:30,GET,GET /jobs/stats/,22.98,ok,
2026-10-04T20:43:00.923170+05:30,GET,GET /jobs/{id}/,18.48,ok,
2026-10-04T20:43:01.007009+05:30,GET,GET /jobs/{id}/,58.54,ok,
2026-10-04T20:43:01.014313+05:30,GET,GET /jobs/{id}/,61.82,ok,
2026-10-04T20:43:01.015631+05:30,GET,GET /jobs/{id}/,63.79,ok,
2026-10-04T20:43:01.016221+05:30,GET,GET /jobs/{id}/,50.23,ok,
2026-10-04T20:43:01.020662+05:30,GET,GET /jobs/{id}/,73.02,ok,
2026-10-04T20:43:01.067221+05:30,POST,POST /jobs/,103.19,ok,
2026-10-04T20:43:01.069580+05:30,GET,GET /jobs/stats/,100.07,ok,
2026-10-04T20:43:01.097811+05:30,POST,POST /jobs/,67.83,ok,
2026-10-04T20:43:01.117634+05:30,POST,POST /jobs/,33.66,ok,
2026-10-04T20:43:01.128916+05:30,POST,POST /jobs/,26.81,ok,
2026-10-04T20:43:01.165112+05:30,GET,GET /jobs/{id}/,24.82,ok,
2026-10-04T20:43:01.178217+05:30,POST,POST /jobs/,26.74,ok,
2026-10-04T20:43:01.218917+05:30,GET,GET /jobs/{id}/,20.39,ok,
2026-10-04T20:43:01.232850+05:30,GET,GET /jobs/{id}/,19.22,ok,
2026-10-04T20:43:01.251684+05:30,GET,GET /health/,31.51,ok,
2026-10-04T20:43:01.260900+05:30,GET,GET /jobs/{id}/,26.74,ok,
2026-10-04T20:43:01.304920+05:30,GET,GET /jobs/stats/,24.7,ok,
2026-10-04T20:43:01.310030+05:30,GET,GET /jobs/{id}/,19.85,ok,
2026-10-04T20:43:01.347831+05:30,GET,GET /jobs/{id}/,19.24,ok,
2026-10-04T20:43:01.367111+05:30,POST,POST /jobs/,26.1,ok,
2026-10-04T20:43:01.375782+05:30,GET,GET /jobs/{id}/,19.65,ok,
2026-10-04T20:43:01.493644+05:30,GET,GET /jobs/{id}/,19.48,ok,
2026-10-04T20:43:01.519873+05:30,GET,GET /jobs/{id}/,18.9,ok,
2026-10-04T20:43:01.607706+05:30,GET,GET /jobs/{id}/,19.46,ok,
2026-10-04T20:43:01.644995+05:30,POST,POST /jobs/,29.9,ok,
2026-10-04T20:43:01.679295+05:30,GET,GET /jobs/{id}/,32.65,ok,
2026-10-04T20:43:01.697746+05:30,GET,GET /jobs/{id}/,45.1,ok,
2026-10-04T20:43:01.708580+05:30,GET,GET /jobs/{id}/,38.64,ok,
2026-10-04T20:43:01.712998+05:30,GET,GET /jobs/{id}/,47.24,ok,
2026-10-04T20:43:01.722361+05:30,GET,GET /jobs/stats/,40.49,ok,
2026-10-04T20:43:01.734851+05:30,GET,GET /health/,27.82,ok,
2026-10-04T20:43:01.750975+05:30,GET,GET /jobs/{id}/,34.6,ok,
2026-10-04T20:43:01.820001+05:30,GET,GET /jobs/{id}/,38.26,ok,
2026-10-04T20:43:01.823127+05:30,GET,GET /jobs/{id}/,37.62,ok,
2026-10-04T20:43:01.833654+05:30,GET,GET /jobs/{id}/,27.85,ok,
2026-10-04T20:43:01.861994+05:30,GET,GET /jobs/{id}/,26.89,ok,
2026-10-04T20:43:01.893589+05:30,GET,GET /jobs/{id}/,32.63,ok,
2026-10-04T20:43:01.913306+05:30,POST,POST /jobs/,30.67,ok,
2026-10-04T20:43:01.919849+05:30,GET,GET /jobs/{id}/,33.74,ok,
2026-10-04T20:43:01.928814+05:30,GET,GET /jobs/{id}/,37.07,ok,
2026-10-04T20:43:01.943188+05:30,GET,GET /jobs/{id}/,38.5,ok,
2026-10-04T20:43:01.962943+05:30,GET,GET /jobs/{id}/,35.56,ok,
2026-10-04T20:43:01.963843+05:30,POST,POST /jobs/,45.15,ok,
2026-10-04T20:43:01.971245+05:30,GET,GET /jobs/{id}/,35.43,ok,
2026-10-04T20:43:01.972484+05:30,GET,GET /jobs/{id}/,38.88,ok,
2026-10-04T20:43:02.023390+05:30,GET,GET /jobs/{id}/,41.54,ok,
2026-10-04T20:43:02.029673+05:30,GET,GET /jobs/{id}/,34.04,ok,
2026-10-04T20:43:02.036179+05:30,GET,GET /jobs/{id}/,44.0,ok,
2026-10-04T20:43:02.060767+05:30,POST,POST /jobs/,36.04,ok,
2026-10-04T20:43:02.183873+05:30,GET,GET /jobs/{id}/,41.28,ok,
2026-10-04T20:43:02.206290+05:30,GET,GET /jobs/{id}/,27.56,ok,
2026-10-04T20:43:02.236046+05:30,GET,GET /jobs/{id}/,30.84,ok,
2026-10-04T20:43:02.243221+05:30,GET,GET /health/,34.34,ok,
2026-10-04T20:43:02.278664+05:30,POST,POST /jobs/,42.39,ok,
2026-10-04T20:43:02.279260+05:30,POST,POST /jobs/,44.6,ok,
2026-10-04T20:43:02.302784+05:30,POST,POST /jobs/,52.62,ok,
2026-10-04T20:43:02.303430+05:30,GET,GET /jobs/{id}/,53.84,ok,
2026-10-04T20:43:02.303824+05:30,GET,GET /jobs/{id}/,36.38,ok,
2026-10-04T20:43:02.322963+05:30,GET,GET /jobs/{id}/,36.69,ok,
2026-10-04T20:43:02.323470+05:30,POST,POST /jobs/,37.95,ok,
2026-10-04T20:43:02.333092+05:30,GET,GET /jobs/{id}/,38.18,ok,
2026-10-04T20:43:02.371665+05:30,GET,GET /jobs/{id}/,45.3,ok,
2026-10-04T20:43:02.374700+05:30,GET,GET /health/,51.13,ok,
2026-10-04T20:43:02.395299+05:30,POST,POST /jobs/,37.78,ok,
2026-10-04T20:43:02.402233+05:30,POST,POST /jobs/,59.82,ok,
2026-10-04T20:43:02.413318+05:30,POST,POST /jobs/,24.3,ok,
2026-10-04T20:43:02.488769+05:30,POST,POST /jobs/,33.67,ok,
2026-10-04T20:43:02.495686+05:30,POST,POST /jobs/,51.04,ok,
2026-10-04T20:43:02.499694+05:30,GET,GET /jobs/stats/,32.13,ok,
2026-10-04T20:43:02.503802+05:30,POST,POST /jobs/,38.31,ok,
2026-10-04T20:43:02.545464+05:30,GET,GET /jobs/{id}/,23.16,ok,
2026-10-04T20:43:02.549781+05:30,POST,POST /jobs/,23.47,ok,
2026-10-04T20:43:02.598808+05:30,POST,POST /jobs/,23.36,ok,
2026-10-04T20:43:02.624109+05:30,GET,GET /jobs/{id}/,20.95,ok,
2026-10-04T20:43:02.639400+05:30,POST,POST /jobs/,27.42,ok,
2026-10-04T20:43:02.639868+05:30,GET,GET /jobs/{id}/,23.8,ok,
2026-10-04T20:43:02.657249+05:30,POST,POST /jobs/,26.81,ok,
2026-10-04T20:43:02.715339+05:30,GET,GET /jobs/{id}/,20.72,ok,
2026-10-04T20:43:02.756030+05:30,POST,POST /jobs/,22.36,ok,
2026-10-04T20:43:02.836765+05:30,GET,GET /jobs/{id}/,19.39,ok,
2026-10-04T20:43:02.842814+05:30,GET,GET /jobs/{id}/,20.32,ok,
2026-10-04T20:43:02.956170+05:30,POST,POST /jobs/,22.22,ok,
2026-10-04T20:43:02.964234+05:30,GET,GET /jobs/stats/,22.29,ok,
2026-10-04T20:43:03.003263+05:30,GET,GET /jobs/{id}/,18.66,ok,
2026-10-04T20:43:03.011126+05:30,POST,POST /jobs/,23.51,ok,
2026-10-04T20:43:03.025792+05:30,GET,GET /jobs/{id}/,28.25,ok,
2026-10-04T20:43:03.054297+05:30,POST,POST /jobs/,25.23,ok,
2026-10-04T20:43:03.059499+05:30,POST,POST /jobs/,25.41,ok,
2026-10-04T20:43:03.086879+05:30,GET,GET /jobs/{id}/,22.05,ok,
2026-10-04T20:43:03.115744+05:30,GET,GET /jobs/stats/,28.68,ok,
2026-10-04T20:43:03.125599+05:30,GET,GET /jobs/stats/,27.47,ok,
2026-10-04T20:43:03.126133+05:30,POST,POST /jobs/,27.52,ok,
2026-10-04T20:43:03.137031+05:30,POST,POST /jobs/,26.33,ok,
2026-10-04T20:43:03.190897+05:30,GET,GET /health/,18.61,ok,
2026-10-04T20:43:03.232000+05:30,GET,GET /jobs/{id}/,21.71,ok,
2026-10-04T20:43:03.247149+05:30,POST,POST /jobs/,26.76,ok,
2026-10-04T20:43:03.275868+05:30,GET,GET /jobs/{id}/,33.53,ok,
2026-10-04T20:43:03.295382+05:30,GET,GET /jobs/{id}/,38.85,ok,
2026-10-04T20:43:03.324047+05:30,GET,GET /jobs/stats/,24.4,ok,
2026-10-04T20:43:03.345726+05:30,GET,GET /health/,18.4,ok,
2026-10-04T20:43:03.382628+05:30,POST,POST /jobs/,21.57,ok,
2026-10-04T20:43:03.431866+05:30,POST,POST /jobs/,24.92,ok,
2026-10-04T20:43:03.439824+05:30,POST,POST /jobs/,30.14,ok,
2026-10-04T20:43:03.458780+05:30,POST,POST /jobs/,29.62,ok,
2026-10-04T20:43:03.469011+05:30,GET,GET /jobs/stats/,25.95,ok,
2026-10-04T20:43:03.501501+05:30,GET,GET /health/,19.15,ok,
2026-10-04T20:43:03.529575+05:30,POST,POST /jobs/,21.76,ok,
2026-10-04T20:43:03.542437+05:30,GET,GET /jobs/{id}/,19.43,ok,
2026-10-04T20:43:03.566885+05:30,GET,GET /jobs/{id}/,36.03,ok,
2026-10-04T20:43:03.583815+05:30,GET,GET /health/,24.1,ok,
2026-10-04T20:43:03.587443+05:30,POST,POST /jobs/,26.93,ok,
2026-10-04T20:43:03.614768+05:30,POST,POST /jobs/,21.01,ok,
2026-10-04T20:43:03.654717+05:30,POST,POST /jobs/,22.61,ok,
2026-10-04T20:43:03.655185+05:30,GET,GET /health/,19.06,ok,
2026-10-04T20:43:03.678249+05:30,GET,GET /jobs/{id}/,19.84,ok,
2026-10-04T20:43:03.731519+05:30,GET,GET /jobs/stats/,23.98,ok,
2026-10-04T20:43:03.756206+05:30,GET,GET /jobs/{id}/,18.87,ok,
2026-10-04T20:43:03.756785+05:30,GET,GET /health/,20.0,ok,
2026-10-04T20:43:03.838244+05:30,POST,POST /jobs/,24.85,ok,
2026-10-04T20:43:03.855945+05:30,GET,GET /jobs/stats/,23.44,ok,
2026-10-04T20:43:03.880072+05:30,POST,POST /jobs/,21.77,ok,
2026-10-04T20:43:03.941930+05:30,GET,GET /jobs/{id}/,18.5,ok,
2026-10-04T20:43:03.963172+05:30,POST,POST /jobs/,19.95,ok,
2026-10-04T20:43:04.030843+05:30,GET,GET /jobs/{id}/,20.36,ok,
2026-10-04T20:43:04.049478+05:30,GET,GET /jobs/{id}/,23.96,ok,
2026-10-04T20:43:04.049921+05:30,POST,POST /jobs/,28.43,ok,
2026-10-04T20:43:04.064240+05:30,POST,POST /jobs/,25.1,ok,
2026-10-04T20:43:04.075493+05:30,POST,POST /jobs/,24.37,ok,
2026-10-04T20:43:04.090342+05:30,POST,POST /jobs/,22.5,ok,
2026-10-04T20:43:04.091295+05:30,GET,GET /jobs/stats/,29.33,ok,
2026-10-04T20:43:04.111012+05:30,POST,POST /jobs/,20.49,ok,
2026-10-04T20:43:04.137000+05:30,GET,GET /jobs/{id}/,25.36,ok,
2026-10-04T20:43:04.139361+05:30,POST,POST /jobs/,28.19,ok,
2026-10-04T20:43:04.162636+05:30,GET,GET /jobs/{id}/,41.83,ok,
2026-10-04T20:43:04.170113+05:30,POST,POST /jobs/,45.36,ok,
2026-10-04T20:43:04.174037+05:30,GET,GET /jobs/{id}/,32.4,ok,
2026-10-04T20:43:04.180521+05:30,GET,GET /jobs/stats/,38.14,ok,
2026-10-04T20:43:04.182772+05:30,GET,GET /jobs/{id}/,35.91,ok,
2026-10-04T20:43:04.195387+05:30,GET,GET /jobs/{id}/,46.09,ok,
2026-10-04T20:43:04.219371+05:30,GET,GET /health/,20.3,ok,
2026-10-04T20:43:04.256517+05:30,GET,GET /jobs/{id}/,18.71,ok,
2026-10-04T20:43:04.259669+05:30,POST,POST /jobs/,21.43,ok,
2026-10-04T20:43:04.297242+05:30,GET,GET /jobs/{id}/,20.09,ok,
2026-10-04T20:43:04.363633+05:30,GET,GET /health/,20.1,ok,
2026-10-04T20:43:04.377454+05:30,GET,GET /jobs/{id}/,20.83,ok,
2026-10-04T20:43:04.383413+05:30,POST,POST /jobs/,26.04,ok,
2026-10-04T20:43:04.395727+05:30,GET,GET /jobs/{id}/,20.29,ok,
2026-10-04T20:43:04.463052+05:30,POST,POST /jobs/,22.01,ok,
2026-10-04T20:43:04.471203+05:30,GET,GET /jobs/{id}/,21.54,ok,
2026-10-04T20:43:04.484708+05:30,GET,GET /jobs/{id}/,22.99,ok,
2026-10-04T20:43:04.544631+05:30,POST,POST /jobs/,21.58,ok,
2026-10-04T20:43:04.584779+05:30,GET,GET /jobs/{id}/,18.84,ok,
2026-10-04T20:43:04.618856+05:30,GET,GET /health/,18.8,ok,
2026-10-04T20:43:04.688918+05:30,GET,GET /jobs/{id}/,20.55,ok,
2026-10-04T20:43:04.704352+05:30,GET,GET /jobs/{id}/,20.55,ok,
2026-10-04T20:43:04.707115+05:30,POST,POST /jobs/,27.51,ok,
2026-10-04T20:43:04.713444+05:30,POST,POST /jobs/,22.26,ok,
2026-10-04T20:43:04.722388+05:30,GET,GET /jobs/{id}/,22.05,ok,
2026-10-04T20:43:04.732067+05:30,POST,POST /jobs/,26.13,ok,
2026-10-04T20:43:04.748988+05:30,POST,POST /jobs/,27.65,ok,
2026-10-04T20:43:04.768831+05:30,GET,GET /jobs/{id}/,24.44,ok,
2026-10-04T20:43:04.793615+05:30,GET,GET /jobs/{id}/,36.14,ok,
2026-10-04T20:43:04.795674+05:30,GET,GET /health/,40.3,ok,
2026-10-04T20:43:04.796118+05:30,POST,POST /jobs/,42.8,ok,
2026-10-04T20:43:04.833910+05:30,GET,GET /jobs/stats/,20.55,ok,
2026-10-04T20:43:04.862529+05:30,POST,POST /jobs/,23.32,ok,
2026-10-04T20:43:04.865663+05:30,GET,GET /jobs/{id}/,23.47,ok,
2026-10-04T20:43:04.877700+05:30,POST,POST /jobs/,23.98,ok,
2026-10-04T20:43:04.907108+05:30,POST,POST /jobs/,26.1,ok,
2026-10-04T20:43:05.012092+05:30,GET,GET /jobs/stats/,21.66,ok,
2026-10-04T20:43:05.031209+05:30,GET,GET /jobs/{id}/,17.8,ok,
2026-10-04T20:43:05.061287+05:30,GET,GET /health/,18.76,ok,
2026-10-04T20:43:05.186798+05:30,GET,GET /jobs/stats/,28.96,ok,
2026-10-04T20:43:05.249936+05:30,GET,GET /jobs/{id}/,17.85,ok,
2026-10-04T20:43:05.279168+05:30,GET,GET /jobs/{id}/,17.94,ok,
2026-10-04T20:43:05.305576+05:30,GET,GET /health/,18.16,ok,
2026-10-04T20:43:05.312541+05:30,GET,GET /health/,18.18,ok,
2026-10-04T20:43:05.322787+05:30,GET,GET /health/,18.47,ok,
2026-10-04T20:43:05.378512+05:30,POST,POST /jobs/,20.24,ok,
2026-10-04T20:43:05.409199+05:30,POST,POST /jobs/,20.35,ok,
2026-10-04T20:43:05.421223+05:30,GET,GET /jobs/{id}/,19.26,ok,
2026-10-04T20:43:05.452965+05:30,POST,POST /jobs/,22.44,ok,
2026-10-04T20:43:05.474061+05:30,GET,GET /jobs/{id}/,22.47,ok,
2026-10-04T20:43:05.480518+05:30,GET,GET /jobs/{id}/,23.94,ok,
2026-10-04T20:43:05.497718+05:30,POST,POST /jobs/,21.37,ok,
2026-10-04T20:43:05.511257+05:30,POST,POST /jobs/,22.35,ok,
2026-10-04T20:43:05.544151+05:30,POST,POST /jobs/,25.23,ok,
2026-10-04T20:43:05.562038+05:30,GET,GET /jobs/{id}/,25.78,ok,
2026-10-04T20:43:05.566797+05:30,GET,GET /jobs/{id}/,24.05,ok,
2026-10-04T20:43:05.612344+05:30,POST,POST /jobs/,20.22,ok,
2026-10-04T20:43:05.624348+05:30,GET,GET /jobs/{id}/,19.09,ok,
2026-10-04T20:43:05.662486+05:30,POST,POST /jobs/,20.76,ok,
2026-10-04T20:43:05.698653+05:30,POST,POST /jobs/,22.69,ok,
2026-10-04T20:43:05.710560+05:30,POST,POST /jobs/,26.42,ok,
2026-10-04T20:43:05.716907+05:30,POST,POST /jobs/,25.46,ok,
2026-10-04T20:43:05.733433+05:30,POST,POST /jobs/,29.44,ok,
2026-10-04T20:43:05.742020+05:30,POST,POST /jobs/,32.57,ok,
2026-10-04T20:43:05.761927+05:30,POST,POST /jobs/,29.91,ok,
2026-10-04T20:43:05.762418+05:30,GET,GET /jobs/stats/,28.83,ok,
2026-10-04T20:43:05.785732+05:30,GET,GET /jobs/stats/,20.09,ok,
2026-10-04T20:43:05.810797+05:30,GET,GET /jobs/{id}/,17.75,ok,
2026-10-04T20:43:05.840513+05:30,GET,GET /jobs/{id}/,21.29,ok,
2026-10-04T20:43:05.854853+05:30,POST,POST /jobs/,24.7,ok,
2026-10-04T20:43:05.869446+05:30,GET,GET /jobs/stats/,22.65,ok,
2026-10-04T20:43:05.909455+05:30,GET,GET /jobs/{id}/,19.49,ok,
2026-10-04T20:43:05.925374+05:30,GET,GET /health/,20.43,ok,
2026-10-04T20:43:05.938546+05:30,GET,GET /jobs/{id}/,20.73,ok,
2026-10-04T20:43:05.942641+05:30,POST,POST /jobs/,22.48,ok,
2026-10-04T20:43:05.968428+05:30,GET,GET /jobs/stats/,28.39,ok,
2026-10-04T20:43:05.978791+05:30,GET,GET /jobs/{id}/,20.49,ok,
2026-10-04T20:43:05.997017+05:30,GET,GET /jobs/{id}/,19.23,ok,
2026-10-04T20:43:06.037684+05:30,GET,GET /jobs/{id}/,22.17,ok,
2026-10-04T20:43:06.061677+05:30,POST,POST /jobs/,30.81,ok,
2026-10-04T20:43:06.072446+05:30,POST,POST /jobs/,34.43,ok,
2026-10-04T20:43:06.076881+05:30,GET,GET /health/,34.95,ok,
2026-10-04T20:43:06.077813+05:30,GET,GET /jobs/{id}/,29.04,ok,
2026-10-04T20:43:06.079342+05:30,POST,POST /jobs/,33.46,ok,
2026-10-04T20:43:06.100445+05:30,GET,GET /jobs/{id}/,47.99,ok,
2026-10-04T20:43:06.107825+05:30,POST,POST /jobs/,59.91,ok,
2026-10-04T20:43:06.114821+05:30,GET,GET /jobs/{id}/,33.23,ok,
2026-10-04T20:43:06.134220+05:30,GET,GET /jobs/stats/,32.62,ok,
2026-10-04T20:43:06.162099+05:30,GET,GET /jobs/{id}/,41.96,ok,
2026-10-04T20:43:06.171301+05:30,GET,GET /jobs/stats/,50.56,ok,
2026-10-04T20:43:06.171817+05:30,GET,GET /jobs/{id}/,45.32,ok,
2026-10-04T20:43:06.184263+05:30,GET,GET /jobs/{id}/,44.68,ok,
2026-10-04T20:43:06.210483+05:30,GET,GET /jobs/{id}/,17.87,ok,
2026-10-04T20:43:06.219644+05:30,GET,GET /jobs/{id}/,21.94,ok,
2026-10-04T20:43:06.266547+05:30,GET,GET /jobs/{id}/,18.59,ok,
2026-10-04T20:43:06.376066+05:30,POST,POST /jobs/,21.97,ok,
2026-10-04T20:43:06.437845+05:30,GET,GET /health/,19.48,ok,
2026-10-04T20:43:06.487612+05:30,POST,POST /jobs/,21.47,ok,
2026-10-04T20:43:06.507892+05:30,GET,GET /health/,18.05,ok,
2026-10-04T20:43:06.513367+05:30,GET,GET /jobs/{id}/,19.6,ok,
2026-10-04T20:43:06.520456+05:30,GET,GET /jobs/{id}/,20.52,ok,
2026-10-04T20:43:06.540872+05:30,GET,GET /health/,27.05,ok,
2026-10-04T20:43:06.542037+05:30,POST,POST /jobs/,29.82,ok,
2026-10-04T20:43:06.562693+05:30,GET,GET /jobs/stats/,40.97,ok,
2026-10-04T20:43:06.567813+05:30,GET,GET /health/,45.5,ok,
2026-10-04T20:43:06.610091+05:30,GET,GET /jobs/{id}/,66.76,ok,
2026-10-04T20:43:06.613439+05:30,POST,POST /jobs/,28.3,ok,
2026-10-04T20:43:06.619191+05:30,GET,GET /jobs/{id}/,24.8,ok,
2026-10-04T20:43:06.619807+05:30,GET,GET /jobs/{id}/,29.53,ok,
2026-10-04T20:43:06.653092+05:30,GET,GET /jobs/{id}/,21.01,ok,
2026-10-04T20:43:06.672766+05:30,POST,POST /jobs/,24.22,ok,
2026-10-04T20:43:06.704752+05:30,POST,POST /jobs/,24.68,ok,
2026-10-04T20:43:06.715729+05:30,GET,GET /jobs/stats/,23.35,ok,
2026-10-04T20:43:06.764054+05:30,GET,GET /jobs/{id}/,20.79,ok,
2026-10-04T20:43:06.781033+05:30,POST,POST /jobs/,21.64,ok,
2026-10-04T20:43:06.785183+05:30,GET,GET /jobs/{id}/,19.81,ok,
2026-10-04T20:43:06.826815+05:30,GET,GET /jobs/stats/,23.32,ok,
2026-10-04T20:43:06.836995+05:30,GET,GET /jobs/{id}/,21.52,ok,
2026-10-04T20:43:06.873051+05:30,GET,GET /health/,20.82,ok,
2026-10-04T20:43:06.886094+05:30,GET,GET /jobs/{id}/,20.63,ok,
2026-10-04T20:43:06.893437+05:30,GET,GET /jobs/{id}/,20.19,ok,
2026-10-04T20:43:06.897842+05:30,GET,GET /health/,22.77,ok,
2026-10-04T20:43:06.904313+05:30,POST,POST /jobs/,26.18,ok,
2026-10-04T20:43:06.918279+05:30,POST,POST /jobs/,30.91,ok,
2026-10-04T20:43:06.938785+05:30,GET,GET /jobs/{id}/,29.12,ok,
2026-10-04T20:43:06.941059+05:30,POST,POST /jobs/,28.51,ok,
2026-10-04T20:43:07.001705+05:30,GET,GET /health/,20.35,ok,
2026-10-04T20:43:07.007274+05:30,POST,POST /jobs/,21.36,ok,
2026-10-04T20:43:07.015155+05:30,GET,GET /health/,21.23,ok,
2026-10-04T20:43:07.025287+05:30,GET,GET /jobs/{id}/,20.21,ok,
2026-10-04T20:43:07.054346+05:30,GET,GET /jobs/stats/,21.7,ok,
2026-10-04T20:43:07.063984+05:30,GET,GET /jobs/{id}/,18.33,ok,
2026-10-04T20:43:07.096696+05:30,GET,GET /jobs/{id}/,18.4,ok,
2026-10-04T20:43:07.105496+05:30,GET,GET /jobs/{id}/,19.17,ok,
2026-10-04T20:43:07.164891+05:30,GET,GET /jobs/{id}/,18.12,ok,
2026-10-04T20:43:07.193631+05:30,GET,GET /jobs/{id}/,18.41,ok,
2026-10-04T20:43:07.194485+05:30,GET,GET /health/,17.24,ok,
2026-10-04T20:43:07.241574+05:30,GET,GET /jobs/{id}/,18.48,ok,
2026-10-04T20:43:07.280959+05:30,POST,POST /jobs/,20.08,ok,
2026-10-04T20:43:07.327495+05:30,GET,GET /jobs/{id}/,19.17,ok,
2026-10-04T20:43:07.334934+05:30,GET,GET /jobs/stats/,26.02,ok,
2026-10-04T20:43:07.356636+05:30,GET,GET /jobs/{id}/,22.83,ok,
2026-10-04T20:43:07.366994+05:30,POST,POST /jobs/,26.45,ok,
2026-10-04T20:43:07.375832+05:30,GET,GET /jobs/{id}/,25.46,ok,
2026-10-04T20:43:07.376333+05:30,GET,GET /jobs/{id}/,26.65,ok,
2026-10-04T20:43:07.386757+05:30,GET,GET /jobs/{id}/,20.96,ok,
2026-10-04T20:43:07.438176+05:30,POST,POST /jobs/,22.11,ok,
2026-10-04T20:43:07.442818+05:30,GET,GET /jobs/{id}/,23.63,ok,
2026-10-04T20:43:07.446905+05:30,GET,GET /jobs/{id}/,23.42,ok,
2026-10-04T20:43:07.461698+05:30,GET,GET /jobs/{id}/,26.85,ok,
2026-10-04T20:43:07.479520+05:30,GET,GET /jobs/{id}/,32.43,ok,
2026-10-04T20:43:07.480152+05:30,POST,POST /jobs/,29.13,ok,
2026-10-04T20:43:07.481832+05:30,GET,GET /jobs/{id}/,24.92,ok,
2026-10-04T20:43:07.512176+05:30,POST,POST /jobs/,21.07,ok,
2026-10-04T20:43:07.599970+05:30,POST,POST /jobs/,22.47,ok,
2026-10-04T20:43:07.609297+05:30,POST,POST /jobs/,21.76,ok,
2026-10-04T20:43:07.647468+05:30,POST,POST /jobs/,24.85,ok,
2026-10-04T20:43:07.695761+05:30,POST,POST /jobs/,62.81,ok,
2026-10-04T20:43:07.696463+05:30,POST,POST /jobs/,61.44,ok,
2026-10-04T20:43:07.710695+05:30,POST,POST /jobs/,63.04,ok,
2026-10-04T20:43:07.711972+05:30,GET,GET /jobs/{id}/,56.85,ok,
2026-10-04T20:43:07.722051+05:30,POST,POST /jobs/,69.31,ok,
2026-10-04T20:43:07.722484+05:30,GET,GET /health/,43.97,ok,
2026-10-04T20:43:07.767754+05:30,GET,GET /jobs/{id}/,18.01,ok,
2026-10-04T20:43:07.850934+05:30,GET,GET /jobs/{id}/,25.77,ok,
2026-10-04T20:43:07.851675+05:30,POST,POST /jobs/,29.63,ok,
2026-10-04T20:43:07.870482+05:30,POST,POST /jobs/,27.31,ok,
2026-10-04T20:43:07.906849+05:30,GET,GET /jobs/{id}/,29.49,ok,
2026-10-04T20:43:07.907306+05:30,POST,POST /jobs/,31.06,ok,
2026-10-04T20:43:07.907623+05:30,GET,GET /jobs/stats/,31.9,ok,
2026-10-04T20:43:07.919616+05:30,POST,POST /jobs/,22.32,ok,
2026-10-04T20:43:07.944194+05:30,GET,GET /jobs/{id}/,18.26,ok,
2026-10-04T20:43:08.021090+05:30,GET,GET /jobs/{id}/,19.54,ok,
2026-10-04T20:43:08.045108+05:30,GET,GET /jobs/{id}/,21.6,ok,
2026-10-04T20:43:08.059496+05:30,POST,POST /jobs/,28.77,ok,
2026-10-04T20:43:08.085484+05:30,GET,GET /jobs/{id}/,18.66,ok,
2026-10-04T20:43:08.091272+05:30,POST,POST /jobs/,21.45,ok,
2026-10-04T20:43:08.114589+05:30,GET,GET /jobs/{id}/,18.03,ok,
2026-10-04T20:43:08.149018+05:30,POST,POST /jobs/,20.13,ok,
2026-10-04T20:43:08.173961+05:30,POST,POST /jobs/,24.78,ok,
2026-10-04T20:43:08.189052+05:30,GET,GET /jobs/{id}/,19.56,ok,
2026-10-04T20:43:08.210949+05:30,POST,POST /jobs/,22.97,ok,
2026-10-04T20:43:08.214030+05:30,GET,GET /jobs/{id}/,22.38,ok,
2026-10-04T20:43:08.223995+05:30,POST,POST /jobs/,27.44,ok,
2026-10-04T20:43:08.239031+05:30,GET,GET /jobs/{id}/,26.73,ok,
2026-10-04T20:43:08.244027+05:30,GET,GET /jobs/{id}/,30.95,ok,
2026-10-04T20:43:08.244653+05:30,POST,POST /jobs/,41.08,ok,
2026-10-04T20:43:08.261280+05:30,GET,GET /jobs/stats/,36.02,ok,
2026-10-04T20:43:08.277202+05:30,GET,GET /jobs/{id}/,31.33,ok,
2026-10-04T20:43:08.312940+05:30,POST,POST /jobs/,44.3,ok,
2026-10-04T20:43:08.331776+05:30,POST,POST /jobs/,40.27,ok,
2026-10-04T20:43:08.343365+05:30,GET,GET /jobs/stats/,37.8,ok,
2026-10-04T20:43:08.356467+05:30,GET,GET /jobs/{id}/,23.33,ok,
2026-10-04T20:43:08.357280+05:30,GET,GET /health/,33.06,ok,
2026-10-04T20:43:08.367475+05:30,POST,POST /jobs/,28.26,ok,
2026-10-04T20:43:08.406445+05:30,GET,GET /jobs/stats/,21.67,ok,
2026-10-04T20:43:08.412999+05:30,GET,GET /jobs/{id}/,18.09,ok,
2026-10-04T20:43:08.434767+05:30,GET,GET /jobs/{id}/,18.48,ok,
2026-10-04T20:43:08.448632+05:30,GET,GET /health/,20.35,ok,
2026-10-04T20:43:08.470180+05:30,GET,GET /jobs/stats/,21.41,ok,
2026-10-04T20:43:08.478911+05:30,GET,GET /jobs/{id}/,18.25,ok,
2026-10-04T20:43:08.510610+05:30,GET,GET /jobs/{id}/,20.36,ok,
2026-10-04T20:43:08.522214+05:30,POST,POST /jobs/,28.9,ok,
2026-10-04T20:43:08.537125+05:30,GET,GET /jobs/stats/,27.77,ok,
2026-10-04T20:43:08.539184+05:30,GET,GET /jobs/{id}/,21.93,ok,
2026-10-04T20:43:08.622041+05:30,POST,POST /jobs/,21.46,ok,
2026-10-04T20:43:08.669280+05:30,GET,GET /jobs/{id}/,17.92,ok,
2026-10-04T20:43:08.765675+05:30,POST,POST /jobs/,20.65,ok,
2026-10-04T20:43:08.809280+05:30,POST,POST /jobs/,24.16,ok,
2026-10-04T20:43:08.809797+05:30,GET,GET /jobs/{id}/,20.62,ok,
2026-10-04T20:43:08.848702+05:30,GET,GET /health/,18.64,ok,
2026-10-04T20:43:08.865825+05:30,GET,GET /health/,18.26,ok,
2026-10-04T20:43:08.914978+05:30,GET,GET /jobs/{id}/,18.85,ok,
2026-10-04T20:43:08.980539+05:30,GET,GET /jobs/stats/,27.27,ok,
2026-10-04T20:43:08.982568+05:30,GET,GET /jobs/stats/,24.32,ok,
2026-10-04T20:43:08.988085+05:30,GET,GET /jobs/{id}/,25.17,ok,
2026-10-04T20:43:08.989652+05:30,GET,GET /jobs/stats/,30.93,ok,
2026-10-04T20:43:09.015856+05:30,GET,GET /jobs/{id}/,18.95,ok,
2026-10-04T20:43:09.024225+05:30,GET,GET /jobs/stats/,21.42,ok,
2026-10-04T20:43:09.044897+05:30,POST,POST /jobs/,20.5,ok,
2026-10-04T20:43:09.094219+05:30,GET,GET /health/,20.0,ok,
2026-10-04T20:43:09.096277+05:30,GET,GET /jobs/{id}/,20.06,ok,
2026-10-04T20:43:09.133737+05:30,GET,GET /health/,19.15,ok,
2026-10-04T20:43:09.136780+05:30,GET,GET /jobs/{id}/,19.13,ok,
2026-10-04T20:43:09.239604+05:30,GET,GET /jobs/stats/,21.55,ok,
2026-10-04T20:43:09.263379+05:30,GET,GET /jobs/stats/,25.32,ok,
2026-10-04T20:43:09.263950+05:30,POST,POST /jobs/,25.2,ok,
2026-10-04T20:43:09.274822+05:30,POST,POST /jobs/,24.42,ok,
2026-10-04T20:43:09.291461+05:30,POST,POST /jobs/,24.28,ok,
2026-10-04T20:43:09.313654+05:30,POST,POST /jobs/,28.52,ok,
2026-10-04T20:43:09.321904+05:30,GET,GET /jobs/{id}/,19.55,ok,
2026-10-04T20:43:09.325628+05:30,POST,POST /jobs/,23.81,ok,
2026-10-04T20:43:09.343113+05:30,GET,GET /jobs/{id}/,19.93,ok,
2026-10-04T20:43:09.368762+05:30,POST,POST /jobs/,22.37,ok,
2026-10-04T20:43:09.369226+05:30,GET,GET /jobs/{id}/,19.88,ok,
2026-10-04T20:43:09.408207+05:30,GET,GET /jobs/{id}/,18.72,ok,
2026-10-04T20:43:09.412965+05:30,POST,POST /jobs/,21.49,ok,
2026-10-04T20:43:09.441755+05:30,POST,POST /jobs/,22.49,ok,
2026-10-04T20:43:09.461231+05:30,POST,POST /jobs/,25.7,ok,
2026-10-04T20:43:09.468424+05:30,GET,GET /jobs/{id}/,21.28,ok,
2026-10-04T20:43:09.469286+05:30,GET,GET /jobs/{id}/,25.26,ok,
2026-10-04T20:43:09.491574+05:30,POST,POST /jobs/,32.63,ok,
2026-10-04T20:43:09.498785+05:30,GET,GET /jobs/{id}/,31.71,ok,
2026-10-04T20:43:09.515289+05:30,POST,POST /jobs/,35.66,ok,
2026-10-04T20:43:09.516281+05:30,POST,POST /jobs/,34.16,ok,
2026-10-04T20:43:09.518005+05:30,POST,POST /jobs/,32.84,ok,
2026-10-04T20:43:09.522870+05:30,GET,GET /jobs/{id}/,25.94,ok,
2026-10-04T20:43:09.611392+05:30,GET,GET /jobs/{id}/,105.29,ok,
2026-10-04T20:43:09.701441+05:30,POST,POST /jobs/,159.25,ok,
2026-10-04T20:43:09.702146+05:30,GET,GET /jobs/{id}/,41.3,ok,
2026-10-04T20:43:09.708246+05:30,POST,POST /jobs/,65.45,ok,
2026-10-04T20:43:09.715368+05:30,GET,GET /health/,38.76,ok,
2026-10-04T20:43:09.719036+05:30,GET,GET /jobs/{id}/,51.65,ok,
2026-10-04T20:43:09.766643+05:30,GET,GET /jobs/{id}/,88.65,ok,
2026-10-04T20:43:09.778535+05:30,GET,GET /jobs/{id}/,78.6,ok,
2026-10-04T20:43:09.779182+05:30,GET,GET /jobs/{id}/,87.61,ok,
2026-10-04T20:43:09.802963+05:30,POST,POST /jobs/,63.61,ok,
2026-10-04T20:43:09.803645+05:30,GET,GET /jobs/{id}/,77.29,ok,
2026-10-04T20:43:09.814876+05:30,GET,GET /jobs/{id}/,30.36,ok,
2026-10-04T20:43:09.815392+05:30,POST,POST /jobs/,46.38,ok,
2026-10-04T20:43:09.840053+05:30,GET,GET /jobs/stats/,20.46,ok,
2026-10-04T20:43:09.904218+05:30,GET,GET /jobs/{id}/,18.91,ok,
2026-10-04T20:43:09.904807+05:30,GET,GET /health/,25.51,ok,
2026-10-04T20:43:09.935925+05:30,GET,GET /health/,19.74,ok,
2026-10-04T20:43:09.936508+05:30,POST,POST /jobs/,22.41,ok,
2026-10-04T20:43:09.956957+05:30,GET,GET /jobs/{id}/,20.31,ok,
2026-10-04T20:43:09.966476+05:30,GET,GET /jobs/{id}/,20.93,ok,
2026-10-04T20:43:09.970446+05:30,POST,POST /jobs/,26.86,ok,
2026-10-04T20:43:09.998426+05:30,GET,GET /jobs/{id}/,18.66,ok,
2026-10-04T20:43:10.025137+05:30,GET,GET /jobs/{id}/,23.06,ok,
2026-10-04T20:43:10.033652+05:30,GET,GET /jobs/{id}/,21.39,ok,
2026-10-04T20:43:10.040889+05:30,GET,GET /jobs/stats/,26.58,ok,
2026-10-04T20:43:10.051600+05:30,POST,POST /jobs/,23.05,ok,
2026-10-04T20:43:10.082360+05:30,POST,POST /jobs/,20.46,ok,
2026-10-04T20:43:10.120955+05:30,POST,POST /jobs/,22.29,ok,
2026-10-04T20:43:10.126584+05:30,GET,GET /jobs/{id}/,19.89,ok,
2026-10-04T20:43:10.219411+05:30,POST,POST /jobs/,22.18,ok,
2026-10-04T20:43:10.233901+05:30,GET,GET /health/,20.65,ok,
2026-10-04T20:43:10.241961+05:30,GET,GET /jobs/{id}/,18.27,ok,
2026-10-04T20:43:10.250923+05:30,GET,GET /jobs/{id}/,18.13,ok,
2026-10-04T20:43:10.281794+05:30,POST,POST /jobs/,20.59,ok,
2026-10-04T20:43:10.288444+05:30,GET,GET /jobs/{id}/,22.17,ok,
2026-10-04T20:43:10.381215+05:30,POST,POST /jobs/,23.45,ok,
2026-10-04T20:43:10.419945+05:30,GET,GET /jobs/{id}/,18.43,ok,
2026-10-04T20:43:10.469565+05:30,GET,GET /health/,21.32,ok,
2026-10-04T20:43:10.470031+05:30,GET,GET /health/,19.74,ok,
2026-10-04T20:43:10.485726+05:30,GET,GET /jobs/stats/,22.54,ok,
2026-10-04T20:43:10.532894+05:30,POST,POST /jobs/,25.85,ok,
2026-10-04T20:43:10.535126+05:30,GET,GET /jobs/{id}/,22.06,ok,
2026-10-04T20:43:10.543740+05:30,GET,GET /jobs/stats/,24.72,ok,
2026-10-04T20:43:10.545157+05:30,GET,GET /health/,20.25,ok,
2026-10-04T20:43:10.580066+05:30,POST,POST /jobs/,21.61,ok,
2026-10-04T20:43:10.612842+05:30,GET,GET /health/,18.46,ok,
2026-10-04T20:43:10.623293+05:30,POST,POST /jobs/,20.8,ok,
2026-10-04T20:43:10.663375+05:30,GET,GET /health/,19.71,ok,
2026-10-04T20:43:10.663884+05:30,POST,POST /jobs/,22.29,ok,
2026-10-04T20:43:10.686718+05:30,GET,GET /jobs/stats/,21.64,ok,
2026-10-04T20:43:10.690737+05:30,GET,GET /jobs/{id}/,18.62,ok,
2026-10-04T20:43:10.793042+05:30,GET,GET /jobs/{id}/,18.97,ok,
2026-10-04T20:43:10.793875+05:30,GET,GET /health/,16.86,ok,
2026-10-04T20:43:10.854777+05:30,POST,POST /jobs/,20.64,ok,
2026-10-04T20:43:10.902944+05:30,POST,POST /jobs/,22.86,ok,
2026-10-04T20:43:10.915771+05:30,GET,GET /jobs/{id}/,18.55,ok,
2026-10-04T20:43:10.956158+05:30,GET,GET /health/,27.34,ok,
2026-10-04T20:43:10.956996+05:30,POST,POST /jobs/,28.74,ok,
2026-10-04T20:43:10.965370+05:30,GET,GET /jobs/stats/,28.46,ok,
2026-10-04T20:43:10.992748+05:30,GET,GET /jobs/{id}/,19.08,ok,
2026-10-04T20:43:10.998445+05:30,POST,POST /jobs/,20.76,ok,
2026-10-04T20:43:11.051218+05:30,GET,GET /health/,19.52,ok,
2026-10-04T20:43:11.125476+05:30,GET,GET /jobs/{id}/,20.73,ok,
2026-10-04T20:43:11.143679+05:30,POST,POST /jobs/,23.81,ok,
2026-10-04T20:43:11.154619+05:30,POST,POST /jobs/,24.8,ok,
2026-10-04T20:43:11.162936+05:30,GET,GET /jobs/{id}/,21.6,ok,
2026-10-04T20:43:11.174196+05:30,POST,POST /jobs/,25.17,ok,
2026-10-04T20:43:11.185432+05:30,GET,GET /health/,18.23,ok,
2026-10-04T20:43:11.207783+05:30,GET,GET /jobs/{id}/,21.08,ok,
2026-10-04T20:43:11.212240+05:30,POST,POST /jobs/,24.76,ok,
2026-10-04T20:43:11.224806+05:30,POST,POST /jobs/,23.26,ok,
2026-10-04T20:43:11.250242+05:30,POST,POST /jobs/,22.17,ok,
2026-10-04T20:43:11.338978+05:30,GET,GET /jobs/{id}/,19.41,ok,
2026-10-04T20:43:11.352268+05:30,GET,GET /jobs/{id}/,20.55,ok,
2026-10-04T20:43:11.386050+05:30,POST,POST /jobs/,22.48,ok,
2026-10-04T20:43:11.414384+05:30,GET,GET /jobs/{id}/,21.03,ok,
2026-10-04T20:43:11.434016+05:30,GET,GET /jobs/stats/,26.6,ok,
2026-10-04T20:43:11.436335+05:30,GET,GET /jobs/{id}/,23.06,ok,
2026-10-04T20:43:11.450259+05:30,POST,POST /jobs/,22.3,ok,
2026-10-04T20:43:11.486986+05:30,POST,POST /jobs/,24.41,ok,
2026-10-04T20:43:11.504256+05:30,GET,GET /jobs/{id}/,24.61,ok,
2026-10-04T20:43:11.506175+05:30,GET,GET /jobs/{id}/,22.0,ok,
2026-10-04T20:43:11.513568+05:30,GET,GET /jobs/{id}/,21.3,ok,
2026-10-04T20:43:11.517087+05:30,POST,POST /jobs/,21.88,ok,
2026-10-04T20:43:11.539317+05:30,GET,GET /health/,18.01,ok,
2026-10-04T20:43:11.545089+05:30,POST,POST /jobs/,19.96,ok,
2026-10-04T20:43:11.566103+05:30,GET,GET /jobs/{id}/,16.74,ok,
2026-10-04T20:43:11.600968+05:30,GET,GET /jobs/stats/,20.6,ok,
2026-10-04T20:43:11.628812+05:30,GET,GET /jobs/{id}/,20.51,ok,
2026-10-04T20:43:11.632222+05:30,GET,GET /health/,20.91,ok,
2026-10-04T20:43:11.648159+05:30,POST,POST /jobs/,20.26,ok,
2026-10-04T20:43:11.675165+05:30,GET,GET /jobs/{id}/,18.67,ok,
2026-10-04T20:43:11.687483+05:30,POST,POST /jobs/,20.96,ok,
2026-10-04T20:43:11.712980+05:30,GET,GET /health/,18.24,ok,
2026-10-04T20:43:11.786639+05:30,POST,POST /jobs/,21.2,ok,
2026-10-04T20:43:11.805726+05:30,GET,GET /health/,20.13,ok,
2026-10-04T20:43:11.817133+05:30,POST,POST /jobs/,23.94,ok,
2026-10-04T20:43:11.819716+05:30,POST,POST /jobs/,24.6,ok,
2026-10-04T20:43:11.866228+05:30,POST,POST /jobs/,25.2,ok,
2026-10-04T20:43:11.883660+05:30,POST,POST /jobs/,25.62,ok,
2026-10-04T20:43:11.889750+05:30,GET,GET /jobs/{id}/,20.24,ok,
2026-10-04T20:43:11.909998+05:30,GET,GET /health/,20.08,ok,
2026-10-04T20:43:11.925776+05:30,GET,GET /jobs/{id}/,21.22,ok,
2026-10-04T20:43:11.940483+05:30,GET,GET /health/,20.24,ok,
2026-10-04T20:43:11.942711+05:30,GET,GET /jobs/{id}/,19.5,ok,
2026-10-04T20:43:11.946274+05:30,POST,POST /jobs/,22.4,ok,
2026-10-04T20:43:12.002242+05:30,POST,POST /jobs/,21.6,ok,
2026-10-04T20:43:12.011952+05:30,GET,GET /jobs/{id}/,19.24,ok,
2026-10-04T20:43:12.050436+05:30,POST,POST /jobs/,21.17,ok,
2026-10-04T20:43:12.094157+05:30,GET,GET /jobs/{id}/,22.36,ok,
2026-10-04T20:43:12.107844+05:30,GET,GET /jobs/{id}/,19.53,ok,
2026-10-04T20:43:12.164274+05:30,GET,GET /health/,21.09,ok,
2026-10-04T20:43:12.190393+05:30,GET,GET /health/,22.77,ok,
2026-10-04T20:43:12.193539+05:30,GET,GET /jobs/{id}/,25.39,ok,
2026-10-04T20:43:12.194108+05:30,GET,GET /health/,25.26,ok,
2026-10-04T20:43:12.229594+05:30,GET,GET /jobs/stats/,20.26,ok,
2026-10-04T20:43:12.253041+05:30,POST,POST /jobs/,21.19,ok,
2026-10-04T20:43:12.259799+05:30,GET,GET /jobs/{id}/,22.97,ok,
2026-10-04T20:43:12.310059+05:30,POST,POST /jobs/,22.97,ok,
2026-10-04T20:43:12.316634+05:30,GET,GET /health/,17.97,ok,
2026-10-04T20:43:12.354965+05:30,POST,POST /jobs/,28.03,ok,
2026-10-04T20:43:12.355653+05:30,POST,POST /jobs/,28.18,ok,
2026-10-04T20:43:12.393504+05:30,POST,POST /jobs/,22.61,ok,
2026-10-04T20:43:12.410062+05:30,GET,GET /jobs/{id}/,20.13,ok,
2026-10-04T20:43:12.424652+05:30,GET,GET /jobs/{id}/,17.83,ok,
2026-10-04T20:43:12.492025+05:30,POST,POST /jobs/,21.78,ok,
2026-10-04T20:43:12.532940+05:30,GET,GET /jobs/{id}/,23.44,ok,
2026-10-04T20:43:12.536842+05:30,POST,POST /jobs/,25.32,ok,
2026-10-04T20:43:12.544704+05:30,GET,GET /jobs/stats/,25.02,ok,
2026-10-04T20:43:12.558456+05:30,POST,POST /jobs/,26.87,ok,
2026-10-04T20:43:12.605093+05:30,GET,GET /jobs/{id}/,20.32,ok,
2026-10-04T20:43:12.606150+05:30,GET,GET /health/,19.33,ok,
2026-10-04T20:43:12.609937+05:30,GET,GET /jobs/{id}/,20.07,ok,
2026-10-04T20:43:12.624531+05:30,GET,GET /jobs/{id}/,19.28,ok,
2026-10-04T20:43:12.652051+05:30,POST,POST /jobs/,23.23,ok,
2026-10-04T20:43:12.665412+05:30,POST,POST /jobs/,22.58,ok,
2026-10-04T20:43:12.691620+05:30,POST,POST /jobs/,20.94,ok,
2026-10-04T20:43:12.709262+05:30,GET,GET /jobs/{id}/,19.28,ok,
2026-10-04T20:43:12.721193+05:30,GET,GET /health/,19.01,ok,
2026-10-04T20:43:12.862380+05:30,POST,POST /jobs/,21.78,ok,
2026-10-04T20:43:12.866573+05:30,GET,GET /jobs/{id}/,19.63,ok,
2026-10-04T20:43:12.872605+05:30,GET,GET /jobs/{id}/,20.34,ok,
2026-10-04T20:43:12.894732+05:30,GET,GET /health/,20.93,ok,
2026-10-04T20:43:12.900460+05:30,GET,GET /jobs/{id}/,20.77,ok,
2026-10-04T20:43:12.906690+05:30,GET,GET /health/,21.21,ok,
2026-10-04T20:43:12.909593+05:30,GET,GET /jobs/{id}/,21.01,ok,
2026-10-04T20:43:12.934167+05:30,POST,POST /jobs/,21.33,ok,
2026-10-04T20:43:12.938389+05:30,GET,GET /jobs/{id}/,18.67,ok,
2026-10-04T20:43:12.946773+05:30,GET,GET /jobs/{id}/,19.11,ok,
2026-10-04T20:43:13.067539+05:30,GET,GET /jobs/{id}/,18.42,ok,
2026-10-04T20:43:13.120694+05:30,GET,GET /health/,18.81,ok,
2026-10-04T20:43:13.142982+05:30,POST,POST /jobs/,20.03,ok,
2026-10-04T20:43:13.178604+05:30,GET,GET /jobs/{id}/,23.28,ok,
2026-10-04T20:43:13.188554+05:30,GET,GET /jobs/{id}/,25.22,ok,
2026-10-04T20:43:13.196298+05:30,GET,GET /jobs/stats/,22.93,ok,
2026-10-04T20:43:13.205930+05:30,POST,POST /jobs/,22.02,ok,
2026-10-04T20:43:13.217975+05:30,GET,GET /jobs/stats/,27.21,ok,
2026-10-04T20:43:13.245842+05:30,GET,GET /health/,23.6,ok,
2026-10-04T20:43:13.289299+05:30,GET,GET /health/,23.2,ok,
2026-10-04T20:43:13.310316+05:30,POST,POST /jobs/,22.19,ok,
2026-10-04T20:43:13.314116+05:30,POST,POST /jobs/,21.23,ok,
2026-10-04T20:43:13.345630+05:30,GET,GET /jobs/{id}/,24.21,ok,
2026-10-04T20:43:13.347722+05:30,GET,GET /jobs/{id}/,25.78,ok,
2026-10-04T20:43:13.359890+05:30,GET,GET /jobs/{id}/,27.89,ok,
2026-10-04T20:43:13.375860+05:30,GET,GET /jobs/{id}/,25.85,ok,
2026-10-04T20:43:13.376287+05:30,GET,GET /jobs/{id}/,23.41,ok,
2026-10-04T20:43:13.383915+05:30,GET,GET /jobs/{id}/,18.64,ok,
2026-10-04T20:43:13.412152+05:30,GET,GET /health/,18.98,ok,
2026-10-04T20:43:13.429727+05:30,GET,GET /health/,18.58,ok,
2026-10-04T20:43:13.494609+05:30,POST,POST /jobs/,23.53,ok,
2026-10-04T20:43:13.501395+05:30,GET,GET /jobs/{id}/,20.26,ok,
2026-10-04T20:43:13.568497+05:30,GET,GET /jobs/stats/,21.83,ok,
2026-10-04T20:43:13.573908+05:30,GET,GET /jobs/stats/,22.29,ok,
2026-10-04T20:43:13.596465+05:30,POST,POST /jobs/,23.68,ok,
2026-10-04T20:43:13.611379+05:30,GET,GET /jobs/{id}/,18.83,ok,
2026-10-04T20:43:13.646591+05:30,GET,GET /jobs/{id}/,22.32,ok,
2026-10-04T20:43:13.647378+05:30,GET,GET /jobs/stats/,23.69,ok,
2026-10-04T20:43:13.657877+05:30,GET,GET /jobs/stats/,31.46,ok,
2026-10-04T20:43:13.686571+05:30,POST,POST /jobs/,24.38,ok,
2026-10-04T20:43:13.696966+05:30,POST,POST /jobs/,23.72,ok,
2026-10-04T20:43:13.738600+05:30,GET,GET /jobs/{id}/,21.3,ok,
2026-10-04T20:43:13.750026+05:30,GET,GET /jobs/{id}/,20.7,ok,
2026-10-04T20:43:13.765210+05:30,GET,GET /jobs/{id}/,19.31,ok,
2026-10-04T20:43:13.804554+05:30,POST,POST /jobs/,22.97,ok,
2026-10-04T20:43:13.815488+05:30,GET,GET /jobs/stats/,21.89,ok,
2026-10-04T20:43:13.911349+05:30,GET,GET /jobs/{id}/,33.43,ok,
2026-10-04T20:43:13.922551+05:30,GET,GET /jobs/{id}/,30.33,ok,
2026-10-04T20:43:13.928806+05:30,POST,POST /jobs/,35.49,ok,
2026-10-04T20:43:13.939790+05:30,GET,GET /jobs/stats/,23.09,ok,
2026-10-04T20:43:13.980681+05:30,GET,GET /jobs/{id}/,18.58,ok,
2026-10-04T20:43:14.019197+05:30,GET,GET /jobs/{id}/,20.22,ok,
2026-10-04T20:43:14.036214+05:30,GET,GET /jobs/{id}/,24.23,ok,
2026-10-04T20:43:14.058239+05:30,GET,GET /jobs/{id}/,17.71,ok,
2026-10-04T20:43:14.081769+05:30,POST,POST /jobs/,22.25,ok,
2026-10-04T20:43:14.101504+05:30,GET,GET /health/,19.59,ok,
2026-10-04T20:43:14.104199+05:30,GET,GET /health/,18.51,ok,
2026-10-04T20:43:14.113965+05:30,GET,GET /jobs/{id}/,21.3,ok,
2026-10-04T20:43:14.152948+05:30,GET,GET /jobs/{id}/,20.62,ok,
2026-10-04T20:43:14.153438+05:30,GET,GET /jobs/stats/,25.21,ok,
2026-10-04T20:43:14.165468+05:30,GET,GET /jobs/{id}/,23.01,ok,
2026-10-04T20:43:14.177585+05:30,POST,POST /jobs/,22.92,ok,
2026-10-04T20:43:14.182611+05:30,GET,GET /jobs/{id}/,22.0,ok,
2026-10-04T20:43:14.193555+05:30,GET,GET /jobs/stats/,23.86,ok,
2026-10-04T20:43:14.217924+05:30,GET,GET /jobs/{id}/,18.07,ok,
2026-10-04T20:43:14.221667+05:30,GET,GET /jobs/{id}/,18.78,ok,
2026-10-04T20:43:14.245205+05:30,GET,GET /health/,18.33,ok,
2026-10-04T20:43:14.254798+05:30,POST,POST /jobs/,24.03,ok,
2026-10-04T20:43:14.279305+05:30,GET,GET /jobs/{id}/,22.22,ok,
2026-10-04T20:43:14.284578+05:30,GET,GET /jobs/{id}/,19.46,ok,
2026-10-04T20:43:14.299690+05:30,POST,POST /jobs/,27.54,ok,
2026-10-04T20:43:14.335897+05:30,GET,GET /jobs/{id}/,17.91,ok,
2026-10-04T20:43:14.386485+05:30,POST,POST /jobs/,20.26,ok,
2026-10-04T20:43:14.441630+05:30,GET,GET /jobs/{id}/,18.85,ok,
2026-10-04T20:43:14.475900+05:30,GET,GET /jobs/{id}/,19.98,ok,
2026-10-04T20:43:14.489739+05:30,GET,GET /jobs/{id}/,18.73,ok,
2026-10-04T20:43:14.528496+05:30,GET,GET /health/,18.3,ok,
2026-10-04T20:43:14.580478+05:30,GET,GET /health/,23.51,ok,
2026-10-04T20:43:14.587161+05:30,GET,GET /jobs/{id}/,20.18,ok,
2026-10-04T20:43:14.591593+05:30,GET,GET /jobs/{id}/,21.64,ok,
2026-10-04T20:43:14.596127+05:30,GET,GET /jobs/{id}/,22.19,ok,
2026-10-04T20:43:14.599227+05:30,POST,POST /jobs/,22.95,ok,
2026-10-04T20:43:14.621412+05:30,POST,POST /jobs/,22.04,ok,
2026-10-04T20:43:14.632200+05:30,GET,GET /health/,21.94,ok,
2026-10-04T20:43:14.640809+05:30,GET,GET /jobs/{id}/,19.23,ok,
2026-10-04T20:43:14.675974+05:30,GET,GET /jobs/{id}/,20.86,ok,
2026-10-04T20:43:14.689893+05:30,GET,GET /jobs/stats/,25.71,ok,
2026-10-04T20:43:14.707582+05:30,POST,POST /jobs/,22.29,ok,
2026-10-04T20:43:14.715212+05:30,GET,GET /jobs/{id}/,22.71,ok,
2026-10-04T20:43:14.715872+05:30,GET,GET /jobs/stats/,26.96,ok,
2026-10-04T20:43:14.744846+05:30,GET,GET /jobs/{id}/,18.58,ok,
2026-10-04T20:43:14.781461+05:30,GET,GET /jobs/{id}/,21.25,ok,
2026-10-04T20:43:14.795177+05:30,POST,POST /jobs/,22.79,ok,
2026-10-04T20:43:14.799310+05:30,POST,POST /jobs/,23.31,ok,
2026-10-04T20:43:14.820599+05:30,POST,POST /jobs/,22.42,ok,
2026-10-04T20:43:14.842347+05:30,GET,GET /jobs/{id}/,18.41,ok,
2026-10-04T20:43:14.850616+05:30,GET,GET /jobs/{id}/,18.43,ok,
2026-10-04T20:43:14.882669+05:30,POST,POST /jobs/,22.73,ok,
2026-10-04T20:43:14.897069+05:30,GET,GET /health/,21.03,ok,
2026-10-04T20:43:14.920524+05:30,POST,POST /jobs/,23.22,ok,
2026-10-04T20:43:14.935403+05:30,GET,GET /jobs/{id}/,18.75,ok,
2026-10-04T20:43:14.942775+05:30,POST,POST /jobs/,21.0,ok,
2026-10-04T20:43:14.966011+05:30,GET,GET /jobs/{id}/,18.97,ok,
2026-10-04T20:43:14.990686+05:30,GET,GET /health/,18.42,ok,
2026-10-04T20:43:15.003026+05:30,POST,POST /jobs/,20.74,ok,
2026-10-04T20:43:15.066170+05:30,GET,GET /jobs/stats/,20.83,ok,
2026-10-04T20:43:15.099227+05:30,GET,GET /jobs/{id}/,23.75,ok,
2026-10-04T20:43:15.129977+05:30,POST,POST /jobs/,21.38,ok,
2026-10-04T20:43:15.143436+05:30,GET,GET /jobs/{id}/,19.81,ok,
2026-10-04T20:43:15.202485+05:30,POST,POST /jobs/,26.72,ok,
2026-10-04T20:43:15.241732+05:30,POST,POST /jobs/,23.93,ok,
2026-10-04T20:43:15.250079+05:30,GET,GET /jobs/stats/,22.09,ok,
2026-10-04T20:43:15.286956+05:30,GET,GET /jobs/{id}/,18.56,ok,
2026-10-04T20:43:15.295664+05:30,GET,GET /jobs/{id}/,18.15,ok,
2026-10-04T20:43:15.301110+05:30,GET,GET /jobs/{id}/,19.52,ok,
2026-10-04T20:43:15.339500+05:30,POST,POST /jobs/,21.08,ok,
2026-10-04T20:43:15.403472+05:30,GET,GET /jobs/{id}/,18.46,ok,
2026-10-04T20:43:15.446868+05:30,GET,GET /jobs/{id}/,18.94,ok,
2026-10-04T20:43:15.451068+05:30,POST,POST /jobs/,21.02,ok,
2026-10-04T20:43:15.458207+05:30,GET,GET /jobs/stats/,24.08,ok,
2026-10-04T20:43:15.510603+05:30,POST,POST /jobs/,21.07,ok,
2026-10-04T20:43:15.518792+05:30,GET,GET /health/,20.2,ok,
2026-10-04T20:43:15.537880+05:30,POST,POST /jobs/,22.97,ok,
2026-10-04T20:43:15.573705+05:30,POST,POST /jobs/,21.49,ok,
2026-10-04T20:43:15.603096+05:30,GET,GET /health/,18.1,ok,
2026-10-04T20:43:15.633905+05:30,GET,GET /jobs/{id}/,20.5,ok,
2026-10-04T20:43:15.648154+05:30,GET,GET /jobs/{id}/,18.71,ok,
2026-10-04T20:43:15.696349+05:30,POST,POST /jobs/,21.91,ok,
2026-10-04T20:43:15.704607+05:30,GET,GET /jobs/{id}/,19.99,ok,
2026-10-04T20:43:15.734080+05:30,POST,POST /jobs/,35.36,ok,
2026-10-04T20:43:15.746058+05:30,GET,GET /jobs/stats/,27.21,ok,
2026-10-04T20:43:15.746734+05:30,GET,GET /jobs/stats/,29.85,ok,
2026-10-04T20:43:15.748816+05:30,POST,POST /jobs/,38.9,ok,
2026-10-04T20:43:15.762505+05:30,GET,GET /jobs/{id}/,22.13,ok,
2026-10-04T20:43:15.762920+05:30,GET,GET /jobs/{id}/,35.2,ok,
2026-10-04T20:43:15.807386+05:30,GET,GET /jobs/{id}/,18.18,ok,
2026-10-04T20:43:15.829380+05:30,GET,GET /health/,19.74,ok,
2026-10-04T20:43:15.834942+05:30,GET,GET /jobs/{id}/,22.39,ok,
2026-10-04T20:43:15.847092+05:30,GET,GET /jobs/{id}/,18.87,ok,
2026-10-04T20:43:15.912884+05:30,GET,GET /jobs/{id}/,21.21,ok,
2026-10-04T20:43:15.915622+05:30,GET,GET /jobs/{id}/,23.18,ok,
2026-10-04T20:43:15.925469+05:30,GET,GET /jobs/{id}/,22.84,ok,
2026-10-04T20:43:15.928874+05:30,GET,GET /jobs/{id}/,21.29,ok,
2026-10-04T20:43:15.934941+05:30,GET,GET /jobs/{id}/,18.04,ok,
2026-10-04T20:43:16.002211+05:30,GET,GET /jobs/{id}/,17.95,ok,
2026-10-04T20:43:16.059985+05:30,POST,POST /jobs/,23.29,ok,
2026-10-04T20:43:16.069173+05:30,GET,GET /jobs/{id}/,20.26,ok,
2026-10-04T20:43:16.073550+05:30,GET,GET /jobs/{id}/,24.06,ok,
2026-10-04T20:43:16.092334+05:30,GET,GET /jobs/{id}/,17.53,ok,
2026-10-04T20:43:16.128327+05:30,GET,GET /jobs/{id}/,23.53,ok,
2026-10-04T20:43:16.158317+05:30,POST,POST /jobs/,25.64,ok,
2026-10-04T20:43:16.166651+05:30,GET,GET /jobs/{id}/,18.56,ok,
2026-10-04T20:43:16.170050+05:30,POST,POST /jobs/,22.64,ok,
2026-10-04T20:43:16.224855+05:30,POST,POST /jobs/,27.52,ok,
2026-10-04T20:43:16.245744+05:30,GET,GET /jobs/{id}/,25.38,ok,
2026-10-04T20:43:16.287909+05:30,GET,GET /jobs/{id}/,17.76,ok,
2026-10-04T20:43:16.327907+05:30,POST,POST /jobs/,20.67,ok,
2026-10-04T20:43:16.341289+05:30,GET,GET /jobs/{id}/,20.01,ok,
2026-10-04T20:43:16.366710+05:30,GET,GET /health/,21.17,ok,
2026-10-04T20:43:16.373549+05:30,GET,GET /health/,23.1,ok,
2026-10-04T20:43:16.437965+05:30,POST,POST /jobs/,25.93,ok,
2026-10-04T20:43:16.489394+05:30,POST,POST /jobs/,21.96,ok,
2026-10-04T20:43:16.496061+05:30,POST,POST /jobs/,24.59,ok,
2026-10-04T20:43:16.497155+05:30,GET,GET /jobs/{id}/,23.66,ok,
2026-10-04T20:43:16.523610+05:30,GET,GET /health/,18.18,ok,
2026-10-04T20:43:16.551522+05:30,POST,POST /jobs/,22.62,ok,
2026-10-04T20:43:16.558079+05:30,GET,GET /jobs/{id}/,23.66,ok,
2026-10-04T20:43:16.577626+05:30,GET,GET /health/,20.55,ok,
2026-10-04T20:43:16.590748+05:30,POST,POST /jobs/,22.06,ok,
2026-10-04T20:43:16.593061+05:30,GET,GET /jobs/{id}/,21.36,ok,
2026-10-04T20:43:16.619082+05:30,POST,POST /jobs/,22.67,ok,
2026-10-04T20:43:16.621597+05:30,POST,POST /jobs/,23.19,ok,
2026-10-04T20:43:16.650836+05:30,POST,POST /jobs/,21.96,ok,
2026-10-04T20:43:16.663981+05:30,POST,POST /jobs/,23.0,ok,
2026-10-04T20:43:16.695085+05:30,POST,POST /jobs/,21.8,ok,
2026-10-04T20:43:16.815074+05:30,POST,POST /jobs/,20.35,ok,
2026-10-04T20:43:16.840934+05:30,GET,GET /jobs/{id}/,20.56,ok,
2026-10-04T20:43:16.841502+05:30,GET,GET /jobs/{id}/,20.58,ok,
2026-10-04T20:43:16.852549+05:30,GET,GET /jobs/stats/,24.67,ok,
2026-10-04T20:43:16.867009+05:30,GET,GET /jobs/{id}/,18.24,ok,
2026-10-04T20:43:16.888911+05:30,GET,GET /jobs/stats/,22.9,ok,
2026-10-04T20:43:16.898973+05:30,GET,GET /jobs/{id}/,20.35,ok,
2026-10-04T20:43:16.926880+05:30,GET,GET /jobs/{id}/,17.6,ok,
2026-10-04T20:43:16.951442+05:30,POST,POST /jobs/,21.29,ok,
2026-10-04T20:43:16.961441+05:30,GET,GET /jobs/{id}/,19.3,ok,
2026-10-04T20:43:16.987988+05:30,POST,POST /jobs/,23.27,ok,
2026-10-04T20:43:16.991085+05:30,GET,GET /health/,21.42,ok,
2026-10-04T20:43:17.026002+05:30,GET,GET /jobs/{id}/,20.59,ok,
2026-10-04T20:43:17.098232+05:30,GET,GET /health/,19.74,ok,
2026-10-04T20:43:17.103381+05:30,GET,GET /jobs/{id}/,17.88,ok,
2026-10-04T20:43:17.130749+05:30,GET,GET /jobs/{id}/,18.07,ok,
2026-10-04T20:43:17.195621+05:30,GET,GET /jobs/{id}/,18.56,ok,
2026-10-04T20:43:17.199303+05:30,POST,POST /jobs/,21.69,ok,
2026-10-04T20:43:17.245321+05:30,GET,GET /health/,18.54,ok,
2026-10-04T20:43:17.263858+05:30,POST,POST /jobs/,23.04,ok,
2026-10-04T20:43:17.277654+05:30,GET,GET /health/,22.07,ok,
2026-10-04T20:43:17.280260+05:30,GET,GET /jobs/{id}/,21.6,ok,
2026-10-04T20:43:17.293880+05:30,GET,GET /health/,26.21,ok,
2026-10-04T20:43:17.296629+05:30,POST,POST /jobs/,29.51,ok,
2026-10-04T20:43:17.312841+05:30,GET,GET /jobs/{id}/,24.22,ok,
2026-10-04T20:43:17.322983+05:30,GET,GET /jobs/stats/,21.13,ok,
2026-10-04T20:43:17.342883+05:30,POST,POST /jobs/,19.71,ok,
2026-10-04T20:43:17.399717+05:30,GET,GET /health/,18.54,ok,
2026-10-04T20:43:17.405709+05:30,POST,POST /jobs/,21.91,ok,
2026-10-04T20:43:17.431838+05:30,POST,POST /jobs/,24.84,ok,
2026-10-04T20:43:17.436176+05:30,POST,POST /jobs/,23.25,ok,
2026-10-04T20:43:17.450890+05:30,POST,POST /jobs/,24.81,ok,
2026-10-04T20:43:17.472278+05:30,GET,GET /jobs/{id}/,19.14,ok,
2026-10-04T20:43:17.479733+05:30,GET,GET /jobs/{id}/,17.59,ok,
2026-10-04T20:43:17.515052+05:30,GET,GET /jobs/{id}/,20.01,ok,
2026-10-04T20:43:17.522588+05:30,GET,GET /jobs/stats/,22.58,ok,
2026-10-04T20:43:17.525554+05:30,GET,GET /jobs/stats/,24.9,ok,
2026-10-04T20:43:17.537196+05:30,POST,POST /jobs/,20.9,ok,
2026-10-04T20:43:17.582220+05:30,GET,GET /jobs/{id}/,17.7,ok,
2026-10-04T20:43:17.617208+05:30,GET,GET /jobs/{id}/,22.58,ok,
2026-10-04T20:43:17.627869+05:30,POST,POST /jobs/,21.16,ok,
2026-10-04T20:43:17.634453+05:30,POST,POST /jobs/,21.46,ok,
2026-10-04T20:43:17.669836+05:30,POST,POST /jobs/,22.07,ok,
2026-10-04T20:43:17.683349+05:30,POST,POST /jobs/,23.34,ok,
2026-10-04T20:43:17.707624+05:30,GET,GET /jobs/stats/,21.93,ok,
2026-10-04T20:43:17.734514+05:30,GET,GET /jobs/{id}/,19.57,ok,
2026-10-04T20:43:17.841106+05:30,GET,GET /jobs/{id}/,20.76,ok,
2026-10-04T20:43:17.841627+05:30,GET,GET /jobs/{id}/,22.78,ok,
2026-10-04T20:43:17.849746+05:30,GET,GET /health/,19.27,ok,
2026-10-04T20:43:17.891317+05:30,POST,POST /jobs/,24.13,ok,
2026-10-04T20:43:17.903646+05:30,POST,POST /jobs/,35.92,ok,
2026-10-04T20:43:17.925757+05:30,POST,POST /jobs/,34.24,ok,
2026-10-04T20:43:17.926382+05:30,GET,GET /jobs/stats/,36.47,ok,
2026-10-04T20:43:17.926945+05:30,POST,POST /jobs/,28.3,ok,
2026-10-04T20:43:17.928840+05:30,GET,GET /jobs/{id}/,23.94,ok,
2026-10-04T20:43:17.941028+05:30,POST,POST /jobs/,25.11,ok,
2026-10-04T20:43:17.960050+05:30,POST,POST /jobs/,32.02,ok,
2026-10-04T20:43:17.998925+05:30,GET,GET /health/,49.75,ok,
2026-10-04T20:43:18.015071+05:30,POST,POST /jobs/,22.39,ok,
2026-10-04T20:43:18.076850+05:30,POST,POST /jobs/,24.47,ok,
2026-10-04T20:43:18.116897+05:30,POST,POST /jobs/,20.74,ok,
2026-10-04T20:43:18.148791+05:30,POST,POST /jobs/,24.51,ok,
2026-10-04T20:43:18.159942+05:30,GET,GET /jobs/{id}/,21.59,ok,
2026-10-04T20:43:18.167233+05:30,GET,GET /health/,28.22,ok,
2026-10-04T20:43:18.174982+05:30,POST,POST /jobs/,32.82,ok,
2026-10-04T20:43:18.187017+05:30,GET,GET /health/,19.6,ok,
2026-10-04T20:43:18.190373+05:30,GET,GET /jobs/stats/,22.41,ok,
2026-10-04T20:43:18.254167+05:30,POST,POST /jobs/,20.47,ok,
2026-10-04T20:43:18.285548+05:30,POST,POST /jobs/,22.09,ok,
2026-10-04T20:43:18.303464+05:30,GET,GET /jobs/{id}/,23.97,ok,
2026-10-04T20:43:18.318565+05:30,GET,GET /jobs/{id}/,22.74,ok,
2026-10-04T20:43:18.354721+05:30,GET,GET /jobs/{id}/,18.83,ok,
2026-10-04T20:43:18.361018+05:30,GET,GET /jobs/stats/,24.53,ok,
2026-10-04T20:43:18.369639+05:30,GET,GET /jobs/{id}/,20.03,ok,
2026-10-04T20:43:18.396986+05:30,GET,GET /health/,18.09,ok,
2026-10-04T20:43:18.431399+05:30,POST,POST /jobs/,21.09,ok,
2026-10-04T20:43:18.475846+05:30,GET,GET /jobs/{id}/,19.15,ok,
2026-10-04T20:43:18.483022+05:30,GET,GET /jobs/{id}/,21.3,ok,
2026-10-04T20:43:18.539325+05:30,POST,POST /jobs/,23.95,ok,
2026-10-04T20:43:18.542099+05:30,POST,POST /jobs/,26.19,ok,
2026-10-04T20:43:18.544387+05:30,GET,GET /jobs/{id}/,23.34,ok,
2026-10-04T20:43:18.591679+05:30,POST,POST /jobs/,22.94,ok,
2026-10-04T20:43:18.605107+05:30,GET,GET /jobs/{id}/,20.26,ok,
2026-10-04T20:43:18.651538+05:30,GET,GET /jobs/{id}/,22.08,ok,
2026-10-04T20:43:18.656247+05:30,POST,POST /jobs/,24.28,ok,
2026-10-04T20:43:18.656838+05:30,POST,POST /jobs/,30.44,ok,
2026-10-04T20:43:18.690164+05:30,POST,POST /jobs/,21.04,ok,
2026-10-04T20:43:18.739421+05:30,GET,GET /health/,23.46,ok,
2026-10-04T20:43:18.740558+05:30,GET,GET /jobs/stats/,25.13,ok,
2026-10-04T20:43:18.759043+05:30,POST,POST /jobs/,20.96,ok,
2026-10-04T20:43:18.794885+05:30,POST,POST /jobs/,23.53,ok,
2026-10-04T20:43:18.805514+05:30,POST,POST /jobs/,24.08,ok,
2026-10-04T20:43:18.830467+05:30,POST,POST /jobs/,22.61,ok,
2026-10-04T20:43:18.938041+05:30,GET,GET /jobs/{id}/,26.17,ok,
2026-10-04T20:43:18.941893+05:30,POST,POST /jobs/,25.95,ok,
2026-10-04T20:43:18.955303+05:30,GET,GET /jobs/{id}/,23.23,ok,
2026-10-04T20:43:18.958010+05:30,GET,GET /jobs/{id}/,28.66,ok,
2026-10-04T20:43:18.963841+05:30,POST,POST /jobs/,35.76,ok,
2026-10-04T20:43:19.041750+05:30,GET,GET /jobs/{id}/,20.61,ok,
2026-10-04T20:43:19.123451+05:30,GET,GET /jobs/{id}/,22.32,ok,
2026-10-04T20:43:19.130610+05:30,GET,GET /jobs/stats/,28.97,ok,
2026-10-04T20:43:19.133178+05:30,GET,GET /jobs/{id}/,30.35,ok,
2026-10-04T20:43:19.174745+05:30,GET,GET /jobs/stats/,21.28,ok,
2026-10-04T20:43:19.213181+05:30,POST,POST /jobs/,22.13,ok,
2026-10-04T20:43:19.219214+05:30,GET,GET /jobs/{id}/,23.14,ok,
2026-10-04T20:43:19.219701+05:30,GET,GET /jobs/{id}/,23.05,ok,
2026-10-04T20:43:19.231786+05:30,GET,GET /jobs/{id}/,28.22,ok,
2026-10-04T20:43:19.238501+05:30,POST,POST /jobs/,37.76,ok,
2026-10-04T20:43:19.239053+05:30,POST,POST /jobs/,34.91,ok,
2026-10-04T20:43:19.274235+05:30,POST,POST /jobs/,41.79,ok,
2026-10-04T20:43:19.286082+05:30,GET,GET /jobs/{id}/,56.19,ok,
2026-10-04T20:43:19.299250+05:30,GET,GET /jobs/{id}/,41.94,ok,
2026-10-04T20:43:19.334476+05:30,POST,POST /jobs/,23.87,ok,
2026-10-04T20:43:19.349703+05:30,POST,POST /jobs/,23.97,ok,
2026-10-04T20:43:19.371803+05:30,POST,POST /jobs/,21.95,ok,
2026-10-04T20:43:19.394391+05:30,GET,GET /jobs/{id}/,19.96,ok,
2026-10-04T20:43:19.394891+05:30,POST,POST /jobs/,24.16,ok,
2026-10-04T20:43:19.420996+05:30,POST,POST /jobs/,20.86,ok,
2026-10-04T20:43:19.458652+05:30,GET,GET /jobs/{id}/,19.31,ok,
2026-10-04T20:43:19.461346+05:30,POST,POST /jobs/,24.06,ok,
2026-10-04T20:43:19.482013+05:30,GET,GET /jobs/{id}/,17.39,ok,
2026-10-04T20:43:19.540247+05:30,GET,GET /jobs/{id}/,17.91,ok,
2026-10-04T20:43:19.549741+05:30,POST,POST /jobs/,21.38,ok,
2026-10-04T20:43:19.605672+05:30,GET,GET /health/,19.68,ok,
2026-10-04T20:43:19.612903+05:30,POST,POST /jobs/,20.95,ok,
2026-10-04T20:43:19.619687+05:30,GET,GET /health/,21.73,ok,
2026-10-04T20:43:19.623786+05:30,GET,GET /jobs/{id}/,17.9,ok,
2026-10-04T20:43:19.635424+05:30,GET,GET /jobs/{id}/,19.28,ok,
2026-10-04T20:43:19.648778+05:30,GET,GET /jobs/{id}/,18.7,ok,
2026-10-04T20:43:19.657946+05:30,POST,POST /jobs/,23.67,ok,
2026-10-04T20:43:19.670143+05:30,GET,GET /jobs/{id}/,19.11,ok,
2026-10-04T20:43:19.683067+05:30,GET,GET /jobs/{id}/,21.88,ok,
2026-10-04T20:43:19.693923+05:30,GET,GET /health/,30.9,ok,
2026-10-04T20:43:19.710593+05:30,GET,GET /health/,32.17,ok,
2026-10-04T20:43:19.722111+05:30,GET,GET /jobs/{id}/,18.89,ok,
2026-10-04T20:43:19.751496+05:30,GET,GET /health/,17.95,ok,
2026-10-04T20:43:19.772481+05:30,GET,GET /jobs/{id}/,18.64,ok,
2026-10-04T20:43:19.789918+05:30,GET,GET /health/,19.17,ok,
2026-10-04T20:43:19.831114+05:30,GET,GET /health/,18.85,ok,
2026-10-04T20:43:19.847885+05:30,POST,POST /jobs/,20.53,ok,
2026-10-04T20:43:19.888611+05:30,POST,POST /jobs/,22.01,ok,
2026-10-04T20:43:19.949610+05:30,GET,GET /health/,17.71,ok,
2026-10-04T20:43:19.993329+05:30,POST,POST /jobs/,21.4,ok,
2026-10-04T20:43:20.020209+05:30,GET,GET /jobs/{id}/,18.57,ok,
2026-10-04T20:43:20.045292+05:30,POST,POST /jobs/,26.06,ok,
2026-10-04T20:43:20.057339+05:30,GET,GET /jobs/{id}/,21.41,ok,
2026-10-04T20:43:20.069003+05:30,GET,GET /jobs/{id}/,20.4,ok,
2026-10-04T20:43:20.080812+05:30,GET,GET /jobs/stats/,22.26,ok,
2026-10-04T20:43:20.170714+05:30,GET,GET /jobs/{id}/,18.51,ok,
2026-10-04T20:43:20.214015+05:30,GET,GET /jobs/stats/,21.99,ok,
2026-10-04T20:43:20.214778+05:30,GET,GET /health/,17.69,ok,
2026-10-04T20:43:20.223265+05:30,GET,GET /health/,18.01,ok,
2026-10-04T20:43:20.242993+05:30,GET,GET /jobs/{id}/,17.43,ok,
2026-10-04T20:43:20.264537+05:30,GET,GET /jobs/{id}/,18.27,ok,
2026-10-04T20:43:20.294469+05:30,POST,POST /jobs/,22.65,ok,
2026-10-04T20:43:20.322216+05:30,GET,GET /jobs/stats/,21.49,ok,
2026-10-04T20:43:20.325160+05:30,GET,GET /jobs/stats/,22.53,ok,
2026-10-04T20:43:20.338741+05:30,GET,GET /jobs/{id}/,17.71,ok,
2026-10-04T20:43:20.367531+05:30,POST,POST /jobs/,22.51,ok,
2026-10-04T20:43:20.380128+05:30,GET,GET /jobs/stats/,23.13,ok,
2026-10-04T20:43:20.386520+05:30,GET,GET /jobs/{id}/,17.73,ok,
2026-10-04T20:43:20.417427+05:30,POST,POST /jobs/,22.61,ok,
2026-10-04T20:43:20.420984+05:30,POST,POST /jobs/,22.11,ok,
2026-10-04T20:43:20.495637+05:30,GET,GET /jobs/stats/,20.31,ok,
2026-10-04T20:43:20.507479+05:30,GET,GET /jobs/{id}/,18.15,ok,
2026-10-04T20:43:20.533600+05:30,GET,GET /jobs/{id}/,17.83,ok,
2026-10-04T20:43:20.541415+05:30,GET,GET /jobs/{id}/,18.59,ok,
2026-10-04T20:43:20.578494+05:30,POST,POST /jobs/,21.79,ok,
2026-10-04T20:43:20.589304+05:30,POST,POST /jobs/,20.57,ok,
2026-10-04T20:43:20.648627+05:30,GET,GET /jobs/{id}/,18.02,ok,
2026-10-04T20:43:20.662279+05:30,GET,GET /jobs/{id}/,18.6,ok,
2026-10-04T20:43:20.687462+05:30,POST,POST /jobs/,21.82,ok,
2026-10-04T20:43:20.724885+05:30,GET,GET /jobs/{id}/,19.09,ok,
2026-10-04T20:43:20.736496+05:30,GET,GET /jobs/{id}/,19.65,ok,
2026-10-04T20:43:20.764876+05:30,GET,GET /jobs/{id}/,18.07,ok,
2026-10-04T20:43:20.864996+05:30,GET,GET /jobs/{id}/,30.66,ok,
2026-10-04T20:43:20.865973+05:30,GET,GET /jobs/{id}/,31.38,ok,
2026-10-04T20:43:20.866480+05:30,POST,POST /jobs/,58.32,ok,
2026-10-04T20:43:20.866837+05:30,GET,GET /jobs/{id}/,33.59,ok,
2026-10-04T20:43:20.876858+05:30,POST,POST /jobs/,43.09,ok,
2026-10-04T20:43:20.878663+05:30,POST,POST /jobs/,44.63,ok,
2026-10-04T20:43:20.888146+05:30,GET,GET /jobs/{id}/,19.07,ok,
2026-10-04T20:43:20.903131+05:30,GET,GET /jobs/{id}/,20.21,ok,
2026-10-04T20:43:20.907012+05:30,GET,GET /jobs/{id}/,20.16,ok,
2026-10-04T20:43:20.911788+05:30,POST,POST /jobs/,22.06,ok,
2026-10-04T20:43:20.955507+05:30,GET,GET /jobs/{id}/,24.4,ok,
2026-10-04T20:43:20.970952+05:30,GET,GET /jobs/{id}/,26.31,ok,
2026-10-04T20:43:21.020770+05:30,POST,POST /jobs/,31.41,ok,
2026-10-04T20:43:21.023892+05:30,GET,GET /jobs/{id}/,25.55,ok,
2026-10-04T20:43:21.026046+05:30,GET,GET /jobs/{id}/,27.16,ok,
2026-10-04T20:43:21.028251+05:30,GET,GET /jobs/{id}/,27.28,ok,
2026-10-04T20:43:21.047404+05:30,GET,GET /jobs/{id}/,17.88,ok,
2026-10-04T20:43:21.136058+05:30,GET,GET /jobs/stats/,23.32,ok,
2026-10-04T20:43:21.141826+05:30,POST,POST /jobs/,23.06,ok,
2026-10-04T20:43:21.150525+05:30,POST,POST /jobs/,22.71,ok,
2026-10-04T20:43:21.162442+05:30,GET,GET /jobs/{id}/,18.35,ok,
2026-10-04T20:43:21.168255+05:30,GET,GET /jobs/{id}/,17.54,ok,
2026-10-04T20:43:21.195053+05:30,GET,GET /health/,17.54,ok,
2026-10-04T20:43:21.212261+05:30,GET,GET /jobs/{id}/,18.77,ok,
2026-10-04T20:43:21.234927+05:30,POST,POST /jobs/,23.74,ok,
2026-10-04T20:43:21.301320+05:30,GET,GET /health/,18.94,ok,
2026-10-04T20:43:21.317889+05:30,POST,POST /jobs/,22.43,ok,
2026-10-04T20:43:21.326164+05:30,POST,POST /jobs/,23.59,ok,
2026-10-04T20:43:21.361147+05:30,GET,GET /jobs/stats/,20.7,ok,
2026-10-04T20:43:21.432329+05:30,POST,POST /jobs/,21.83,ok,
2026-10-04T20:43:21.439309+05:30,GET,GET /jobs/stats/,22.74,ok,
2026-10-04T20:43:21.453564+05:30,GET,GET /jobs/{id}/,17.87,ok,
2026-10-04T20:43:21.481653+05:30,POST,POST /jobs/,22.78,ok,
2026-10-04T20:43:21.525037+05:30,GET,GET /jobs/{id}/,20.08,ok,
2026-10-04T20:43:21.533367+05:30,GET,GET /jobs/{id}/,19.38,ok,
2026-10-04T20:43:21.559934+05:30,GET,GET /jobs/{id}/,18.26,ok,
2026-10-04T20:43:21.577470+05:30,GET,GET /jobs/{id}/,18.74,ok,
2026-10-04T20:43:21.601751+05:30,GET,GET /jobs/{id}/,17.99,ok,
2026-10-04T20:43:21.660861+05:30,GET,GET /jobs/{id}/,22.6,ok,
2026-10-04T20:43:21.683287+05:30,POST,POST /jobs/,31.98,ok,
2026-10-04T20:43:21.683960+05:30,POST,POST /jobs/,30.55,ok,
2026-10-04T20:43:21.693041+05:30,POST,POST /jobs/,25.87,ok,
2026-10-04T20:43:21.695812+05:30,GET,GET /jobs/{id}/,21.55,ok,
2026-10-04T20:43:21.767778+05:30,POST,POST /jobs/,26.66,ok,
2026-10-04T20:43:21.783251+05:30,GET,GET /jobs/{id}/,22.71,ok,
2026-10-04T20:43:21.787515+05:30,GET,GET /health/,24.84,ok,
2026-10-04T20:43:21.866762+05:30,GET,GET /jobs/stats/,22.96,ok,
2026-10-04T20:43:21.874401+05:30,GET,GET /jobs/{id}/,18.48,ok,
2026-10-04T20:43:21.898927+05:30,GET,GET /jobs/stats/,21.29,ok,
2026-10-04T20:43:21.920154+05:30,POST,POST /jobs/,22.24,ok,
2026-10-04T20:43:21.929489+05:30,GET,GET /jobs/{id}/,18.91,ok,
2026-10-04T20:43:21.970060+05:30,GET,GET /jobs/{id}/,18.27,ok,
2026-10-04T20:43:22.011917+05:30,GET,GET /jobs/{id}/,20.55,ok,
2026-10-04T20:43:22.014617+05:30,GET,GET /jobs/{id}/,22.62,ok,
2026-10-04T20:43:22.038205+05:30,POST,POST /jobs/,23.38,ok,
2026-10-04T20:43:22.056033+05:30,POST,POST /jobs/,25.64,ok,
2026-10-04T20:43:22.074027+05:30,GET,GET /jobs/{id}/,22.75,ok,
2026-10-04T20:43:22.102445+05:30,POST,POST /jobs/,41.05,ok,
2026-10-04T20:43:22.111652+05:30,GET,GET /jobs/{id}/,38.64,ok,
2026-10-04T20:43:22.121356+05:30,GET,GET /jobs/{id}/,41.15,ok,
2026-10-04T20:43:22.121863+05:30,GET,GET /jobs/{id}/,42.47,ok,
2026-10-04T20:43:22.167814+05:30,POST,POST /jobs/,31.7,ok,
2026-10-04T20:43:22.182488+05:30,GET,GET /jobs/{id}/,33.35,ok,
2026-10-04T20:43:22.195852+05:30,GET,GET /jobs/stats/,52.67,ok,
2026-10-04T20:43:22.200102+05:30,GET,GET /jobs/{id}/,26.9,ok,
2026-10-04T20:43:22.204597+05:30,POST,POST /jobs/,29.2,ok,
2026-10-04T20:43:22.213542+05:30,POST,POST /jobs/,23.79,ok,
2026-10-04T20:43:22.214044+05:30,GET,GET /health/,33.19,ok,
2026-10-04T20:43:22.235009+05:30,GET,GET /jobs/{id}/,19.62,ok,
2026-10-04T20:43:22.244883+05:30,GET,GET /jobs/stats/,20.59,ok,
2026-10-04T20:43:22.281940+05:30,GET,GET /jobs/{id}/,17.76,ok,
2026-10-04T20:43:22.339305+05:30,GET,GET /jobs/{id}/,24.84,ok,
2026-10-04T20:43:22.339777+05:30,GET,GET /jobs/{id}/,20.47,ok,
2026-10-04T20:43:22.344649+05:30,GET,GET /jobs/stats/,29.66,ok,
2026-10-04T20:43:22.349808+05:30,GET,GET /jobs/{id}/,24.63,ok,
2026-10-04T20:43:22.353586+05:30,GET,GET /jobs/{id}/,27.72,ok,
2026-10-04T20:43:22.369417+05:30,GET,GET /jobs/{id}/,20.85,ok,
2026-10-04T20:43:22.376163+05:30,POST,POST /jobs/,24.08,ok,
2026-10-04T20:43:22.405415+05:30,GET,GET /jobs/{id}/,17.95,ok,
2026-10-04T20:43:22.475188+05:30,GET,GET /jobs/{id}/,18.46,ok,
2026-10-04T20:43:22.484274+05:30,POST,POST /jobs/,24.24,ok,
