timestamp,method,name,response_time_ms,status,error
2026-10-04T18:39:00.685492+05:30,GET,GET /jobs/stats/,31.49,ok,
2026-10-04T18:39:00.694128+05:30,GET,GET /jobs/stats/,38.08,ok,
2026-10-04T18:39:00.695247+05:30,GET,GET /jobs/stats/,51.71,ok,
2026-10-04T18:39:00.771439+05:30,POST,POST /jobs/,110.06,ok,
2026-10-04T18:39:00.802959+05:30,POST,POST /jobs/,146.16,ok,
2026-10-04T18:39:00.874641+05:30,POST,POST /jobs/,217.18,ok,
2026-10-04T18:39:00.879240+05:30,POST,POST /jobs/,221.14,ok,
2026-10-04T18:39:00.882376+05:30,POST,POST /jobs/,223.54,ok,
2026-10-04T18:39:00.885020+05:30,POST,POST /jobs/,230.12,ok,
2026-10-04T18:39:01.801497+05:30,POST,POST /jobs/,151.94,ok,
2026-10-04T18:39:01.809020+05:30,GET,GET /health/,156.98,ok,
2026-10-04T18:39:01.809481+05:30,GET,GET /jobs/stats/,146.41,ok,
2026-10-04T18:39:01.867468+05:30,GET,GET /jobs/stats/,205.52,ok,
2026-10-04T18:39:01.896536+05:30,GET,GET /jobs/stats/,96.94,ok,
2026-10-04T18:39:01.900852+05:30,POST,POST /jobs/,236.73,ok,
2026-10-04T18:39:01.905287+05:30,POST,POST /jobs/,259.83,ok,
2026-10-04T18:39:01.917972+05:30,POST,POST /jobs/,263.49,ok,
2026-10-04T18:39:01.928187+05:30,POST,POST /jobs/,264.62,ok,
2026-10-04T18:39:02.091519+05:30,POST,POST /jobs/,39.61,ok,
2026-10-04T18:39:02.392727+05:30,GET,GET /jobs/{id}/,21.64,ok,
2026-10-04T18:39:02.712820+05:30,GET,GET /jobs/stats/,42.15,ok,
2026-10-04T18:39:02.715969+05:30,GET,GET /jobs/stats/,43.91,ok,
2026-10-04T18:39:02.795548+05:30,GET,GET /jobs/stats/,98.17,ok,
2026-10-04T18:39:02.803093+05:30,POST,POST /jobs/,131.97,ok,
2026-10-04T18:39:02.815818+05:30,POST,POST /jobs/,146.06,ok,
2026-10-04T18:39:02.865851+05:30,POST,POST /jobs/,194.14,ok,
2026-10-04T18:39:02.868401+05:30,POST,POST /jobs/,199.34,ok,
2026-10-04T18:39:02.898296+05:30,POST,POST /jobs/,225.79,ok,
2026-10-04T18:39:02.898705+05:30,POST,POST /jobs/,228.46,ok,
2026-10-04T18:39:02.917573+05:30,POST,POST /jobs/,55.88,ok,
2026-10-04T18:39:02.969962+05:30,POST,POST /jobs/,65.01,ok,
2026-10-04T18:39:03.000270+05:30,POST,POST /jobs/,84.08,ok,
2026-10-04T18:39:03.017011+05:30,GET,GET /health/,42.71,ok,
2026-10-04T18:39:03.395723+05:30,POST,POST /jobs/,33.95,ok,
2026-10-04T18:39:03.411973+05:30,POST,POST /jobs/,24.18,ok,
2026-10-04T18:39:03.467913+05:30,GET,GET /health/,22.64,ok,
2026-10-04T18:39:03.530401+05:30,POST,POST /jobs/,29.98,ok,
2026-10-04T18:39:03.624104+05:30,POST,POST /jobs/,30.51,ok,
2026-10-04T18:39:03.770583+05:30,GET,GET /jobs/{id}/,62.11,ok,
2026-10-04T18:39:03.801223+05:30,GET,GET /jobs/{id}/,56.54,ok,
2026-10-04T18:39:03.804278+05:30,GET,GET /jobs/stats/,156.13,ok,
2026-10-04T18:39:03.805449+05:30,GET,GET /health/,156.82,ok,
2026-10-04T18:39:03.807041+05:30,GET,GET /jobs/{id}/,130.72,ok,
2026-10-04T18:39:03.811379+05:30,GET,GET /health/,160.07,ok,
2026-10-04T18:39:03.818569+05:30,GET,GET /health/,89.09,ok,
2026-10-04T18:39:03.969188+05:30,GET,GET /health/,294.12,ok,
2026-10-04T18:39:03.993993+05:30,POST,POST /jobs/,346.41,ok,
2026-10-04T18:39:04.007056+05:30,POST,POST /jobs/,142.0,ok,
2026-10-04T18:39:04.012608+05:30,POST,POST /jobs/,361.67,ok,
2026-10-04T18:39:04.094846+05:30,POST,POST /jobs/,442.98,ok,
2026-10-04T18:39:04.120309+05:30,POST,POST /jobs/,471.26,ok,
2026-10-04T18:39:04.196606+05:30,GET,GET /jobs/stats/,100.53,ok,
2026-10-04T18:39:04.210948+05:30,GET,GET /jobs/{id}/,65.73,ok,
2026-10-04T18:39:04.214789+05:30,POST,POST /jobs/,565.28,ok,
2026-10-04T18:39:04.262348+05:30,GET,GET /jobs/{id}/,113.69,ok,
2026-10-04T18:39:04.262850+05:30,GET,GET /jobs/{id}/,111.4,ok,
2026-10-04T18:39:04.265996+05:30,POST,POST /jobs/,615.49,ok,
2026-10-04T18:39:04.298228+05:30,GET,GET /jobs/{id}/,88.6,ok,
2026-10-04T18:39:04.322770+05:30,POST,POST /jobs/,353.16,ok,
2026-10-04T18:39:04.365226+05:30,POST,POST /jobs/,163.15,ok,
2026-10-04T18:39:04.396086+05:30,POST,POST /jobs/,177.0,ok,
2026-10-04T18:39:04.396772+05:30,POST,POST /jobs/,746.79,ok,
2026-10-04T18:39:04.397169+05:30,POST,POST /jobs/,430.32,ok,
2026-10-04T18:39:04.425087+05:30,POST,POST /jobs/,403.08,ok,
2026-10-04T18:39:04.495317+05:30,GET,GET /jobs/stats/,94.69,ok,
2026-10-04T18:39:04.501256+05:30,POST,POST /jobs/,307.01,ok,
2026-10-04T18:39:04.513349+05:30,POST,POST /jobs/,386.76,ok,
2026-10-04T18:39:04.607340+05:30,POST,POST /jobs/,89.72,ok,
2026-10-04T18:39:04.608182+05:30,POST,POST /jobs/,169.76,ok,
2026-10-04T18:39:04.687401+05:30,POST,POST /jobs/,292.61,ok,
2026-10-04T18:39:04.688433+05:30,GET,GET /jobs/{id}/,104.86,ok,
2026-10-04T18:39:04.694687+05:30,POST,POST /jobs/,244.22,ok,
2026-10-04T18:39:04.705537+05:30,POST,POST /jobs/,94.69,ok,
2026-10-04T18:39:04.710050+05:30,POST,POST /jobs/,112.55,ok,
2026-10-04T18:39:04.720403+05:30,GET,GET /health/,133.84,ok,
2026-10-04T18:39:04.763618+05:30,GET,GET /jobs/stats/,114.7,ok,
2026-10-04T18:39:04.772022+05:30,GET,GET /jobs/stats/,118.91,ok,
2026-10-04T18:39:04.794184+05:30,GET,GET /health/,188.92,ok,
2026-10-04T18:39:04.864598+05:30,GET,GET /health/,212.42,ok,
2026-10-04T18:39:04.899178+05:30,GET,GET /jobs/stats/,248.23,ok,
2026-10-04T18:39:05.017192+05:30,POST,POST /jobs/,368.86,ok,
2026-10-04T18:39:05.017677+05:30,POST,POST /jobs/,365.89,ok,
2026-10-04T18:39:05.018097+05:30,POST,POST /jobs/,368.69,ok,
2026-10-04T18:39:05.019772+05:30,GET,GET /jobs/stats/,150.86,ok,
2026-10-04T18:39:05.020209+05:30,POST,POST /jobs/,369.75,ok,
2026-10-04T18:39:05.026512+05:30,POST,POST /jobs/,375.08,ok,
2026-10-04T18:39:05.027096+05:30,GET,GET /jobs/stats/,133.39,ok,
2026-10-04T18:39:05.065545+05:30,POST,POST /jobs/,412.93,ok,
2026-10-04T18:39:05.117115+05:30,POST,POST /jobs/,230.35,ok,
2026-10-04T18:39:05.117572+05:30,GET,GET /jobs/{id}/,47.67,ok,
2026-10-04T18:39:05.199377+05:30,POST,POST /jobs/,549.34,ok,
2026-10-04T18:39:05.209720+05:30,POST,POST /jobs/,452.23,ok,
2026-10-04T18:39:05.210315+05:30,POST,POST /jobs/,198.65,ok,
2026-10-04T18:39:05.211269+05:30,GET,GET /jobs/stats/,57.82,ok,
2026-10-04T18:39:05.294855+05:30,POST,POST /jobs/,195.68,ok,
2026-10-04T18:39:05.306415+05:30,GET,GET /health/,43.71,ok,
2026-10-04T18:39:05.322560+05:30,POST,POST /jobs/,200.68,ok,
2026-10-04T18:39:05.323744+05:30,POST,POST /jobs/,253.3,ok,
2026-10-04T18:39:05.365517+05:30,POST,POST /jobs/,251.97,ok,
2026-10-04T18:39:05.397027+05:30,GET,GET /jobs/stats/,25.25,ok,
2026-10-04T18:39:05.411863+05:30,GET,GET /jobs/{id}/,20.1,ok,
2026-10-04T18:39:05.452614+05:30,POST,POST /jobs/,32.43,ok,
2026-10-04T18:39:05.478840+05:30,POST,POST /jobs/,44.1,ok,
2026-10-04T18:39:05.491727+05:30,POST,POST /jobs/,22.82,ok,
2026-10-04T18:39:05.505900+05:30,POST,POST /jobs/,22.77,ok,
2026-10-04T18:39:05.541142+05:30,GET,GET /jobs/{id}/,19.91,ok,
2026-10-04T18:39:05.598999+05:30,GET,GET /jobs/{id}/,21.64,ok,
2026-10-04T18:39:05.601063+05:30,GET,GET /jobs/{id}/,20.72,ok,
2026-10-04T18:39:05.610452+05:30,POST,POST /jobs/,36.98,ok,
2026-10-04T18:39:05.640281+05:30,GET,GET /health/,26.56,ok,
2026-10-04T18:39:05.667755+05:30,POST,POST /jobs/,42.06,ok,
2026-10-04T18:39:05.670776+05:30,GET,GET /jobs/stats/,31.92,ok,
2026-10-04T18:39:05.708788+05:30,GET,GET /jobs/{id}/,44.32,ok,
2026-10-04T18:39:05.713298+05:30,GET,GET /jobs/{id}/,39.6,ok,
2026-10-04T18:39:05.719274+05:30,GET,GET /jobs/{id}/,50.06,ok,
2026-10-04T18:39:05.719683+05:30,POST,POST /jobs/,85.16,ok,
2026-10-04T18:39:05.719991+05:30,GET,GET /jobs/stats/,50.32,ok,
2026-10-04T18:39:05.749694+05:30,GET,GET /jobs/{id}/,19.37,ok,
2026-10-04T18:39:05.813034+05:30,POST,POST /jobs/,22.98,ok,
2026-10-04T18:39:05.846348+05:30,POST,POST /jobs/,23.0,ok,
2026-10-04T18:39:05.854691+05:30,POST,POST /jobs/,25.31,ok,
2026-10-04T18:39:05.856286+05:30,POST,POST /jobs/,23.61,ok,
2026-10-04T18:39:05.926140+05:30,POST,POST /jobs/,30.56,ok,
2026-10-04T18:39:05.932206+05:30,GET,GET /jobs/{id}/,21.57,ok,
2026-10-04T18:39:05.969300+05:30,POST,POST /jobs/,35.85,ok,
2026-10-04T18:39:05.986539+05:30,GET,GET /jobs/{id}/,23.26,ok,
2026-10-04T18:39:06.012971+05:30,GET,GET /jobs/stats/,26.28,ok,
2026-10-04T18:39:06.017994+05:30,POST,POST /jobs/,41.4,ok,
2026-10-04T18:39:06.067790+05:30,POST,POST /jobs/,22.99,ok,
2026-10-04T18:39:06.164537+05:30,POST,POST /jobs/,23.4,ok,
2026-10-04T18:39:06.175488+05:30,GET,GET /jobs/{id}/,19.96,ok,
2026-10-04T18:39:06.186957+05:30,POST,POST /jobs/,39.7,ok,
2026-10-04T18:39:06.227616+05:30,GET,GET /jobs/{id}/,20.37,ok,
2026-10-04T18:39:06.255514+05:30,GET,GET /jobs/stats/,23.64,ok,
2026-10-04T18:39:06.306311+05:30,GET,GET /health/,58.61,ok,
2026-10-04T18:39:06.315430+05:30,POST,POST /jobs/,30.6,ok,
2026-10-04T18:39:06.349749+05:30,POST,POST /jobs/,23.04,ok,
2026-10-04T18:39:06.412090+05:30,POST,POST /jobs/,22.96,ok,
2026-10-04T18:39:06.465160+05:30,GET,GET /jobs/{id}/,24.2,ok,
2026-10-04T18:39:06.465583+05:30,GET,GET /jobs/{id}/,25.2,ok,
2026-10-04T18:39:06.466304+05:30,GET,GET /jobs/stats/,22.45,ok,
2026-10-04T18:39:06.484718+05:30,POST,POST /jobs/,33.03,ok,
2026-10-04T18:39:06.490878+05:30,GET,GET /jobs/{id}/,21.31,ok,
2026-10-04T18:39:06.545227+05:30,GET,GET /jobs/{id}/,22.3,ok,
2026-10-04T18:39:06.546337+05:30,GET,GET /health/,23.94,ok,
2026-10-04T18:39:06.566374+05:30,GET,GET /jobs/stats/,19.9,ok,
2026-10-04T18:39:06.585635+05:30,GET,GET /jobs/stats/,20.58,ok,
2026-10-04T18:39:06.631304+05:30,POST,POST /jobs/,25.34,ok,
2026-10-04T18:39:06.633993+05:30,GET,GET /jobs/{id}/,21.95,ok,
2026-10-04T18:39:06.649108+05:30,POST,POST /jobs/,32.02,ok,
2026-10-04T18:39:06.683090+05:30,GET,GET /health/,23.7,ok,
2026-10-04T18:39:06.704183+05:30,GET,GET /jobs/{id}/,22.6,ok,
2026-10-04T18:39:06.712254+05:30,GET,GET /jobs/stats/,20.59,ok,
2026-10-04T18:39:06.751449+05:30,GET,GET /jobs/stats/,24.43,ok,
2026-10-04T18:39:06.764167+05:30,POST,POST /jobs/,43.63,ok,
2026-10-04T18:39:06.770249+05:30,GET,GET /jobs/{id}/,27.18,ok,
2026-10-04T18:39:06.802385+05:30,POST,POST /jobs/,79.28,ok,
2026-10-04T18:39:06.802839+05:30,POST,POST /jobs/,50.17,ok,
2026-10-04T18:39:06.811070+05:30,POST,POST /jobs/,48.46,ok,
2026-10-04T18:39:06.822523+05:30,GET,GET /health/,48.01,ok,
2026-10-04T18:39:06.829514+05:30,POST,POST /jobs/,46.02,ok,
2026-10-04T18:39:06.875269+05:30,GET,GET /jobs/{id}/,24.46,ok,
2026-10-04T18:39:06.957029+05:30,POST,POST /jobs/,23.44,ok,
2026-10-04T18:39:06.976547+05:30,GET,GET /jobs/stats/,22.88,ok,
2026-10-04T18:39:06.999229+05:30,GET,GET /jobs/{id}/,20.42,ok,
2026-10-04T18:39:07.049840+05:30,POST,POST /jobs/,33.07,ok,
2026-10-04T18:39:07.069961+05:30,POST,POST /jobs/,36.11,ok,
2026-10-04T18:39:07.084641+05:30,GET,GET /jobs/stats/,21.49,ok,
2026-10-04T18:39:07.088356+05:30,POST,POST /jobs/,40.26,ok,
2026-10-04T18:39:07.165075+05:30,GET,GET /health/,22.45,ok,
2026-10-04T18:39:07.215244+05:30,GET,GET /jobs/{id}/,21.85,ok,
2026-10-04T18:39:07.215647+05:30,GET,GET /jobs/{id}/,21.58,ok,
2026-10-04T18:39:07.242238+05:30,GET,GET /health/,78.75,ok,
2026-10-04T18:39:07.284384+05:30,GET,GET /jobs/stats/,20.85,ok,
2026-10-04T18:39:07.292878+05:30,GET,GET /health/,25.42,ok,
2026-10-04T18:39:07.328421+05:30,POST,POST /jobs/,31.26,ok,
2026-10-04T18:39:07.343990+05:30,GET,GET /jobs/{id}/,23.69,ok,
2026-10-04T18:39:07.352405+05:30,GET,GET /jobs/{id}/,23.83,ok,
2026-10-04T18:39:07.356746+05:30,POST,POST /jobs/,24.34,ok,
2026-10-04T18:39:07.376885+05:30,POST,POST /jobs/,34.35,ok,
2026-10-04T18:39:07.397148+05:30,GET,GET /jobs/stats/,25.1,ok,
2026-10-04T18:39:07.417952+05:30,GET,GET /health/,19.57,ok,
2026-10-04T18:39:07.445019+05:30,GET,GET /jobs/{id}/,21.78,ok,
2026-10-04T18:39:07.446924+05:30,GET,GET /jobs/{id}/,23.18,ok,
2026-10-04T18:39:07.462901+05:30,GET,GET /health/,22.76,ok,
2026-10-04T18:39:07.510798+05:30,POST,POST /jobs/,33.58,ok,
2026-10-04T18:39:07.520241+05:30,POST,POST /jobs/,24.86,ok,
2026-10-04T18:39:07.535542+05:30,GET,GET /jobs/{id}/,21.47,ok,
2026-10-04T18:39:07.541358+05:30,GET,GET /jobs/{id}/,19.88,ok,
2026-10-04T18:39:07.573432+05:30,POST,POST /jobs/,23.76,ok,
2026-10-04T18:39:07.583916+05:30,POST,POST /jobs/,32.18,ok,
2026-10-04T18:39:07.601598+05:30,GET,GET /jobs/{id}/,19.84,ok,
2026-10-04T18:39:07.607285+05:30,GET,GET /jobs/{id}/,21.13,ok,
2026-10-04T18:39:07.623769+05:30,GET,GET /jobs/{id}/,19.88,ok,
2026-10-04T18:39:07.632811+05:30,POST,POST /jobs/,22.25,ok,
2026-10-04T18:39:07.650495+05:30,GET,GET /jobs/{id}/,19.42,ok,
2026-10-04T18:39:07.727954+05:30,GET,GET /jobs/{id}/,22.62,ok,
2026-10-04T18:39:07.729656+05:30,POST,POST /jobs/,24.86,ok,
2026-10-04T18:39:07.829020+05:30,POST,POST /jobs/,21.86,ok,
2026-10-04T18:39:07.842632+05:30,POST,POST /jobs/,22.35,ok,
2026-10-04T18:39:07.867176+05:30,GET,GET /jobs/{id}/,20.28,ok,
2026-10-04T18:39:07.889381+05:30,POST,POST /jobs/,23.13,ok,
2026-10-04T18:39:07.909882+05:30,GET,GET /jobs/{id}/,21.39,ok,
2026-10-04T18:39:07.923824+05:30,POST,POST /jobs/,36.0,ok,
2026-10-04T18:39:07.934857+05:30,POST,POST /jobs/,42.02,ok,
2026-10-04T18:39:07.962034+05:30,POST,POST /jobs/,36.93,ok,
2026-10-04T18:39:07.978275+05:30,GET,GET /health/,33.0,ok,
2026-10-04T18:39:08.014287+05:30,GET,GET /health/,25.72,ok,
2026-10-04T18:39:08.031079+05:30,GET,GET /jobs/{id}/,27.44,ok,
2026-10-04T18:39:08.039503+05:30,POST,POST /jobs/,40.95,ok,
2026-10-04T18:39:08.041630+05:30,GET,GET /jobs/{id}/,24.03,ok,
2026-10-04T18:39:08.074706+05:30,GET,GET /jobs/{id}/,20.91,ok,
2026-10-04T18:39:08.086433+05:30,POST,POST /jobs/,26.85,ok,
2026-10-04T18:39:08.110435+05:30,POST,POST /jobs/,57.35,ok,
2026-10-04T18:39:08.120471+05:30,GET,GET /jobs/{id}/,35.72,ok,
2026-10-04T18:39:08.120877+05:30,GET,GET /jobs/{id}/,38.88,ok,
2026-10-04T18:39:08.121200+05:30,POST,POST /jobs/,42.22,ok,
2026-10-04T18:39:08.128440+05:30,GET,GET /jobs/stats/,25.63,ok,
2026-10-04T18:39:08.128849+05:30,GET,GET /health/,41.76,ok,
2026-10-04T18:39:08.189317+05:30,POST,POST /jobs/,22.16,ok,
2026-10-04T18:39:08.225477+05:30,POST,POST /jobs/,32.86,ok,
2026-10-04T18:39:08.249138+05:30,GET,GET /jobs/stats/,21.41,ok,
2026-10-04T18:39:08.253697+05:30,GET,GET /jobs/{id}/,19.44,ok,
2026-10-04T18:39:08.254437+05:30,GET,GET /health/,24.82,ok,
2026-10-04T18:39:08.288127+05:30,GET,GET /jobs/{id}/,21.4,ok,
2026-10-04T18:39:08.361639+05:30,GET,GET /jobs/{id}/,20.22,ok,
2026-10-04T18:39:08.369433+05:30,POST,POST /jobs/,22.94,ok,
2026-10-04T18:39:08.391025+05:30,GET,GET /health/,21.46,ok,
2026-10-04T18:39:08.447126+05:30,GET,GET /jobs/{id}/,19.57,ok,
2026-10-04T18:39:08.473182+05:30,GET,GET /jobs/{id}/,21.7,ok,
2026-10-04T18:39:08.499823+05:30,GET,GET /jobs/{id}/,19.35,ok,
2026-10-04T18:39:08.542794+05:30,GET,GET /jobs/{id}/,22.64,ok,
2026-10-04T18:39:08.548869+05:30,GET,GET /jobs/stats/,22.74,ok,
2026-10-04T18:39:08.569737+05:30,POST,POST /jobs/,35.1,ok,
2026-10-04T18:39:08.570311+05:30,GET,GET /jobs/{id}/,23.27,ok,
2026-10-04T18:39:08.614451+05:30,GET,GET /jobs/{id}/,19.86,ok,
2026-10-04T18:39:08.618469+05:30,GET,GET /jobs/{id}/,20.85,ok,
2026-10-04T18:39:08.643396+05:30,GET,GET /health/,23.68,ok,
2026-10-04T18:39:08.678331+05:30,POST,POST /jobs/,23.63,ok,
2026-10-04T18:39:08.701529+05:30,GET,GET /health/,24.66,ok,
2026-10-04T18:39:08.710472+05:30,POST,POST /jobs/,35.65,ok,
2026-10-04T18:39:08.716236+05:30,GET,GET /jobs/{id}/,20.6,ok,
2026-10-04T18:39:08.753595+05:30,GET,GET /jobs/{id}/,20.07,ok,
2026-10-04T18:39:08.764560+05:30,POST,POST /jobs/,23.94,ok,
2026-10-04T18:39:08.783001+05:30,GET,GET /jobs/{id}/,20.92,ok,
2026-10-04T18:39:08.786780+05:30,POST,POST /jobs/,24.13,ok,
2026-10-04T18:39:08.793176+05:30,GET,GET /health/,29.63,ok,
2026-10-04T18:39:08.803549+05:30,GET,GET /jobs/{id}/,19.29,ok,
2026-10-04T18:39:08.828748+05:30,GET,GET /jobs/{id}/,20.89,ok,
2026-10-04T18:39:08.834980+05:30,GET,GET /jobs/{id}/,19.76,ok,
2026-10-04T18:39:08.842102+05:30,GET,GET /jobs/{id}/,19.9,ok,
2026-10-04T18:39:08.851033+05:30,GET,GET /health/,22.14,ok,
2026-10-04T18:39:08.870749+05:30,POST,POST /jobs/,25.38,ok,
2026-10-04T18:39:08.876617+05:30,GET,GET /jobs/{id}/,19.31,ok,
2026-10-04T18:39:08.887188+05:30,POST,POST /jobs/,23.81,ok,
2026-10-04T18:39:08.895964+05:30,POST,POST /jobs/,21.94,ok,
2026-10-04T18:39:08.910055+05:30,POST,POST /jobs/,22.7,ok,
2026-10-04T18:39:09.016924+05:30,GET,GET /jobs/stats/,21.53,ok,
2026-10-04T18:39:09.106439+05:30,POST,POST /jobs/,26.17,ok,
2026-10-04T18:39:09.118224+05:30,GET,GET /jobs/{id}/,19.93,ok,
2026-10-04T18:39:09.181662+05:30,GET,GET /jobs/{id}/,22.11,ok,
2026-10-04T18:39:09.203162+05:30,GET,GET /jobs/{id}/,20.14,ok,
2026-10-04T18:39:09.210898+05:30,GET,GET /jobs/{id}/,19.7,ok,
2026-10-04T18:39:09.298432+05:30,GET,GET /jobs/{id}/,22.14,ok,
2026-10-04T18:39:09.301517+05:30,POST,POST /jobs/,24.6,ok,
2026-10-04T18:39:09.310287+05:30,GET,GET /jobs/{id}/,23.38,ok,
2026-10-04T18:39:09.378617+05:30,POST,POST /jobs/,33.03,ok,
2026-10-04T18:39:09.449593+05:30,GET,GET /health/,23.65,ok,
2026-10-04T18:39:09.463634+05:30,GET,GET /jobs/{id}/,19.67,ok,
2026-10-04T18:39:09.558770+05:30,GET,GET /jobs/{id}/,23.8,ok,
2026-10-04T18:39:09.565524+05:30,GET,GET /jobs/stats/,20.56,ok,
2026-10-04T18:39:09.575667+05:30,POST,POST /jobs/,23.74,ok,
2026-10-04T18:39:09.638848+05:30,GET,GET /jobs/{id}/,21.89,ok,
2026-10-04T18:39:09.653894+05:30,GET,GET /jobs/{id}/,20.92,ok,
2026-10-04T18:39:09.686941+05:30,GET,GET /jobs/stats/,21.74,ok,
2026-10-04T18:39:09.734411+05:30,GET,GET /jobs/{id}/,20.13,ok,
2026-10-04T18:39:09.740568+05:30,POST,POST /jobs/,23.32,ok,
2026-10-04T18:39:09.770328+05:30,GET,GET /jobs/{id}/,21.47,ok,
2026-10-04T18:39:09.774256+05:30,GET,GET /jobs/{id}/,20.38,ok,
2026-10-04T18:39:09.798845+05:30,POST,POST /jobs/,22.29,ok,
2026-10-04T18:39:09.825489+05:30,POST,POST /jobs/,22.38,ok,
2026-10-04T18:39:09.837194+05:30,POST,POST /jobs/,25.12,ok,
2026-10-04T18:39:09.844243+05:30,GET,GET /jobs/{id}/,19.98,ok,
2026-10-04T18:39:09.849190+05:30,GET,GET /jobs/stats/,22.49,ok,
2026-10-04T18:39:09.854503+05:30,GET,GET /health/,24.99,ok,
2026-10-04T18:39:09.888776+05:30,GET,GET /health/,21.91,ok,
2026-10-04T18:39:09.895543+05:30,GET,GET /jobs/{id}/,22.72,ok,
2026-10-04T18:39:09.919175+05:30,GET,GET /jobs/stats/,25.47,ok,
2026-10-04T18:39:09.964589+05:30,GET,GET /jobs/{id}/,19.2,ok,
2026-10-04T18:39:09.965021+05:30,GET,GET /jobs/{id}/,21.56,ok,
2026-10-04T18:39:09.992529+05:30,POST,POST /jobs/,23.27,ok,
2026-10-04T18:39:09.999519+05:30,GET,GET /jobs/{id}/,24.04,ok,
2026-10-04T18:39:10.020150+05:30,GET,GET /jobs/{id}/,26.02,ok,
2026-10-04T18:39:10.023855+05:30,POST,POST /jobs/,32.24,ok,
2026-10-04T18:39:10.036361+05:30,GET,GET /jobs/{id}/,22.49,ok,
2026-10-04T18:39:10.041385+05:30,GET,GET /jobs/{id}/,23.77,ok,
2026-10-04T18:39:10.060114+05:30,GET,GET /jobs/{id}/,24.7,ok,
2026-10-04T18:39:10.074098+05:30,GET,GET /jobs/stats/,22.41,ok,
2026-10-04T18:39:10.080559+05:30,GET,GET /jobs/{id}/,20.28,ok,
2026-10-04T18:39:10.094954+05:30,GET,GET /health/,22.54,ok,
2026-10-04T18:39:10.134390+05:30,POST,POST /jobs/,36.13,ok,
2026-10-04T18:39:10.136193+05:30,GET,GET /jobs/{id}/,22.96,ok,
2026-10-04T18:39:10.144681+05:30,GET,GET /jobs/{id}/,25.54,ok,
2026-10-04T18:39:10.145097+05:30,POST,POST /jobs/,29.81,ok,
2026-10-04T18:39:10.166521+05:30,GET,GET /jobs/{id}/,20.16,ok,
2026-10-04T18:39:10.218001+05:30,GET,GET /jobs/{id}/,21.18,ok,
2026-10-04T18:39:10.244540+05:30,GET,GET /health/,23.3,ok,
2026-10-04T18:39:10.245905+05:30,GET,GET /jobs/stats/,20.75,ok,
2026-10-04T18:39:10.254914+05:30,GET,GET /jobs/stats/,24.03,ok,
2026-10-04T18:39:10.289439+05:30,GET,GET /health/,22.27,ok,
2026-10-04T18:39:10.297910+05:30,GET,GET /jobs/{id}/,19.94,ok,
2026-10-04T18:39:10.298294+05:30,GET,GET /health/,23.23,ok,
2026-10-04T18:39:10.323115+05:30,GET,GET /health/,27.41,ok,
2026-10-04T18:39:10.337139+05:30,POST,POST /jobs/,23.57,ok,
2026-10-04T18:39:10.337559+05:30,GET,GET /jobs/stats/,21.95,ok,
2026-10-04T18:39:10.386378+05:30,GET,GET /jobs/{id}/,19.57,ok,
2026-10-04T18:39:10.406403+05:30,GET,GET /jobs/{id}/,22.6,ok,
2026-10-04T18:39:10.415710+05:30,GET,GET /jobs/stats/,20.08,ok,
2026-10-04T18:39:10.457709+05:30,GET,GET /jobs/stats/,22.74,ok,
2026-10-04T18:39:10.465693+05:30,GET,GET /jobs/{id}/,20.8,ok,
2026-10-04T18:39:10.469249+05:30,POST,POST /jobs/,23.82,ok,
2026-10-04T18:39:10.506363+05:30,GET,GET /jobs/{id}/,19.73,ok,
2026-10-04T18:39:10.562835+05:30,GET,GET /jobs/stats/,20.93,ok,
2026-10-04T18:39:10.654053+05:30,GET,GET /jobs/{id}/,20.67,ok,
2026-10-04T18:39:10.664702+05:30,GET,GET /jobs/{id}/,22.68,ok,
2026-10-04T18:39:10.693487+05:30,GET,GET /health/,24.79,ok,
2026-10-04T18:39:10.696430+05:30,GET,GET /jobs/stats/,22.04,ok,
2026-10-04T18:39:10.696867+05:30,GET,GET /health/,29.96,ok,
2026-10-04T18:39:10.705242+05:30,GET,GET /jobs/{id}/,30.42,ok,
2026-10-04T18:39:10.705646+05:30,POST,POST /jobs/,28.03,ok,
2026-10-04T18:39:10.727741+05:30,GET,GET /jobs/{id}/,19.89,ok,
2026-10-04T18:39:10.744070+05:30,GET,GET /jobs/{id}/,19.35,ok,
2026-10-04T18:39:10.773691+05:30,GET,GET /jobs/stats/,20.31,ok,
2026-10-04T18:39:10.796615+05:30,GET,GET /jobs/stats/,21.63,ok,
2026-10-04T18:39:10.807815+05:30,GET,GET /jobs/{id}/,19.76,ok,
2026-10-04T18:39:10.852228+05:30,GET,GET /jobs/{id}/,23.12,ok,
2026-10-04T18:39:10.869275+05:30,POST,POST /jobs/,25.09,ok,
2026-10-04T18:39:10.872600+05:30,POST,POST /jobs/,25.42,ok,
2026-10-04T18:39:10.876313+05:30,GET,GET /jobs/{id}/,26.18,ok,
2026-10-04T18:39:10.979178+05:30,GET,GET /jobs/{id}/,125.72,ok,
2026-10-04T18:39:10.983333+05:30,GET,GET /jobs/{id}/,112.82,ok,
2026-10-04T18:39:10.994667+05:30,GET,GET /jobs/{id}/,104.06,ok,
2026-10-04T18:39:10.996273+05:30,POST,POST /jobs/,72.61,ok,
2026-10-04T18:39:11.042871+05:30,GET,GET /jobs/{id}/,20.31,ok,
2026-10-04T18:39:11.097105+05:30,GET,GET /jobs/{id}/,20.91,ok,
2026-10-04T18:39:11.107262+05:30,GET,GET /jobs/{id}/,21.11,ok,
2026-10-04T18:39:11.107663+05:30,GET,GET /health/,25.41,ok,
2026-10-04T18:39:11.119352+05:30,GET,GET /health/,26.28,ok,
2026-10-04T18:39:11.139124+05:30,GET,GET /jobs/{id}/,20.59,ok,
2026-10-04T18:39:11.163306+05:30,GET,GET /jobs/{id}/,19.9,ok,
2026-10-04T18:39:11.215277+05:30,GET,GET /health/,22.64,ok,
2026-10-04T18:39:11.256626+05:30,GET,GET /jobs/stats/,27.06,ok,
2026-10-04T18:39:11.265271+05:30,POST,POST /jobs/,34.73,ok,
2026-10-04T18:39:11.269321+05:30,POST,POST /jobs/,30.07,ok,
2026-10-04T18:39:11.279495+05:30,GET,GET /jobs/{id}/,30.38,ok,
2026-10-04T18:39:11.279879+05:30,GET,GET /health/,33.67,ok,
2026-10-04T18:39:11.297964+05:30,POST,POST /jobs/,40.09,ok,
2026-10-04T18:39:11.313612+05:30,POST,POST /jobs/,23.45,ok,
2026-10-04T18:39:11.386091+05:30,GET,GET /health/,25.19,ok,
2026-10-04T18:39:11.396376+05:30,POST,POST /jobs/,23.44,ok,
2026-10-04T18:39:11.411520+05:30,POST,POST /jobs/,29.97,ok,
2026-10-04T18:39:11.440404+05:30,GET,GET /jobs/{id}/,19.59,ok,
2026-10-04T18:39:11.461266+05:30,GET,GET /jobs/{id}/,19.58,ok,
2026-10-04T18:39:11.499655+05:30,GET,GET /jobs/{id}/,20.06,ok,
2026-10-04T18:39:11.528906+05:30,POST,POST /jobs/,22.87,ok,
2026-10-04T18:39:11.533743+05:30,GET,GET /health/,22.68,ok,
2026-10-04T18:39:11.588639+05:30,POST,POST /jobs/,26.51,ok,
2026-10-04T18:39:11.646505+05:30,GET,GET /jobs/{id}/,19.54,ok,
2026-10-04T18:39:11.709070+05:30,GET,GET /jobs/{id}/,22.25,ok,
2026-10-04T18:39:11.718316+05:30,GET,GET /health/,21.54,ok,
2026-10-04T18:39:11.722447+05:30,GET,GET /jobs/{id}/,21.72,ok,
2026-10-04T18:39:11.773256+05:30,GET,GET /jobs/stats/,24.54,ok,
2026-10-04T18:39:11.782047+05:30,GET,GET /jobs/{id}/,25.3,ok,
2026-10-04T18:39:11.810383+05:30,GET,GET /jobs/{id}/,20.02,ok,
2026-10-04T18:39:11.828231+05:30,GET,GET /jobs/{id}/,19.27,ok,
2026-10-04T18:39:11.926290+05:30,GET,GET /jobs/{id}/,20.5,ok,
2026-10-04T18:39:11.930392+05:30,POST,POST /jobs/,22.43,ok,
2026-10-04T18:39:11.934908+05:30,GET,GET /jobs/{id}/,22.11,ok,
2026-10-04T18:39:12.024745+05:30,GET,GET /jobs/{id}/,22.47,ok,
2026-10-04T18:39:12.029101+05:30,GET,GET /jobs/{id}/,24.82,ok,
2026-10-04T18:39:12.051283+05:30,POST,POST /jobs/,24.24,ok,
2026-10-04T18:39:12.072850+05:30,GET,GET /jobs/{id}/,21.38,ok,
2026-10-04T18:39:12.111118+05:30,GET,GET /jobs/{id}/,21.97,ok,
2026-10-04T18:39:12.127885+05:30,POST,POST /jobs/,22.61,ok,
2026-10-04T18:39:12.172847+05:30,GET,GET /jobs/{id}/,24.66,ok,
2026-10-04T18:39:12.184820+05:30,GET,GET /jobs/stats/,22.61,ok,
2026-10-04T18:39:12.186441+05:30,GET,GET /jobs/{id}/,23.07,ok,
2026-10-04T18:39:12.212748+05:30,GET,GET /jobs/{id}/,21.98,ok,
2026-10-04T18:39:12.225624+05:30,POST,POST /jobs/,22.7,ok,
2026-10-04T18:39:12.300480+05:30,GET,GET /jobs/{id}/,21.37,ok,
2026-10-04T18:39:12.310331+05:30,POST,POST /jobs/,22.23,ok,
2026-10-04T18:39:12.317123+05:30,POST,POST /jobs/,24.06,ok,
2026-10-04T18:39:12.368777+05:30,POST,POST /jobs/,33.73,ok,
2026-10-04T18:39:12.371538+05:30,GET,GET /health/,37.01,ok,
2026-10-04T18:39:12.377955+05:30,GET,GET /jobs/{id}/,32.81,ok,
2026-10-04T18:39:12.395621+05:30,GET,GET /jobs/stats/,39.9,ok,
2026-10-04T18:39:12.402883+05:30,GET,GET /jobs/{id}/,53.68,ok,
2026-10-04T18:39:12.406230+05:30,GET,GET /jobs/stats/,46.74,ok,
2026-10-04T18:39:12.406834+05:30,GET,GET /jobs/stats/,44.48,ok,
2026-10-04T18:39:12.408638+05:30,GET,GET /jobs/{id}/,43.53,ok,
2026-10-04T18:39:12.415879+05:30,GET,GET /health/,55.99,ok,
2026-10-04T18:39:12.418320+05:30,GET,GET /jobs/{id}/,38.15,ok,
2026-10-04T18:39:12.469377+05:30,POST,POST /jobs/,76.35,ok,
2026-10-04T18:39:12.473253+05:30,POST,POST /jobs/,74.57,ok,
2026-10-04T18:39:12.495002+05:30,GET,GET /jobs/{id}/,78.98,ok,
2026-10-04T18:39:12.501112+05:30,POST,POST /jobs/,43.19,ok,
2026-10-04T18:39:12.504458+05:30,GET,GET /jobs/{id}/,40.46,ok,
2026-10-04T18:39:12.506158+05:30,GET,GET /jobs/{id}/,36.63,ok,
2026-10-04T18:39:12.568742+05:30,POST,POST /jobs/,129.98,ok,
2026-10-04T18:39:12.600298+05:30,GET,GET /jobs/{id}/,58.82,ok,
2026-10-04T18:39:12.602035+05:30,POST,POST /jobs/,45.4,ok,
2026-10-04T18:39:12.607419+05:30,GET,GET /health/,48.8,ok,
2026-10-04T18:39:12.611530+05:30,GET,GET /jobs/{id}/,24.48,ok,
2026-10-04T18:39:12.634475+05:30,GET,GET /jobs/stats/,21.72,ok,
2026-10-04T18:39:12.667202+05:30,GET,GET /health/,49.93,ok,
2026-10-04T18:39:12.699234+05:30,POST,POST /jobs/,70.93,ok,
2026-10-04T18:39:12.703132+05:30,GET,GET /jobs/stats/,70.04,ok,
2026-10-04T18:39:12.709044+05:30,POST,POST /jobs/,56.28,ok,
2026-10-04T18:39:12.709442+05:30,GET,GET /jobs/stats/,53.1,ok,
2026-10-04T18:39:12.714366+05:30,POST,POST /jobs/,53.0,ok,
2026-10-04T18:39:12.715271+05:30,GET,GET /jobs/{id}/,59.54,ok,
2026-10-04T18:39:12.719318+05:30,GET,GET /jobs/{id}/,45.86,ok,
2026-10-04T18:39:12.722453+05:30,POST,POST /jobs/,50.99,ok,
2026-10-04T18:39:12.768002+05:30,GET,GET /jobs/stats/,53.21,ok,
2026-10-04T18:39:12.778695+05:30,GET,GET /jobs/{id}/,52.03,ok,
2026-10-04T18:39:12.784576+05:30,GET,GET /health/,24.11,ok,
2026-10-04T18:39:12.797977+05:30,POST,POST /jobs/,77.44,ok,
2026-10-04T18:39:12.806029+05:30,GET,GET /jobs/{id}/,28.3,ok,
2026-10-04T18:39:12.870355+05:30,GET,GET /jobs/{id}/,19.99,ok,
2026-10-04T18:39:12.891405+05:30,GET,GET /jobs/{id}/,19.79,ok,
2026-10-04T18:39:12.902295+05:30,POST,POST /jobs/,21.79,ok,
2026-10-04T18:39:12.939959+05:30,POST,POST /jobs/,22.21,ok,
2026-10-04T18:39:13.001743+05:30,POST,POST /jobs/,22.4,ok,
2026-10-04T18:39:13.030895+05:30,GET,GET /jobs/{id}/,19.71,ok,
2026-10-04T18:39:13.085587+05:30,GET,GET /health/,24.37,ok,
2026-10-04T18:39:13.109146+05:30,GET,GET /jobs/stats/,22.32,ok,
2026-10-04T18:39:13.121338+05:30,POST,POST /jobs/,22.6,ok,
2026-10-04T18:39:13.152241+05:30,GET,GET /health/,22.61,ok,
2026-10-04T18:39:13.162863+05:30,POST,POST /jobs/,31.17,ok,
2026-10-04T18:39:13.186880+05:30,GET,GET /health/,26.36,ok,
2026-10-04T18:39:13.284880+05:30,GET,GET /jobs/{id}/,25.45,ok,
2026-10-04T18:39:13.285288+05:30,POST,POST /jobs/,30.89,ok,
2026-10-04T18:39:13.302952+05:30,POST,POST /jobs/,32.01,ok,
2026-10-04T18:39:13.303389+05:30,GET,GET /jobs/{id}/,33.02,ok,
2026-10-04T18:39:13.316669+05:30,GET,GET /jobs/stats/,25.17,ok,
2026-10-04T18:39:13.336677+05:30,GET,GET /jobs/{id}/,21.24,ok,
2026-10-04T18:39:13.338215+05:30,GET,GET /jobs/{id}/,22.29,ok,
2026-10-04T18:39:13.413275+05:30,GET,GET /jobs/{id}/,21.76,ok,
2026-10-04T18:39:13.433131+05:30,POST,POST /jobs/,23.37,ok,
2026-10-04T18:39:13.473277+05:30,GET,GET /jobs/{id}/,19.83,ok,
2026-10-04T18:39:13.477641+05:30,GET,GET /jobs/{id}/,21.17,ok,
2026-10-04T18:39:13.516533+05:30,POST,POST /jobs/,22.55,ok,
2026-10-04T18:39:13.555085+05:30,GET,GET /jobs/{id}/,21.04,ok,
2026-10-04T18:39:13.559701+05:30,GET,GET /jobs/{id}/,22.69,ok,
2026-10-04T18:39:13.561944+05:30,GET,GET /jobs/{id}/,24.45,ok,
2026-10-04T18:39:13.573884+05:30,POST,POST /jobs/,22.27,ok,
2026-10-04T18:39:13.618631+05:30,GET,GET /health/,20.29,ok,
2026-10-04T18:39:13.625298+05:30,GET,GET /jobs/{id}/,21.91,ok,
2026-10-04T18:39:13.641716+05:30,POST,POST /jobs/,21.84,ok,
2026-10-04T18:39:13.686017+05:30,GET,GET /jobs/{id}/,20.9,ok,
2026-10-04T18:39:13.699260+05:30,GET,GET /jobs/{id}/,20.09,ok,
2026-10-04T18:39:13.730336+05:30,GET,GET /jobs/stats/,21.79,ok,
2026-10-04T18:39:13.738876+05:30,GET,GET /jobs/{id}/,19.33,ok,
2026-10-04T18:39:13.744677+05:30,GET,GET /jobs/{id}/,20.19,ok,
2026-10-04T18:39:13.785692+05:30,GET,GET /jobs/{id}/,22.69,ok,
2026-10-04T18:39:13.795307+05:30,GET,GET /jobs/stats/,20.29,ok,
2026-10-04T18:39:13.818790+05:30,GET,GET /jobs/stats/,23.35,ok,
2026-10-04T18:39:13.831612+05:30,POST,POST /jobs/,23.27,ok,
2026-10-04T18:39:13.859189+05:30,GET,GET /jobs/stats/,21.21,ok,
2026-10-04T18:39:13.900325+05:30,GET,GET /jobs/{id}/,21.86,ok,
2026-10-04T18:39:13.914353+05:30,GET,GET /jobs/{id}/,19.92,ok,
2026-10-04T18:39:13.927169+05:30,POST,POST /jobs/,23.59,ok,
2026-10-04T18:39:13.945066+05:30,GET,GET /jobs/{id}/,24.43,ok,
2026-10-04T18:39:13.954002+05:30,GET,GET /jobs/{id}/,21.57,ok,
2026-10-04T18:39:13.959858+05:30,GET,GET /jobs/{id}/,20.54,ok,
2026-10-04T18:39:14.021290+05:30,POST,POST /jobs/,25.05,ok,
2026-10-04T18:39:14.028667+05:30,GET,GET /jobs/{id}/,24.39,ok,
2026-10-04T18:39:14.059336+05:30,POST,POST /jobs/,23.34,ok,
2026-10-04T18:39:14.059736+05:30,GET,GET /health/,22.86,ok,
2026-10-04T18:39:14.081557+05:30,GET,GET /jobs/{id}/,20.62,ok,
2026-10-04T18:39:14.133571+05:30,GET,GET /jobs/stats/,21.73,ok,
2026-10-04T18:39:14.142739+05:30,GET,GET /jobs/{id}/,19.93,ok,
2026-10-04T18:39:14.155611+05:30,GET,GET /jobs/{id}/,23.34,ok,
2026-10-04T18:39:14.156395+05:30,GET,GET /health/,27.59,ok,
2026-10-04T18:39:14.166964+05:30,GET,GET /jobs/stats/,23.01,ok,
2026-10-04T18:39:14.184945+05:30,GET,GET /jobs/{id}/,24.03,ok,
2026-10-04T18:39:14.185487+05:30,GET,GET /health/,29.74,ok,
2026-10-04T18:39:14.197634+05:30,GET,GET /jobs/{id}/,28.41,ok,
2026-10-04T18:39:14.198233+05:30,GET,GET /jobs/{id}/,28.5,ok,
2026-10-04T18:39:14.224679+05:30,POST,POST /jobs/,22.17,ok,
2026-10-04T18:39:14.248977+05:30,GET,GET /jobs/{id}/,20.84,ok,
2026-10-04T18:39:14.288171+05:30,GET,GET /jobs/{id}/,21.83,ok,
2026-10-04T18:39:14.293471+05:30,POST,POST /jobs/,35.18,ok,
2026-10-04T18:39:14.295616+05:30,GET,GET /jobs/{id}/,25.25,ok,
2026-10-04T18:39:14.307595+05:30,GET,GET /jobs/{id}/,20.32,ok,
2026-10-04T18:39:14.346373+05:30,POST,POST /jobs/,24.41,ok,
2026-10-04T18:39:14.363125+05:30,POST,POST /jobs/,25.14,ok,
2026-10-04T18:39:14.376581+05:30,GET,GET /jobs/{id}/,21.88,ok,
2026-10-04T18:39:14.431751+05:30,GET,GET /jobs/{id}/,19.85,ok,
2026-10-04T18:39:14.489430+05:30,POST,POST /jobs/,32.4,ok,
2026-10-04T18:39:14.502327+05:30,GET,GET /jobs/{id}/,21.17,ok,
2026-10-04T18:39:14.508626+05:30,GET,GET /jobs/{id}/,20.13,ok,
2026-10-04T18:39:14.553351+05:30,POST,POST /jobs/,23.36,ok,
2026-10-04T18:39:14.582188+05:30,POST,POST /jobs/,30.0,ok,
2026-10-04T18:39:14.582628+05:30,GET,GET /jobs/{id}/,29.95,ok,
2026-10-04T18:39:14.590121+05:30,GET,GET /jobs/stats/,31.2,ok,
2026-10-04T18:39:14.601671+05:30,POST,POST /jobs/,30.9,ok,
2026-10-04T18:39:14.654717+05:30,GET,GET /jobs/{id}/,19.75,ok,
2026-10-04T18:39:14.690183+05:30,POST,POST /jobs/,23.15,ok,
2026-10-04T18:39:14.765459+05:30,GET,GET /jobs/stats/,19.97,ok,
2026-10-04T18:39:14.784849+05:30,GET,GET /health/,22.23,ok,
2026-10-04T18:39:14.788211+05:30,GET,GET /jobs/{id}/,20.44,ok,
2026-10-04T18:39:14.799064+05:30,GET,GET /jobs/{id}/,19.49,ok,
2026-10-04T18:39:14.827191+05:30,GET,GET /jobs/{id}/,19.83,ok,
2026-10-04T18:39:14.835559+05:30,POST,POST /jobs/,25.28,ok,
2026-10-04T18:39:14.836566+05:30,POST,POST /jobs/,23.39,ok,
2026-10-04T18:39:14.857302+05:30,POST,POST /jobs/,22.71,ok,
2026-10-04T18:39:14.861689+05:30,GET,GET /jobs/{id}/,19.81,ok,
2026-10-04T18:39:14.892839+05:30,POST,POST /jobs/,22.82,ok,
2026-10-04T18:39:14.922725+05:30,GET,GET /health/,22.62,ok,
2026-10-04T18:39:14.932039+05:30,GET,GET /jobs/{id}/,20.85,ok,
2026-10-04T18:39:14.950444+05:30,GET,GET /jobs/{id}/,19.92,ok,
2026-10-04T18:39:14.958626+05:30,GET,GET /jobs/stats/,23.38,ok,
2026-10-04T18:39:14.967545+05:30,POST,POST /jobs/,31.81,ok,
2026-10-04T18:39:14.981076+05:30,POST,POST /jobs/,28.3,ok,
2026-10-04T18:39:14.981652+05:30,POST,POST /jobs/,27.04,ok,
2026-10-04T18:39:14.992213+05:30,GET,GET /jobs/{id}/,21.4,ok,
2026-10-04T18:39:15.053913+05:30,GET,GET /jobs/stats/,21.22,ok,
2026-10-04T18:39:15.122192+05:30,GET,GET /jobs/{id}/,19.95,ok,
2026-10-04T18:39:15.153533+05:30,POST,POST /jobs/,26.07,ok,
2026-10-04T18:39:15.160355+05:30,GET,GET /health/,25.98,ok,
2026-10-04T18:39:15.220513+05:30,GET,GET /jobs/{id}/,20.87,ok,
2026-10-04T18:39:15.226852+05:30,POST,POST /jobs/,23.27,ok,
2026-10-04T18:39:15.257149+05:30,GET,GET /jobs/{id}/,21.0,ok,
2026-10-04T18:39:15.268513+05:30,GET,GET /jobs/{id}/,20.35,ok,
2026-10-04T18:39:15.276411+05:30,POST,POST /jobs/,22.3,ok,
2026-10-04T18:39:15.296841+05:30,GET,GET /jobs/{id}/,23.04,ok,
2026-10-04T18:39:15.307270+05:30,GET,GET /jobs/{id}/,20.45,ok,
2026-10-04T18:39:15.310154+05:30,POST,POST /jobs/,24.38,ok,
2026-10-04T18:39:15.346834+05:30,POST,POST /jobs/,22.4,ok,
2026-10-04T18:39:15.390391+05:30,POST,POST /jobs/,22.26,ok,
2026-10-04T18:39:15.398515+05:30,POST,POST /jobs/,22.43,ok,
2026-10-04T18:39:15.415897+05:30,GET,GET /jobs/{id}/,19.26,ok,
2026-10-04T18:39:15.496582+05:30,POST,POST /jobs/,34.35,ok,
2026-10-04T18:39:15.510794+05:30,GET,GET /jobs/{id}/,20.31,ok,
2026-10-04T18:39:15.528785+05:30,GET,GET /jobs/stats/,19.95,ok,
2026-10-04T18:39:15.557070+05:30,GET,GET /jobs/{id}/,20.03,ok,
2026-10-04T18:39:15.572723+05:30,POST,POST /jobs/,31.71,ok,
2026-10-04T18:39:15.586865+05:30,GET,GET /jobs/{id}/,21.49,ok,
2026-10-04T18:39:15.598172+05:30,GET,GET /jobs/{id}/,22.18,ok,
2026-10-04T18:39:15.615229+05:30,POST,POST /jobs/,23.1,ok,
2026-10-04T18:39:15.622009+05:30,GET,GET /jobs/{id}/,19.57,ok,
2026-10-04T18:39:15.672413+05:30,GET,GET /jobs/{id}/,20.56,ok,
2026-10-04T18:39:15.680060+05:30,POST,POST /jobs/,32.21,ok,
2026-10-04T18:39:15.714714+05:30,GET,GET /health/,22.37,ok,
2026-10-04T18:39:15.747080+05:30,GET,GET /health/,25.05,ok,
2026-10-04T18:39:15.759762+05:30,GET,GET /jobs/{id}/,22.78,ok,
2026-10-04T18:39:15.863939+05:30,GET,GET /jobs/{id}/,19.83,ok,
2026-10-04T18:39:15.908962+05:30,GET,GET /jobs/stats/,22.73,ok,
2026-10-04T18:39:15.923524+05:30,GET,GET /jobs/{id}/,20.22,ok,
2026-10-04T18:39:15.945623+05:30,GET,GET /jobs/{id}/,21.95,ok,
2026-10-04T18:39:15.950417+05:30,POST,POST /jobs/,28.25,ok,
2026-10-04T18:39:15.981551+05:30,GET,GET /jobs/{id}/,19.83,ok,
2026-10-04T18:39:16.025391+05:30,GET,GET /health/,20.55,ok,
2026-10-04T18:39:16.051485+05:30,GET,GET /health/,26.83,ok,
2026-10-04T18:39:16.052074+05:30,GET,GET /jobs/{id}/,30.12,ok,
2026-10-04T18:39:16.061151+05:30,GET,GET /health/,34.28,ok,
2026-10-04T18:39:16.069684+05:30,POST,POST /jobs/,27.62,ok,
2026-10-04T18:39:16.074386+05:30,POST,POST /jobs/,24.08,ok,
2026-10-04T18:39:16.080211+05:30,GET,GET /jobs/{id}/,19.84,ok,
2026-10-04T18:39:16.115572+05:30,POST,POST /jobs/,24.06,ok,
2026-10-04T18:39:16.120088+05:30,GET,GET /health/,27.72,ok,
2026-10-04T18:39:16.152606+05:30,GET,GET /jobs/{id}/,37.9,ok,
2026-10-04T18:39:16.158137+05:30,GET,GET /jobs/stats/,29.83,ok,
2026-10-04T18:39:16.159497+05:30,GET,GET /jobs/stats/,29.39,ok,
2026-10-04T18:39:16.166323+05:30,GET,GET /jobs/{id}/,32.0,ok,
2026-10-04T18:39:16.174789+05:30,POST,POST /jobs/,40.9,ok,
2026-10-04T18:39:16.179673+05:30,GET,GET /jobs/stats/,21.4,ok,
2026-10-04T18:39:16.212345+05:30,GET,GET /jobs/{id}/,22.41,ok,
2026-10-04T18:39:16.222347+05:30,POST,POST /jobs/,29.51,ok,
2026-10-04T18:39:16.241363+05:30,GET,GET /jobs/{id}/,21.74,ok,
2026-10-04T18:39:16.281354+05:30,GET,GET /jobs/{id}/,19.66,ok,
2026-10-04T18:39:16.330758+05:30,GET,GET /jobs/{id}/,20.1,ok,
2026-10-04T18:39:16.390719+05:30,GET,GET /jobs/{id}/,19.69,ok,
2026-10-04T18:39:16.400629+05:30,GET,GET /jobs/{id}/,24.59,ok,
2026-10-04T18:39:16.401078+05:30,GET,GET /jobs/{id}/,23.15,ok,
2026-10-04T18:39:16.410975+05:30,GET,GET /jobs/stats/,22.29,ok,
2026-10-04T18:39:16.440622+05:30,GET,GET /jobs/{id}/,23.39,ok,
2026-10-04T18:39:16.447613+05:30,GET,GET /jobs/{id}/,23.27,ok,
2026-10-04T18:39:16.451579+05:30,GET,GET /jobs/stats/,24.46,ok,
2026-10-04T18:39:16.456791+05:30,GET,GET /jobs/{id}/,22.92,ok,
2026-10-04T18:39:16.465522+05:30,GET,GET /jobs/{id}/,19.32,ok,
2026-10-04T18:39:16.490021+05:30,GET,GET /jobs/{id}/,19.23,ok,
2026-10-04T18:39:16.495721+05:30,GET,GET /jobs/{id}/,20.02,ok,
2026-10-04T18:39:16.515232+05:30,GET,GET /jobs/{id}/,19.34,ok,
2026-10-04T18:39:16.545524+05:30,GET,GET /jobs/stats/,20.0,ok,
2026-10-04T18:39:16.553456+05:30,GET,GET /jobs/{id}/,19.88,ok,
2026-10-04T18:39:16.578434+05:30,POST,POST /jobs/,22.73,ok,
2026-10-04T18:39:16.588746+05:30,GET,GET /jobs/stats/,20.14,ok,
2026-10-04T18:39:16.609490+05:30,GET,GET /jobs/{id}/,21.99,ok,
2026-10-04T18:39:16.617101+05:30,GET,GET /health/,21.1,ok,
2026-10-04T18:39:16.622993+05:30,GET,GET /jobs/{id}/,22.02,ok,
2026-10-04T18:39:16.629746+05:30,GET,GET /jobs/{id}/,26.94,ok,
2026-10-04T18:39:16.638666+05:30,GET,GET /jobs/{id}/,22.5,ok,
2026-10-04T18:39:16.648924+05:30,POST,POST /jobs/,25.77,ok,
2026-10-04T18:39:16.709116+05:30,POST,POST /jobs/,21.92,ok,
2026-10-04T18:39:16.715677+05:30,GET,GET /jobs/{id}/,19.47,ok,
2026-10-04T18:39:16.723865+05:30,POST,POST /jobs/,23.67,ok,
2026-10-04T18:39:16.797173+05:30,GET,GET /jobs/stats/,20.06,ok,
2026-10-04T18:39:16.805907+05:30,GET,GET /jobs/{id}/,19.73,ok,
2026-10-04T18:39:16.879149+05:30,GET,GET /health/,21.95,ok,
2026-10-04T18:39:16.924595+05:30,GET,GET /jobs/stats/,20.16,ok,
2026-10-04T18:39:16.926353+05:30,GET,GET /jobs/{id}/,21.41,ok,
2026-10-04T18:39:16.982885+05:30,GET,GET /health/,23.28,ok,
2026-10-04T18:39:17.000874+05:30,POST,POST /jobs/,24.23,ok,
2026-10-04T18:39:17.011945+05:30,POST,POST /jobs/,22.76,ok,
2026-10-04T18:39:17.038943+05:30,GET,GET /jobs/{id}/,19.72,ok,
2026-10-04T18:39:17.065105+05:30,GET,GET /jobs/{id}/,23.89,ok,
2026-10-04T18:39:17.068796+05:30,POST,POST /jobs/,26.47,ok,
2026-10-04T18:39:17.090739+05:30,POST,POST /jobs/,23.36,ok,
2026-10-04T18:39:17.105570+05:30,GET,GET /jobs/{id}/,20.47,ok,
2026-10-04T18:39:17.114092+05:30,POST,POST /jobs/,21.1,ok,
2026-10-04T18:39:17.144547+05:30,GET,GET /jobs/{id}/,22.15,ok,
2026-10-04T18:39:17.149564+05:30,GET,GET /jobs/stats/,25.3,ok,
2026-10-04T18:39:17.171940+05:30,POST,POST /jobs/,25.13,ok,
2026-10-04T18:39:17.181111+05:30,GET,GET /jobs/stats/,20.29,ok,
2026-10-04T18:39:17.185094+05:30,GET,GET /jobs/{id}/,22.38,ok,
2026-10-04T18:39:17.240921+05:30,POST,POST /jobs/,30.54,ok,
2026-10-04T18:39:17.271823+05:30,GET,GET /jobs/{id}/,19.61,ok,
2026-10-04T18:39:17.296510+05:30,GET,GET /jobs/{id}/,19.37,ok,
2026-10-04T18:39:17.385699+05:30,GET,GET /jobs/{id}/,23.79,ok,
2026-10-04T18:39:17.394844+05:30,GET,GET /jobs/stats/,24.03,ok,
2026-10-04T18:39:17.395269+05:30,GET,GET /jobs/{id}/,27.33,ok,
2026-10-04T18:39:17.400829+05:30,GET,GET /jobs/{id}/,23.2,ok,
2026-10-04T18:39:17.405939+05:30,GET,GET /health/,27.76,ok,
2026-10-04T18:39:17.412208+05:30,POST,POST /jobs/,25.2,ok,
2026-10-04T18:39:17.433351+05:30,GET,GET /jobs/{id}/,22.43,ok,
2026-10-04T18:39:17.435238+05:30,POST,POST /jobs/,26.01,ok,
2026-10-04T18:39:17.447853+05:30,GET,GET /jobs/{id}/,22.34,ok,
2026-10-04T18:39:17.487547+05:30,POST,POST /jobs/,22.4,ok,
2026-10-04T18:39:17.514793+05:30,GET,GET /jobs/stats/,20.87,ok,
2026-10-04T18:39:17.553398+05:30,POST,POST /jobs/,22.3,ok,
2026-10-04T18:39:17.559334+05:30,GET,GET /jobs/{id}/,19.22,ok,
2026-10-04T18:39:17.583530+05:30,GET,GET /jobs/stats/,20.97,ok,
2026-10-04T18:39:17.597669+05:30,GET,GET /jobs/{id}/,22.06,ok,
2026-10-04T18:39:17.609500+05:30,POST,POST /jobs/,22.72,ok,
2026-10-04T18:39:17.610029+05:30,GET,GET /jobs/stats/,22.77,ok,
2026-10-04T18:39:17.669752+05:30,GET,GET /jobs/{id}/,21.25,ok,
2026-10-04T18:39:17.680153+05:30,GET,GET /jobs/{id}/,19.63,ok,
2026-10-04T18:39:17.684828+05:30,GET,GET /jobs/{id}/,22.33,ok,
2026-10-04T18:39:17.723457+05:30,POST,POST /jobs/,24.3,ok,
2026-10-04T18:39:17.737348+05:30,GET,GET /jobs/{id}/,20.14,ok,
2026-10-04T18:39:17.761983+05:30,POST,POST /jobs/,22.34,ok,
2026-10-04T18:39:17.807621+05:30,POST,POST /jobs/,26.33,ok,
2026-10-04T18:39:17.813073+05:30,GET,GET /jobs/stats/,21.71,ok,
2026-10-04T18:39:17.820902+05:30,GET,GET /jobs/{id}/,21.61,ok,
2026-10-04T18:39:17.835473+05:30,POST,POST /jobs/,24.58,ok,
2026-10-04T18:39:17.835912+05:30,GET,GET /jobs/{id}/,21.62,ok,
2026-10-04T18:39:17.930895+05:30,GET,GET /jobs/{id}/,19.67,ok,
2026-10-04T18:39:17.955088+05:30,GET,GET /jobs/{id}/,21.91,ok,
2026-10-04T18:39:17.959075+05:30,GET,GET /jobs/{id}/,20.77,ok,
2026-10-04T18:39:17.960640+05:30,GET,GET /jobs/{id}/,21.84,ok,
2026-10-04T18:39:17.969252+05:30,POST,POST /jobs/,25.56,ok,
2026-10-04T18:39:18.005157+05:30,GET,GET /jobs/{id}/,20.57,ok,
2026-10-04T18:39:18.022265+05:30,GET,GET /jobs/{id}/,20.59,ok,
2026-10-04T18:39:18.036344+05:30,GET,GET /jobs/{id}/,20.83,ok,
2026-10-04T18:39:18.064893+05:30,GET,GET /jobs/{id}/,20.21,ok,
2026-10-04T18:39:18.155482+05:30,GET,GET /jobs/stats/,21.29,ok,
2026-10-04T18:39:18.166975+05:30,GET,GET /jobs/{id}/,19.76,ok,
2026-10-04T18:39:18.192480+05:30,POST,POST /jobs/,22.24,ok,
2026-10-04T18:39:18.221611+05:30,POST,POST /jobs/,23.82,ok,
2026-10-04T18:39:18.251763+05:30,GET,GET /jobs/{id}/,20.81,ok,
2026-10-04T18:39:18.264589+05:30,POST,POST /jobs/,22.61,ok,
2026-10-04T18:39:18.318487+05:30,GET,GET /jobs/{id}/,24.83,ok,
2026-10-04T18:39:18.321842+05:30,POST,POST /jobs/,28.71,ok,
2026-10-04T18:39:18.326632+05:30,GET,GET /health/,23.89,ok,
2026-10-04T18:39:18.372883+05:30,GET,GET /jobs/{id}/,22.86,ok,
2026-10-04T18:39:18.376084+05:30,POST,POST /jobs/,25.19,ok,
2026-10-04T18:39:18.386391+05:30,GET,GET /jobs/stats/,20.76,ok,
2026-10-04T18:39:18.394332+05:30,POST,POST /jobs/,21.29,ok,
2026-10-04T18:39:18.431494+05:30,GET,GET /health/,20.9,ok,
2026-10-04T18:39:18.471744+05:30,POST,POST /jobs/,22.93,ok,
2026-10-04T18:39:18.475896+05:30,GET,GET /jobs/{id}/,20.09,ok,
2026-10-04T18:39:18.508614+05:30,GET,GET /jobs/{id}/,19.41,ok,
2026-10-04T18:39:18.574508+05:30,GET,GET /jobs/{id}/,20.51,ok,
2026-10-04T18:39:18.584713+05:30,POST,POST /jobs/,21.69,ok,
2026-10-04T18:39:18.615610+05:30,GET,GET /jobs/{id}/,19.58,ok,
2026-10-04T18:39:18.687146+05:30,GET,GET /health/,23.23,ok,
2026-10-04T18:39:18.694923+05:30,GET,GET /jobs/stats/,22.05,ok,
2026-10-04T18:39:18.696919+05:30,POST,POST /jobs/,25.98,ok,
2026-10-04T18:39:18.741078+05:30,POST,POST /jobs/,24.86,ok,
2026-10-04T18:39:18.742720+05:30,GET,GET /jobs/{id}/,23.47,ok,
2026-10-04T18:39:18.765641+05:30,POST,POST /jobs/,32.51,ok,
2026-10-04T18:39:18.781905+05:30,GET,GET /jobs/{id}/,19.79,ok,
2026-10-04T18:39:18.795518+05:30,GET,GET /health/,19.6,ok,
2026-10-04T18:39:18.862014+05:30,GET,GET /jobs/{id}/,23.01,ok,
2026-10-04T18:39:18.876886+05:30,GET,GET /jobs/{id}/,25.9,ok,
2026-10-04T18:39:18.882071+05:30,GET,GET /jobs/{id}/,24.1,ok,
2026-10-04T18:39:18.889157+05:30,GET,GET /jobs/{id}/,33.18,ok,
2026-10-04T18:39:18.889739+05:30,GET,GET /jobs/{id}/,28.63,ok,
2026-10-04T18:39:18.910238+05:30,GET,GET /jobs/{id}/,26.93,ok,
2026-10-04T18:39:18.916243+05:30,GET,GET /health/,30.56,ok,
2026-10-04T18:39:18.929520+05:30,POST,POST /jobs/,28.89,ok,
2026-10-04T18:39:18.931687+05:30,POST,POST /jobs/,31.6,ok,
2026-10-04T18:39:18.942762+05:30,POST,POST /jobs/,23.25,ok,
2026-10-04T18:39:18.973516+05:30,POST,POST /jobs/,48.09,ok,
2026-10-04T18:39:18.986961+05:30,GET,GET /jobs/{id}/,21.9,ok,
2026-10-04T18:39:18.989716+05:30,GET,GET /health/,39.67,ok,
2026-10-04T18:39:19.014330+05:30,POST,POST /jobs/,22.24,ok,
2026-10-04T18:39:19.036412+05:30,GET,GET /health/,18.97,ok,
2026-10-04T18:39:19.041443+05:30,GET,GET /health/,25.84,ok,
2026-10-04T18:39:19.043561+05:30,GET,GET /jobs/{id}/,22.22,ok,
2026-10-04T18:39:19.051171+05:30,GET,GET /jobs/{id}/,21.82,ok,
2026-10-04T18:39:19.079204+05:30,POST,POST /jobs/,23.75,ok,
2026-10-04T18:39:19.080349+05:30,GET,GET /health/,24.12,ok,
2026-10-04T18:39:19.118116+05:30,POST,POST /jobs/,22.47,ok,
2026-10-04T18:39:19.138307+05:30,GET,GET /jobs/{id}/,18.96,ok,
2026-10-04T18:39:19.158190+05:30,GET,GET /jobs/{id}/,21.9,ok,
2026-10-04T18:39:19.166440+05:30,GET,GET /jobs/{id}/,20.95,ok,
2026-10-04T18:39:19.166955+05:30,GET,GET /jobs/stats/,25.43,ok,
2026-10-04T18:39:19.175370+05:30,GET,GET /jobs/{id}/,25.85,ok,
2026-10-04T18:39:19.175841+05:30,GET,GET /jobs/{id}/,25.62,ok,
2026-10-04T18:39:19.211989+05:30,GET,GET /jobs/{id}/,20.87,ok,
2026-10-04T18:39:19.215837+05:30,POST,POST /jobs/,24.17,ok,
2026-10-04T18:39:19.245749+05:30,GET,GET /jobs/{id}/,22.62,ok,
2026-10-04T18:39:19.246250+05:30,POST,POST /jobs/,26.13,ok,
2026-10-04T18:39:19.264958+05:30,POST,POST /jobs/,28.75,ok,
2026-10-04T18:39:19.270405+05:30,GET,GET /jobs/stats/,21.96,ok,
2026-10-04T18:39:19.284646+05:30,GET,GET /jobs/{id}/,19.52,ok,
2026-10-04T18:39:19.301241+05:30,GET,GET /health/,22.55,ok,
2026-10-04T18:39:19.303655+05:30,POST,POST /jobs/,23.02,ok,
2026-10-04T18:39:19.322732+05:30,POST,POST /jobs/,22.36,ok,
2026-10-04T18:39:19.368481+05:30,GET,GET /health/,21.49,ok,
2026-10-04T18:39:19.414851+05:30,POST,POST /jobs/,26.07,ok,
2026-10-04T18:39:19.422366+05:30,GET,GET /jobs/stats/,21.59,ok,
2026-10-04T18:39:19.423679+05:30,GET,GET /jobs/{id}/,22.38,ok,
2026-10-04T18:39:19.494804+05:30,POST,POST /jobs/,22.82,ok,
2026-10-04T18:39:19.518266+05:30,POST,POST /jobs/,24.37,ok,
2026-10-04T18:39:19.532145+05:30,POST,POST /jobs/,22.71,ok,
2026-10-04T18:39:19.563634+05:30,POST,POST /jobs/,22.2,ok,
2026-10-04T18:39:19.585928+05:30,GET,GET /jobs/{id}/,20.01,ok,
2026-10-04T18:39:19.598454+05:30,GET,GET /jobs/{id}/,19.5,ok,
2026-10-04T18:39:19.682559+05:30,POST,POST /jobs/,27.78,ok,
2026-10-04T18:39:19.682995+05:30,GET,GET /jobs/{id}/,19.96,ok,
2026-10-04T18:39:19.724414+05:30,GET,GET /jobs/{id}/,21.13,ok,
2026-10-04T18:39:19.737511+05:30,POST,POST /jobs/,24.23,ok,
2026-10-04T18:39:19.751250+05:30,GET,GET /jobs/{id}/,19.55,ok,
2026-10-04T18:39:19.817458+05:30,GET,GET /health/,19.93,ok,
2026-10-04T18:39:19.866866+05:30,GET,GET /jobs/stats/,22.21,ok,
2026-10-04T18:39:19.868537+05:30,POST,POST /jobs/,24.75,ok,
2026-10-04T18:39:19.883908+05:30,POST,POST /jobs/,23.77,ok,
2026-10-04T18:39:19.909563+05:30,GET,GET /jobs/{id}/,19.38,ok,
2026-10-04T18:39:19.948857+05:30,GET,GET /jobs/stats/,21.0,ok,
2026-10-04T18:39:19.953406+05:30,POST,POST /jobs/,21.53,ok,
2026-10-04T18:39:20.012682+05:30,POST,POST /jobs/,24.78,ok,
2026-10-04T18:39:20.023773+05:30,POST,POST /jobs/,25.8,ok,
2026-10-04T18:39:20.033663+05:30,GET,GET /jobs/{id}/,21.7,ok,
2026-10-04T18:39:20.047990+05:30,GET,GET /jobs/{id}/,20.94,ok,
2026-10-04T18:39:20.053935+05:30,GET,GET /jobs/{id}/,19.7,ok,
2026-10-04T18:39:20.077178+05:30,GET,GET /jobs/stats/,20.99,ok,
2026-10-04T18:39:20.081494+05:30,GET,GET /jobs/{id}/,24.73,ok,
2026-10-04T18:39:20.093007+05:30,POST,POST /jobs/,22.28,ok,
2026-10-04T18:39:20.098204+05:30,GET,GET /health/,21.87,ok,
2026-10-04T18:39:20.143317+05:30,GET,GET /jobs/stats/,20.8,ok,
2026-10-04T18:39:20.145600+05:30,GET,GET /jobs/{id}/,22.54,ok,
2026-10-04T18:39:20.178804+05:30,POST,POST /jobs/,31.93,ok,
2026-10-04T18:39:20.187296+05:30,GET,GET /jobs/{id}/,24.12,ok,
2026-10-04T18:39:20.190422+05:30,POST,POST /jobs/,27.79,ok,
2026-10-04T18:39:20.194389+05:30,GET,GET /jobs/stats/,30.77,ok,
2026-10-04T18:39:20.234761+05:30,GET,GET /jobs/stats/,21.11,ok,
2026-10-04T18:39:20.274327+05:30,POST,POST /jobs/,24.25,ok,
2026-10-04T18:39:20.281550+05:30,POST,POST /jobs/,26.77,ok,
2026-10-04T18:39:20.282110+05:30,POST,POST /jobs/,28.05,ok,
2026-10-04T18:39:20.290502+05:30,GET,GET /jobs/{id}/,24.77,ok,
2026-10-04T18:39:20.294435+05:30,GET,GET /jobs/{id}/,22.58,ok,
2026-10-04T18:39:20.342167+05:30,GET,GET /jobs/stats/,21.47,ok,
2026-10-04T18:39:20.350105+05:30,POST,POST /jobs/,25.39,ok,
2026-10-04T18:39:20.351104+05:30,POST,POST /jobs/,25.71,ok,
2026-10-04T18:39:20.360072+05:30,GET,GET /jobs/{id}/,20.34,ok,
2026-10-04T18:39:20.379000+05:30,GET,GET /jobs/{id}/,19.8,ok,
2026-10-04T18:39:20.398608+05:30,GET,GET /jobs/{id}/,21.31,ok,
2026-10-04T18:39:20.399076+05:30,GET,GET /jobs/{id}/,22.44,ok,
2026-10-04T18:39:20.406014+05:30,POST,POST /jobs/,27.93,ok,
2026-10-04T18:39:20.426411+05:30,POST,POST /jobs/,22.08,ok,
2026-10-04T18:39:20.427279+05:30,GET,GET /jobs/stats/,20.04,ok,
2026-10-04T18:39:20.461372+05:30,GET,GET /jobs/{id}/,26.28,ok,
2026-10-04T18:39:20.461872+05:30,POST,POST /jobs/,27.34,ok,
2026-10-04T18:39:20.462302+05:30,GET,GET /jobs/{id}/,25.98,ok,
2026-10-04T18:39:20.500674+05:30,GET,GET /jobs/stats/,20.13,ok,
2026-10-04T18:39:20.560417+05:30,GET,GET /jobs/{id}/,21.42,ok,
2026-10-04T18:39:20.567417+05:30,POST,POST /jobs/,23.43,ok,
2026-10-04T18:39:20.575792+05:30,POST,POST /jobs/,22.83,ok,
2026-10-04T18:39:20.640313+05:30,GET,GET /jobs/{id}/,22.21,ok,
2026-10-04T18:39:20.648940+05:30,POST,POST /jobs/,23.87,ok,
2026-10-04T18:39:20.650107+05:30,GET,GET /jobs/{id}/,20.94,ok,
2026-10-04T18:39:20.672337+05:30,POST,POST /jobs/,24.39,ok,
2026-10-04T18:39:20.677290+05:30,GET,GET /health/,21.95,ok,
2026-10-04T18:39:20.687825+05:30,GET,GET /jobs/{id}/,22.53,ok,
2026-10-04T18:39:20.701653+05:30,GET,GET /jobs/{id}/,19.08,ok,
2026-10-04T18:39:20.734087+05:30,GET,GET /jobs/{id}/,20.09,ok,
2026-10-04T18:39:20.740489+05:30,GET,GET /jobs/{id}/,19.53,ok,
2026-10-04T18:39:20.764461+05:30,GET,GET /jobs/{id}/,20.72,ok,
2026-10-04T18:39:20.779899+05:30,POST,POST /jobs/,22.2,ok,
2026-10-04T18:39:20.828653+05:30,GET,GET /jobs/{id}/,19.44,ok,
2026-10-04T18:39:20.854541+05:30,POST,POST /jobs/,27.68,ok,
2026-10-04T18:39:20.854962+05:30,POST,POST /jobs/,28.71,ok,
2026-10-04T18:39:20.864978+05:30,POST,POST /jobs/,29.07,ok,
2026-10-04T18:39:20.905364+05:30,POST,POST /jobs/,22.07,ok,
2026-10-04T18:39:20.959961+05:30,GET,GET /jobs/{id}/,26.66,ok,
2026-10-04T18:39:20.960433+05:30,GET,GET /jobs/{id}/,27.76,ok,
2026-10-04T18:39:20.965251+05:30,GET,GET /health/,29.01,ok,
2026-10-04T18:39:21.038727+05:30,GET,GET /jobs/{id}/,19.16,ok,
2026-10-04T18:39:21.125167+05:30,POST,POST /jobs/,23.07,ok,
2026-10-04T18:39:21.169128+05:30,GET,GET /health/,19.65,ok,
2026-10-04T18:39:21.185685+05:30,GET,GET /health/,23.07,ok,
2026-10-04T18:39:21.187883+05:30,GET,GET /jobs/{id}/,20.31,ok,
2026-10-04T18:39:21.194464+05:30,GET,GET /jobs/stats/,20.06,ok,
2026-10-04T18:39:21.244760+05:30,GET,GET /jobs/{id}/,19.93,ok,
2026-10-04T18:39:21.260134+05:30,GET,GET /jobs/{id}/,22.1,ok,
2026-10-04T18:39:21.292226+05:30,GET,GET /jobs/stats/,20.82,ok,
2026-10-04T18:39:21.296738+05:30,POST,POST /jobs/,21.91,ok,
2026-10-04T18:39:21.297160+05:30,GET,GET /health/,25.23,ok,
2026-10-04T18:39:21.325074+05:30,GET,GET /jobs/{id}/,19.65,ok,
2026-10-04T18:39:21.332806+05:30,POST,POST /jobs/,22.36,ok,
2026-10-04T18:39:21.338190+05:30,GET,GET /jobs/{id}/,20.84,ok,
2026-10-04T18:39:21.373303+05:30,GET,GET /jobs/{id}/,19.81,ok,
2026-10-04T18:39:21.418379+05:30,GET,GET /jobs/{id}/,19.78,ok,
2026-10-04T18:39:21.428162+05:30,GET,GET /jobs/{id}/,22.07,ok,
2026-10-04T18:39:21.432458+05:30,GET,GET /jobs/{id}/,23.43,ok,
2026-10-04T18:39:21.432986+05:30,GET,GET /health/,27.46,ok,
2026-10-04T18:39:21.446732+05:30,GET,GET /jobs/{id}/,21.07,ok,
2026-10-04T18:39:21.461269+05:30,GET,GET /jobs/{id}/,21.03,ok,
2026-10-04T18:39:21.470411+05:30,GET,GET /jobs/stats/,21.44,ok,
2026-10-04T18:39:21.492214+05:30,GET,GET /jobs/{id}/,19.57,ok,
2026-10-04T18:39:21.497649+05:30,GET,GET /jobs/{id}/,19.15,ok,
2026-10-04T18:39:21.515661+05:30,GET,GET /health/,20.19,ok,
2026-10-04T18:39:21.525860+05:30,POST,POST /jobs/,29.81,ok,
2026-10-04T18:39:21.586131+05:30,POST,POST /jobs/,21.95,ok,
2026-10-04T18:39:21.618843+05:30,POST,POST /jobs/,22.38,ok,
2026-10-04T18:39:21.629536+05:30,GET,GET /jobs/stats/,20.03,ok,
2026-10-04T18:39:21.665312+05:30,POST,POST /jobs/,27.38,ok,
2026-10-04T18:39:21.665706+05:30,POST,POST /jobs/,27.23,ok,
2026-10-04T18:39:21.688268+05:30,GET,GET /jobs/{id}/,24.32,ok,
2026-10-04T18:39:21.688708+05:30,GET,GET /jobs/stats/,21.5,ok,
2026-10-04T18:39:21.698759+05:30,GET,GET /jobs/{id}/,23.78,ok,
2026-10-04T18:39:21.712796+05:30,GET,GET /jobs/{id}/,19.83,ok,
2026-10-04T18:39:21.767165+05:30,GET,GET /jobs/stats/,21.1,ok,
2026-10-04T18:39:21.775933+05:30,GET,GET /jobs/stats/,20.83,ok,
2026-10-04T18:39:21.784841+05:30,GET,GET /jobs/{id}/,19.05,ok,
2026-10-04T18:39:21.817519+05:30,POST,POST /jobs/,22.37,ok,
2026-10-04T18:39:21.858397+05:30,POST,POST /jobs/,23.59,ok,
2026-10-04T18:39:21.864090+05:30,GET,GET /jobs/{id}/,19.26,ok,
2026-10-04T18:39:21.895576+05:30,GET,GET /jobs/{id}/,20.19,ok,
2026-10-04T18:39:21.930485+05:30,GET,GET /jobs/{id}/,19.58,ok,
2026-10-04T18:39:21.975937+05:30,POST,POST /jobs/,26.12,ok,
2026-10-04T18:39:21.977688+05:30,POST,POST /jobs/,24.85,ok,
2026-10-04T18:39:21.982228+05:30,GET,GET /jobs/{id}/,24.56,ok,
2026-10-04T18:39:21.987117+05:30,POST,POST /jobs/,25.52,ok,
2026-10-04T18:39:22.053094+05:30,GET,GET /jobs/{id}/,21.68,ok,
2026-10-04T18:39:22.093591+05:30,GET,GET /jobs/stats/,21.17,ok,
2026-10-04T18:39:22.095795+05:30,GET,GET /jobs/{id}/,21.39,ok,
2026-10-04T18:39:22.110258+05:30,GET,GET /health/,23.9,ok,
2026-10-04T18:39:22.111797+05:30,GET,GET /jobs/{id}/,19.14,ok,
2026-10-04T18:39:22.130085+05:30,GET,GET /jobs/stats/,21.11,ok,
2026-10-04T18:39:22.148616+05:30,GET,GET /health/,24.54,ok,
2026-10-04T18:39:22.159162+05:30,GET,GET /jobs/{id}/,19.8,ok,
2026-10-04T18:39:22.196350+05:30,POST,POST /jobs/,24.88,ok,
2026-10-04T18:39:22.199718+05:30,GET,GET /jobs/stats/,23.29,ok,
2026-10-04T18:39:22.212492+05:30,POST,POST /jobs/,27.03,ok,
2026-10-04T18:39:22.212901+05:30,GET,GET /jobs/{id}/,25.38,ok,
2026-10-04T18:39:22.225924+05:30,GET,GET /jobs/{id}/,22.95,ok,
2026-10-04T18:39:22.236226+05:30,POST,POST /jobs/,22.11,ok,
2026-10-04T18:39:22.240666+05:30,GET,GET /jobs/{id}/,21.71,ok,
2026-10-04T18:39:22.291694+05:30,POST,POST /jobs/,22.72,ok,
2026-10-04T18:39:22.297309+05:30,GET,GET /jobs/{id}/,20.25,ok,
2026-10-04T18:39:22.324141+05:30,GET,GET /jobs/{id}/,19.55,ok,
2026-10-04T18:39:22.377374+05:30,GET,GET /jobs/{id}/,19.89,ok,
2026-10-04T18:39:22.395606+05:30,GET,GET /jobs/{id}/,19.99,ok,
2026-10-04T18:39:22.419005+05:30,GET,GET /jobs/{id}/,19.12,ok,
2026-10-04T18:39:22.471530+05:30,GET,GET /jobs/{id}/,20.23,ok,
2026-10-04T18:39:22.476302+05:30,GET,GET /jobs/{id}/,21.04,ok,
2026-10-04T18:39:22.486882+05:30,POST,POST /jobs/,23.98,ok,
2026-10-04T18:39:22.493100+05:30,GET,GET /jobs/{id}/,19.36,ok,
2026-10-04T18:39:22.522161+05:30,GET,GET /jobs/{id}/,21.78,ok,
2026-10-04T18:39:22.591545+05:30,POST,POST /jobs/,23.08,ok,
2026-10-04T18:39:22.603094+05:30,GET,GET /jobs/{id}/,19.55,ok,
2026-10-04T18:39:22.610454+05:30,POST,POST /jobs/,23.89,ok,
2026-10-04T18:39:22.673192+05:30,GET,GET /jobs/stats/,20.45,ok,
2026-10-04T18:39:22.676135+05:30,GET,GET /jobs/{id}/,19.39,ok,
2026-10-04T18:39:22.730839+05:30,POST,POST /jobs/,22.41,ok,
2026-10-04T18:39:22.787465+05:30,GET,GET /health/,21.32,ok,
2026-10-04T18:39:22.789294+05:30,GET,GET /jobs/stats/,22.62,ok,
2026-10-04T18:39:22.818034+05:30,POST,POST /jobs/,22.43,ok,
2026-10-04T18:39:22.867468+05:30,GET,GET /health/,22.13,ok,
2026-10-04T18:39:22.879916+05:30,POST,POST /jobs/,23.48,ok,
2026-10-04T18:39:22.883802+05:30,GET,GET /jobs/{id}/,22.33,ok,
2026-10-04T18:39:22.894615+05:30,GET,GET /health/,20.89,ok,
2026-10-04T18:39:22.923819+05:30,POST,POST /jobs/,22.91,ok,
2026-10-04T18:39:22.930339+05:30,POST,POST /jobs/,25.46,ok,
2026-10-04T18:39:22.938336+05:30,POST,POST /jobs/,23.43,ok,
2026-10-04T18:39:23.028804+05:30,POST,POST /jobs/,25.04,ok,
2026-10-04T18:39:23.042989+05:30,GET,GET /jobs/{id}/,21.44,ok,
2026-10-04T18:39:23.049231+05:30,GET,GET /health/,21.26,ok,
2026-10-04T18:39:23.077270+05:30,GET,GET /jobs/{id}/,20.66,ok,
2026-10-04T18:39:23.083972+05:30,GET,GET /jobs/{id}/,22.37,ok,
2026-10-04T18:39:23.093653+05:30,POST,POST /jobs/,27.93,ok,
2026-10-04T18:39:23.100672+05:30,GET,GET /health/,21.16,ok,
2026-10-04T18:39:23.108844+05:30,GET,GET /health/,20.59,ok,
2026-10-04T18:39:23.120462+05:30,POST,POST /jobs/,21.51,ok,
2026-10-04T18:39:23.148397+05:30,GET,GET /health/,21.68,ok,
2026-10-04T18:39:23.176582+05:30,GET,GET /jobs/{id}/,22.87,ok,
2026-10-04T18:39:23.187659+05:30,GET,GET /jobs/{id}/,20.9,ok,
2026-10-04T18:39:23.196674+05:30,GET,GET /jobs/{id}/,26.95,ok,
2026-10-04T18:39:23.202971+05:30,POST,POST /jobs/,29.23,ok,
2026-10-04T18:39:23.248337+05:30,POST,POST /jobs/,24.86,ok,
2026-10-04T18:39:23.256380+05:30,GET,GET /jobs/{id}/,28.87,ok,
2026-10-04T18:39:23.256865+05:30,GET,GET /jobs/{id}/,25.27,ok,
2026-10-04T18:39:23.267482+05:30,POST,POST /jobs/,27.96,ok,
2026-10-04T18:39:23.270509+05:30,GET,GET /jobs/{id}/,25.46,ok,
2026-10-04T18:39:23.298272+05:30,GET,GET /jobs/{id}/,26.52,ok,
2026-10-04T18:39:23.312148+05:30,GET,GET /jobs/{id}/,19.54,ok,
2026-10-04T18:39:23.342458+05:30,GET,GET /jobs/{id}/,20.01,ok,
2026-10-04T18:39:23.363098+05:30,POST,POST /jobs/,23.63,ok,
2026-10-04T18:39:23.371465+05:30,GET,GET /jobs/{id}/,25.72,ok,
2026-10-04T18:39:23.376876+05:30,GET,GET /jobs/{id}/,21.04,ok,
2026-10-04T18:39:23.388062+05:30,POST,POST /jobs/,25.85,ok,
2026-10-04T18:39:23.398572+05:30,GET,GET /jobs/{id}/,19.44,ok,
2026-10-04T18:39:23.429513+05:30,GET,GET /jobs/{id}/,21.63,ok,
2026-10-04T18:39:23.442651+05:30,POST,POST /jobs/,22.7,ok,
2026-10-04T18:39:23.451368+05:30,GET,GET /jobs/{id}/,19.57,ok,
2026-10-04T18:39:23.460840+05:30,GET,GET /health/,19.56,ok,
2026-10-04T18:39:23.495200+05:30,GET,GET /health/,20.06,ok,
2026-10-04T18:39:23.500064+05:30,GET,GET /jobs/stats/,20.98,ok,
2026-10-04T18:39:23.529503+05:30,POST,POST /jobs/,23.12,ok,
2026-10-04T18:39:23.532505+05:30,POST,POST /jobs/,23.11,ok,
2026-10-04T18:39:23.547997+05:30,POST,POST /jobs/,23.53,ok,
2026-10-04T18:39:23.576064+05:30,GET,GET /jobs/stats/,19.79,ok,
2026-10-04T18:39:23.641542+05:30,GET,GET /health/,20.18,ok,
2026-10-04T18:39:23.647068+05:30,GET,GET /jobs/{id}/,22.5,ok,
2026-10-04T18:39:23.649414+05:30,GET,GET /health/,22.85,ok,
2026-10-04T18:39:23.653358+05:30,GET,GET /jobs/{id}/,24.01,ok,
2026-10-04T18:39:23.665569+05:30,GET,GET /jobs/{id}/,22.75,ok,
2026-10-04T18:39:23.672127+05:30,GET,GET /jobs/{id}/,18.62,ok,
2026-10-04T18:39:23.680114+05:30,GET,GET /jobs/{id}/,20.74,ok,
2026-10-04T18:39:23.698011+05:30,GET,GET /jobs/{id}/,19.6,ok,
2026-10-04T18:39:23.745538+05:30,GET,GET /jobs/{id}/,19.21,ok,
2026-10-04T18:39:23.768094+05:30,POST,POST /jobs/,23.9,ok,
2026-10-04T18:39:23.784125+05:30,POST,POST /jobs/,22.19,ok,
2026-10-04T18:39:23.822531+05:30,POST,POST /jobs/,23.06,ok,
2026-10-04T18:39:23.837969+05:30,POST,POST /jobs/,23.45,ok,
2026-10-04T18:39:23.839333+05:30,GET,GET /jobs/{id}/,19.84,ok,
2026-10-04T18:39:23.865354+05:30,POST,POST /jobs/,28.7,ok,
2026-10-04T18:39:23.875579+05:30,GET,GET /jobs/stats/,21.92,ok,
2026-10-04T18:39:23.882566+05:30,POST,POST /jobs/,27.95,ok,
2026-10-04T18:39:23.924321+05:30,POST,POST /jobs/,22.28,ok,
2026-10-04T18:39:23.930173+05:30,GET,GET /jobs/{id}/,21.04,ok,
2026-10-04T18:39:23.991445+05:30,GET,GET /jobs/{id}/,20.95,ok,
2026-10-04T18:39:24.005089+05:30,GET,GET /jobs/{id}/,20.51,ok,
2026-10-04T18:39:24.010769+05:30,GET,GET /jobs/stats/,20.53,ok,
2026-10-04T18:39:24.030580+05:30,POST,POST /jobs/,22.14,ok,
2026-10-04T18:39:24.035970+05:30,GET,GET /jobs/{id}/,21.47,ok,
2026-10-04T18:39:24.047847+05:30,GET,GET /jobs/{id}/,21.34,ok,
2026-10-04T18:39:24.078631+05:30,POST,POST /jobs/,22.34,ok,
2026-10-04T18:39:24.086979+05:30,POST,POST /jobs/,24.11,ok,
2026-10-04T18:39:24.116291+05:30,POST,POST /jobs/,23.99,ok,
2026-10-04T18:39:24.133712+05:30,GET,GET /jobs/{id}/,18.79,ok,
2026-10-04T18:39:24.178675+05:30,GET,GET /jobs/{id}/,21.54,ok,
2026-10-04T18:39:24.188759+05:30,POST,POST /jobs/,23.49,ok,
2026-10-04T18:39:24.192692+05:30,GET,GET /jobs/{id}/,21.39,ok,
2026-10-04T18:39:24.224228+05:30,GET,GET /jobs/{id}/,19.22,ok,
2026-10-04T18:39:24.248868+05:30,GET,GET /jobs/{id}/,20.35,ok,
2026-10-04T18:39:24.314224+05:30,GET,GET /jobs/{id}/,24.87,ok,
2026-10-04T18:39:24.315062+05:30,POST,POST /jobs/,28.3,ok,
2026-10-04T18:39:24.315262+05:30,POST,POST /jobs/,29.1,ok,
2026-10-04T18:39:24.327775+05:30,POST,POST /jobs/,25.57,ok,
2026-10-04T18:39:24.344664+05:30,POST,POST /jobs/,23.18,ok,
2026-10-04T18:39:24.363034+05:30,GET,GET /jobs/{id}/,19.97,ok,
2026-10-04T18:39:24.378399+05:30,POST,POST /jobs/,22.42,ok,
2026-10-04T18:39:24.414938+05:30,GET,GET /jobs/{id}/,28.26,ok,
2026-10-04T18:39:24.418004+05:30,GET,GET /jobs/{id}/,23.17,ok,
2026-10-04T18:39:24.424883+05:30,GET,GET /jobs/{id}/,23.91,ok,
2026-10-04T18:39:24.428217+05:30,GET,GET /jobs/stats/,26.56,ok,
2026-10-04T18:39:24.470602+05:30,POST,POST /jobs/,26.09,ok,
2026-10-04T18:39:24.481184+05:30,GET,GET /jobs/{id}/,20.51,ok,
2026-10-04T18:39:24.487975+05:30,POST,POST /jobs/,24.3,ok,
2026-10-04T18:39:24.528702+05:30,GET,GET /jobs/{id}/,22.38,ok,
2026-10-04T18:39:24.535600+05:30,GET,GET /jobs/{id}/,21.18,ok,
2026-10-04T18:39:24.536295+05:30,GET,GET /health/,21.36,ok,
2026-10-04T18:39:24.539754+05:30,GET,GET /jobs/{id}/,22.92,ok,
2026-10-04T18:39:24.603562+05:30,POST,POST /jobs/,23.5,ok,
2026-10-04T18:39:24.613547+05:30,POST,POST /jobs/,21.42,ok,
2026-10-04T18:39:24.660752+05:30,GET,GET /jobs/{id}/,21.85,ok,
2026-10-04T18:39:24.672486+05:30,GET,GET /jobs/{id}/,21.03,ok,
2026-10-04T18:39:24.685627+05:30,GET,GET /jobs/{id}/,21.62,ok,
2026-10-04T18:39:24.687457+05:30,GET,GET /jobs/{id}/,22.9,ok,
2026-10-04T18:39:24.701330+05:30,POST,POST /jobs/,24.58,ok,
2026-10-04T18:39:24.709900+05:30,GET,GET /jobs/{id}/,21.22,ok,
2026-10-04T18:39:24.725905+05:30,POST,POST /jobs/,22.3,ok,
2026-10-04T18:39:24.736986+05:30,GET,GET /jobs/{id}/,19.81,ok,
2026-10-04T18:39:24.742729+05:30,GET,GET /jobs/{id}/,18.44,ok,
2026-10-04T18:39:24.947551+05:30,GET,GET /jobs/{id}/,19.4,ok,
2026-10-04T18:39:25.000662+05:30,GET,GET /health/,21.82,ok,
2026-10-04T18:39:25.021273+05:30,POST,POST /jobs/,23.38,ok,
2026-10-04T18:39:25.034301+05:30,GET,GET /jobs/{id}/,21.28,ok,
2026-10-04T18:39:25.045547+05:30,GET,GET /jobs/{id}/,24.1,ok,
2026-10-04T18:39:25.057938+05:30,POST,POST /jobs/,23.46,ok,
2026-10-04T18:39:25.069557+05:30,GET,GET /jobs/{id}/,19.64,ok,
2026-10-04T18:39:25.085931+05:30,GET,GET /jobs/{id}/,18.71,ok,
2026-10-04T18:39:25.101575+05:30,POST,POST /jobs/,23.68,ok,
2026-10-04T18:39:25.155187+05:30,POST,POST /jobs/,23.29,ok,
2026-10-04T18:39:25.196041+05:30,POST,POST /jobs/,22.55,ok,
2026-10-04T18:39:25.232979+05:30,GET,GET /health/,19.63,ok,
2026-10-04T18:39:25.281985+05:30,GET,GET /jobs/{id}/,19.69,ok,
2026-10-04T18:39:25.398885+05:30,GET,GET /health/,21.55,ok,
2026-10-04T18:39:25.407725+05:30,POST,POST /jobs/,25.31,ok,
2026-10-04T18:39:25.413393+05:30,GET,GET /jobs/{id}/,20.03,ok,
2026-10-04T18:39:25.428347+05:30,POST,POST /jobs/,22.17,ok,
2026-10-04T18:39:25.452077+05:30,POST,POST /jobs/,25.4,ok,
2026-10-04T18:39:25.464870+05:30,GET,GET /health/,22.24,ok,
2026-10-04T18:39:25.470245+05:30,POST,POST /jobs/,25.55,ok,
2026-10-04T18:39:25.475251+05:30,GET,GET /jobs/stats/,21.92,ok,
2026-10-04T18:39:25.493835+05:30,GET,GET /jobs/{id}/,21.03,ok,
2026-10-04T18:39:25.525610+05:30,GET,GET /jobs/{id}/,22.44,ok,
2026-10-04T18:39:25.541349+05:30,POST,POST /jobs/,27.15,ok,
2026-10-04T18:39:25.589453+05:30,POST,POST /jobs/,25.79,ok,
2026-10-04T18:39:25.621434+05:30,POST,POST /jobs/,22.67,ok,
2026-10-04T18:39:25.639928+05:30,GET,GET /jobs/{id}/,19.91,ok,
2026-10-04T18:39:25.663087+05:30,POST,POST /jobs/,24.75,ok,
2026-10-04T18:39:25.677996+05:30,GET,GET /jobs/{id}/,22.29,ok,
2026-10-04T18:39:25.687004+05:30,GET,GET /jobs/{id}/,20.67,ok,
2026-10-04T18:39:25.706212+05:30,GET,GET /jobs/{id}/,20.18,ok,
2026-10-04T18:39:25.727873+05:30,POST,POST /jobs/,24.31,ok,
2026-10-04T18:39:25.740229+05:30,GET,GET /jobs/{id}/,20.71,ok,
2026-10-04T18:39:25.748894+05:30,GET,GET /jobs/{id}/,19.78,ok,
2026-10-04T18:39:25.767133+05:30,GET,GET /jobs/{id}/,19.56,ok,
2026-10-04T18:39:25.791876+05:30,GET,GET /jobs/{id}/,22.47,ok,
2026-10-04T18:39:25.798453+05:30,GET,GET /jobs/{id}/,21.05,ok,
2026-10-04T18:39:25.806537+05:30,GET,GET /jobs/{id}/,20.96,ok,
2026-10-04T18:39:25.823400+05:30,GET,GET /jobs/{id}/,19.65,ok,
2026-10-04T18:39:25.851441+05:30,GET,GET /jobs/{id}/,22.84,ok,
2026-10-04T18:39:25.851869+05:30,GET,GET /jobs/{id}/,25.22,ok,
2026-10-04T18:39:25.867636+05:30,POST,POST /jobs/,37.17,ok,
2026-10-04T18:39:25.868102+05:30,GET,GET /jobs/{id}/,36.68,ok,
2026-10-04T18:39:25.869345+05:30,POST,POST /jobs/,33.94,ok,
2026-10-04T18:39:25.902026+05:30,GET,GET /jobs/{id}/,51.8,ok,
2026-10-04T18:39:25.913008+05:30,GET,GET /health/,44.81,ok,
2026-10-04T18:39:25.925213+05:30,GET,GET /jobs/{id}/,21.91,ok,
2026-10-04T18:39:25.933096+05:30,GET,GET /health/,24.55,ok,
2026-10-04T18:39:25.936635+05:30,GET,GET /health/,22.42,ok,
2026-10-04T18:39:25.966506+05:30,GET,GET /health/,59.8,ok,
2026-10-04T18:39:25.970017+05:30,GET,GET /jobs/{id}/,50.99,ok,
2026-10-04T18:39:25.970459+05:30,GET,GET /jobs/{id}/,45.11,ok,
2026-10-04T18:39:25.997256+05:30,GET,GET /jobs/{id}/,65.69,ok,
2026-10-04T18:39:26.006690+05:30,POST,POST /jobs/,58.69,ok,
2026-10-04T18:39:26.007198+05:30,GET,GET /jobs/{id}/,58.67,ok,
2026-10-04T18:39:26.036994+05:30,GET,GET /jobs/stats/,20.53,ok,
2026-10-04T18:39:26.083914+05:30,GET,GET /jobs/{id}/,26.5,ok,
2026-10-04T18:39:26.085698+05:30,POST,POST /jobs/,32.42,ok,
2026-10-04T18:39:26.106870+05:30,POST,POST /jobs/,24.28,ok,
2026-10-04T18:39:26.123687+05:30,POST,POST /jobs/,24.67,ok,
2026-10-04T18:39:26.173133+05:30,GET,GET /jobs/{id}/,23.59,ok,
2026-10-04T18:39:26.187692+05:30,GET,GET /jobs/stats/,28.02,ok,
2026-10-04T18:39:26.199181+05:30,POST,POST /jobs/,50.19,ok,
2026-10-04T18:39:26.200303+05:30,GET,GET /jobs/stats/,26.78,ok,
2026-10-04T18:39:26.205511+05:30,POST,POST /jobs/,33.23,ok,
2026-10-04T18:39:26.224724+05:30,GET,GET /jobs/{id}/,21.15,ok,
2026-10-04T18:39:26.237118+05:30,POST,POST /jobs/,24.33,ok,
2026-10-04T18:39:26.267052+05:30,GET,GET /jobs/{id}/,43.15,ok,
2026-10-04T18:39:26.280146+05:30,GET,GET /jobs/{id}/,22.72,ok,
2026-10-04T18:39:26.294683+05:30,GET,GET /jobs/{id}/,21.33,ok,
2026-10-04T18:39:26.316735+05:30,GET,GET /health/,23.0,ok,
2026-10-04T18:39:26.343663+05:30,GET,GET /jobs/{id}/,19.65,ok,
2026-10-04T18:39:26.396268+05:30,GET,GET /jobs/{id}/,20.29,ok,
2026-10-04T18:39:26.409398+05:30,GET,GET /jobs/{id}/,20.32,ok,
2026-10-04T18:39:26.418487+05:30,GET,GET /jobs/{id}/,23.11,ok,
2026-10-04T18:39:26.509316+05:30,POST,POST /jobs/,22.52,ok,
2026-10-04T18:39:26.536088+05:30,GET,GET /jobs/{id}/,19.45,ok,
2026-10-04T18:39:26.585672+05:30,GET,GET /jobs/{id}/,20.27,ok,
2026-10-04T18:39:26.620403+05:30,GET,GET /health/,20.37,ok,
2026-10-04T18:39:26.635675+05:30,GET,GET /jobs/{id}/,21.59,ok,
2026-10-04T18:39:26.652636+05:30,GET,GET /jobs/{id}/,19.92,ok,
2026-10-04T18:39:26.700787+05:30,GET,GET /jobs/{id}/,19.86,ok,
2026-10-04T18:39:26.731038+05:30,GET,GET /jobs/stats/,20.95,ok,
2026-10-04T18:39:26.754903+05:30,GET,GET /jobs/{id}/,19.59,ok,
2026-10-04T18:39:26.776743+05:30,GET,GET /jobs/stats/,23.45,ok,
2026-10-04T18:39:26.778790+05:30,GET,GET /jobs/{id}/,23.74,ok,
2026-10-04T18:39:26.786281+05:30,POST,POST /jobs/,29.32,ok,
2026-10-04T18:39:26.787732+05:30,POST,POST /jobs/,30.44,ok,
2026-10-04T18:39:26.824522+05:30,POST,POST /jobs/,25.49,ok,
2026-10-04T18:39:26.824976+05:30,GET,GET /jobs/{id}/,23.97,ok,
2026-10-04T18:39:26.832555+05:30,POST,POST /jobs/,25.71,ok,
2026-10-04T18:39:26.843094+05:30,POST,POST /jobs/,26.35,ok,
2026-10-04T18:39:26.863585+05:30,GET,GET /jobs/{id}/,38.48,ok,
2026-10-04T18:39:26.876953+05:30,GET,GET /jobs/{id}/,39.32,ok,
2026-10-04T18:39:26.877381+05:30,GET,GET /jobs/{id}/,43.6,ok,
2026-10-04T18:39:26.928278+05:30,GET,GET /jobs/{id}/,20.65,ok,
2026-10-04T18:39:26.938834+05:30,GET,GET /jobs/{id}/,19.19,ok,
2026-10-04T18:39:26.984027+05:30,POST,POST /jobs/,23.92,ok,
2026-10-04T18:39:26.984425+05:30,GET,GET /jobs/{id}/,22.34,ok,
2026-10-04T18:39:27.002500+05:30,GET,GET /jobs/{id}/,20.07,ok,
2026-10-04T18:39:27.006086+05:30,GET,GET /jobs/{id}/,24.65,ok,
2026-10-04T18:39:27.019976+05:30,GET,GET /jobs/stats/,21.3,ok,
2026-10-04T18:39:27.034913+05:30,GET,GET /jobs/{id}/,20.52,ok,
2026-10-04T18:39:27.042025+05:30,POST,POST /jobs/,23.67,ok,
2026-10-04T18:39:27.063855+05:30,GET,GET /jobs/{id}/,21.64,ok,
2026-10-04T18:39:27.076644+05:30,GET,GET /jobs/{id}/,19.61,ok,
2026-10-04T18:39:27.097602+05:30,GET,GET /jobs/{id}/,22.37,ok,
2026-10-04T18:39:27.114646+05:30,GET,GET /jobs/{id}/,23.69,ok,
2026-10-04T18:39:27.127154+05:30,GET,GET /jobs/{id}/,21.52,ok,
2026-10-04T18:39:27.127573+05:30,GET,GET /jobs/stats/,24.51,ok,
2026-10-04T18:39:27.140363+05:30,POST,POST /jobs/,24.47,ok,
2026-10-04T18:39:27.174662+05:30,GET,GET /jobs/{id}/,22.96,ok,
2026-10-04T18:39:27.186186+05:30,POST,POST /jobs/,22.52,ok,
2026-10-04T18:39:27.190424+05:30,GET,GET /jobs/{id}/,22.77,ok,
2026-10-04T18:39:27.218369+05:30,GET,GET /jobs/stats/,21.7,ok,
2026-10-04T18:39:27.250317+05:30,POST,POST /jobs/,21.66,ok,
2026-10-04T18:39:27.272103+05:30,GET,GET /jobs/{id}/,19.52,ok,
2026-10-04T18:39:27.289586+05:30,GET,GET /jobs/{id}/,20.08,ok,
2026-10-04T18:39:27.297507+05:30,GET,GET /jobs/stats/,20.16,ok,
2026-10-04T18:39:27.310870+05:30,GET,GET /jobs/{id}/,19.02,ok,
2026-10-04T18:39:27.340829+05:30,GET,GET /jobs/{id}/,19.66,ok,
2026-10-04T18:39:27.350832+05:30,POST,POST /jobs/,22.63,ok,
2026-10-04T18:39:27.390173+05:30,GET,GET /jobs/{id}/,20.04,ok,
2026-10-04T18:39:27.438404+05:30,GET,GET /jobs/{id}/,20.93,ok,
2026-10-04T18:39:27.446965+05:30,GET,GET /jobs/{id}/,19.39,ok,
2026-10-04T18:39:27.484757+05:30,GET,GET /jobs/{id}/,23.5,ok,
2026-10-04T18:39:27.485119+05:30,GET,GET /jobs/{id}/,25.86,ok,
2026-10-04T18:39:27.502792+05:30,GET,GET /jobs/stats/,19.48,ok,
2026-10-04T18:39:27.510726+05:30,POST,POST /jobs/,22.23,ok,
2026-10-04T18:39:27.542095+05:30,POST,POST /jobs/,22.08,ok,
2026-10-04T18:39:27.568343+05:30,GET,GET /jobs/{id}/,20.98,ok,
2026-10-04T18:39:27.576562+05:30,POST,POST /jobs/,21.21,ok,
2026-10-04T18:39:27.584588+05:30,POST,POST /jobs/,23.34,ok,
2026-10-04T18:39:27.603215+05:30,GET,GET /jobs/{id}/,19.46,ok,
2026-10-04T18:39:27.631350+05:30,GET,GET /jobs/{id}/,22.32,ok,
2026-10-04T18:39:27.633072+05:30,POST,POST /jobs/,24.59,ok,
2026-10-04T18:39:27.662713+05:30,GET,GET /jobs/{id}/,20.33,ok,
2026-10-04T18:39:27.668892+05:30,GET,GET /jobs/{id}/,19.54,ok,
2026-10-04T18:39:27.688028+05:30,GET,GET /jobs/{id}/,20.06,ok,
2026-10-04T18:39:27.753835+05:30,GET,GET /jobs/{id}/,20.41,ok,
2026-10-04T18:39:27.776668+05:30,POST,POST /jobs/,22.66,ok,
2026-10-04T18:39:27.784771+05:30,POST,POST /jobs/,21.86,ok,
2026-10-04T18:39:27.805677+05:30,GET,GET /jobs/{id}/,22.17,ok,
2026-10-04T18:39:27.807359+05:30,POST,POST /jobs/,24.41,ok,
2026-10-04T18:39:27.844120+05:30,POST,POST /jobs/,22.41,ok,
2026-10-04T18:39:27.878042+05:30,GET,GET /jobs/{id}/,19.61,ok,
2026-10-04T18:39:27.911608+05:30,GET,GET /jobs/{id}/,20.25,ok,
2026-10-04T18:39:27.919882+05:30,GET,GET /jobs/{id}/,19.48,ok,
2026-10-04T18:39:27.968779+05:30,GET,GET /jobs/stats/,20.62,ok,
2026-10-04T18:39:27.977850+05:30,GET,GET /jobs/{id}/,19.65,ok,
2026-10-04T18:39:28.009967+05:30,GET,GET /jobs/{id}/,20.8,ok,
2026-10-04T18:39:28.077172+05:30,POST,POST /jobs/,25.87,ok,
2026-10-04T18:39:28.087080+05:30,POST,POST /jobs/,30.79,ok,
2026-10-04T18:39:28.087532+05:30,POST,POST /jobs/,30.75,ok,
2026-10-04T18:39:28.091062+05:30,GET,GET /jobs/{id}/,25.33,ok,
2026-10-04T18:39:28.113701+05:30,GET,GET /jobs/{id}/,19.4,ok,
2026-10-04T18:39:28.140433+05:30,GET,GET /health/,22.41,ok,
2026-10-04T18:39:28.166864+05:30,GET,GET /jobs/{id}/,20.1,ok,
2026-10-04T18:39:28.173250+05:30,GET,GET /jobs/{id}/,21.52,ok,
2026-10-04T18:39:28.188875+05:30,POST,POST /jobs/,23.08,ok,
2026-10-04T18:39:28.232917+05:30,GET,GET /health/,31.77,ok,
2026-10-04T18:39:28.238945+05:30,GET,GET /jobs/stats/,30.79,ok,
2026-10-04T18:39:28.246805+05:30,POST,POST /jobs/,25.67,ok,
2026-10-04T18:39:28.248012+05:30,GET,GET /jobs/stats/,26.35,ok,
2026-10-04T18:39:28.250950+05:30,GET,GET /jobs/{id}/,23.71,ok,
2026-10-04T18:39:28.258103+05:30,GET,GET /jobs/{id}/,20.63,ok,
2026-10-04T18:39:28.302724+05:30,GET,GET /health/,21.35,ok,
2026-10-04T18:39:28.322361+05:30,GET,GET /jobs/{id}/,19.47,ok,
2026-10-04T18:39:28.362107+05:30,POST,POST /jobs/,22.47,ok,
2026-10-04T18:39:28.383452+05:30,POST,POST /jobs/,22.81,ok,
2026-10-04T18:39:28.393452+05:30,POST,POST /jobs/,23.06,ok,
2026-10-04T18:39:28.402040+05:30,GET,GET /jobs/{id}/,19.88,ok,
2026-10-04T18:39:28.470495+05:30,GET,GET /jobs/{id}/,20.15,ok,
2026-10-04T18:39:28.490958+05:30,POST,POST /jobs/,31.57,ok,
2026-10-04T18:39:28.507403+05:30,POST,POST /jobs/,22.59,ok,
2026-10-04T18:39:28.509482+05:30,GET,GET /health/,22.0,ok,
2026-10-04T18:39:28.523366+05:30,GET,GET /jobs/{id}/,19.04,ok,
2026-10-04T18:39:28.547377+05:30,GET,GET /health/,22.79,ok,
2026-10-04T18:39:28.566162+05:30,POST,POST /jobs/,24.77,ok,
2026-10-04T18:39:28.569989+05:30,POST,POST /jobs/,24.31,ok,
2026-10-04T18:39:28.570527+05:30,GET,GET /jobs/stats/,23.84,ok,
2026-10-04T18:39:28.580918+05:30,POST,POST /jobs/,24.06,ok,
2026-10-04T18:39:28.605598+05:30,GET,GET /jobs/{id}/,19.42,ok,
2026-10-04T18:39:28.633701+05:30,GET,GET /jobs/{id}/,21.77,ok,
2026-10-04T18:39:28.682140+05:30,POST,POST /jobs/,23.06,ok,
2026-10-04T18:39:28.696183+05:30,POST,POST /jobs/,23.09,ok,
2026-10-04T18:39:28.708526+05:30,GET,GET /jobs/{id}/,20.09,ok,
2026-10-04T18:39:28.716126+05:30,GET,GET /jobs/{id}/,19.78,ok,
2026-10-04T18:39:28.746528+05:30,POST,POST /jobs/,26.03,ok,
2026-10-04T18:39:28.748858+05:30,GET,GET /health/,26.95,ok,
2026-10-04T18:39:28.750558+05:30,POST,POST /jobs/,29.12,ok,
2026-10-04T18:39:28.759483+05:30,POST,POST /jobs/,25.51,ok,
2026-10-04T18:39:28.792889+05:30,GET,GET /jobs/stats/,20.15,ok,
2026-10-04T18:39:28.814255+05:30,GET,GET /jobs/{id}/,19.1,ok,
2026-10-04T18:39:28.911340+05:30,GET,GET /jobs/{id}/,87.92,ok,
2026-10-04T18:39:28.915850+05:30,POST,POST /jobs/,55.98,ok,
2026-10-04T18:39:28.919121+05:30,GET,GET /jobs/{id}/,101.59,ok,
2026-10-04T18:39:28.919701+05:30,GET,GET /jobs/{id}/,100.16,ok,
2026-10-04T18:39:28.935209+05:30,POST,POST /jobs/,24.76,ok,
2026-10-04T18:39:28.939859+05:30,GET,GET /health/,23.89,ok,
2026-10-04T18:39:29.012774+05:30,GET,GET /jobs/{id}/,67.62,ok,
2026-10-04T18:39:29.014297+05:30,GET,GET /jobs/{id}/,60.23,ok,
2026-10-04T18:39:29.015206+05:30,POST,POST /jobs/,67.05,ok,
2026-10-04T18:39:29.025614+05:30,GET,GET /jobs/{id}/,31.61,ok,
2026-10-04T18:39:29.028166+05:30,GET,GET /health/,28.2,ok,
2026-10-04T18:39:29.056225+05:30,POST,POST /jobs/,23.79,ok,
2026-10-04T18:39:29.067489+05:30,GET,GET /jobs/{id}/,20.01,ok,
2026-10-04T18:39:29.074389+05:30,GET,GET /jobs/{id}/,19.85,ok,
2026-10-04T18:39:29.117523+05:30,GET,GET /jobs/{id}/,19.81,ok,
2026-10-04T18:39:29.122680+05:30,GET,GET /jobs/stats/,19.9,ok,
2026-10-04T18:39:29.171346+05:30,GET,GET /jobs/{id}/,20.35,ok,
2026-10-04T18:39:29.180938+05:30,GET,GET /jobs/{id}/,19.97,ok,
2026-10-04T18:39:29.194312+05:30,GET,GET /jobs/{id}/,19.72,ok,
2026-10-04T18:39:29.211231+05:30,GET,GET /jobs/{id}/,20.0,ok,
2026-10-04T18:39:29.226667+05:30,GET,GET /jobs/{id}/,22.06,ok,
2026-10-04T18:39:29.235337+05:30,GET,GET /jobs/stats/,19.87,ok,
2026-10-04T18:39:29.264092+05:30,GET,GET /jobs/{id}/,21.46,ok,
2026-10-04T18:39:29.264815+05:30,GET,GET /jobs/stats/,20.33,ok,
2026-10-04T18:39:29.274827+05:30,GET,GET /jobs/{id}/,19.57,ok,
2026-10-04T18:39:29.310641+05:30,GET,GET /jobs/{id}/,20.54,ok,
2026-10-04T18:39:29.351557+05:30,GET,GET /jobs/{id}/,19.6,ok,
2026-10-04T18:39:29.382703+05:30,GET,GET /jobs/{id}/,19.85,ok,
2026-10-04T18:39:29.388762+05:30,GET,GET /jobs/{id}/,19.95,ok,
2026-10-04T18:39:29.482561+05:30,GET,GET /jobs/{id}/,19.48,ok,
2026-10-04T18:39:29.518181+05:30,GET,GET /jobs/stats/,20.27,ok,
2026-10-04T18:39:29.526895+05:30,POST,POST /jobs/,21.93,ok,
2026-10-04T18:39:29.546917+05:30,GET,GET /jobs/stats/,20.94,ok,
2026-10-04T18:39:29.578852+05:30,GET,GET /jobs/{id}/,19.62,ok,
2026-10-04T18:39:29.598672+05:30,GET,GET /jobs/stats/,19.69,ok,
2026-10-04T18:39:29.617696+05:30,GET,GET /jobs/{id}/,20.33,ok,
2026-10-04T18:39:29.630868+05:30,GET,GET /health/,26.98,ok,
2026-10-04T18:39:29.640177+05:30,GET,GET /jobs/stats/,23.35,ok,
2026-10-04T18:39:29.646103+05:30,GET,GET /jobs/{id}/,20.71,ok,
2026-10-04T18:39:29.654685+05:30,GET,GET /jobs/{id}/,20.56,ok,
2026-10-04T18:39:29.672390+05:30,GET,GET /jobs/{id}/,19.09,ok,
2026-10-04T18:39:29.723245+05:30,POST,POST /jobs/,26.54,ok,
2026-10-04T18:39:29.727592+05:30,GET,GET /jobs/{id}/,24.15,ok,
2026-10-04T18:39:29.727983+05:30,POST,POST /jobs/,30.74,ok,
2026-10-04T18:39:29.738473+05:30,POST,POST /jobs/,26.88,ok,
2026-10-04T18:39:29.739483+05:30,POST,POST /jobs/,25.98,ok,
2026-10-04T18:39:29.760093+05:30,POST,POST /jobs/,22.57,ok,
2026-10-04T18:39:29.801600+05:30,GET,GET /jobs/{id}/,21.21,ok,
2026-10-04T18:39:29.802118+05:30,GET,GET /jobs/{id}/,21.18,ok,
2026-10-04T18:39:29.848073+05:30,GET,GET /jobs/{id}/,24.67,ok,
2026-10-04T18:39:29.848595+05:30,POST,POST /jobs/,28.21,ok,
2026-10-04T18:39:29.854492+05:30,POST,POST /jobs/,28.24,ok,
2026-10-04T18:39:29.866879+05:30,GET,GET /jobs/{id}/,27.52,ok,
2026-10-04T18:39:29.869455+05:30,POST,POST /jobs/,29.2,ok,
2026-10-04T18:39:29.906529+05:30,GET,GET /jobs/{id}/,21.73,ok,
2026-10-04T18:39:29.910455+05:30,POST,POST /jobs/,25.15,ok,
2026-10-04T18:39:29.952165+05:30,GET,GET /jobs/stats/,23.43,ok,
2026-10-04T18:39:29.962544+05:30,GET,GET /jobs/stats/,22.82,ok,
2026-10-04T18:39:29.966421+05:30,GET,GET /jobs/{id}/,26.18,ok,
2026-10-04T18:39:29.966931+05:30,GET,GET /jobs/{id}/,21.19,ok,
2026-10-04T18:39:29.975603+05:30,POST,POST /jobs/,24.72,ok,
2026-10-04T18:39:30.028719+05:30,GET,GET /health/,28.81,ok,
2026-10-04T18:39:30.043197+05:30,GET,GET /jobs/{id}/,23.1,ok,
2026-10-04T18:39:30.049168+05:30,POST,POST /jobs/,28.3,ok,
2026-10-04T18:39:30.056179+05:30,GET,GET /jobs/{id}/,20.68,ok,
2026-10-04T18:39:30.078775+05:30,GET,GET /jobs/{id}/,20.48,ok,
2026-10-04T18:39:30.080203+05:30,POST,POST /jobs/,23.87,ok,
2026-10-04T18:39:30.104255+05:30,GET,GET /jobs/{id}/,19.79,ok,
2026-10-04T18:39:30.145245+05:30,POST,POST /jobs/,22.64,ok,
2026-10-04T18:39:30.156984+05:30,POST,POST /jobs/,23.33,ok,
2026-10-04T18:39:30.166839+05:30,POST,POST /jobs/,22.89,ok,
2026-10-04T18:39:30.178984+05:30,POST,POST /jobs/,23.41,ok,
2026-10-04T18:39:30.179391+05:30,GET,GET /jobs/{id}/,21.16,ok,
2026-10-04T18:39:30.200370+05:30,GET,GET /jobs/{id}/,22.29,ok,
2026-10-04T18:39:30.307665+05:30,POST,POST /jobs/,24.95,ok,
2026-10-04T18:39:30.308129+05:30,GET,GET /jobs/{id}/,24.87,ok,
2026-10-04T18:39:30.333375+05:30,GET,GET /jobs/{id}/,19.98,ok,
2026-10-04T18:39:30.350384+05:30,GET,GET /jobs/{id}/,19.87,ok,
2026-10-04T18:39:30.442666+05:30,GET,GET /jobs/{id}/,19.94,ok,
2026-10-04T18:39:30.465158+05:30,GET,GET /jobs/stats/,22.36,ok,
2026-10-04T18:39:30.487126+05:30,POST,POST /jobs/,23.42,ok,
2026-10-04T18:39:30.487563+05:30,GET,GET /jobs/{id}/,20.17,ok,
2026-10-04T18:39:30.534842+05:30,GET,GET /jobs/{id}/,20.93,ok,
2026-10-04T18:39:30.544090+05:30,GET,GET /jobs/{id}/,20.1,ok,
2026-10-04T18:39:30.572541+05:30,POST,POST /jobs/,22.17,ok,
2026-10-04T18:39:30.581027+05:30,GET,GET /jobs/{id}/,19.65,ok,
2026-10-04T18:39:30.628764+05:30,POST,POST /jobs/,23.41,ok,
2026-10-04T18:39:30.670084+05:30,POST,POST /jobs/,25.0,ok,
2026-10-04T18:39:30.670547+05:30,GET,GET /jobs/stats/,21.97,ok,
2026-10-04T18:39:30.678167+05:30,GET,GET /jobs/{id}/,23.74,ok,
2026-10-04T18:39:30.704651+05:30,GET,GET /jobs/{id}/,23.8,ok,
2026-10-04T18:39:30.705111+05:30,GET,GET /health/,27.98,ok,
2026-10-04T18:39:30.713645+05:30,GET,GET /jobs/{id}/,23.71,ok,
2026-10-04T18:39:30.725213+05:30,GET,GET /jobs/{id}/,28.39,ok,
2026-10-04T18:39:30.725665+05:30,GET,GET /jobs/{id}/,29.75,ok,
2026-10-04T18:39:30.731329+05:30,GET,GET /jobs/stats/,20.98,ok,
2026-10-04T18:39:30.763379+05:30,GET,GET /health/,21.78,ok,
2026-10-04T18:39:30.786172+05:30,GET,GET /health/,19.59,ok,
2026-10-04T18:39:30.802507+05:30,POST,POST /jobs/,22.01,ok,
2026-10-04T18:39:30.810267+05:30,POST,POST /jobs/,21.81,ok,
2026-10-04T18:39:30.824760+05:30,POST,POST /jobs/,23.26,ok,
2026-10-04T18:39:30.836438+05:30,POST,POST /jobs/,21.91,ok,
2026-10-04T18:39:30.880818+05:30,GET,GET /jobs/{id}/,20.0,ok,
2026-10-04T18:39:30.893456+05:30,GET,GET /jobs/{id}/,19.58,ok,
2026-10-04T18:39:30.990526+05:30,GET,GET /jobs/stats/,23.8,ok,
2026-10-04T18:39:31.012415+05:30,GET,GET /health/,22.82,ok,
2026-10-04T18:39:31.022743+05:30,POST,POST /jobs/,23.65,ok,
2026-10-04T18:39:31.037109+05:30,POST,POST /jobs/,22.4,ok,
2026-10-04T18:39:31.051780+05:30,POST,POST /jobs/,22.76,ok,
2026-10-04T18:39:31.059374+05:30,GET,GET /jobs/{id}/,19.0,ok,
2026-10-04T18:39:31.078128+05:30,GET,GET /jobs/{id}/,20.06,ok,
2026-10-04T18:39:31.084048+05:30,GET,GET /jobs/{id}/,21.42,ok,
2026-10-04T18:39:31.111189+05:30,GET,GET /jobs/{id}/,23.03,ok,
2026-10-04T18:39:31.111607+05:30,GET,GET /jobs/stats/,26.35,ok,
2026-10-04T18:39:31.168883+05:30,GET,GET /jobs/{id}/,21.98,ok,
2026-10-04T18:39:31.180811+05:30,GET,GET /jobs/stats/,19.87,ok,
2026-10-04T18:39:31.222480+05:30,GET,GET /jobs/{id}/,22.38,ok,
2026-10-04T18:39:31.249096+05:30,GET,GET /jobs/{id}/,21.28,ok,
2026-10-04T18:39:31.254488+05:30,GET,GET /jobs/stats/,22.69,ok,
2026-10-04T18:39:31.290575+05:30,GET,GET /jobs/{id}/,23.75,ok,
2026-10-04T18:39:31.302107+05:30,POST,POST /jobs/,25.25,ok,
2026-10-04T18:39:31.302548+05:30,GET,GET /jobs/{id}/,25.16,ok,
2026-10-04T18:39:31.372327+05:30,GET,GET /jobs/{id}/,19.48,ok,
2026-10-04T18:39:31.398866+05:30,GET,GET /jobs/{id}/,20.16,ok,
2026-10-04T18:39:31.427523+05:30,GET,GET /jobs/{id}/,20.37,ok,
2026-10-04T18:39:31.433095+05:30,GET,GET /jobs/{id}/,21.03,ok,
2026-10-04T18:39:31.451418+05:30,GET,GET /jobs/stats/,19.69,ok,
2026-10-04T18:39:31.484015+05:30,GET,GET /jobs/{id}/,21.29,ok,
2026-10-04T18:39:31.490403+05:30,POST,POST /jobs/,22.7,ok,
2026-10-04T18:39:31.496390+05:30,POST,POST /jobs/,23.79,ok,
2026-10-04T18:39:31.527656+05:30,GET,GET /jobs/{id}/,19.94,ok,
2026-10-04T18:39:31.554985+05:30,GET,GET /jobs/{id}/,20.02,ok,
2026-10-04T18:39:31.591930+05:30,GET,GET /jobs/{id}/,19.62,ok,
2026-10-04T18:39:31.659693+05:30,POST,POST /jobs/,22.46,ok,
2026-10-04T18:39:31.677847+05:30,POST,POST /jobs/,27.37,ok,
2026-10-04T18:39:31.688296+05:30,GET,GET /jobs/stats/,21.2,ok,
2026-10-04T18:39:31.694983+05:30,POST,POST /jobs/,25.91,ok,
2026-10-04T18:39:31.702465+05:30,POST,POST /jobs/,23.32,ok,
2026-10-04T18:39:31.735085+05:30,GET,GET /jobs/stats/,21.33,ok,
2026-10-04T18:39:31.786316+05:30,POST,POST /jobs/,24.9,ok,
2026-10-04T18:39:31.800752+05:30,GET,GET /jobs/{id}/,21.12,ok,
2026-10-04T18:39:31.807665+05:30,GET,GET /jobs/{id}/,20.71,ok,
2026-10-04T18:39:31.808130+05:30,GET,GET /jobs/{id}/,21.68,ok,
2026-10-04T18:39:31.839570+05:30,POST,POST /jobs/,24.16,ok,
2026-10-04T18:39:31.850190+05:30,GET,GET /jobs/{id}/,20.66,ok,
2026-10-04T18:39:31.850615+05:30,POST,POST /jobs/,25.18,ok,
2026-10-04T18:39:31.882679+05:30,GET,GET /jobs/{id}/,19.78,ok,
2026-10-04T18:39:31.891507+05:30,POST,POST /jobs/,25.59,ok,
2026-10-04T18:39:31.903455+05:30,POST,POST /jobs/,23.41,ok,
2026-10-04T18:39:31.915463+05:30,GET,GET /jobs/{id}/,20.17,ok,
2026-10-04T18:39:31.916999+05:30,POST,POST /jobs/,24.24,ok,
2026-10-04T18:39:31.944080+05:30,GET,GET /jobs/{id}/,19.79,ok,
2026-10-04T18:39:31.965384+05:30,GET,GET /jobs/{id}/,22.24,ok,
2026-10-04T18:39:31.995930+05:30,GET,GET /jobs/{id}/,24.26,ok,
2026-10-04T18:39:32.011590+05:30,GET,GET /jobs/{id}/,25.33,ok,
2026-10-04T18:39:32.019125+05:30,POST,POST /jobs/,31.75,ok,
2026-10-04T18:39:32.026599+05:30,GET,GET /jobs/stats/,29.3,ok,
2026-10-04T18:39:32.030094+05:30,POST,POST /jobs/,29.88,ok,
2026-10-04T18:39:32.107523+05:30,POST,POST /jobs/,73.14,ok,
2026-10-04T18:39:32.109296+05:30,POST,POST /jobs/,67.75,ok,
2026-10-04T18:39:32.109432+05:30,GET,GET /jobs/{id}/,78.07,ok,
2026-10-04T18:39:32.116536+05:30,GET,GET /jobs/{id}/,64.41,ok,
2026-10-04T18:39:32.130123+05:30,POST,POST /jobs/,22.44,ok,
2026-10-04T18:39:32.161566+05:30,GET,GET /jobs/{id}/,23.14,ok,
2026-10-04T18:39:32.178504+05:30,GET,GET /jobs/{id}/,19.06,ok,
2026-10-04T18:39:32.272295+05:30,POST,POST /jobs/,24.46,ok,
2026-10-04T18:39:32.279134+05:30,POST,POST /jobs/,23.29,ok,
2026-10-04T18:39:32.285115+05:30,GET,GET /jobs/{id}/,21.22,ok,
2026-10-04T18:39:32.292576+05:30,GET,GET /health/,21.72,ok,
2026-10-04T18:39:32.340559+05:30,GET,GET /jobs/{id}/,19.64,ok,
2026-10-04T18:39:32.394014+05:30,GET,GET /jobs/{id}/,22.14,ok,
2026-10-04T18:39:32.404177+05:30,GET,GET /jobs/{id}/,19.28,ok,
2026-10-04T18:39:32.429683+05:30,GET,GET /jobs/{id}/,20.24,ok,
2026-10-04T18:39:32.433211+05:30,POST,POST /jobs/,22.9,ok,
2026-10-04T18:39:32.468730+05:30,GET,GET /jobs/stats/,20.27,ok,
2026-10-04T18:39:32.505251+05:30,GET,GET /jobs/{id}/,20.21,ok,
2026-10-04T18:39:32.515975+05:30,GET,GET /jobs/{id}/,19.83,ok,
2026-10-04T18:39:32.555131+05:30,GET,GET /jobs/{id}/,20.62,ok,
2026-10-04T18:39:32.560854+05:30,GET,GET /jobs/{id}/,22.16,ok,
2026-10-04T18:39:32.564662+05:30,GET,GET /jobs/{id}/,21.76,ok,
2026-10-04T18:39:32.597234+05:30,GET,GET /jobs/{id}/,20.28,ok,
2026-10-04T18:39:32.606264+05:30,GET,GET /health/,19.25,ok,
2026-10-04T18:39:32.642487+05:30,GET,GET /jobs/{id}/,20.92,ok,
2026-10-04T18:39:32.644926+05:30,GET,GET /jobs/{id}/,22.68,ok,
2026-10-04T18:39:32.650734+05:30,GET,GET /health/,25.58,ok,
2026-10-04T18:39:32.670056+05:30,GET,GET /jobs/{id}/,20.29,ok,
2026-10-04T18:39:32.701849+05:30,GET,GET /jobs/{id}/,22.38,ok,
2026-10-04T18:39:32.708790+05:30,GET,GET /health/,23.89,ok,
2026-10-04T18:39:32.712667+05:30,POST,POST /jobs/,23.91,ok,
2026-10-04T18:39:32.723906+05:30,GET,GET /jobs/{id}/,19.8,ok,
2026-10-04T18:39:32.760509+05:30,GET,GET /jobs/stats/,20.34,ok,
2026-10-04T18:39:32.774005+05:30,GET,GET /jobs/{id}/,18.83,ok,
2026-10-04T18:39:32.803174+05:30,GET,GET /jobs/{id}/,21.87,ok,
2026-10-04T18:39:32.804608+05:30,GET,GET /jobs/{id}/,21.31,ok,
2026-10-04T18:39:32.827415+05:30,GET,GET /jobs/{id}/,19.57,ok,
2026-10-04T18:39:32.835423+05:30,GET,GET /jobs/stats/,20.74,ok,
2026-10-04T18:39:32.858121+05:30,GET,GET /health/,21.49,ok,
2026-10-04T18:39:32.907214+05:30,GET,GET /jobs/{id}/,19.78,ok,
2026-10-04T18:39:32.941251+05:30,GET,GET /health/,24.73,ok,
2026-10-04T18:39:32.952030+05:30,GET,GET /jobs/{id}/,23.98,ok,
2026-10-04T18:39:32.952466+05:30,GET,GET /jobs/{id}/,24.98,ok,
2026-10-04T18:39:32.966662+05:30,GET,GET /jobs/stats/,21.16,ok,
2026-10-04T18:39:33.067914+05:30,GET,GET /jobs/stats/,21.94,ok,
2026-10-04T18:39:33.074965+05:30,POST,POST /jobs/,28.42,ok,
2026-10-04T18:39:33.081911+05:30,GET,GET /jobs/{id}/,20.37,ok,
2026-10-04T18:39:33.087319+05:30,GET,GET /jobs/stats/,22.73,ok,
2026-10-04T18:39:33.129530+05:30,POST,POST /jobs/,23.89,ok,
2026-10-04T18:39:33.130027+05:30,GET,GET /jobs/{id}/,23.79,ok,
2026-10-04T18:39:33.181510+05:30,GET,GET /health/,21.23,ok,
2026-10-04T18:39:33.193302+05:30,POST,POST /jobs/,23.98,ok,
2026-10-04T18:39:33.201678+05:30,GET,GET /jobs/{id}/,21.43,ok,
2026-10-04T18:39:33.217814+05:30,GET,GET /jobs/{id}/,21.17,ok,
2026-10-04T18:39:33.237499+05:30,GET,GET /jobs/{id}/,26.44,ok,
2026-10-04T18:39:33.258769+05:30,GET,GET /jobs/{id}/,22.61,ok,
2026-10-04T18:39:33.270437+05:30,POST,POST /jobs/,30.69,ok,
2026-10-04T18:39:33.275058+05:30,POST,POST /jobs/,29.38,ok,
2026-10-04T18:39:33.294768+05:30,GET,GET /jobs/{id}/,25.69,ok,
2026-10-04T18:39:33.295214+05:30,GET,GET /jobs/{id}/,24.64,ok,
2026-10-04T18:39:33.347091+05:30,GET,GET /health/,21.63,ok,
2026-10-04T18:39:33.357461+05:30,GET,GET /jobs/{id}/,19.87,ok,
2026-10-04T18:39:33.390200+05:30,POST,POST /jobs/,22.43,ok,
2026-10-04T18:39:33.435292+05:30,GET,GET /jobs/{id}/,19.78,ok,
2026-10-04T18:39:33.498564+05:30,POST,POST /jobs/,23.94,ok,
2026-10-04T18:39:33.498998+05:30,GET,GET /jobs/{id}/,22.43,ok,
2026-10-04T18:39:33.593477+05:30,GET,GET /jobs/stats/,22.21,ok,
2026-10-04T18:39:33.604998+05:30,GET,GET /jobs/{id}/,21.13,ok,
2026-10-04T18:39:33.605457+05:30,GET,GET /jobs/{id}/,22.18,ok,
2026-10-04T18:39:33.633797+05:30,GET,GET /jobs/stats/,22.09,ok,
2026-10-04T18:39:33.641988+05:30,GET,GET /jobs/{id}/,20.44,ok,
2026-10-04T18:39:33.645918+05:30,POST,POST /jobs/,23.52,ok,
2026-10-04T18:39:33.666118+05:30,GET,GET /jobs/{id}/,21.03,ok,
2026-10-04T18:39:33.666935+05:30,GET,GET /health/,20.9,ok,
2026-10-04T18:39:33.672606+05:30,GET,GET /jobs/{id}/,20.67,ok,
2026-10-04T18:39:33.697500+05:30,GET,GET /jobs/{id}/,19.59,ok,
2026-10-04T18:39:33.736319+05:30,GET,GET /jobs/{id}/,23.95,ok,
2026-10-04T18:39:33.736945+05:30,GET,GET /jobs/{id}/,25.15,ok,
2026-10-04T18:39:33.812201+05:30,POST,POST /jobs/,21.96,ok,
2026-10-04T18:39:33.829073+05:30,GET,GET /jobs/stats/,19.86,ok,
2026-10-04T18:39:33.864845+05:30,POST,POST /jobs/,22.45,ok,
2026-10-04T18:39:33.894349+05:30,GET,GET /jobs/{id}/,22.23,ok,
2026-10-04T18:39:33.901421+05:30,GET,GET /jobs/{id}/,23.36,ok,
2026-10-04T18:39:33.903287+05:30,POST,POST /jobs/,24.72,ok,
2026-10-04T18:39:33.946407+05:30,POST,POST /jobs/,21.83,ok,
2026-10-04T18:39:33.984318+05:30,GET,GET /jobs/{id}/,19.55,ok,
2026-10-04T18:39:34.004816+05:30,POST,POST /jobs/,23.04,ok,
2026-10-04T18:39:34.009219+05:30,GET,GET /health/,26.86,ok,
2026-10-04T18:39:34.014455+05:30,GET,GET /health/,20.88,ok,
2026-10-04T18:39:34.085296+05:30,GET,GET /jobs/{id}/,21.54,ok,
2026-10-04T18:39:34.099112+05:30,POST,POST /jobs/,24.32,ok,
2026-10-04T18:39:34.155695+05:30,POST,POST /jobs/,23.26,ok,
2026-10-04T18:39:34.157687+05:30,POST,POST /jobs/,24.71,ok,
2026-10-04T18:39:34.190300+05:30,GET,GET /jobs/{id}/,22.28,ok,
2026-10-04T18:39:34.190716+05:30,GET,GET /jobs/{id}/,24.73,ok,
2026-10-04T18:39:34.202310+05:30,GET,GET /jobs/stats/,21.49,ok,
2026-10-04T18:39:34.241823+05:30,GET,GET /jobs/{id}/,19.22,ok,
2026-10-04T18:39:34.242250+05:30,GET,GET /jobs/{id}/,21.66,ok,
2026-10-04T18:39:34.261586+05:30,GET,GET /jobs/{id}/,19.22,ok,
2026-10-04T18:39:34.289027+05:30,GET,GET /jobs/{id}/,20.13,ok,
2026-10-04T18:39:34.292822+05:30,GET,GET /jobs/stats/,23.41,ok,
2026-10-04T18:39:34.309312+05:30,POST,POST /jobs/,22.85,ok,
2026-10-04T18:39:34.315654+05:30,POST,POST /jobs/,22.68,ok,
2026-10-04T18:39:34.354437+05:30,GET,GET /jobs/{id}/,23.9,ok,
2026-10-04T18:39:34.355349+05:30,POST,POST /jobs/,25.36,ok,
2026-10-04T18:39:34.365716+05:30,GET,GET /jobs/{id}/,20.2,ok,
2026-10-04T18:39:34.387232+05:30,GET,GET /jobs/stats/,21.3,ok,
2026-10-04T18:39:34.395771+05:30,POST,POST /jobs/,27.98,ok,
2026-10-04T18:39:34.396207+05:30,POST,POST /jobs/,26.64,ok,
2026-10-04T18:39:34.415133+05:30,GET,GET /jobs/{id}/,23.6,ok,
2026-10-04T18:39:34.422672+05:30,GET,GET /jobs/{id}/,23.25,ok,
2026-10-04T18:39:34.429486+05:30,GET,GET /jobs/{id}/,20.16,ok,
2026-10-04T18:39:34.432729+05:30,GET,GET /jobs/stats/,20.82,ok,
2026-10-04T18:39:34.456837+05:30,GET,GET /jobs/{id}/,19.87,ok,
2026-10-04T18:39:34.466736+05:30,GET,GET /health/,23.65,ok,
2026-10-04T18:39:34.467147+05:30,GET,GET /jobs/{id}/,26.32,ok,
2026-10-04T18:39:34.478265+05:30,GET,GET /jobs/{id}/,24.33,ok,
2026-10-04T18:39:34.486767+05:30,POST,POST /jobs/,26.67,ok,
2026-10-04T18:39:34.528980+05:30,GET,GET /jobs/{id}/,23.91,ok,
2026-10-04T18:39:34.534388+05:30,GET,GET /jobs/stats/,20.24,ok,
2026-10-04T18:39:34.590399+05:30,GET,GET /jobs/{id}/,19.68,ok,
2026-10-04T18:39:34.618255+05:30,GET,GET /jobs/{id}/,20.56,ok,
2026-10-04T18:39:34.640461+05:30,GET,GET /jobs/{id}/,19.95,ok,
2026-10-04T18:39:34.645540+05:30,GET,GET /health/,20.16,ok,
2026-10-04T18:39:34.675555+05:30,GET,GET /jobs/{id}/,20.72,ok,
2026-10-04T18:39:34.720250+05:30,GET,GET /jobs/{id}/,20.42,ok,
2026-10-04T18:39:34.723954+05:30,GET,GET /jobs/{id}/,22.19,ok,
2026-10-04T18:39:34.740424+05:30,POST,POST /jobs/,21.78,ok,
2026-10-04T18:39:34.788784+05:30,POST,POST /jobs/,23.04,ok,
2026-10-04T18:39:34.809580+05:30,GET,GET /jobs/{id}/,20.64,ok,
2026-10-04T18:39:34.815000+05:30,GET,GET /health/,22.27,ok,
2026-10-04T18:39:34.820118+05:30,GET,GET /jobs/{id}/,21.56,ok,
2026-10-04T18:39:34.829095+05:30,GET,GET /jobs/{id}/,21.64,ok,
2026-10-04T18:39:34.834837+05:30,GET,GET /jobs/{id}/,21.15,ok,
2026-10-04T18:39:34.841658+05:30,GET,GET /jobs/{id}/,19.28,ok,
2026-10-04T18:39:34.869673+05:30,GET,GET /jobs/{id}/,19.71,ok,
2026-10-04T18:39:34.895255+05:30,GET,GET /health/,20.25,ok,
2026-10-04T18:39:34.901989+05:30,GET,GET /jobs/{id}/,20.35,ok,
2026-10-04T18:39:34.902414+05:30,POST,POST /jobs/,25.52,ok,
2026-10-04T18:39:35.003395+05:30,GET,GET /jobs/{id}/,19.74,ok,
2026-10-04T18:39:35.058241+05:30,POST,POST /jobs/,25.51,ok,
2026-10-04T18:39:35.072825+05:30,GET,GET /jobs/{id}/,21.09,ok,
2026-10-04T18:39:35.083198+05:30,GET,GET /jobs/{id}/,19.65,ok,
2026-10-04T18:39:35.124133+05:30,POST,POST /jobs/,22.61,ok,
2026-10-04T18:39:35.157925+05:30,GET,GET /jobs/{id}/,23.49,ok,
2026-10-04T18:39:35.164227+05:30,GET,GET /jobs/{id}/,22.76,ok,
2026-10-04T18:39:35.174313+05:30,POST,POST /jobs/,22.75,ok,
2026-10-04T18:39:35.198756+05:30,GET,GET /jobs/stats/,24.31,ok,
2026-10-04T18:39:35.202558+05:30,GET,GET /health/,22.33,ok,
2026-10-04T18:39:35.210081+05:30,POST,POST /jobs/,24.96,ok,
2026-10-04T18:39:35.211695+05:30,POST,POST /jobs/,22.61,ok,
2026-10-04T18:39:35.249624+05:30,GET,GET /jobs/{id}/,19.61,ok,
2026-10-04T18:39:35.316673+05:30,GET,GET /jobs/{id}/,20.72,ok,
2026-10-04T18:39:35.326982+05:30,GET,GET /jobs/{id}/,19.99,ok,
2026-10-04T18:39:35.331103+05:30,GET,GET /jobs/{id}/,21.12,ok,
2026-10-04T18:39:35.360086+05:30,GET,GET /health/,19.75,ok,
2026-10-04T18:39:35.363206+05:30,GET,GET /jobs/{id}/,20.93,ok,
2026-10-04T18:39:35.420199+05:30,GET,GET /jobs/{id}/,21.69,ok,
2026-10-04T18:39:35.420608+05:30,GET,GET /jobs/{id}/,21.58,ok,
2026-10-04T18:39:35.445068+05:30,GET,GET /health/,22.26,ok,
2026-10-04T18:39:35.451698+05:30,POST,POST /jobs/,21.98,ok,
2026-10-04T18:39:35.485396+05:30,GET,GET /jobs/{id}/,20.38,ok,
2026-10-04T18:39:35.513239+05:30,GET,GET /jobs/{id}/,21.44,ok,
2026-10-04T18:39:35.527599+05:30,GET,GET /jobs/{id}/,21.15,ok,
2026-10-04T18:39:35.542072+05:30,GET,GET /jobs/{id}/,21.57,ok,
2026-10-04T18:39:35.557633+05:30,GET,GET /jobs/{id}/,20.76,ok,
2026-10-04T18:39:35.564885+05:30,GET,GET /jobs/{id}/,24.22,ok,
2026-10-04T18:39:35.577238+05:30,GET,GET /jobs/stats/,20.98,ok,
2026-10-04T18:39:35.597670+05:30,GET,GET /jobs/{id}/,20.27,ok,
2026-10-04T18:39:35.605339+05:30,GET,GET /jobs/{id}/,20.98,ok,
2026-10-04T18:39:35.605852+05:30,GET,GET /jobs/{id}/,24.44,ok,
2026-10-04T18:39:35.619052+05:30,GET,GET /jobs/{id}/,22.75,ok,
2026-10-04T18:39:35.636007+05:30,POST,POST /jobs/,23.88,ok,
2026-10-04T18:39:35.639970+05:30,GET,GET /jobs/{id}/,19.68,ok,
2026-10-04T18:39:35.679785+05:30,GET,GET /jobs/{id}/,20.9,ok,
2026-10-04T18:39:35.724462+05:30,GET,GET /jobs/{id}/,21.4,ok,
2026-10-04T18:39:35.724895+05:30,GET,GET /jobs/stats/,23.85,ok,
2026-10-04T18:39:35.741937+05:30,POST,POST /jobs/,25.02,ok,
2026-10-04T18:39:35.753951+05:30,GET,GET /health/,20.83,ok,
2026-10-04T18:39:35.777239+05:30,GET,GET /jobs/{id}/,20.01,ok,
2026-10-04T18:39:35.786217+05:30,GET,GET /jobs/{id}/,19.96,ok,
2026-10-04T18:39:35.792787+05:30,GET,GET /health/,59.2,ok,
2026-10-04T18:39:35.833963+05:30,GET,GET /jobs/{id}/,19.86,ok,
2026-10-04T18:39:35.885377+05:30,GET,GET /jobs/{id}/,20.11,ok,
2026-10-04T18:39:35.909023+05:30,GET,GET /jobs/{id}/,20.38,ok,
2026-10-04T18:39:35.956098+05:30,GET,GET /jobs/{id}/,23.77,ok,
2026-10-04T18:39:35.960430+05:30,GET,GET /jobs/{id}/,24.14,ok,
2026-10-04T18:39:35.977813+05:30,GET,GET /health/,29.35,ok,
2026-10-04T18:39:35.983995+05:30,POST,POST /jobs/,26.62,ok,
2026-10-04T18:39:35.984574+05:30,GET,GET /jobs/stats/,22.95,ok,
2026-10-04T18:39:36.012025+05:30,POST,POST /jobs/,25.2,ok,
2026-10-04T18:39:36.024606+05:30,GET,GET /jobs/{id}/,23.77,ok,
2026-10-04T18:39:36.039002+05:30,GET,GET /health/,23.69,ok,
2026-10-04T18:39:36.065539+05:30,POST,POST /jobs/,24.24,ok,
2026-10-04T18:39:36.086832+05:30,GET,GET /jobs/{id}/,22.8,ok,
2026-10-04T18:39:36.113559+05:30,GET,GET /health/,20.43,ok,
2026-10-04T18:39:36.163075+05:30,POST,POST /jobs/,30.17,ok,
2026-10-04T18:39:36.163563+05:30,POST,POST /jobs/,32.69,ok,
2026-10-04T18:39:36.173732+05:30,GET,GET /jobs/{id}/,30.79,ok,
2026-10-04T18:39:36.174307+05:30,GET,GET /jobs/{id}/,33.48,ok,
2026-10-04T18:39:36.178379+05:30,GET,GET /health/,35.03,ok,
2026-10-04T18:39:36.213975+05:30,GET,GET /jobs/{id}/,24.28,ok,
2026-10-04T18:39:36.221740+05:30,POST,POST /jobs/,26.97,ok,
2026-10-04T18:39:36.256107+05:30,GET,GET /jobs/{id}/,23.98,ok,
2026-10-04T18:39:36.277712+05:30,GET,GET /jobs/{id}/,24.61,ok,
2026-10-04T18:39:36.308569+05:30,GET,GET /jobs/{id}/,20.48,ok,
2026-10-04T18:39:36.315094+05:30,POST,POST /jobs/,24.03,ok,
2026-10-04T18:39:36.319188+05:30,GET,GET /jobs/{id}/,22.21,ok,
2026-10-04T18:39:36.348913+05:30,GET,GET /jobs/{id}/,23.46,ok,
2026-10-04T18:39:36.351749+05:30,GET,GET /jobs/{id}/,25.61,ok,
2026-10-04T18:39:36.357997+05:30,GET,GET /jobs/{id}/,29.92,ok,
2026-10-04T18:39:36.371886+05:30,GET,GET /jobs/{id}/,29.97,ok,
2026-10-04T18:39:36.391949+05:30,POST,POST /jobs/,23.67,ok,
2026-10-04T18:39:36.440342+05:30,GET,GET /jobs/stats/,21.1,ok,
2026-10-04T18:39:36.501867+05:30,GET,GET /jobs/{id}/,20.19,ok,
2026-10-04T18:39:36.519487+05:30,GET,GET /jobs/{id}/,19.7,ok,
2026-10-04T18:39:36.547892+05:30,GET,GET /jobs/{id}/,20.1,ok,
2026-10-04T18:39:36.570042+05:30,GET,GET /jobs/{id}/,19.87,ok,
2026-10-04T18:39:36.589841+05:30,GET,GET /jobs/{id}/,19.55,ok,
2026-10-04T18:39:36.633452+05:30,POST,POST /jobs/,26.28,ok,
2026-10-04T18:39:36.647755+05:30,POST,POST /jobs/,23.51,ok,
2026-10-04T18:39:36.653201+05:30,GET,GET /jobs/stats/,21.11,ok,
2026-10-04T18:39:36.703486+05:30,POST,POST /jobs/,23.99,ok,
2026-10-04T18:39:36.715794+05:30,GET,GET /jobs/{id}/,20.26,ok,
2026-10-04T18:39:36.731275+05:30,POST,POST /jobs/,25.53,ok,
2026-10-04T18:39:36.746961+05:30,POST,POST /jobs/,24.9,ok,
2026-10-04T18:39:36.766281+05:30,GET,GET /jobs/{id}/,27.73,ok,
2026-10-04T18:39:36.774380+05:30,GET,GET /jobs/{id}/,25.14,ok,
2026-10-04T18:39:36.794402+05:30,GET,GET /health/,20.92,ok,
2026-10-04T18:39:36.798198+05:30,GET,GET /jobs/{id}/,21.33,ok,
2026-10-04T18:39:36.798805+05:30,GET,GET /health/,20.02,ok,
2026-10-04T18:39:36.828461+05:30,GET,GET /jobs/{id}/,19.38,ok,
2026-10-04T18:39:36.836557+05:30,POST,POST /jobs/,22.37,ok,
2026-10-04T18:39:36.876097+05:30,GET,GET /jobs/{id}/,20.23,ok,
2026-10-04T18:39:36.880096+05:30,GET,GET /jobs/{id}/,20.21,ok,
2026-10-04T18:39:36.892294+05:30,GET,GET /jobs/{id}/,19.25,ok,
2026-10-04T18:39:36.961119+05:30,GET,GET /jobs/{id}/,21.53,ok,
2026-10-04T18:39:36.973584+05:30,POST,POST /jobs/,24.02,ok,
2026-10-04T18:39:36.985649+05:30,GET,GET /jobs/{id}/,26.49,ok,
2026-10-04T18:39:36.989152+05:30,POST,POST /jobs/,30.55,ok,
2026-10-04T18:39:36.994744+05:30,POST,POST /jobs/,24.32,ok,
2026-10-04T18:39:37.000150+05:30,GET,GET /jobs/stats/,22.33,ok,
2026-10-04T18:39:37.005731+05:30,GET,GET /health/,20.93,ok,
2026-10-04T18:39:37.032117+05:30,GET,GET /jobs/{id}/,24.0,ok,
2026-10-04T18:39:37.040396+05:30,GET,GET /jobs/{id}/,22.25,ok,
2026-10-04T18:39:37.046691+05:30,POST,POST /jobs/,25.56,ok,
2026-10-04T18:39:37.130214+05:30,GET,GET /jobs/{id}/,22.18,ok,
2026-10-04T18:39:37.130649+05:30,GET,GET /jobs/{id}/,21.41,ok,
2026-10-04T18:39:37.142698+05:30,POST,POST /jobs/,23.35,ok,
2026-10-04T18:39:37.156062+05:30,POST,POST /jobs/,22.11,ok,
2026-10-04T18:39:37.186081+05:30,GET,GET /health/,22.65,ok,
2026-10-04T18:39:37.198920+05:30,GET,GET /jobs/stats/,19.86,ok,
2026-10-04T18:39:37.227227+05:30,POST,POST /jobs/,22.02,ok,
2026-10-04T18:39:37.278656+05:30,POST,POST /jobs/,23.1,ok,
2026-10-04T18:39:37.281910+05:30,GET,GET /jobs/{id}/,21.33,ok,
2026-10-04T18:39:37.297848+05:30,GET,GET /jobs/{id}/,22.22,ok,
2026-10-04T18:39:37.306176+05:30,GET,GET /jobs/{id}/,20.01,ok,
2026-10-04T18:39:37.309594+05:30,POST,POST /jobs/,22.86,ok,
2026-10-04T18:39:37.328772+05:30,GET,GET /jobs/{id}/,20.0,ok,
2026-10-04T18:39:37.352358+05:30,GET,GET /jobs/{id}/,19.33,ok,
2026-10-04T18:39:37.392377+05:30,GET,GET /jobs/{id}/,20.7,ok,
2026-10-04T18:39:37.443410+05:30,GET,GET /jobs/{id}/,20.75,ok,
2026-10-04T18:39:37.443845+05:30,GET,GET /jobs/{id}/,23.17,ok,
2026-10-04T18:39:37.454103+05:30,GET,GET /jobs/{id}/,21.6,ok,
2026-10-04T18:39:37.476296+05:30,GET,GET /jobs/{id}/,19.94,ok,
2026-10-04T18:39:37.481975+05:30,GET,GET /jobs/{id}/,19.61,ok,
2026-10-04T18:39:37.512011+05:30,GET,GET /jobs/stats/,20.78,ok,
2026-10-04T18:39:37.534204+05:30,GET,GET /jobs/{id}/,19.93,ok,
2026-10-04T18:39:37.547969+05:30,GET,GET /health/,19.9,ok,
2026-10-04T18:39:37.553470+05:30,POST,POST /jobs/,22.39,ok,
2026-10-04T18:39:37.565449+05:30,GET,GET /jobs/{id}/,19.95,ok,
2026-10-04T18:39:37.641164+05:30,POST,POST /jobs/,25.87,ok,
2026-10-04T18:39:37.642326+05:30,POST,POST /jobs/,27.58,ok,
2026-10-04T18:39:37.648157+05:30,GET,GET /health/,27.93,ok,
2026-10-04T18:39:37.679258+05:30,GET,GET /jobs/{id}/,20.8,ok,
2026-10-04T18:39:37.709581+05:30,GET,GET /health/,21.06,ok,
2026-10-04T18:39:37.719488+05:30,GET,GET /jobs/{id}/,19.97,ok,
2026-10-04T18:39:37.759494+05:30,GET,GET /jobs/{id}/,19.7,ok,
2026-10-04T18:39:37.778491+05:30,GET,GET /jobs/stats/,20.72,ok,
2026-10-04T18:39:37.816753+05:30,POST,POST /jobs/,22.83,ok,
2026-10-04T18:39:37.822786+05:30,GET,GET /jobs/{id}/,20.85,ok,
2026-10-04T18:39:37.835852+05:30,GET,GET /jobs/{id}/,20.07,ok,
2026-10-04T18:39:37.861863+05:30,GET,GET /jobs/{id}/,19.62,ok,
2026-10-04T18:39:37.892364+05:30,GET,GET /jobs/{id}/,20.19,ok,
2026-10-04T18:39:37.908757+05:30,POST,POST /jobs/,29.57,ok,
2026-10-04T18:39:37.917641+05:30,POST,POST /jobs/,26.62,ok,
2026-10-04T18:39:37.918146+05:30,GET,GET /health/,24.56,ok,
2026-10-04T18:39:37.924111+05:30,GET,GET /health/,23.11,ok,
2026-10-04T18:39:37.981903+05:30,GET,GET /jobs/stats/,20.53,ok,
2026-10-04T18:39:37.983693+05:30,GET,GET /jobs/{id}/,20.27,ok,
2026-10-04T18:39:38.075064+05:30,GET,GET /jobs/stats/,22.06,ok,
2026-10-04T18:39:38.078722+05:30,GET,GET /jobs/{id}/,21.66,ok,
2026-10-04T18:39:38.092228+05:30,GET,GET /jobs/{id}/,20.14,ok,
2026-10-04T18:39:38.129360+05:30,GET,GET /health/,23.82,ok,
2026-10-04T18:39:38.136599+05:30,GET,GET /jobs/{id}/,21.95,ok,
2026-10-04T18:39:38.144551+05:30,GET,GET /jobs/stats/,23.36,ok,
2026-10-04T18:39:38.146958+05:30,POST,POST /jobs/,28.15,ok,
2026-10-04T18:39:38.153566+05:30,POST,POST /jobs/,25.53,ok,
2026-10-04T18:39:38.163514+05:30,POST,POST /jobs/,25.6,ok,
2026-10-04T18:39:38.180278+05:30,POST,POST /jobs/,22.3,ok,
2026-10-04T18:39:38.200652+05:30,GET,GET /jobs/{id}/,22.11,ok,
2026-10-04T18:39:38.201028+05:30,GET,GET /jobs/{id}/,21.81,ok,
2026-10-04T18:39:38.227852+05:30,GET,GET /jobs/{id}/,25.35,ok,
2026-10-04T18:39:38.228298+05:30,GET,GET /health/,28.53,ok,
2026-10-04T18:39:38.237135+05:30,GET,GET /jobs/{id}/,24.83,ok,
2026-10-04T18:39:38.239053+05:30,GET,GET /jobs/{id}/,23.79,ok,
2026-10-04T18:39:38.304805+05:30,POST,POST /jobs/,62.52,ok,
2026-10-04T18:39:38.305259+05:30,GET,GET /jobs/{id}/,56.08,ok,
2026-10-04T18:39:38.305580+05:30,GET,GET /jobs/stats/,55.93,ok,
2026-10-04T18:39:38.313102+05:30,GET,GET /jobs/{id}/,53.38,ok,
2026-10-04T18:39:38.319645+05:30,POST,POST /jobs/,34.94,ok,
2026-10-04T18:39:38.344766+05:30,POST,POST /jobs/,23.86,ok,
2026-10-04T18:39:38.356052+05:30,POST,POST /jobs/,23.16,ok,
2026-10-04T18:39:38.396086+05:30,POST,POST /jobs/,22.7,ok,
2026-10-04T18:39:38.422914+05:30,GET,GET /jobs/{id}/,20.51,ok,
2026-10-04T18:39:38.444967+05:30,POST,POST /jobs/,22.93,ok,
2026-10-04T18:39:38.473659+05:30,GET,GET /jobs/{id}/,20.35,ok,
2026-10-04T18:39:38.507614+05:30,GET,GET /jobs/stats/,21.59,ok,
2026-10-04T18:39:38.523196+05:30,POST,POST /jobs/,24.08,ok,
2026-10-04T18:39:38.524915+05:30,POST,POST /jobs/,23.72,ok,
2026-10-04T18:39:38.555687+05:30,GET,GET /jobs/{id}/,19.5,ok,
2026-10-04T18:39:38.588240+05:30,GET,GET /jobs/{id}/,20.24,ok,
2026-10-04T18:39:38.603800+05:30,POST,POST /jobs/,22.8,ok,
2026-10-04T18:39:38.613670+05:30,GET,GET /jobs/{id}/,20.12,ok,
2026-10-04T18:39:38.647045+05:30,GET,GET /jobs/{id}/,22.99,ok,
2026-10-04T18:39:38.676396+05:30,GET,GET /jobs/{id}/,26.02,ok,
2026-10-04T18:39:38.692859+05:30,GET,GET /health/,21.2,ok,
2026-10-04T18:39:38.720059+05:30,GET,GET /jobs/{id}/,18.91,ok,
2026-10-04T18:39:38.756758+05:30,GET,GET /jobs/{id}/,20.42,ok,
2026-10-04T18:39:38.763023+05:30,POST,POST /jobs/,23.65,ok,
2026-10-04T18:39:38.787962+05:30,GET,GET /jobs/{id}/,20.68,ok,
2026-10-04T18:39:38.838087+05:30,GET,GET /health/,19.86,ok,
2026-10-04T18:39:38.884656+05:30,POST,POST /jobs/,22.26,ok,
2026-10-04T18:39:38.924952+05:30,POST,POST /jobs/,22.97,ok,
2026-10-04T18:39:38.972040+05:30,POST,POST /jobs/,23.31,ok,
2026-10-04T18:39:38.972736+05:30,GET,GET /health/,24.53,ok,
2026-10-04T18:39:38.986067+05:30,POST,POST /jobs/,30.38,ok,
2026-10-04T18:39:38.986977+05:30,GET,GET /jobs/{id}/,29.48,ok,
2026-10-04T18:39:39.001086+05:30,GET,GET /jobs/{id}/,24.65,ok,
2026-10-04T18:39:39.004733+05:30,GET,GET /jobs/{id}/,28.77,ok,
2026-10-04T18:39:39.010485+05:30,GET,GET /jobs/stats/,25.9,ok,
2026-10-04T18:39:39.011076+05:30,POST,POST /jobs/,32.54,ok,
2026-10-04T18:39:39.022411+05:30,POST,POST /jobs/,25.18,ok,
2026-10-04T18:39:39.064937+05:30,GET,GET /health/,20.23,ok,
2026-10-04T18:39:39.111236+05:30,POST,POST /jobs/,26.98,ok,
2026-10-04T18:39:39.111612+05:30,POST,POST /jobs/,25.4,ok,
2026-10-04T18:39:39.130565+05:30,POST,POST /jobs/,23.46,ok,
2026-10-04T18:39:39.155019+05:30,GET,GET /jobs/{id}/,20.18,ok,
2026-10-04T18:39:39.157947+05:30,POST,POST /jobs/,22.59,ok,
2026-10-04T18:39:39.179692+05:30,GET,GET /jobs/{id}/,19.51,ok,
2026-10-04T18:39:39.201281+05:30,GET,GET /jobs/{id}/,21.43,ok,
2026-10-04T18:39:39.210074+05:30,GET,GET /jobs/{id}/,19.39,ok,
2026-10-04T18:39:39.219822+05:30,POST,POST /jobs/,25.97,ok,
2026-10-04T18:39:39.221952+05:30,POST,POST /jobs/,23.14,ok,
2026-10-04T18:39:39.259301+05:30,GET,GET /jobs/{id}/,23.04,ok,
2026-10-04T18:39:39.270772+05:30,GET,GET /jobs/stats/,21.47,ok,
2026-10-04T18:39:39.295432+05:30,GET,GET /health/,44.13,ok,
2026-10-04T18:39:39.332827+05:30,GET,GET /jobs/{id}/,23.53,ok,
2026-10-04T18:39:39.340222+05:30,POST,POST /jobs/,27.81,ok,
2026-10-04T18:39:39.340631+05:30,POST,POST /jobs/,31.92,ok,
2026-10-04T18:39:39.344646+05:30,GET,GET /jobs/{id}/,23.89,ok,
2026-10-04T18:39:39.352396+05:30,GET,GET /jobs/{id}/,20.88,ok,
2026-10-04T18:39:39.464391+05:30,GET,GET /jobs/{id}/,20.66,ok,
2026-10-04T18:39:39.471934+05:30,POST,POST /jobs/,27.67,ok,
2026-10-04T18:39:39.473557+05:30,POST,POST /jobs/,28.43,ok,
2026-10-04T18:39:39.505209+05:30,POST,POST /jobs/,23.36,ok,
2026-10-04T18:39:39.512935+05:30,GET,GET /jobs/{id}/,25.65,ok,
2026-10-04T18:39:39.514287+05:30,POST,POST /jobs/,27.48,ok,
2026-10-04T18:39:39.515991+05:30,POST,POST /jobs/,26.87,ok,
2026-10-04T18:39:39.579466+05:30,POST,POST /jobs/,24.19,ok,
2026-10-04T18:39:39.589870+05:30,POST,POST /jobs/,22.48,ok,
2026-10-04T18:39:39.609541+05:30,GET,GET /jobs/{id}/,21.78,ok,
2026-10-04T18:39:39.610752+05:30,GET,GET /health/,22.47,ok,
2026-10-04T18:39:39.624628+05:30,POST,POST /jobs/,24.46,ok,
2026-10-04T18:39:39.634472+05:30,GET,GET /jobs/{id}/,20.49,ok,
2026-10-04T18:39:39.647290+05:30,POST,POST /jobs/,24.72,ok,
2026-10-04T18:39:39.647438+05:30,POST,POST /jobs/,30.68,ok,
2026-10-04T18:39:39.662949+05:30,GET,GET /jobs/{id}/,22.22,ok,
2026-10-04T18:39:39.724882+05:30,GET,GET /jobs/stats/,23.67,ok,
2026-10-04T18:39:39.749047+05:30,POST,POST /jobs/,22.91,ok,
2026-10-04T18:39:39.757075+05:30,GET,GET /jobs/{id}/,21.02,ok,
2026-10-04T18:39:39.771559+05:30,GET,GET /jobs/{id}/,20.24,ok,
2026-10-04T18:39:39.804648+05:30,POST,POST /jobs/,23.8,ok,
2026-10-04T18:39:39.805083+05:30,GET,GET /jobs/{id}/,20.21,ok,
2026-10-04T18:39:39.843651+05:30,GET,GET /jobs/stats/,21.31,ok,
2026-10-04T18:39:39.850839+05:30,POST,POST /jobs/,22.55,ok,
2026-10-04T18:39:39.856382+05:30,GET,GET /jobs/{id}/,21.04,ok,
2026-10-04T18:39:39.915289+05:30,GET,GET /jobs/{id}/,19.6,ok,
2026-10-04T18:39:39.956599+05:30,GET,GET /jobs/{id}/,19.99,ok,
2026-10-04T18:39:39.982154+05:30,GET,GET /jobs/{id}/,21.27,ok,
2026-10-04T18:39:39.990235+05:30,GET,GET /jobs/{id}/,21.89,ok,
2026-10-04T18:39:39.990642+05:30,GET,GET /jobs/{id}/,22.85,ok,
2026-10-04T18:39:39.998134+05:30,GET,GET /jobs/{id}/,21.86,ok,
2026-10-04T18:39:40.053135+05:30,GET,GET /jobs/{id}/,20.67,ok,
2026-10-04T18:39:40.061925+05:30,GET,GET /jobs/{id}/,20.22,ok,
2026-10-04T18:39:40.067752+05:30,GET,GET /jobs/{id}/,21.13,ok,
2026-10-04T18:39:40.150646+05:30,POST,POST /jobs/,24.56,ok,
2026-10-04T18:39:40.151798+05:30,GET,GET /jobs/stats/,23.7,ok,
2026-10-04T18:39:40.156851+05:30,GET,GET /jobs/{id}/,23.39,ok,
2026-10-04T18:39:40.164363+05:30,POST,POST /jobs/,24.8,ok,
2026-10-04T18:39:40.168712+05:30,GET,GET /jobs/{id}/,26.25,ok,
2026-10-04T18:39:40.177306+05:30,GET,GET /jobs/{id}/,21.38,ok,
2026-10-04T18:39:40.187840+05:30,POST,POST /jobs/,22.22,ok,
2026-10-04T18:39:40.243247+05:30,GET,GET /jobs/{id}/,20.07,ok,
2026-10-04T18:39:40.302135+05:30,GET,GET /jobs/{id}/,21.55,ok,
2026-10-04T18:39:40.318305+05:30,POST,POST /jobs/,22.65,ok,
2026-10-04T18:39:40.388628+05:30,POST,POST /jobs/,23.0,ok,
2026-10-04T18:39:40.413977+05:30,GET,GET /jobs/{id}/,20.04,ok,
2026-10-04T18:39:40.415932+05:30,GET,GET /jobs/{id}/,20.06,ok,
2026-10-04T18:39:40.422872+05:30,GET,GET /health/,22.15,ok,
2026-10-04T18:39:40.468583+05:30,GET,GET /jobs/{id}/,20.41,ok,
2026-10-04T18:39:40.515238+05:30,GET,GET /jobs/{id}/,20.37,ok,
2026-10-04T18:39:40.539716+05:30,POST,POST /jobs/,25.33,ok,
2026-10-04T18:39:40.540149+05:30,POST,POST /jobs/,23.41,ok,
2026-10-04T18:39:40.557743+05:30,GET,GET /jobs/{id}/,19.91,ok,
2026-10-04T18:39:40.584015+05:30,POST,POST /jobs/,23.89,ok,
2026-10-04T18:39:40.593107+05:30,GET,GET /health/,23.09,ok,
2026-10-04T18:39:40.602498+05:30,GET,GET /jobs/{id}/,19.75,ok,
2026-10-04T18:39:40.647433+05:30,GET,GET /jobs/{id}/,22.62,ok,
2026-10-04T18:39:40.661731+05:30,POST,POST /jobs/,29.98,ok,
2026-10-04T18:39:40.663303+05:30,GET,GET /health/,33.47,ok,
2026-10-04T18:39:40.670062+05:30,GET,GET /jobs/{id}/,31.93,ok,
2026-10-04T18:39:40.672250+05:30,POST,POST /jobs/,34.69,ok,
2026-10-04T18:39:40.681573+05:30,GET,GET /health/,36.69,ok,
2026-10-04T18:39:40.688221+05:30,GET,GET /health/,32.64,ok,
2026-10-04T18:39:40.692759+05:30,POST,POST /jobs/,39.06,ok,
2026-10-04T18:39:40.695038+05:30,GET,GET /jobs/{id}/,35.66,ok,
2026-10-04T18:39:40.765652+05:30,GET,GET /jobs/stats/,22.3,ok,
2026-10-04T18:39:40.769307+05:30,POST,POST /jobs/,23.03,ok,
2026-10-04T18:39:40.773732+05:30,POST,POST /jobs/,26.63,ok,
2026-10-04T18:39:40.774237+05:30,GET,GET /jobs/{id}/,26.71,ok,
2026-10-04T18:39:40.815211+05:30,GET,GET /jobs/{id}/,20.66,ok,
2026-10-04T18:39:40.815696+05:30,GET,GET /jobs/{id}/,23.19,ok,
2026-10-04T18:39:40.819414+05:30,GET,GET /jobs/{id}/,22.07,ok,
2026-10-04T18:39:40.890778+05:30,POST,POST /jobs/,26.07,ok,
2026-10-04T18:39:40.904697+05:30,GET,GET /jobs/stats/,21.98,ok,
2026-10-04T18:39:40.908666+05:30,GET,GET /jobs/{id}/,21.31,ok,
2026-10-04T18:39:40.921600+05:30,GET,GET /jobs/{id}/,19.51,ok,
2026-10-04T18:39:40.945505+05:30,GET,GET /health/,20.66,ok,
2026-10-04T18:39:40.979537+05:30,GET,GET /health/,19.7,ok,
2026-10-04T18:39:41.010421+05:30,POST,POST /jobs/,22.59,ok,
2026-10-04T18:39:41.016186+05:30,GET,GET /jobs/{id}/,21.37,ok,
2026-10-04T18:39:41.078642+05:30,POST,POST /jobs/,23.14,ok,
2026-10-04T18:39:41.083544+05:30,GET,GET /health/,25.08,ok,
2026-10-04T18:39:41.100616+05:30,GET,GET /jobs/{id}/,19.72,ok,
2026-10-04T18:39:41.122228+05:30,GET,GET /jobs/{id}/,22.5,ok,
2026-10-04T18:39:41.134540+05:30,GET,GET /jobs/stats/,21.39,ok,
2026-10-04T18:39:41.163794+05:30,GET,GET /jobs/{id}/,19.9,ok,
2026-10-04T18:39:41.203585+05:30,GET,GET /jobs/{id}/,20.43,ok,
2026-10-04T18:39:41.205160+05:30,POST,POST /jobs/,24.08,ok,
2026-10-04T18:39:41.217282+05:30,POST,POST /jobs/,22.28,ok,
2026-10-04T18:39:41.237106+05:30,GET,GET /jobs/stats/,20.75,ok,
2026-10-04T18:39:41.245096+05:30,POST,POST /jobs/,22.28,ok,
2026-10-04T18:39:41.276985+05:30,GET,GET /health/,27.66,ok,
2026-10-04T18:39:41.299555+05:30,GET,GET /jobs/{id}/,38.66,ok,
2026-10-04T18:39:41.299760+05:30,GET,GET /health/,37.14,ok,
2026-10-04T18:39:41.302890+05:30,POST,POST /jobs/,44.47,ok,
2026-10-04T18:39:41.316389+05:30,GET,GET /jobs/{id}/,29.33,ok,
2026-10-04T18:39:41.317213+05:30,GET,GET /health/,32.15,ok,
2026-10-04T18:39:41.320796+05:30,GET,GET /jobs/{id}/,27.96,ok,
2026-10-04T18:39:41.370375+05:30,GET,GET /jobs/{id}/,72.65,ok,
2026-10-04T18:39:41.385168+05:30,GET,GET /jobs/{id}/,39.19,ok,
2026-10-04T18:39:41.396703+05:30,GET,GET /jobs/{id}/,68.65,ok,
2026-10-04T18:39:41.397236+05:30,GET,GET /jobs/stats/,53.24,ok,
2026-10-04T18:39:41.411522+05:30,GET,GET /jobs/{id}/,27.6,ok,
2026-10-04T18:39:41.430034+05:30,GET,GET /jobs/{id}/,19.79,ok,
2026-10-04T18:39:41.470383+05:30,GET,GET /health/,21.05,ok,
2026-10-04T18:39:41.471721+05:30,GET,GET /jobs/stats/,21.75,ok,
2026-10-04T18:39:41.522327+05:30,POST,POST /jobs/,24.29,ok,
2026-10-04T18:39:41.534124+05:30,GET,GET /jobs/stats/,21.09,ok,
2026-10-04T18:39:41.547749+05:30,GET,GET /jobs/{id}/,19.12,ok,
2026-10-04T18:39:41.576086+05:30,POST,POST /jobs/,24.08,ok,
2026-10-04T18:39:41.577857+05:30,POST,POST /jobs/,23.87,ok,
2026-10-04T18:39:41.611544+05:30,GET,GET /jobs/{id}/,23.38,ok,
2026-10-04T18:39:41.615422+05:30,POST,POST /jobs/,26.69,ok,
2026-10-04T18:39:41.625668+05:30,POST,POST /jobs/,24.22,ok,
2026-10-04T18:39:41.637273+05:30,GET,GET /jobs/stats/,20.65,ok,
2026-10-04T18:39:41.676870+05:30,POST,POST /jobs/,25.29,ok,
2026-10-04T18:39:41.688517+05:30,POST,POST /jobs/,25.89,ok,
2026-10-04T18:39:41.698954+05:30,GET,GET /jobs/stats/,19.85,ok,
2026-10-04T18:39:41.706987+05:30,GET,GET /jobs/stats/,20.95,ok,
2026-10-04T18:39:41.719174+05:30,POST,POST /jobs/,22.37,ok,
2026-10-04T18:39:41.756943+05:30,GET,GET /jobs/{id}/,21.4,ok,
2026-10-04T18:39:41.773675+05:30,POST,POST /jobs/,22.09,ok,
2026-10-04T18:39:41.815562+05:30,GET,GET /jobs/{id}/,22.51,ok,
2026-10-04T18:39:41.817140+05:30,GET,GET /jobs/{id}/,18.98,ok,
2026-10-04T18:39:41.833211+05:30,GET,GET /jobs/{id}/,18.93,ok,
2026-10-04T18:39:41.863256+05:30,POST,POST /jobs/,22.76,ok,
2026-10-04T18:39:41.871623+05:30,POST,POST /jobs/,22.11,ok,
2026-10-04T18:39:41.882669+05:30,GET,GET /health/,20.26,ok,
2026-10-04T18:39:41.907616+05:30,POST,POST /jobs/,23.67,ok,
2026-10-04T18:39:41.914661+05:30,GET,GET /jobs/stats/,21.77,ok,
2026-10-04T18:39:41.924683+05:30,GET,GET /jobs/{id}/,19.9,ok,
2026-10-04T18:39:41.943540+05:30,GET,GET /jobs/{id}/,20.69,ok,
2026-10-04T18:39:41.994351+05:30,GET,GET /jobs/{id}/,21.5,ok,
2026-10-04T18:39:41.999141+05:30,GET,GET /jobs/stats/,25.53,ok,
2026-10-04T18:39:42.052794+05:30,GET,GET /jobs/{id}/,26.34,ok,
2026-10-04T18:39:42.070557+05:30,POST,POST /jobs/,23.92,ok,
2026-10-04T18:39:42.141581+05:30,POST,POST /jobs/,25.68,ok,
2026-10-04T18:39:42.149938+05:30,GET,GET /jobs/{id}/,22.42,ok,
2026-10-04T18:39:42.178684+05:30,POST,POST /jobs/,25.97,ok,
2026-10-04T18:39:42.182716+05:30,GET,GET /jobs/{id}/,22.68,ok,
2026-10-04T18:39:42.195932+05:30,GET,GET /jobs/{id}/,21.12,ok,
2026-10-04T18:39:42.214344+05:30,GET,GET /jobs/{id}/,21.29,ok,
2026-10-04T18:39:42.228213+05:30,GET,GET /jobs/{id}/,20.95,ok,
2026-10-04T18:39:42.241430+05:30,GET,GET /jobs/{id}/,20.76,ok,
2026-10-04T18:39:42.245346+05:30,GET,GET /jobs/{id}/,20.56,ok,
2026-10-04T18:39:42.284532+05:30,POST,POST /jobs/,25.8,ok,
2026-10-04T18:39:42.296556+05:30,GET,GET /jobs/{id}/,20.39,ok,
2026-10-04T18:39:42.303446+05:30,GET,GET /jobs/{id}/,19.84,ok,
2026-10-04T18:39:42.327567+05:30,GET,GET /jobs/{id}/,19.84,ok,
2026-10-04T18:39:42.353566+05:30,POST,POST /jobs/,22.74,ok,
2026-10-04T18:39:42.372721+05:30,POST,POST /jobs/,21.45,ok,
2026-10-04T18:39:42.379049+05:30,GET,GET /jobs/{id}/,21.13,ok,
2026-10-04T18:39:42.398746+05:30,GET,GET /jobs/{id}/,20.56,ok,
2026-10-04T18:39:42.440436+05:30,GET,GET /jobs/{id}/,20.37,ok,
2026-10-04T18:39:42.522465+05:30,GET,GET /jobs/{id}/,19.7,ok,
2026-10-04T18:39:42.555872+05:30,GET,GET /jobs/stats/,21.11,ok,
2026-10-04T18:39:42.567517+05:30,POST,POST /jobs/,22.71,ok,
2026-10-04T18:39:42.642929+05:30,GET,GET /jobs/{id}/,20.95,ok,
2026-10-04T18:39:42.644091+05:30,GET,GET /jobs/{id}/,19.21,ok,
2026-10-04T18:39:42.680841+05:30,GET,GET /jobs/stats/,22.46,ok,
2026-10-04T18:39:42.695067+05:30,GET,GET /jobs/{id}/,22.59,ok,
2026-10-04T18:39:42.708220+05:30,GET,GET /jobs/{id}/,20.06,ok,
2026-10-04T18:39:42.748172+05:30,POST,POST /jobs/,30.63,ok,
2026-10-04T18:39:42.748595+05:30,GET,GET /jobs/{id}/,25.87,ok,
2026-10-04T18:39:42.760325+05:30,GET,GET /jobs/{id}/,23.51,ok,
2026-10-04T18:39:42.765209+05:30,GET,GET /health/,22.37,ok,
2026-10-04T18:39:42.801700+05:30,GET,GET /jobs/{id}/,20.14,ok,
2026-10-04T18:39:42.823637+05:30,GET,GET /jobs/{id}/,19.57,ok,
2026-10-04T18:39:42.858976+05:30,POST,POST /jobs/,23.04,ok,
2026-10-04T18:39:42.865939+05:30,GET,GET /jobs/{id}/,21.45,ok,
2026-10-04T18:39:42.885115+05:30,GET,GET /jobs/{id}/,20.2,ok,
2026-10-04T18:39:42.909560+05:30,POST,POST /jobs/,22.16,ok,
2026-10-04T18:39:42.920729+05:30,GET,GET /jobs/{id}/,19.37,ok,
2026-10-04T18:39:42.945429+05:30,POST,POST /jobs/,21.41,ok,
2026-10-04T18:39:42.972739+05:30,POST,POST /jobs/,22.03,ok,
2026-10-04T18:39:42.992397+05:30,GET,GET /jobs/stats/,21.03,ok,
2026-10-04T18:39:42.994315+05:30,GET,GET /jobs/stats/,19.34,ok,
2026-10-04T18:39:43.050363+05:30,GET,GET /jobs/{id}/,23.69,ok,
2026-10-04T18:39:43.050840+05:30,GET,GET /jobs/{id}/,23.66,ok,
2026-10-04T18:39:43.051489+05:30,GET,GET /health/,23.68,ok,
2026-10-04T18:39:43.058732+05:30,GET,GET /jobs/{id}/,24.07,ok,
2026-10-04T18:39:43.123034+05:30,GET,GET /jobs/{id}/,21.99,ok,
2026-10-04T18:39:43.132697+05:30,GET,GET /jobs/stats/,20.43,ok,
2026-10-04T18:39:43.176851+05:30,GET,GET /jobs/{id}/,26.77,ok,
2026-10-04T18:39:43.183201+05:30,GET,GET /jobs/{id}/,24.02,ok,
2026-10-04T18:39:43.186424+05:30,GET,GET /jobs/{id}/,26.68,ok,
2026-10-04T18:39:43.188127+05:30,POST,POST /jobs/,25.4,ok,
2026-10-04T18:39:43.241347+05:30,POST,POST /jobs/,31.9,ok,
2026-10-04T18:39:43.262291+05:30,GET,GET /jobs/stats/,31.17,ok,
2026-10-04T18:39:43.270909+05:30,POST,POST /jobs/,38.78,ok,
2026-10-04T18:39:43.277899+05:30,GET,GET /jobs/stats/,23.26,ok,
2026-10-04T18:39:43.322584+05:30,GET,GET /jobs/{id}/,20.36,ok,
2026-10-04T18:39:43.328746+05:30,POST,POST /jobs/,22.5,ok,
2026-10-04T18:39:43.360064+05:30,POST,POST /jobs/,27.03,ok,
2026-10-04T18:39:43.371889+05:30,GET,GET /jobs/{id}/,22.84,ok,
2026-10-04T18:39:43.372831+05:30,GET,GET /health/,25.76,ok,
2026-10-04T18:39:43.379758+05:30,POST,POST /jobs/,30.2,ok,
2026-10-04T18:39:43.409010+05:30,GET,GET /jobs/{id}/,20.03,ok,
2026-10-04T18:39:43.414696+05:30,GET,GET /health/,28.68,ok,
2026-10-04T18:39:43.456824+05:30,GET,GET /jobs/stats/,20.81,ok,
2026-10-04T18:39:43.477896+05:30,GET,GET /jobs/stats/,22.09,ok,
2026-10-04T18:39:43.479746+05:30,GET,GET /jobs/{id}/,22.77,ok,
2026-10-04T18:39:43.483765+05:30,GET,GET /jobs/{id}/,20.9,ok,
2026-10-04T18:39:43.505374+05:30,POST,POST /jobs/,21.46,ok,
2026-10-04T18:39:43.515387+05:30,POST,POST /jobs/,24.64,ok,
2026-10-04T18:39:43.535682+05:30,POST,POST /jobs/,22.0,ok,
2026-10-04T18:39:43.552587+05:30,GET,GET /jobs/{id}/,19.89,ok,
2026-10-04T18:39:43.588690+05:30,POST,POST /jobs/,24.75,ok,
2026-10-04T18:39:43.590322+05:30,POST,POST /jobs/,23.29,ok,
2026-10-04T18:39:43.600399+05:30,POST,POST /jobs/,24.45,ok,
2026-10-04T18:39:43.613656+05:30,GET,GET /jobs/{id}/,20.08,ok,
2026-10-04T18:39:43.635014+05:30,POST,POST /jobs/,22.67,ok,
2026-10-04T18:39:43.669705+05:30,GET,GET /jobs/{id}/,20.39,ok,
2026-10-04T18:39:43.693035+05:30,GET,GET /health/,19.98,ok,
2026-10-04T18:39:43.743343+05:30,POST,POST /jobs/,23.91,ok,
2026-10-04T18:39:43.753100+05:30,POST,POST /jobs/,22.66,ok,
2026-10-04T18:39:43.787040+05:30,GET,GET /jobs/{id}/,23.63,ok,
2026-10-04T18:39:43.787691+05:30,POST,POST /jobs/,27.29,ok,
2026-10-04T18:39:43.794443+05:30,POST,POST /jobs/,30.54,ok,
2026-10-04T18:39:43.801093+05:30,GET,GET /jobs/stats/,23.15,ok,
2026-10-04T18:39:43.814590+05:30,GET,GET /jobs/{id}/,18.9,ok,
2026-10-04T18:39:43.868387+05:30,GET,GET /jobs/stats/,22.44,ok,
2026-10-04T18:39:43.874508+05:30,GET,GET /jobs/{id}/,21.51,ok,
2026-10-04T18:39:43.913523+05:30,GET,GET /health/,19.65,ok,
2026-10-04T18:39:43.945994+05:30,POST,POST /jobs/,24.04,ok,
2026-10-04T18:39:43.951179+05:30,GET,GET /health/,21.66,ok,
2026-10-04T18:39:43.954493+05:30,GET,GET /jobs/{id}/,21.87,ok,
2026-10-04T18:39:43.983785+05:30,POST,POST /jobs/,24.04,ok,
2026-10-04T18:39:43.991058+05:30,GET,GET /jobs/{id}/,20.34,ok,
2026-10-04T18:39:44.004767+05:30,POST,POST /jobs/,27.07,ok,
2026-10-04T18:39:44.016705+05:30,POST,POST /jobs/,26.53,ok,
2026-10-04T18:39:44.024566+05:30,GET,GET /jobs/stats/,29.9,ok,
2026-10-04T18:39:44.051397+05:30,GET,GET /jobs/{id}/,21.37,ok,
2026-10-04T18:39:44.064228+05:30,GET,GET /jobs/{id}/,20.23,ok,
2026-10-04T18:39:44.099381+05:30,GET,GET /jobs/{id}/,21.86,ok,
2026-10-04T18:39:44.113506+05:30,GET,GET /jobs/{id}/,20.85,ok,
2026-10-04T18:39:44.142161+05:30,GET,GET /jobs/{id}/,20.25,ok,
2026-10-04T18:39:44.150684+05:30,POST,POST /jobs/,21.76,ok,
2026-10-04T18:39:44.193485+05:30,POST,POST /jobs/,23.44,ok,
2026-10-04T18:39:44.201849+05:30,GET,GET /jobs/{id}/,19.76,ok,
2026-10-04T18:39:44.242823+05:30,GET,GET /jobs/{id}/,19.64,ok,
2026-10-04T18:39:44.245287+05:30,GET,GET /jobs/{id}/,21.65,ok,
2026-10-04T18:39:44.249202+05:30,POST,POST /jobs/,28.05,ok,
2026-10-04T18:39:44.262359+05:30,GET,GET /health/,21.13,ok,
2026-10-04T18:39:44.264796+05:30,GET,GET /jobs/{id}/,20.88,ok,
2026-10-04T18:39:44.324164+05:30,POST,POST /jobs/,30.06,ok,
2026-10-04T18:39:44.324729+05:30,POST,POST /jobs/,29.21,ok,
2026-10-04T18:39:44.325150+05:30,GET,GET /jobs/{id}/,24.94,ok,
2026-10-04T18:39:44.326250+05:30,GET,GET /jobs/{id}/,31.63,ok,
2026-10-04T18:39:44.345093+05:30,GET,GET /jobs/{id}/,19.81,ok,
2026-10-04T18:39:44.356638+05:30,GET,GET /health/,19.88,ok,
2026-10-04T18:39:44.397921+05:30,GET,GET /jobs/{id}/,19.9,ok,
2026-10-04T18:39:44.435917+05:30,GET,GET /jobs/{id}/,20.67,ok,
2026-10-04T18:39:44.440124+05:30,GET,GET /jobs/{id}/,19.88,ok,
2026-10-04T18:39:44.460968+05:30,GET,GET /jobs/{id}/,20.69,ok,
2026-10-04T18:39:44.474285+05:30,POST,POST /jobs/,23.16,ok,
2026-10-04T18:39:44.480596+05:30,POST,POST /jobs/,22.44,ok,
2026-10-04T18:39:44.547098+05:30,GET,GET /jobs/stats/,21.14,ok,
2026-10-04T18:39:44.579116+05:30,GET,GET /health/,19.75,ok,
2026-10-04T18:39:44.585991+05:30,GET,GET /jobs/{id}/,19.75,ok,
2026-10-04T18:39:44.586403+05:30,POST,POST /jobs/,25.12,ok,
2026-10-04T18:39:44.594802+05:30,GET,GET /jobs/{id}/,22.67,ok,
2026-10-04T18:39:44.636688+05:30,GET,GET /health/,20.64,ok,
2026-10-04T18:39:44.641310+05:30,GET,GET /health/,20.28,ok,
2026-10-04T18:39:44.693834+05:30,GET,GET /jobs/{id}/,20.17,ok,
2026-10-04T18:39:44.717638+05:30,GET,GET /jobs/{id}/,19.51,ok,
2026-10-04T18:39:44.766727+05:30,GET,GET /jobs/{id}/,24.17,ok,
2026-10-04T18:39:44.768408+05:30,POST,POST /jobs/,26.4,ok,
2026-10-04T18:39:44.819140+05:30,GET,GET /jobs/{id}/,19.44,ok,
2026-10-04T18:39:44.854253+05:30,POST,POST /jobs/,26.84,ok,
2026-10-04T18:39:44.859834+05:30,GET,GET /jobs/stats/,20.39,ok,
2026-10-04T18:39:44.865858+05:30,GET,GET /health/,25.61,ok,
2026-10-04T18:39:44.873670+05:30,GET,GET /jobs/{id}/,20.44,ok,
2026-10-04T18:39:44.928702+05:30,POST,POST /jobs/,22.7,ok,
2026-10-04T18:39:44.979836+05:30,POST,POST /jobs/,22.83,ok,
2026-10-04T18:39:45.014919+05:30,GET,GET /jobs/{id}/,26.8,ok,
2026-10-04T18:39:45.021632+05:30,GET,GET /jobs/{id}/,26.5,ok,
2026-10-04T18:39:45.030619+05:30,GET,GET /jobs/{id}/,24.43,ok,
2026-10-04T18:39:45.052545+05:30,POST,POST /jobs/,23.51,ok,
2026-10-04T18:39:45.077977+05:30,GET,GET /jobs/{id}/,21.93,ok,
2026-10-04T18:39:45.098070+05:30,GET,GET /jobs/{id}/,21.34,ok,
2026-10-04T18:39:45.195424+05:30,GET,GET /jobs/{id}/,20.77,ok,
2026-10-04T18:39:45.206752+05:30,POST,POST /jobs/,22.95,ok,
2026-10-04T18:39:45.213327+05:30,GET,GET /jobs/{id}/,20.26,ok,
2026-10-04T18:39:45.219754+05:30,GET,GET /jobs/{id}/,21.07,ok,
2026-10-04T18:39:45.234170+05:30,GET,GET /jobs/{id}/,21.72,ok,
2026-10-04T18:39:45.243564+05:30,GET,GET /health/,21.57,ok,
2026-10-04T18:39:45.278686+05:30,GET,GET /jobs/{id}/,19.78,ok,
2026-10-04T18:39:45.316858+05:30,POST,POST /jobs/,24.72,ok,
2026-10-04T18:39:45.318788+05:30,GET,GET /jobs/{id}/,22.56,ok,
2026-10-04T18:39:45.332963+05:30,POST,POST /jobs/,24.64,ok,
2026-10-04T18:39:45.350965+05:30,GET,GET /jobs/{id}/,19.43,ok,
2026-10-04T18:39:45.352705+05:30,GET,GET /jobs/{id}/,22.72,ok,
2026-10-04T18:39:45.353119+05:30,GET,GET /health/,25.1,ok,
2026-10-04T18:39:45.360255+05:30,GET,GET /jobs/{id}/,23.04,ok,
2026-10-04T18:39:45.362753+05:30,GET,GET /jobs/{id}/,24.69,ok,
2026-10-04T18:39:45.383524+05:30,GET,GET /jobs/{id}/,21.44,ok,
2026-10-04T18:39:45.383970+05:30,GET,GET /jobs/{id}/,22.53,ok,
2026-10-04T18:39:45.475884+05:30,GET,GET /jobs/{id}/,21.78,ok,
2026-10-04T18:39:45.476794+05:30,POST,POST /jobs/,27.53,ok,
2026-10-04T18:39:45.492967+05:30,POST,POST /jobs/,24.79,ok,
2026-10-04T18:39:45.554502+05:30,GET,GET /jobs/{id}/,19.21,ok,
2026-10-04T18:39:45.578931+05:30,GET,GET /jobs/stats/,21.18,ok,
2026-10-04T18:39:45.580940+05:30,GET,GET /jobs/{id}/,20.23,ok,
2026-10-04T18:39:45.600228+05:30,POST,POST /jobs/,22.62,ok,
2026-10-04T18:39:45.618803+05:30,GET,GET /jobs/{id}/,19.49,ok,
2026-10-04T18:39:45.649705+05:30,POST,POST /jobs/,23.6,ok,
2026-10-04T18:39:45.653499+05:30,POST,POST /jobs/,26.75,ok,
2026-10-04T18:39:45.656660+05:30,GET,GET /jobs/{id}/,22.18,ok,
2026-10-04T18:39:45.658175+05:30,POST,POST /jobs/,25.49,ok,
2026-10-04T18:39:45.683218+05:30,POST,POST /jobs/,23.82,ok,
2026-10-04T18:39:45.683633+05:30,GET,GET /jobs/{id}/,20.48,ok,
2026-10-04T18:39:45.745926+05:30,POST,POST /jobs/,25.01,ok,
2026-10-04T18:39:45.756127+05:30,GET,GET /jobs/{id}/,19.93,ok,
2026-10-04T18:39:45.762467+05:30,POST,POST /jobs/,23.26,ok,
2026-10-04T18:39:45.802801+05:30,POST,POST /jobs/,22.04,ok,
2026-10-04T18:39:45.868600+05:30,GET,GET /health/,24.51,ok,
2026-10-04T18:39:45.877874+05:30,POST,POST /jobs/,23.64,ok,
2026-10-04T18:39:45.878382+05:30,GET,GET /jobs/stats/,21.75,ok,
2026-10-04T18:39:45.905553+05:30,GET,GET /jobs/{id}/,20.91,ok,
2026-10-04T18:39:45.906062+05:30,GET,GET /jobs/{id}/,19.48,ok,
2026-10-04T18:39:45.953918+05:30,GET,GET /jobs/stats/,22.58,ok,
2026-10-04T18:39:45.968582+05:30,POST,POST /jobs/,24.2,ok,
2026-10-04T18:39:46.012740+05:30,GET,GET /jobs/{id}/,19.84,ok,
2026-10-04T18:39:46.049195+05:30,GET,GET /health/,25.15,ok,
2026-10-04T18:39:46.049693+05:30,GET,GET /jobs/{id}/,21.26,ok,
2026-10-04T18:39:46.050171+05:30,GET,GET /health/,22.22,ok,
2026-10-04T18:39:46.082630+05:30,GET,GET /jobs/{id}/,20.25,ok,
2026-10-04T18:39:46.086286+05:30,POST,POST /jobs/,25.86,ok,
2026-10-04T18:39:46.086824+05:30,GET,GET /jobs/{id}/,22.73,ok,
2026-10-04T18:39:46.117248+05:30,GET,GET /jobs/{id}/,21.13,ok,
2026-10-04T18:39:46.124188+05:30,GET,GET /jobs/stats/,20.9,ok,
2026-10-04T18:39:46.143101+05:30,POST,POST /jobs/,24.59,ok,
2026-10-04T18:39:46.171574+05:30,GET,GET /jobs/{id}/,29.86,ok,
2026-10-04T18:39:46.198081+05:30,GET,GET /jobs/stats/,20.19,ok,
2026-10-04T18:39:46.267883+05:30,GET,GET /jobs/{id}/,19.5,ok,
2026-10-04T18:39:46.298299+05:30,GET,GET /health/,27.15,ok,
2026-10-04T18:39:46.309972+05:30,POST,POST /jobs/,28.33,ok,
2026-10-04T18:39:46.314831+05:30,GET,GET /jobs/{id}/,28.95,ok,
2026-10-04T18:39:46.327017+05:30,POST,POST /jobs/,25.46,ok,
2026-10-04T18:39:46.332605+05:30,GET,GET /jobs/{id}/,19.39,ok,
2026-10-04T18:39:46.350208+05:30,GET,GET /jobs/stats/,19.96,ok,
2026-10-04T18:39:46.389924+05:30,GET,GET /jobs/{id}/,20.41,ok,
2026-10-04T18:39:46.405716+05:30,GET,GET /health/,24.15,ok,
2026-10-04T18:39:46.418172+05:30,POST,POST /jobs/,22.95,ok,
2026-10-04T18:39:46.440895+05:30,POST,POST /jobs/,25.79,ok,
2026-10-04T18:39:46.441553+05:30,GET,GET /health/,22.19,ok,
2026-10-04T18:39:46.455785+05:30,GET,GET /health/,21.61,ok,
2026-10-04T18:39:46.478339+05:30,GET,GET /jobs/{id}/,20.24,ok,
2026-10-04T18:39:46.482499+05:30,GET,GET /jobs/stats/,21.59,ok,
2026-10-04T18:39:46.507895+05:30,GET,GET /jobs/{id}/,30.98,ok,
2026-10-04T18:39:46.522671+05:30,POST,POST /jobs/,21.87,ok,
2026-10-04T18:39:46.555762+05:30,POST,POST /jobs/,22.82,ok,
2026-10-04T18:39:46.563625+05:30,GET,GET /jobs/{id}/,20.71,ok,
2026-10-04T18:39:46.575689+05:30,POST,POST /jobs/,21.79,ok,
2026-10-04T18:39:46.595967+05:30,POST,POST /jobs/,23.03,ok,
2026-10-04T18:39:46.611974+05:30,GET,GET /jobs/{id}/,18.99,ok,
2026-10-04T18:39:46.639898+05:30,POST,POST /jobs/,23.66,ok,
2026-10-04T18:39:46.695644+05:30,GET,GET /jobs/{id}/,20.38,ok,
2026-10-04T18:39:46.812155+05:30,GET,GET /jobs/{id}/,20.15,ok,
2026-10-04T18:39:46.822453+05:30,POST,POST /jobs/,24.39,ok,
2026-10-04T18:39:46.831021+05:30,GET,GET /jobs/stats/,20.94,ok,
2026-10-04T18:39:46.844812+05:30,GET,GET /jobs/{id}/,20.61,ok,
2026-10-04T18:39:46.845226+05:30,GET,GET /jobs/{id}/,21.53,ok,
2026-10-04T18:39:46.889113+05:30,GET,GET /jobs/stats/,20.58,ok,
2026-10-04T18:39:46.949460+05:30,GET,GET /jobs/{id}/,20.03,ok,
2026-10-04T18:39:46.975076+05:30,POST,POST /jobs/,22.33,ok,
2026-10-04T18:39:47.032068+05:30,POST,POST /jobs/,22.66,ok,
2026-10-04T18:39:47.039980+05:30,POST,POST /jobs/,24.41,ok,
2026-10-04T18:39:47.071455+05:30,GET,GET /jobs/{id}/,25.17,ok,
2026-10-04T18:39:47.083009+05:30,POST,POST /jobs/,24.71,ok,
2026-10-04T18:39:47.088336+05:30,GET,GET /jobs/stats/,27.97,ok,
2026-10-04T18:39:47.090670+05:30,GET,GET /jobs/{id}/,25.48,ok,
2026-10-04T18:39:47.099448+05:30,GET,GET /jobs/{id}/,23.67,ok,
2026-10-04T18:39:47.108339+05:30,GET,GET /jobs/{id}/,20.81,ok,
2026-10-04T18:39:47.128297+05:30,GET,GET /jobs/stats/,22.85,ok,
2026-10-04T18:39:47.128741+05:30,GET,GET /jobs/{id}/,22.36,ok,
2026-10-04T18:39:47.147733+05:30,GET,GET /jobs/{id}/,18.87,ok,
2026-10-04T18:39:47.169572+05:30,GET,GET /jobs/{id}/,21.2,ok,
2026-10-04T18:39:47.171657+05:30,GET,GET /jobs/{id}/,23.74,ok,
2026-10-04T18:39:47.177853+05:30,GET,GET /jobs/{id}/,23.47,ok,
2026-10-04T18:39:47.191998+05:30,GET,GET /jobs/{id}/,20.15,ok,
2026-10-04T18:39:47.199954+05:30,GET,GET /jobs/{id}/,20.84,ok,
2026-10-04T18:39:47.208418+05:30,GET,GET /jobs/{id}/,19.05,ok,
2026-10-04T18:39:47.269943+05:30,POST,POST /jobs/,26.23,ok,
2026-10-04T18:39:47.274496+05:30,GET,GET /jobs/{id}/,28.81,ok,
2026-10-04T18:39:47.288862+05:30,POST,POST /jobs/,26.19,ok,
2026-10-04T18:39:47.291980+05:30,GET,GET /jobs/{id}/,24.81,ok,
2026-10-04T18:39:47.294347+05:30,POST,POST /jobs/,28.05,ok,
2026-10-04T18:39:47.301281+05:30,POST,POST /jobs/,27.73,ok,
2026-10-04T18:39:47.306331+05:30,GET,GET /health/,22.31,ok,
2026-10-04T18:39:47.320707+05:30,GET,GET /jobs/{id}/,20.26,ok,
2026-10-04T18:39:47.370754+05:30,GET,GET /jobs/{id}/,20.75,ok,
2026-10-04T18:39:47.470538+05:30,GET,GET /jobs/{id}/,19.44,ok,
2026-10-04T18:39:47.498249+05:30,GET,GET /jobs/stats/,20.37,ok,
2026-10-04T18:39:47.501326+05:30,GET,GET /jobs/stats/,21.57,ok,
2026-10-04T18:39:47.523081+05:30,GET,GET /jobs/stats/,19.51,ok,
2026-10-04T18:39:47.593693+05:30,POST,POST /jobs/,24.29,ok,
2026-10-04T18:39:47.606147+05:30,GET,GET /jobs/{id}/,20.58,ok,
2026-10-04T18:39:47.616727+05:30,GET,GET /jobs/{id}/,26.06,ok,
2026-10-04T18:39:47.617112+05:30,GET,GET /jobs/{id}/,24.18,ok,
2026-10-04T18:39:47.626671+05:30,GET,GET /jobs/{id}/,22.38,ok,
2026-10-04T18:39:47.631677+05:30,POST,POST /jobs/,26.81,ok,
2026-10-04T18:39:47.633414+05:30,POST,POST /jobs/,25.02,ok,
2026-10-04T18:39:47.655144+05:30,POST,POST /jobs/,24.75,ok,
2026-10-04T18:39:47.668790+05:30,GET,GET /jobs/stats/,21.15,ok,
2026-10-04T18:39:47.721526+05:30,GET,GET /health/,20.46,ok,
2026-10-04T18:39:47.736887+05:30,POST,POST /jobs/,25.77,ok,
2026-10-04T18:39:47.747817+05:30,POST,POST /jobs/,21.93,ok,
2026-10-04T18:39:47.779071+05:30,GET,GET /jobs/{id}/,19.95,ok,
2026-10-04T18:39:47.789555+05:30,GET,GET /jobs/{id}/,19.41,ok,
2026-10-04T18:39:47.829918+05:30,POST,POST /jobs/,23.0,ok,
2026-10-04T18:39:47.914517+05:30,GET,GET /jobs/{id}/,21.25,ok,
2026-10-04T18:39:47.918677+05:30,POST,POST /jobs/,22.3,ok,
2026-10-04T18:39:47.926874+05:30,GET,GET /health/,23.23,ok,
2026-10-04T18:39:47.967550+05:30,GET,GET /jobs/stats/,20.37,ok,
2026-10-04T18:39:48.038108+05:30,GET,GET /jobs/stats/,20.15,ok,
2026-10-04T18:39:48.046991+05:30,GET,GET /jobs/stats/,20.06,ok,
2026-10-04T18:39:48.139551+05:30,GET,GET /jobs/stats/,20.25,ok,
2026-10-04T18:39:48.141196+05:30,GET,GET /jobs/{id}/,21.03,ok,
2026-10-04T18:39:48.174548+05:30,GET,GET /jobs/{id}/,20.01,ok,
2026-10-04T18:39:48.203989+05:30,POST,POST /jobs/,22.02,ok,
2026-10-04T18:39:48.259798+05:30,POST,POST /jobs/,25.46,ok,
2026-10-04T18:39:48.262042+05:30,GET,GET /jobs/{id}/,27.16,ok,
2026-10-04T18:39:48.270025+05:30,GET,GET /jobs/{id}/,23.33,ok,
2026-10-04T18:39:48.270467+05:30,GET,GET /health/,32.58,ok,
2026-10-04T18:39:48.279791+05:30,GET,GET /jobs/{id}/,22.81,ok,
2026-10-04T18:39:48.299266+05:30,GET,GET /jobs/{id}/,21.52,ok,
2026-10-04T18:39:48.307011+05:30,POST,POST /jobs/,27.95,ok,
2026-10-04T18:39:48.324905+05:30,GET,GET /jobs/{id}/,30.56,ok,
2026-10-04T18:39:48.325407+05:30,GET,GET /jobs/{id}/,28.61,ok,
2026-10-04T18:39:48.339881+05:30,GET,GET /jobs/{id}/,22.55,ok,
2026-10-04T18:39:48.350043+05:30,POST,POST /jobs/,26.12,ok,
2026-10-04T18:39:48.361357+05:30,POST,POST /jobs/,22.51,ok,
2026-10-04T18:39:48.365542+05:30,GET,GET /jobs/{id}/,22.03,ok,
2026-10-04T18:39:48.438213+05:30,GET,GET /jobs/{id}/,20.25,ok,
2026-10-04T18:39:48.460829+05:30,GET,GET /jobs/{id}/,21.08,ok,
2026-10-04T18:39:48.462762+05:30,POST,POST /jobs/,25.55,ok,
2026-10-04T18:39:48.470772+05:30,POST,POST /jobs/,23.19,ok,
2026-10-04T18:39:48.510764+05:30,GET,GET /jobs/{id}/,19.69,ok,
2026-10-04T18:39:48.558567+05:30,GET,GET /jobs/stats/,20.53,ok,
2026-10-04T18:39:48.577086+05:30,GET,GET /jobs/stats/,20.08,ok,
2026-10-04T18:39:48.602507+05:30,GET,GET /jobs/{id}/,24.14,ok,
2026-10-04T18:39:48.615457+05:30,GET,GET /jobs/{id}/,22.17,ok,
2026-10-04T18:39:48.619069+05:30,POST,POST /jobs/,25.15,ok,
2026-10-04T18:39:48.639673+05:30,GET,GET /health/,20.48,ok,
2026-10-04T18:39:48.645096+05:30,GET,GET /health/,22.16,ok,
2026-10-04T18:39:48.659847+05:30,GET,GET /jobs/{id}/,23.07,ok,
2026-10-04T18:39:48.666291+05:30,GET,GET /jobs/stats/,22.47,ok,
2026-10-04T18:39:48.668148+05:30,GET,GET /jobs/{id}/,22.91,ok,
2026-10-04T18:39:48.692133+05:30,GET,GET /health/,20.75,ok,
2026-10-04T18:39:48.701337+05:30,GET,GET /health/,25.06,ok,
2026-10-04T18:39:48.702109+05:30,POST,POST /jobs/,25.29,ok,
2026-10-04T18:39:48.708829+05:30,GET,GET /jobs/{id}/,25.01,ok,
2026-10-04T18:39:48.741553+05:30,POST,POST /jobs/,25.43,ok,
2026-10-04T18:39:48.749012+05:30,GET,GET /jobs/{id}/,20.79,ok,
2026-10-04T18:39:48.750872+05:30,POST,POST /jobs/,24.71,ok,
2026-10-04T18:39:48.813213+05:30,GET,GET /jobs/stats/,22.07,ok,
2026-10-04T18:39:48.826932+05:30,GET,GET /jobs/stats/,20.81,ok,
2026-10-04T18:39:48.831513+05:30,GET,GET /jobs/{id}/,19.59,ok,
2026-10-04T18:39:48.907813+05:30,POST,POST /jobs/,23.94,ok,
2026-10-04T18:39:48.913628+05:30,GET,GET /jobs/{id}/,19.6,ok,
2026-10-04T18:39:48.939943+05:30,GET,GET /jobs/{id}/,27.84,ok,
2026-10-04T18:39:48.946630+05:30,GET,GET /jobs/{id}/,24.69,ok,
2026-10-04T18:39:48.954253+05:30,POST,POST /jobs/,29.58,ok,
2026-10-04T18:39:48.954688+05:30,POST,POST /jobs/,30.79,ok,
2026-10-04T18:39:48.959698+05:30,GET,GET /jobs/stats/,32.38,ok,
2026-10-04T18:39:48.961681+05:30,GET,GET /jobs/{id}/,31.94,ok,
2026-10-04T18:39:48.979719+05:30,GET,GET /jobs/stats/,19.91,ok,
2026-10-04T18:39:48.996530+05:30,POST,POST /jobs/,50.9,ok,
2026-10-04T18:39:49.036337+05:30,POST,POST /jobs/,25.49,ok,
2026-10-04T18:39:49.042232+05:30,GET,GET /health/,30.82,ok,
2026-10-04T18:39:49.045206+05:30,GET,GET /jobs/{id}/,19.78,ok,
2026-10-04T18:39:49.055016+05:30,POST,POST /jobs/,24.47,ok,
2026-10-04T18:39:49.081615+05:30,GET,GET /jobs/{id}/,21.31,ok,
2026-10-04T18:39:49.088399+05:30,POST,POST /jobs/,23.16,ok,
2026-10-04T18:39:49.094873+05:30,POST,POST /jobs/,25.5,ok,
2026-10-04T18:39:49.114939+05:30,POST,POST /jobs/,22.25,ok,
2026-10-04T18:39:49.161161+05:30,POST,POST /jobs/,22.92,ok,
2026-10-04T18:39:49.173378+05:30,GET,GET /jobs/{id}/,20.06,ok,
2026-10-04T18:39:49.189442+05:30,POST,POST /jobs/,22.95,ok,
2026-10-04T18:39:49.198661+05:30,GET,GET /jobs/{id}/,21.01,ok,
2026-10-04T18:39:49.207212+05:30,GET,GET /jobs/{id}/,19.41,ok,
2026-10-04T18:39:49.240165+05:30,GET,GET /jobs/{id}/,19.64,ok,
2026-10-04T18:39:49.427818+05:30,POST,POST /jobs/,23.22,ok,
2026-10-04T18:39:49.473488+05:30,GET,GET /health/,21.35,ok,
2026-10-04T18:39:49.484515+05:30,GET,GET /health/,19.71,ok,
2026-10-04T18:39:49.488148+05:30,GET,GET /jobs/{id}/,20.36,ok,
2026-10-04T18:39:49.512866+05:30,POST,POST /jobs/,21.44,ok,
2026-10-04T18:39:49.531383+05:30,GET,GET /jobs/stats/,19.88,ok,
2026-10-04T18:39:49.634427+05:30,GET,GET /jobs/{id}/,24.03,ok,
2026-10-04T18:39:49.636134+05:30,POST,POST /jobs/,26.39,ok,
2026-10-04T18:39:49.641385+05:30,GET,GET /jobs/stats/,23.05,ok,
2026-10-04T18:39:49.643652+05:30,GET,GET /jobs/{id}/,20.48,ok,
2026-10-04T18:39:49.662978+05:30,GET,GET /jobs/stats/,20.27,ok,
2026-10-04T18:39:49.685588+05:30,GET,GET /health/,20.35,ok,
2026-10-04T18:39:49.688107+05:30,GET,GET /jobs/{id}/,19.61,ok,
2026-10-04T18:39:49.715005+05:30,POST,POST /jobs/,25.66,ok,
2026-10-04T18:39:49.715415+05:30,POST,POST /jobs/,25.2,ok,
2026-10-04T18:39:49.720888+05:30,GET,GET /health/,24.99,ok,
2026-10-04T18:39:49.742073+05:30,POST,POST /jobs/,26.54,ok,
2026-10-04T18:39:49.767309+05:30,GET,GET /jobs/{id}/,31.56,ok,
2026-10-04T18:39:49.767742+05:30,POST,POST /jobs/,32.57,ok,
2026-10-04T18:39:49.768057+05:30,GET,GET /jobs/{id}/,27.46,ok,
2026-10-04T18:39:49.771158+05:30,GET,GET /jobs/{id}/,27.85,ok,
2026-10-04T18:39:49.802434+05:30,POST,POST /jobs/,22.01,ok,
2026-10-04T18:39:49.838939+05:30,POST,POST /jobs/,22.18,ok,
2026-10-04T18:39:49.865988+05:30,POST,POST /jobs/,21.74,ok,
2026-10-04T18:39:49.871969+05:30,GET,GET /jobs/{id}/,20.71,ok,
2026-10-04T18:39:49.891659+05:30,GET,GET /jobs/{id}/,20.55,ok,
2026-10-04T18:39:49.908726+05:30,GET,GET /jobs/{id}/,22.16,ok,
2026-10-04T18:39:49.980719+05:30,GET,GET /jobs/{id}/,20.67,ok,
2026-10-04T18:39:49.993958+05:30,GET,GET /jobs/{id}/,19.84,ok,
2026-10-04T18:39:50.031151+05:30,POST,POST /jobs/,22.81,ok,
2026-10-04T18:39:50.052212+05:30,POST,POST /jobs/,22.29,ok,
2026-10-04T18:39:50.062557+05:30,POST,POST /jobs/,24.1,ok,
2026-10-04T18:39:50.071134+05:30,GET,GET /jobs/{id}/,20.11,ok,
2026-10-04T18:39:50.077343+05:30,GET,GET /jobs/{id}/,22.88,ok,
2026-10-04T18:39:50.096083+05:30,GET,GET /jobs/{id}/,19.65,ok,
2026-10-04T18:39:50.119241+05:30,POST,POST /jobs/,24.47,ok,
2026-10-04T18:39:50.119648+05:30,GET,GET /jobs/{id}/,21.32,ok,
2026-10-04T18:39:50.128810+05:30,GET,GET /health/,20.35,ok,
2026-10-04T18:39:50.178754+05:30,GET,GET /health/,20.64,ok,
2026-10-04T18:39:50.214443+05:30,POST,POST /jobs/,22.38,ok,
2026-10-04T18:39:50.220872+05:30,GET,GET /jobs/{id}/,19.79,ok,
2026-10-04T18:39:50.259116+05:30,GET,GET /health/,19.96,ok,
2026-10-04T18:39:50.295955+05:30,GET,GET /jobs/{id}/,22.5,ok,
2026-10-04T18:39:50.298911+05:30,POST,POST /jobs/,24.8,ok,
2026-10-04T18:39:50.306437+05:30,GET,GET /jobs/{id}/,21.36,ok,
2026-10-04T18:39:50.316811+05:30,GET,GET /jobs/{id}/,19.21,ok,
2026-10-04T18:39:50.370478+05:30,POST,POST /jobs/,23.35,ok,
2026-10-04T18:39:50.385020+05:30,POST,POST /jobs/,22.84,ok,
2026-10-04T18:39:50.389641+05:30,GET,GET /jobs/{id}/,21.44,ok,
2026-10-04T18:39:50.425686+05:30,GET,GET /jobs/{id}/,22.7,ok,
2026-10-04T18:39:50.471881+05:30,GET,GET /jobs/{id}/,19.77,ok,
2026-10-04T18:39:50.603120+05:30,GET,GET /jobs/{id}/,109.9,ok,
2026-10-04T18:39:50.605865+05:30,POST,POST /jobs/,115.65,ok,
2026-10-04T18:39:50.621425+05:30,GET,GET /jobs/{id}/,93.21,ok,
2026-10-04T18:39:50.627959+05:30,POST,POST /jobs/,109.74,ok,
2026-10-04T18:39:50.697631+05:30,POST,POST /jobs/,88.5,ok,
2026-10-04T18:39:50.700378+05:30,GET,GET /health/,82.19,ok,
2026-10-04T18:39:50.708989+05:30,GET,GET /jobs/{id}/,88.37,ok,
2026-10-04T18:39:50.723915+05:30,POST,POST /jobs/,85.79,ok,
2026-10-04T18:39:50.729080+05:30,GET,GET /health/,97.89,ok,
2026-10-04T18:39:50.729512+05:30,GET,GET /jobs/{id}/,30.66,ok,
2026-10-04T18:39:50.729930+05:30,GET,GET /jobs/{id}/,35.2,ok,
2026-10-04T18:39:50.744165+05:30,GET,GET /jobs/{id}/,21.23,ok,
2026-10-04T18:39:50.764670+05:30,GET,GET /jobs/{id}/,23.44,ok,
2026-10-04T18:39:50.769619+05:30,GET,GET /jobs/stats/,25.33,ok,
2026-10-04T18:39:50.778911+05:30,GET,GET /jobs/{id}/,21.76,ok,
2026-10-04T18:39:50.784335+05:30,GET,GET /jobs/{id}/,21.15,ok,
2026-10-04T18:39:50.816654+05:30,POST,POST /jobs/,28.05,ok,
2026-10-04T18:39:50.823871+05:30,GET,GET /jobs/stats/,20.33,ok,
2026-10-04T18:39:50.837055+05:30,GET,GET /jobs/{id}/,19.1,ok,
2026-10-04T18:39:50.852428+05:30,GET,GET /health/,21.29,ok,
2026-10-04T18:39:50.871262+05:30,POST,POST /jobs/,21.89,ok,
2026-10-04T18:39:50.931975+05:30,GET,GET /jobs/{id}/,21.4,ok,
2026-10-04T18:39:50.947259+05:30,GET,GET /jobs/{id}/,24.64,ok,
2026-10-04T18:39:50.955757+05:30,GET,GET /jobs/{id}/,20.5,ok,
2026-10-04T18:39:50.963912+05:30,GET,GET /jobs/{id}/,26.74,ok,
2026-10-04T18:39:50.977878+05:30,POST,POST /jobs/,24.25,ok,
2026-10-04T18:39:51.007871+05:30,POST,POST /jobs/,27.72,ok,
2026-10-04T18:39:51.017566+05:30,GET,GET /jobs/{id}/,25.48,ok,
2026-10-04T18:39:51.028216+05:30,GET,GET /health/,21.2,ok,
2026-10-04T18:39:51.030894+05:30,GET,GET /jobs/{id}/,22.86,ok,
2026-10-04T18:39:51.036167+05:30,GET,GET /health/,26.2,ok,
2026-10-04T18:39:51.079112+05:30,GET,GET /jobs/{id}/,21.66,ok,
2026-10-04T18:39:51.090773+05:30,POST,POST /jobs/,27.31,ok,
2026-10-04T18:39:51.104843+05:30,GET,GET /jobs/stats/,23.48,ok,
2026-10-04T18:39:51.139959+05:30,POST,POST /jobs/,22.81,ok,
2026-10-04T18:39:51.154742+05:30,GET,GET /health/,25.49,ok,
2026-10-04T18:39:51.175578+05:30,POST,POST /jobs/,22.04,ok,
2026-10-04T18:39:51.195304+05:30,POST,POST /jobs/,22.26,ok,
2026-10-04T18:39:51.214110+05:30,GET,GET /jobs/{id}/,22.08,ok,
2026-10-04T18:39:51.249523+05:30,POST,POST /jobs/,24.06,ok,
2026-10-04T18:39:51.284664+05:30,GET,GET /jobs/{id}/,22.72,ok,
2026-10-04T18:39:51.285139+05:30,POST,POST /jobs/,25.3,ok,
2026-10-04T18:39:51.287061+05:30,GET,GET /jobs/{id}/,20.2,ok,
2026-10-04T18:39:51.318855+05:30,GET,GET /jobs/{id}/,20.52,ok,
2026-10-04T18:39:51.342252+05:30,GET,GET /jobs/{id}/,22.14,ok,
2026-10-04T18:39:51.350260+05:30,GET,GET /jobs/{id}/,19.63,ok,
2026-10-04T18:39:51.353061+05:30,POST,POST /jobs/,23.0,ok,
2026-10-04T18:39:51.424114+05:30,GET,GET /jobs/stats/,22.76,ok,
2026-10-04T18:39:51.424552+05:30,GET,GET /jobs/{id}/,20.09,ok,
2026-10-04T18:39:51.448093+05:30,POST,POST /jobs/,22.34,ok,
2026-10-04T18:39:51.489654+05:30,GET,GET /jobs/stats/,20.29,ok,
2026-10-04T18:39:51.506145+05:30,GET,GET /jobs/{id}/,19.61,ok,
2026-10-04T18:39:51.530229+05:30,GET,GET /jobs/{id}/,19.79,ok,
2026-10-04T18:39:51.539525+05:30,GET,GET /jobs/{id}/,23.03,ok,
2026-10-04T18:39:51.540057+05:30,GET,GET /health/,20.6,ok,
2026-10-04T18:39:51.554181+05:30,GET,GET /jobs/{id}/,21.68,ok,
2026-10-04T18:39:51.585652+05:30,GET,GET /jobs/{id}/,20.15,ok,
2026-10-04T18:39:51.595810+05:30,GET,GET /health/,20.19,ok,
2026-10-04T18:39:51.603974+05:30,GET,GET /jobs/{id}/,19.62,ok,
2026-10-04T18:39:51.655534+05:30,GET,GET /jobs/{id}/,21.6,ok,
2026-10-04T18:39:51.655965+05:30,GET,GET /jobs/{id}/,22.68,ok,
2026-10-04T18:39:51.713666+05:30,GET,GET /jobs/{id}/,36.45,ok,
2026-10-04T18:39:51.733137+05:30,GET,GET /jobs/{id}/,47.65,ok,
2026-10-04T18:39:51.775780+05:30,POST,POST /jobs/,22.32,ok,
2026-10-04T18:39:51.828712+05:30,GET,GET /jobs/{id}/,19.61,ok,
2026-10-04T18:39:51.910537+05:30,GET,GET /jobs/{id}/,29.49,ok,
2026-10-04T18:39:51.921234+05:30,POST,POST /jobs/,28.01,ok,
2026-10-04T18:39:51.925597+05:30,GET,GET /jobs/stats/,26.01,ok,
2026-10-04T18:39:51.930935+05:30,GET,GET /jobs/{id}/,21.96,ok,
2026-10-04T18:39:51.933021+05:30,POST,POST /jobs/,32.54,ok,
2026-10-04T18:39:51.959335+05:30,GET,GET /jobs/{id}/,21.03,ok,
2026-10-04T18:39:51.988484+05:30,GET,GET /jobs/{id}/,19.8,ok,
2026-10-04T18:39:51.991976+05:30,GET,GET /jobs/{id}/,21.31,ok,
2026-10-04T18:39:51.997154+05:30,GET,GET /jobs/{id}/,22.15,ok,
2026-10-04T18:39:52.014689+05:30,GET,GET /jobs/{id}/,28.4,ok,
2026-10-04T18:39:52.022702+05:30,GET,GET /health/,27.5,ok,
2026-10-04T18:39:52.030669+05:30,GET,GET /jobs/{id}/,27.7,ok,
2026-10-04T18:39:52.056599+05:30,GET,GET /jobs/{id}/,21.94,ok,
2026-10-04T18:39:52.069263+05:30,GET,GET /health/,21.16,ok,
2026-10-04T18:39:52.079815+05:30,POST,POST /jobs/,31.02,ok,
2026-10-04T18:39:52.082509+05:30,GET,GET /jobs/{id}/,29.53,ok,
2026-10-04T18:39:52.090683+05:30,GET,GET /jobs/{id}/,23.78,ok,
2026-10-04T18:39:52.102082+05:30,GET,GET /jobs/{id}/,21.97,ok,
2026-10-04T18:39:52.110829+05:30,GET,GET /jobs/{id}/,19.97,ok,
2026-10-04T18:39:52.158014+05:30,GET,GET /jobs/{id}/,19.76,ok,
2026-10-04T18:39:52.188712+05:30,POST,POST /jobs/,22.37,ok,
2026-10-04T18:39:52.272169+05:30,POST,POST /jobs/,23.14,ok,
2026-10-04T18:39:52.312113+05:30,GET,GET /jobs/{id}/,19.61,ok,
2026-10-04T18:39:52.351300+05:30,POST,POST /jobs/,24.88,ok,
2026-10-04T18:39:52.359556+05:30,POST,POST /jobs/,22.99,ok,
2026-10-04T18:39:52.365377+05:30,GET,GET /jobs/{id}/,20.08,ok,
2026-10-04T18:39:52.392580+05:30,GET,GET /jobs/{id}/,21.88,ok,
2026-10-04T18:39:52.405473+05:30,POST,POST /jobs/,22.73,ok,
2026-10-04T18:39:52.430611+05:30,GET,GET /jobs/{id}/,20.81,ok,
2026-10-04T18:39:52.435599+05:30,GET,GET /health/,20.73,ok,
2026-10-04T18:39:52.547998+05:30,POST,POST /jobs/,23.05,ok,
2026-10-04T18:39:52.578406+05:30,GET,GET /jobs/{id}/,20.11,ok,
2026-10-04T18:39:52.607595+05:30,GET,GET /jobs/{id}/,20.89,ok,
2026-10-04T18:39:52.621216+05:30,GET,GET /jobs/{id}/,20.46,ok,
2026-10-04T18:39:52.634396+05:30,GET,GET /jobs/{id}/,22.52,ok,
2026-10-04T18:39:52.642694+05:30,GET,GET /jobs/{id}/,20.74,ok,
2026-10-04T18:39:52.643109+05:30,GET,GET /jobs/{id}/,21.74,ok,
2026-10-04T18:39:52.665878+05:30,GET,GET /jobs/{id}/,21.55,ok,
2026-10-04T18:39:52.678714+05:30,GET,GET /jobs/{id}/,20.5,ok,
2026-10-04T18:39:52.712136+05:30,POST,POST /jobs/,23.09,ok,
2026-10-04T18:39:52.764392+05:30,GET,GET /jobs/{id}/,22.61,ok,
2026-10-04T18:39:52.778304+05:30,POST,POST /jobs/,24.32,ok,
2026-10-04T18:39:52.780162+05:30,GET,GET /jobs/{id}/,23.18,ok,
2026-10-04T18:39:52.789938+05:30,POST,POST /jobs/,24.29,ok,
2026-10-04T18:39:52.795068+05:30,POST,POST /jobs/,25.43,ok,
2026-10-04T18:39:52.812658+05:30,POST,POST /jobs/,24.15,ok,
2026-10-04T18:39:52.856912+05:30,POST,POST /jobs/,21.93,ok,
2026-10-04T18:39:52.888296+05:30,POST,POST /jobs/,28.1,ok,
2026-10-04T18:39:52.896309+05:30,GET,GET /jobs/stats/,25.16,ok,
2026-10-04T18:39:52.907463+05:30,GET,GET /jobs/{id}/,20.07,ok,
2026-10-04T18:39:52.913281+05:30,GET,GET /jobs/{id}/,22.42,ok,
2026-10-04T18:39:52.947476+05:30,GET,GET /jobs/stats/,19.92,ok,
2026-10-04T18:39:52.956860+05:30,GET,GET /jobs/{id}/,21.29,ok,
2026-10-04T18:39:53.010496+05:30,POST,POST /jobs/,22.32,ok,
2026-10-04T18:39:53.036675+05:30,POST,POST /jobs/,24.87,ok,
2026-10-04T18:39:53.037449+05:30,GET,GET /jobs/{id}/,22.66,ok,
2026-10-04T18:39:53.046902+05:30,GET,GET /health/,24.14,ok,
2026-10-04T18:39:53.052501+05:30,GET,GET /jobs/{id}/,21.5,ok,
2026-10-04T18:39:53.105067+05:30,GET,GET /jobs/stats/,21.25,ok,
2026-10-04T18:39:53.109750+05:30,POST,POST /jobs/,25.39,ok,
2026-10-04T18:39:53.134937+05:30,GET,GET /jobs/{id}/,19.75,ok,
2026-10-04T18:39:53.158681+05:30,GET,GET /jobs/{id}/,21.48,ok,
2026-10-04T18:39:53.176275+05:30,POST,POST /jobs/,30.92,ok,
2026-10-04T18:39:53.176902+05:30,GET,GET /health/,29.4,ok,
2026-10-04T18:39:53.189524+05:30,GET,GET /jobs/{id}/,21.52,ok,
2026-10-04T18:39:53.215588+05:30,GET,GET /jobs/{id}/,21.61,ok,
2026-10-04T18:39:53.252838+05:30,GET,GET /jobs/stats/,27.94,ok,
2026-10-04T18:39:53.263479+05:30,GET,GET /jobs/{id}/,31.55,ok,
2026-10-04T18:39:53.270999+05:30,GET,GET /jobs/stats/,28.03,ok,
2026-10-04T18:39:53.276057+05:30,GET,GET /jobs/stats/,25.09,ok,
2026-10-04T18:39:53.291036+05:30,POST,POST /jobs/,36.46,ok,
2026-10-04T18:39:53.291455+05:30,POST,POST /jobs/,37.37,ok,
2026-10-04T18:39:53.296899+05:30,GET,GET /jobs/{id}/,20.68,ok,
2026-10-04T18:39:53.321226+05:30,GET,GET /health/,21.08,ok,
2026-10-04T18:39:53.325614+05:30,GET,GET /health/,21.54,ok,
2026-10-04T18:39:53.358691+05:30,POST,POST /jobs/,23.65,ok,
2026-10-04T18:39:53.363121+05:30,GET,GET /jobs/{id}/,21.04,ok,
2026-10-04T18:39:53.368774+05:30,GET,GET /jobs/{id}/,21.68,ok,
2026-10-04T18:39:53.412436+05:30,GET,GET /jobs/{id}/,21.35,ok,
2026-10-04T18:39:53.418863+05:30,GET,GET /jobs/{id}/,22.78,ok,
2026-10-04T18:39:53.427771+05:30,GET,GET /jobs/{id}/,22.11,ok,
2026-10-04T18:39:53.441487+05:30,GET,GET /jobs/{id}/,20.37,ok,
2026-10-04T18:39:53.458756+05:30,GET,GET /jobs/{id}/,19.71,ok,
2026-10-04T18:39:53.468102+05:30,GET,GET /health/,19.35,ok,
2026-10-04T18:39:53.487478+05:30,GET,GET /jobs/stats/,20.72,ok,
2026-10-04T18:39:53.501235+05:30,GET,GET /jobs/{id}/,19.83,ok,
2026-10-04T18:39:53.566724+05:30,POST,POST /jobs/,25.16,ok,
2026-10-04T18:39:53.575629+05:30,POST,POST /jobs/,24.02,ok,
2026-10-04T18:39:53.579555+05:30,GET,GET /jobs/{id}/,20.89,ok,
2026-10-04T18:39:53.595538+05:30,GET,GET /jobs/{id}/,18.66,ok,
2026-10-04T18:39:53.630642+05:30,POST,POST /jobs/,22.81,ok,
2026-10-04T18:39:53.683115+05:30,GET,GET /jobs/stats/,21.1,ok,
2026-10-04T18:39:53.692313+05:30,GET,GET /jobs/{id}/,22.28,ok,
2026-10-04T18:39:53.694333+05:30,GET,GET /jobs/{id}/,23.76,ok,
2026-10-04T18:39:53.711971+05:30,GET,GET /jobs/{id}/,20.74,ok,
2026-10-04T18:39:53.712377+05:30,GET,GET /health/,25.03,ok,
2026-10-04T18:39:53.727377+05:30,GET,GET /jobs/{id}/,21.73,ok,
2026-10-04T18:39:53.778988+05:30,POST,POST /jobs/,45.27,ok,
2026-10-04T18:39:53.779481+05:30,GET,GET /health/,36.72,ok,
2026-10-04T18:39:53.782201+05:30,POST,POST /jobs/,33.88,ok,
2026-10-04T18:39:53.790082+05:30,POST,POST /jobs/,23.77,ok,
2026-10-04T18:39:53.822079+05:30,POST,POST /jobs/,22.66,ok,
2026-10-04T18:39:53.822506+05:30,GET,GET /health/,21.1,ok,
2026-10-04T18:39:53.830668+05:30,GET,GET /jobs/{id}/,22.17,ok,
2026-10-04T18:39:53.914603+05:30,GET,GET /jobs/{id}/,19.57,ok,
2026-10-04T18:39:54.003006+05:30,GET,GET /jobs/{id}/,22.89,ok,
2026-10-04T18:39:54.003567+05:30,POST,POST /jobs/,25.51,ok,
2026-10-04T18:39:54.027064+05:30,GET,GET /health/,20.27,ok,
2026-10-04T18:39:54.037405+05:30,POST,POST /jobs/,25.65,ok,
2026-10-04T18:39:54.048318+05:30,POST,POST /jobs/,24.51,ok,
2026-10-04T18:39:54.055082+05:30,GET,GET /jobs/stats/,21.71,ok,
2026-10-04T18:39:54.067933+05:30,GET,GET /jobs/{id}/,20.89,ok,
2026-10-04T18:39:54.071894+05:30,GET,GET /jobs/{id}/,20.99,ok,
2026-10-04T18:39:54.176095+05:30,POST,POST /jobs/,22.86,ok,
2026-10-04T18:39:54.193994+05:30,GET,GET /jobs/{id}/,19.55,ok,
2026-10-04T18:39:54.225024+05:30,GET,GET /jobs/{id}/,21.69,ok,
2026-10-04T18:39:54.239109+05:30,GET,GET /jobs/{id}/,19.68,ok,
2026-10-04T18:39:54.411688+05:30,GET,GET /jobs/{id}/,21.14,ok,
2026-10-04T18:39:54.416904+05:30,GET,GET /health/,25.81,ok,
2026-10-04T18:39:54.424503+05:30,GET,GET /jobs/{id}/,19.84,ok,
2026-10-04T18:39:54.481157+05:30,GET,GET /jobs/{id}/,19.2,ok,
2026-10-04T18:39:54.481577+05:30,GET,GET /jobs/{id}/,21.78,ok,
2026-10-04T18:39:54.550456+05:30,GET,GET /jobs/{id}/,21.6,ok,
2026-10-04T18:39:54.556993+05:30,GET,GET /jobs/stats/,20.18,ok,
2026-10-04T18:39:54.580639+05:30,GET,GET /jobs/{id}/,20.36,ok,
2026-10-04T18:39:54.596514+05:30,GET,GET /health/,21.34,ok,
2026-10-04T18:39:54.609178+05:30,POST,POST /jobs/,24.27,ok,
2026-10-04T18:39:54.616885+05:30,GET,GET /jobs/{id}/,23.11,ok,
2026-10-04T18:39:54.617296+05:30,POST,POST /jobs/,26.46,ok,
2026-10-04T18:39:54.625341+05:30,GET,GET /jobs/{id}/,21.53,ok,
2026-10-04T18:39:54.638445+05:30,GET,GET /jobs/{id}/,23.03,ok,
2026-10-04T18:39:54.650125+05:30,GET,GET /jobs/{id}/,22.54,ok,
2026-10-04T18:39:54.653462+05:30,GET,GET /jobs/stats/,23.03,ok,
2026-10-04T18:39:54.701590+05:30,GET,GET /jobs/{id}/,21.85,ok,
2026-10-04T18:39:54.706124+05:30,GET,GET /jobs/{id}/,22.41,ok,
2026-10-04T18:39:54.716183+05:30,GET,GET /jobs/{id}/,21.47,ok,
2026-10-04T18:39:54.807225+05:30,GET,GET /jobs/{id}/,22.68,ok,
2026-10-04T18:39:54.813293+05:30,GET,GET /jobs/stats/,26.75,ok,
2026-10-04T18:39:54.826717+05:30,GET,GET /jobs/stats/,20.44,ok,
2026-10-04T18:39:54.837601+05:30,GET,GET /jobs/{id}/,22.06,ok,
2026-10-04T18:39:54.851248+05:30,GET,GET /jobs/stats/,20.3,ok,
2026-10-04T18:39:54.861003+05:30,POST,POST /jobs/,22.16,ok,
2026-10-04T18:39:54.885048+05:30,POST,POST /jobs/,21.79,ok,
2026-10-04T18:39:54.891772+05:30,GET,GET /jobs/{id}/,19.61,ok,
2026-10-04T18:39:54.910252+05:30,GET,GET /jobs/{id}/,19.37,ok,
2026-10-04T18:39:54.970977+05:30,POST,POST /jobs/,22.39,ok,
2026-10-04T18:39:54.983836+05:30,POST,POST /jobs/,22.2,ok,
2026-10-04T18:39:55.008118+05:30,POST,POST /jobs/,22.03,ok,
2026-10-04T18:39:55.069686+05:30,POST,POST /jobs/,23.23,ok,
2026-10-04T18:39:55.072269+05:30,GET,GET /jobs/{id}/,20.78,ok,
2026-10-04T18:39:55.091528+05:30,GET,GET /jobs/{id}/,20.05,ok,
2026-10-04T18:39:55.148897+05:30,POST,POST /jobs/,22.96,ok,
2026-10-04T18:39:55.158272+05:30,POST,POST /jobs/,24.29,ok,
2026-10-04T18:39:55.168208+05:30,GET,GET /health/,20.62,ok,
2026-10-04T18:39:55.176132+05:30,GET,GET /jobs/{id}/,19.29,ok,
2026-10-04T18:39:55.218476+05:30,GET,GET /jobs/{id}/,23.45,ok,
2026-10-04T18:39:55.220056+05:30,GET,GET /jobs/{id}/,25.6,ok,
2026-10-04T18:39:55.227433+05:30,GET,GET /jobs/{id}/,21.9,ok,
2026-10-04T18:39:55.234134+05:30,GET,GET /jobs/{id}/,19.47,ok,
2026-10-04T18:39:55.283716+05:30,GET,GET /jobs/stats/,20.33,ok,
2026-10-04T18:39:55.315440+05:30,GET,GET /jobs/{id}/,21.41,ok,
2026-10-04T18:39:55.318647+05:30,GET,GET /health/,21.63,ok,
2026-10-04T18:39:55.322963+05:30,GET,GET /jobs/{id}/,22.89,ok,
2026-10-04T18:39:55.369907+05:30,GET,GET /jobs/{id}/,19.65,ok,
2026-10-04T18:39:55.377100+05:30,POST,POST /jobs/,24.92,ok,
2026-10-04T18:39:55.395681+05:30,GET,GET /jobs/{id}/,24.5,ok,
2026-10-04T18:39:55.396095+05:30,GET,GET /jobs/{id}/,27.51,ok,
2026-10-04T18:39:55.413072+05:30,GET,GET /jobs/{id}/,32.97,ok,
2026-10-04T18:39:55.413908+05:30,GET,GET /jobs/{id}/,28.54,ok,
2026-10-04T18:39:55.414796+05:30,POST,POST /jobs/,35.45,ok,
2026-10-04T18:39:55.416885+05:30,POST,POST /jobs/,32.11,ok,
2026-10-04T18:39:55.437350+05:30,POST,POST /jobs/,21.74,ok,
2026-10-04T18:39:55.461088+05:30,GET,GET /jobs/{id}/,18.6,ok,
2026-10-04T18:39:55.461516+05:30,GET,GET /jobs/{id}/,20.93,ok,
2026-10-04T18:39:55.499611+05:30,GET,GET /jobs/{id}/,19.84,ok,
2026-10-04T18:39:55.541142+05:30,GET,GET /jobs/{id}/,21.16,ok,
2026-10-04T18:39:55.560249+05:30,GET,GET /jobs/{id}/,18.95,ok,
2026-10-04T18:39:55.591870+05:30,GET,GET /jobs/{id}/,21.3,ok,
2026-10-04T18:39:55.612362+05:30,GET,GET /jobs/{id}/,19.24,ok,
2026-10-04T18:39:55.642896+05:30,POST,POST /jobs/,24.25,ok,
2026-10-04T18:39:55.649050+05:30,GET,GET /jobs/{id}/,21.44,ok,
2026-10-04T18:39:55.654526+05:30,GET,GET /jobs/{id}/,19.99,ok,
2026-10-04T18:39:55.732154+05:30,GET,GET /jobs/{id}/,26.76,ok,
2026-10-04T18:39:55.732556+05:30,GET,GET /jobs/{id}/,27.75,ok,
2026-10-04T18:39:55.742033+05:30,GET,GET /jobs/stats/,26.63,ok,
2026-10-04T18:39:55.746286+05:30,GET,GET /jobs/{id}/,24.91,ok,
2026-10-04T18:39:55.748214+05:30,GET,GET /jobs/{id}/,26.22,ok,
2026-10-04T18:39:55.757089+05:30,GET,GET /jobs/{id}/,20.32,ok,
2026-10-04T18:39:55.765140+05:30,GET,GET /jobs/{id}/,20.83,ok,
2026-10-04T18:39:55.810071+05:30,GET,GET /health/,40.67,ok,
2026-10-04T18:39:55.810500+05:30,GET,GET /jobs/stats/,21.03,ok,
2026-10-04T18:39:55.814073+05:30,GET,GET /health/,22.64,ok,
2026-10-04T18:39:55.818429+05:30,GET,GET /jobs/{id}/,21.27,ok,
2026-10-04T18:39:55.836040+05:30,GET,GET /health/,19.32,ok,
2026-10-04T18:39:55.849635+05:30,GET,GET /jobs/{id}/,19.37,ok,
2026-10-04T18:39:55.866720+05:30,GET,GET /jobs/{id}/,19.39,ok,
2026-10-04T18:39:55.900940+05:30,GET,GET /jobs/{id}/,23.0,ok,
2026-10-04T18:39:55.901728+05:30,GET,GET /jobs/stats/,24.76,ok,
2026-10-04T18:39:55.907939+05:30,GET,GET /health/,21.28,ok,
2026-10-04T18:39:55.910246+05:30,GET,GET /jobs/{id}/,21.7,ok,
2026-10-04T18:39:55.960385+05:30,GET,GET /jobs/{id}/,21.83,ok,
2026-10-04T18:39:55.982868+05:30,GET,GET /health/,20.23,ok,
2026-10-04T18:39:56.012871+05:30,POST,POST /jobs/,26.74,ok,
2026-10-04T18:39:56.016606+05:30,POST,POST /jobs/,24.51,ok,
2026-10-04T18:39:56.029178+05:30,GET,GET /jobs/{id}/,25.12,ok,
2026-10-04T18:39:56.044785+05:30,GET,GET /jobs/{id}/,22.89,ok,
2026-10-04T18:39:56.054454+05:30,GET,GET /jobs/stats/,21.02,ok,
2026-10-04T18:39:56.082581+05:30,POST,POST /jobs/,25.84,ok,
2026-10-04T18:39:56.084383+05:30,POST,POST /jobs/,27.16,ok,
2026-10-04T18:39:56.095455+05:30,GET,GET /jobs/{id}/,21.16,ok,
2026-10-04T18:39:56.101924+05:30,GET,GET /jobs/{id}/,19.19,ok,
2026-10-04T18:39:56.139780+05:30,GET,GET /jobs/{id}/,25.55,ok,
2026-10-04T18:39:56.144388+05:30,POST,POST /jobs/,27.1,ok,
2026-10-04T18:39:56.170897+05:30,GET,GET /jobs/{id}/,20.22,ok,
2026-10-04T18:39:56.178557+05:30,GET,GET /jobs/{id}/,19.9,ok,
2026-10-04T18:39:56.208311+05:30,GET,GET /jobs/{id}/,25.48,ok,
2026-10-04T18:39:56.208705+05:30,GET,GET /jobs/{id}/,22.99,ok,
2026-10-04T18:39:56.219722+05:30,GET,GET /health/,24.01,ok,
2026-10-04T18:39:56.228717+05:30,GET,GET /jobs/stats/,21.25,ok,
2026-10-04T18:39:56.264886+05:30,POST,POST /jobs/,23.86,ok,
2026-10-04T18:39:56.290132+05:30,GET,GET /health/,19.99,ok,
2026-10-04T18:39:56.295770+05:30,GET,GET /jobs/{id}/,19.69,ok,
2026-10-04T18:39:56.340027+05:30,GET,GET /jobs/{id}/,21.94,ok,
2026-10-04T18:39:56.413644+05:30,POST,POST /jobs/,22.31,ok,
2026-10-04T18:39:56.438417+05:30,GET,GET /jobs/{id}/,19.47,ok,
2026-10-04T18:39:56.486502+05:30,GET,GET /jobs/{id}/,19.75,ok,
2026-10-04T18:39:56.522106+05:30,GET,GET /health/,20.23,ok,
2026-10-04T18:39:56.625543+05:30,GET,GET /jobs/{id}/,20.07,ok,
2026-10-04T18:39:56.669529+05:30,GET,GET /jobs/{id}/,20.68,ok,
2026-10-04T18:39:56.677926+05:30,GET,GET /jobs/{id}/,20.05,ok,
2026-10-04T18:39:56.707281+05:30,GET,GET /jobs/{id}/,20.04,ok,
2026-10-04T18:39:56.764316+05:30,GET,GET /jobs/stats/,22.73,ok,
2026-10-04T18:39:56.766843+05:30,GET,GET /jobs/{id}/,20.63,ok,
2026-10-04T18:39:56.790468+05:30,GET,GET /jobs/stats/,20.35,ok,
2026-10-04T18:39:56.810194+05:30,POST,POST /jobs/,22.06,ok,
2026-10-04T18:39:56.830864+05:30,GET,GET /jobs/{id}/,19.41,ok,
2026-10-04T18:39:56.891956+05:30,POST,POST /jobs/,23.79,ok,
2026-10-04T18:39:56.892367+05:30,GET,GET /health/,21.17,ok,
2026-10-04T18:39:57.010407+05:30,GET,GET /jobs/{id}/,20.73,ok,
2026-10-04T18:39:57.019539+05:30,GET,GET /health/,19.75,ok,
2026-10-04T18:39:57.028977+05:30,GET,GET /jobs/{id}/,19.55,ok,
2026-10-04T18:39:57.056888+05:30,GET,GET /jobs/stats/,20.65,ok,
2026-10-04T18:39:57.070553+05:30,GET,GET /jobs/{id}/,19.31,ok,
2026-10-04T18:39:57.077560+05:30,GET,GET /jobs/{id}/,19.4,ok,
2026-10-04T18:39:57.102743+05:30,GET,GET /jobs/{id}/,19.88,ok,
2026-10-04T18:39:57.127684+05:30,GET,GET /jobs/{id}/,20.66,ok,
2026-10-04T18:39:57.170241+05:30,GET,GET /jobs/{id}/,24.3,ok,
2026-10-04T18:39:57.171375+05:30,POST,POST /jobs/,30.42,ok,
2026-10-04T18:39:57.172165+05:30,GET,GET /jobs/stats/,23.36,ok,
2026-10-04T18:39:57.179153+05:30,GET,GET /jobs/stats/,26.24,ok,
2026-10-04T18:39:57.183803+05:30,POST,POST /jobs/,33.07,ok,
2026-10-04T18:39:57.196300+05:30,POST,POST /jobs/,22.88,ok,
2026-10-04T18:39:57.198567+05:30,GET,GET /jobs/{id}/,20.82,ok,
2026-10-04T18:39:57.251383+05:30,GET,GET /jobs/{id}/,19.49,ok,
2026-10-04T18:39:57.268187+05:30,GET,GET /jobs/{id}/,19.29,ok,
2026-10-04T18:39:57.274198+05:30,GET,GET /jobs/{id}/,19.55,ok,
2026-10-04T18:39:57.354922+05:30,POST,POST /jobs/,22.39,ok,
2026-10-04T18:39:57.369575+05:30,POST,POST /jobs/,22.99,ok,
2026-10-04T18:39:57.382550+05:30,GET,GET /jobs/{id}/,21.32,ok,
2026-10-04T18:39:57.399078+05:30,POST,POST /jobs/,26.23,ok,
2026-10-04T18:39:57.403040+05:30,GET,GET /jobs/{id}/,25.01,ok,
2026-10-04T18:39:57.408164+05:30,GET,GET /jobs/{id}/,28.24,ok,
2026-10-04T18:39:57.416424+05:30,POST,POST /jobs/,27.59,ok,
2026-10-04T18:39:57.418772+05:30,GET,GET /jobs/{id}/,22.98,ok,
2026-10-04T18:39:57.443409+05:30,GET,GET /jobs/{id}/,21.38,ok,
2026-10-04T18:39:57.465366+05:30,GET,GET /jobs/{id}/,19.7,ok,
2026-10-04T18:39:57.478203+05:30,GET,GET /jobs/{id}/,19.48,ok,
2026-10-04T18:39:57.506782+05:30,POST,POST /jobs/,22.25,ok,
2026-10-04T18:39:57.555772+05:30,GET,GET /jobs/{id}/,20.65,ok,
2026-10-04T18:39:57.613415+05:30,GET,GET /jobs/{id}/,24.44,ok,
2026-10-04T18:39:57.613984+05:30,POST,POST /jobs/,25.92,ok,
2026-10-04T18:39:57.614353+05:30,GET,GET /jobs/{id}/,22.66,ok,
2026-10-04T18:39:57.657356+05:30,GET,GET /jobs/{id}/,19.72,ok,
2026-10-04T18:39:57.664816+05:30,GET,GET /jobs/{id}/,19.1,ok,
2026-10-04T18:39:57.691825+05:30,GET,GET /jobs/stats/,20.75,ok,
2026-10-04T18:39:57.702337+05:30,POST,POST /jobs/,23.23,ok,
2026-10-04T18:39:57.715251+05:30,GET,GET /jobs/{id}/,20.18,ok,
2026-10-04T18:39:57.749079+05:30,GET,GET /jobs/stats/,20.52,ok,
2026-10-04T18:39:57.753004+05:30,GET,GET /jobs/{id}/,19.46,ok,
2026-10-04T18:39:57.797964+05:30,GET,GET /jobs/{id}/,20.64,ok,
2026-10-04T18:39:57.799793+05:30,GET,GET /jobs/{id}/,21.58,ok,
2026-10-04T18:39:57.800088+05:30,GET,GET /jobs/{id}/,25.76,ok,
2026-10-04T18:39:57.806404+05:30,GET,GET /jobs/{id}/,20.4,ok,
2026-10-04T18:39:57.834671+05:30,POST,POST /jobs/,23.97,ok,
2026-10-04T18:39:57.862195+05:30,GET,GET /jobs/{id}/,46.53,ok,
2026-10-04T18:39:57.867404+05:30,GET,GET /jobs/{id}/,48.83,ok,
2026-10-04T18:39:57.869643+05:30,GET,GET /jobs/stats/,48.16,ok,
2026-10-04T18:39:57.880195+05:30,GET,GET /jobs/{id}/,20.1,ok,
2026-10-04T18:39:57.884525+05:30,GET,GET /jobs/{id}/,20.09,ok,
2026-10-04T18:39:57.903429+05:30,GET,GET /health/,19.76,ok,
2026-10-04T18:39:57.917543+05:30,GET,GET /jobs/{id}/,19.45,ok,
2026-10-04T18:39:57.933261+05:30,POST,POST /jobs/,22.53,ok,
2026-10-04T18:39:57.962074+05:30,GET,GET /jobs/{id}/,22.51,ok,
2026-10-04T18:39:57.963786+05:30,GET,GET /jobs/{id}/,23.67,ok,
2026-10-04T18:39:57.971322+05:30,POST,POST /jobs/,30.67,ok,
2026-10-04T18:39:57.988910+05:30,POST,POST /jobs/,24.97,ok,
2026-10-04T18:39:57.989346+05:30,POST,POST /jobs/,28.3,ok,
2026-10-04T18:39:58.011667+05:30,GET,GET /jobs/{id}/,20.09,ok,
2026-10-04T18:39:58.018547+05:30,GET,GET /jobs/{id}/,19.02,ok,
2026-10-04T18:39:58.048483+05:30,GET,GET /jobs/{id}/,21.11,ok,
2026-10-04T18:39:58.048928+05:30,GET,GET /jobs/{id}/,22.11,ok,
2026-10-04T18:39:58.069649+05:30,GET,GET /jobs/{id}/,19.52,ok,
2026-10-04T18:39:58.119514+05:30,POST,POST /jobs/,22.55,ok,
2026-10-04T18:39:58.122881+05:30,GET,GET /jobs/stats/,22.88,ok,
2026-10-04T18:39:58.173917+05:30,POST,POST /jobs/,23.72,ok,
2026-10-04T18:39:58.179203+05:30,GET,GET /jobs/stats/,19.96,ok,
2026-10-04T18:39:58.202244+05:30,GET,GET /jobs/{id}/,19.75,ok,
2026-10-04T18:39:58.225361+05:30,GET,GET /jobs/{id}/,22.95,ok,
2026-10-04T18:39:58.245856+05:30,POST,POST /jobs/,27.52,ok,
2026-10-04T18:39:58.266028+05:30,POST,POST /jobs/,22.36,ok,
2026-10-04T18:39:58.312968+05:30,GET,GET /jobs/{id}/,23.54,ok,
2026-10-04T18:39:58.315008+05:30,POST,POST /jobs/,29.68,ok,
2026-10-04T18:39:58.322906+05:30,GET,GET /jobs/{id}/,24.4,ok,
2026-10-04T18:39:58.323326+05:30,GET,GET /jobs/{id}/,24.31,ok,
2026-10-04T18:39:58.330383+05:30,GET,GET /jobs/{id}/,21.43,ok,
2026-10-04T18:39:58.350567+05:30,GET,GET /jobs/{id}/,18.95,ok,
2026-10-04T18:39:58.360122+05:30,GET,GET /jobs/{id}/,21.66,ok,
2026-10-04T18:39:58.372102+05:30,POST,POST /jobs/,21.38,ok,
2026-10-04T18:39:58.397674+05:30,GET,GET /jobs/{id}/,22.29,ok,
2026-10-04T18:39:58.408697+05:30,GET,GET /jobs/{id}/,19.3,ok,
2026-10-04T18:39:58.413191+05:30,GET,GET /jobs/{id}/,20.76,ok,
2026-10-04T18:39:58.426708+05:30,GET,GET /health/,24.71,ok,
2026-10-04T18:39:58.432495+05:30,GET,GET /jobs/{id}/,20.14,ok,
2026-10-04T18:39:58.436658+05:30,GET,GET /jobs/{id}/,20.98,ok,
2026-10-04T18:39:58.455963+05:30,GET,GET /jobs/{id}/,19.13,ok,
2026-10-04T18:39:58.492982+05:30,GET,GET /jobs/{id}/,22.7,ok,
2026-10-04T18:39:58.506245+05:30,GET,GET /jobs/stats/,19.94,ok,
2026-10-04T18:39:58.570228+05:30,POST,POST /jobs/,22.68,ok,
2026-10-04T18:39:58.595821+05:30,GET,GET /jobs/{id}/,22.31,ok,
2026-10-04T18:39:58.617490+05:30,GET,GET /jobs/{id}/,19.4,ok,
2026-10-04T18:39:58.645689+05:30,GET,GET /jobs/{id}/,19.9,ok,
2026-10-04T18:39:58.687719+05:30,GET,GET /jobs/{id}/,19.67,ok,
2026-10-04T18:39:58.714549+05:30,GET,GET /jobs/{id}/,22.7,ok,
2026-10-04T18:39:58.715290+05:30,POST,POST /jobs/,26.33,ok,
2026-10-04T18:39:58.726440+05:30,POST,POST /jobs/,25.65,ok,
2026-10-04T18:39:58.732964+05:30,GET,GET /jobs/{id}/,24.19,ok,
2026-10-04T18:39:58.734863+05:30,GET,GET /jobs/{id}/,21.42,ok,
2026-10-04T18:39:58.743639+05:30,GET,GET /jobs/{id}/,20.32,ok,
2026-10-04T18:39:58.744068+05:30,POST,POST /jobs/,25.58,ok,
2026-10-04T18:39:58.822831+05:30,GET,GET /jobs/{id}/,22.47,ok,
2026-10-04T18:39:58.829013+05:30,GET,GET /jobs/stats/,21.65,ok,
2026-10-04T18:39:58.833719+05:30,GET,GET /jobs/stats/,24.42,ok,
2026-10-04T18:39:58.852678+05:30,GET,GET /jobs/{id}/,19.77,ok,
2026-10-04T18:39:58.884213+05:30,GET,GET /jobs/{id}/,19.21,ok,
2026-10-04T18:39:58.927078+05:30,POST,POST /jobs/,25.55,ok,
2026-10-04T18:39:58.932073+05:30,GET,GET /health/,20.48,ok,
2026-10-04T18:39:58.971414+05:30,GET,GET /jobs/{id}/,21.04,ok,
2026-10-04T18:39:58.982962+05:30,GET,GET /jobs/{id}/,20.59,ok,
2026-10-04T18:39:58.996109+05:30,GET,GET /jobs/{id}/,22.45,ok,
2026-10-04T18:39:59.009432+05:30,POST,POST /jobs/,22.18,ok,
2026-10-04T18:39:59.012256+05:30,POST,POST /jobs/,24.48,ok,
2026-10-04T18:39:59.117928+05:30,GET,GET /jobs/{id}/,20.32,ok,
2026-10-04T18:39:59.180839+05:30,POST,POST /jobs/,21.59,ok,
2026-10-04T18:39:59.237476+05:30,GET,GET /jobs/{id}/,19.33,ok,
2026-10-04T18:39:59.271934+05:30,POST,POST /jobs/,24.16,ok,
2026-10-04T18:39:59.272628+05:30,GET,GET /jobs/{id}/,24.32,ok,
2026-10-04T18:39:59.290173+05:30,GET,GET /jobs/{id}/,24.73,ok,
2026-10-04T18:39:59.293919+05:30,POST,POST /jobs/,21.13,ok,
2026-10-04T18:39:59.301213+05:30,POST,POST /jobs/,22.58,ok,
2026-10-04T18:39:59.356090+05:30,GET,GET /jobs/{id}/,19.56,ok,
2026-10-04T18:39:59.374599+05:30,GET,GET /jobs/{id}/,20.02,ok,
2026-10-04T18:39:59.388642+05:30,GET,GET /jobs/{id}/,21.01,ok,
2026-10-04T18:39:59.407172+05:30,POST,POST /jobs/,25.2,ok,
2026-10-04T18:39:59.420922+05:30,GET,GET /jobs/stats/,21.01,ok,
2026-10-04T18:39:59.434741+05:30,GET,GET /jobs/{id}/,19.25,ok,
2026-10-04T18:39:59.443440+05:30,GET,GET /jobs/{id}/,20.72,ok,
2026-10-04T18:39:59.443830+05:30,GET,GET /jobs/{id}/,21.66,ok,
2026-10-04T18:39:59.529578+05:30,POST,POST /jobs/,22.47,ok,
2026-10-04T18:39:59.606298+05:30,GET,GET /jobs/{id}/,20.34,ok,
2026-10-04T18:39:59.648651+05:30,GET,GET /jobs/{id}/,26.03,ok,
2026-10-04T18:39:59.670211+05:30,GET,GET /jobs/{id}/,31.94,ok,
2026-10-04T18:39:59.670674+05:30,POST,POST /jobs/,33.07,ok,
2026-10-04T18:39:59.671013+05:30,POST,POST /jobs/,32.48,ok,
2026-10-04T18:39:59.678194+05:30,GET,GET /jobs/{id}/,24.02,ok,
2026-10-04T18:39:59.680521+05:30,GET,GET /jobs/{id}/,24.44,ok,
2026-10-04T18:39:59.680875+05:30,GET,GET /health/,33.13,ok,
2026-10-04T18:39:59.704406+05:30,POST,POST /jobs/,24.69,ok,
2026-10-04T18:39:59.719439+05:30,POST,POST /jobs/,22.99,ok,
2026-10-04T18:39:59.731687+05:30,GET,GET /jobs/{id}/,20.98,ok,
2026-10-04T18:39:59.760465+05:30,GET,GET /jobs/{id}/,19.47,ok,
2026-10-04T18:39:59.768641+05:30,POST,POST /jobs/,23.57,ok,
2026-10-04T18:39:59.789659+05:30,POST,POST /jobs/,21.88,ok,
2026-10-04T18:39:59.798334+05:30,GET,GET /jobs/{id}/,21.15,ok,
2026-10-04T18:39:59.818190+05:30,POST,POST /jobs/,21.21,ok,
2026-10-04T18:39:59.884132+05:30,POST,POST /jobs/,25.64,ok,
2026-10-04T18:39:59.902444+05:30,GET,GET /jobs/{id}/,22.08,ok,
2026-10-04T18:39:59.903310+05:30,GET,GET /health/,24.87,ok,
2026-10-04T18:39:59.908291+05:30,POST,POST /jobs/,22.96,ok,
2026-10-04T18:39:59.912091+05:30,GET,GET /jobs/stats/,22.82,ok,
2026-10-04T18:39:59.934173+05:30,POST,POST /jobs/,22.82,ok,
2026-10-04T18:39:59.942421+05:30,GET,GET /jobs/{id}/,19.79,ok,
2026-10-04T18:39:59.946413+05:30,GET,GET /jobs/{id}/,20.84,ok,
2026-10-04T18:39:59.997691+05:30,POST,POST /jobs/,21.93,ok,
2026-10-04T18:40:00.094432+05:30,GET,GET /jobs/{id}/,98.11,ok,
2026-10-04T18:40:00.113647+05:30,GET,GET /jobs/{id}/,107.53,ok,
2026-10-04T18:40:00.131504+05:30,GET,GET /jobs/{id}/,96.94,ok,
2026-10-04T18:40:00.149240+05:30,POST,POST /jobs/,85.47,ok,
2026-10-04T18:40:00.149500+05:30,GET,GET /jobs/{id}/,103.08,ok,
2026-10-04T18:40:00.150609+05:30,GET,GET /jobs/{id}/,73.29,ok,
2026-10-04T18:40:00.152412+05:30,POST,POST /jobs/,104.75,ok,
2026-10-04T18:40:00.165296+05:30,GET,GET /jobs/{id}/,95.19,ok,
2026-10-04T18:40:00.169116+05:30,GET,GET /jobs/{id}/,78.61,ok,
2026-10-04T18:40:00.169874+05:30,GET,GET /jobs/{id}/,40.32,ok,
2026-10-04T18:40:00.206257+05:30,GET,GET /health/,75.37,ok,
2026-10-04T18:40:00.208612+05:30,POST,POST /jobs/,52.0,ok,
2026-10-04T18:40:00.218775+05:30,GET,GET /jobs/stats/,51.31,ok,
2026-10-04T18:40:00.222759+05:30,GET,GET /jobs/{id}/,24.99,ok,
2026-10-04T18:40:00.255884+05:30,GET,GET /health/,26.09,ok,
2026-10-04T18:40:00.297464+05:30,GET,GET /jobs/{id}/,20.26,ok,
2026-10-04T18:40:00.316190+05:30,GET,GET /jobs/stats/,21.89,ok,
2026-10-04T18:40:00.335524+05:30,GET,GET /jobs/{id}/,22.71,ok,
2026-10-04T18:40:00.348867+05:30,POST,POST /jobs/,25.35,ok,
2026-10-04T18:40:00.359429+05:30,GET,GET /health/,21.59,ok,
2026-10-04T18:40:00.364915+05:30,POST,POST /jobs/,23.02,ok,
2026-10-04T18:40:00.404413+05:30,GET,GET /jobs/{id}/,22.19,ok,
2026-10-04T18:40:00.420389+05:30,POST,POST /jobs/,24.98,ok,
2026-10-04T18:40:00.426557+05:30,GET,GET /jobs/{id}/,20.53,ok,
2026-10-04T18:40:00.447158+05:30,POST,POST /jobs/,22.48,ok,
2026-10-04T18:40:00.492833+05:30,GET,GET /jobs/stats/,23.36,ok,
2026-10-04T18:40:00.504148+05:30,GET,GET /jobs/stats/,23.54,ok,
2026-10-04T18:40:00.510766+05:30,GET,GET /jobs/{id}/,21.15,ok,
2026-10-04T18:40:00.517258+05:30,POST,POST /jobs/,24.24,ok,
2026-10-04T18:40:00.524590+05:30,GET,GET /health/,20.31,ok,
2026-10-04T18:40:00.556100+05:30,GET,GET /jobs/{id}/,20.19,ok,
2026-10-04T18:40:00.584455+05:30,POST,POST /jobs/,25.05,ok,
2026-10-04T18:40:00.618331+05:30,GET,GET /jobs/{id}/,20.57,ok,
2026-10-04T18:40:00.648241+05:30,POST,POST /jobs/,24.6,ok,
2026-10-04T18:40:00.652566+05:30,GET,GET /jobs/{id}/,23.94,ok,
2026-10-04T18:40:00.654627+05:30,GET,GET /jobs/{id}/,23.07,ok,
2026-10-04T18:40:00.664007+05:30,POST,POST /jobs/,24.58,ok,
2026-10-04T18:40:00.722709+05:30,GET,GET /jobs/{id}/,21.1,ok,
2026-10-04T18:40:00.736682+05:30,POST,POST /jobs/,28.6,ok,
2026-10-04T18:40:00.742020+05:30,GET,GET /jobs/{id}/,26.23,ok,
2026-10-04T18:40:00.746263+05:30,GET,GET /jobs/stats/,29.39,ok,
2026-10-04T18:40:00.756126+05:30,GET,GET /jobs/{id}/,27.12,ok,
2026-10-04T18:40:00.763523+05:30,POST,POST /jobs/,28.39,ok,
2026-10-04T18:40:00.773860+05:30,POST,POST /jobs/,24.23,ok,
2026-10-04T18:40:00.774328+05:30,GET,GET /jobs/stats/,24.2,ok,
2026-10-04T18:40:00.808038+05:30,POST,POST /jobs/,25.44,ok,
2026-10-04T18:40:00.816251+05:30,GET,GET /jobs/{id}/,22.59,ok,
2026-10-04T18:40:00.824351+05:30,GET,GET /jobs/{id}/,19.54,ok,
2026-10-04T18:40:00.887893+05:30,GET,GET /jobs/{id}/,20.21,ok,
2026-10-04T18:40:00.912129+05:30,POST,POST /jobs/,22.96,ok,
2026-10-04T18:40:00.913725+05:30,GET,GET /jobs/{id}/,19.58,ok,
2026-10-04T18:40:00.969327+05:30,GET,GET /jobs/stats/,26.28,ok,
2026-10-04T18:40:00.980383+05:30,POST,POST /jobs/,25.16,ok,
2026-10-04T18:40:01.039012+05:30,GET,GET /jobs/{id}/,25.28,ok,
2026-10-04T18:40:01.062708+05:30,GET,GET /jobs/{id}/,27.28,ok,
2026-10-04T18:40:01.104709+05:30,GET,GET /jobs/stats/,27.66,ok,
2026-10-04T18:40:01.122979+05:30,GET,GET /jobs/{id}/,28.76,ok,
2026-10-04T18:40:01.132122+05:30,GET,GET /jobs/{id}/,28.48,ok,
2026-10-04T18:40:01.132555+05:30,GET,GET /jobs/{id}/,32.07,ok,
2026-10-04T18:40:01.210235+05:30,GET,GET /jobs/{id}/,82.91,ok,
2026-10-04T18:40:01.221181+05:30,GET,GET /jobs/{id}/,80.86,ok,
2026-10-04T18:40:01.221612+05:30,GET,GET /jobs/{id}/,73.25,ok,
2026-10-04T18:40:01.244759+05:30,GET,GET /jobs/{id}/,64.61,ok,
2026-10-04T18:40:01.254395+05:30,GET,GET /jobs/stats/,100.27,ok,
2026-10-04T18:40:01.254812+05:30,GET,GET /jobs/{id}/,65.35,ok,
2026-10-04T18:40:01.255148+05:30,GET,GET /jobs/{id}/,75.87,ok,
2026-10-04T18:40:01.271335+05:30,POST,POST /jobs/,109.8,ok,
2026-10-04T18:40:01.272300+05:30,GET,GET /jobs/{id}/,61.87,ok,
2026-10-04T18:40:01.453266+05:30,POST,POST /jobs/,78.46,ok,
2026-10-04T18:40:01.495887+05:30,GET,GET /jobs/{id}/,86.29,ok,
2026-10-04T18:40:01.496326+05:30,GET,GET /jobs/{id}/,74.41,ok,
2026-10-04T18:40:01.525086+05:30,POST,POST /jobs/,102.6,ok,
2026-10-04T18:40:01.551859+05:30,POST,POST /jobs/,85.85,ok,
2026-10-04T18:40:01.575234+05:30,GET,GET /jobs/{id}/,101.35,ok,
2026-10-04T18:40:01.631411+05:30,POST,POST /jobs/,96.35,ok,
2026-10-04T18:40:01.633724+05:30,POST,POST /jobs/,109.59,ok,
2026-10-04T18:40:01.641006+05:30,GET,GET /jobs/stats/,89.0,ok,
2026-10-04T18:40:01.707965+05:30,POST,POST /jobs/,151.83,ok,
2026-10-04T18:40:01.708896+05:30,GET,GET /jobs/{id}/,110.28,ok,
2026-10-04T18:40:01.710664+05:30,GET,GET /jobs/{id}/,100.54,ok,
2026-10-04T18:40:01.748636+05:30,GET,GET /jobs/stats/,80.94,ok,
2026-10-04T18:40:01.749660+05:30,POST,POST /jobs/,122.23,ok,
2026-10-04T18:40:01.750089+05:30,GET,GET /jobs/{id}/,160.55,ok,
2026-10-04T18:40:01.837276+05:30,GET,GET /jobs/{id}/,201.23,ok,
2026-10-04T18:40:01.862350+05:30,POST,POST /jobs/,212.62,ok,
2026-10-04T18:40:01.865421+05:30,GET,GET /health/,184.09,ok,
2026-10-04T18:40:01.868316+05:30,GET,GET /jobs/{id}/,201.5,ok,
2026-10-04T18:40:01.869469+05:30,GET,GET /health/,158.69,ok,
2026-10-04T18:40:01.873715+05:30,GET,GET /jobs/{id}/,114.39,ok,
2026-10-04T18:40:01.905359+05:30,GET,GET /jobs/stats/,131.7,ok,
2026-10-04T18:40:01.923346+05:30,POST,POST /jobs/,141.26,ok,
2026-10-04T18:40:01.924323+05:30,GET,GET /jobs/{id}/,147.39,ok,
2026-10-04T18:40:01.994223+05:30,POST,POST /jobs/,136.54,ok,
2026-10-04T18:40:02.001970+05:30,POST,POST /jobs/,253.09,ok,
2026-10-04T18:40:02.007108+05:30,POST,POST /jobs/,190.72,ok,
2026-10-04T18:40:02.067599+05:30,POST,POST /jobs/,167.43,ok,
2026-10-04T18:40:02.068139+05:30,GET,GET /jobs/{id}/,106.44,ok,
2026-10-04T18:40:02.085277+05:30,GET,GET /jobs/{id}/,93.36,ok,
2026-10-04T18:40:02.097376+05:30,GET,GET /jobs/{id}/,138.16,ok,
2026-10-04T18:40:02.100940+05:30,GET,GET /jobs/{id}/,111.25,ok,
2026-10-04T18:40:02.107396+05:30,GET,GET /health/,145.11,ok,
2026-10-04T18:40:02.128246+05:30,GET,GET /health/,56.87,ok,
2026-10-04T18:40:02.162183+05:30,GET,GET /jobs/{id}/,51.11,ok,
2026-10-04T18:40:02.196125+05:30,POST,POST /jobs/,75.23,ok,
2026-10-04T18:40:02.197812+05:30,POST,POST /jobs/,62.97,ok,
2026-10-04T18:40:02.198340+05:30,GET,GET /jobs/stats/,53.14,ok,
2026-10-04T18:40:02.217389+05:30,GET,GET /jobs/{id}/,51.9,ok,
2026-10-04T18:40:02.217830+05:30,GET,GET /jobs/stats/,51.79,ok,
2026-10-04T18:40:02.220507+05:30,GET,GET /jobs/{id}/,62.46,ok,
2026-10-04T18:40:02.250336+05:30,GET,GET /jobs/{id}/,35.56,ok,
2026-10-04T18:40:02.291898+05:30,GET,GET /jobs/{id}/,30.21,ok,
2026-10-04T18:40:02.300006+05:30,GET,GET /jobs/{id}/,32.78,ok,
2026-10-04T18:40:02.313305+05:30,GET,GET /jobs/{id}/,35.28,ok,
2026-10-04T18:40:02.318587+05:30,POST,POST /jobs/,44.15,ok,
2026-10-04T18:40:02.337613+05:30,GET,GET /jobs/stats/,30.08,ok,
2026-10-04T18:40:02.380491+05:30,GET,GET /jobs/{id}/,31.57,ok,
2026-10-04T18:40:02.414677+05:30,GET,GET /jobs/{id}/,30.87,ok,
2026-10-04T18:40:02.490550+05:30,GET,GET /jobs/{id}/,46.52,ok,
2026-10-04T18:40:02.543616+05:30,GET,GET /jobs/{id}/,28.24,ok,
2026-10-04T18:40:02.548762+05:30,GET,GET /jobs/{id}/,26.83,ok,
2026-10-04T18:40:02.556553+05:30,GET,GET /jobs/{id}/,25.4,ok,
2026-10-04T18:40:02.602263+05:30,GET,GET /jobs/{id}/,28.17,ok,
2026-10-04T18:40:02.604241+05:30,GET,GET /jobs/{id}/,26.96,ok,
2026-10-04T18:40:02.609511+05:30,POST,POST /jobs/,34.86,ok,
2026-10-04T18:40:02.619368+05:30,GET,GET /health/,34.99,ok,
2026-10-04T18:40:02.635643+05:30,GET,GET /jobs/{id}/,27.28,ok,
2026-10-04T18:40:02.636253+05:30,GET,GET /health/,24.12,ok,
2026-10-04T18:40:02.643590+05:30,GET,GET /jobs/{id}/,25.05,ok,
2026-10-04T18:40:02.646578+05:30,GET,GET /jobs/{id}/,23.63,ok,
2026-10-04T18:40:02.673199+05:30,GET,GET /health/,32.7,ok,
2026-10-04T18:40:02.729663+05:30,GET,GET /jobs/{id}/,25.15,ok,
2026-10-04T18:40:02.737914+05:30,GET,GET /jobs/{id}/,23.73,ok,
2026-10-04T18:40:02.751593+05:30,POST,POST /jobs/,29.45,ok,
2026-10-04T18:40:02.782718+05:30,POST,POST /jobs/,33.49,ok,
2026-10-04T18:40:02.786498+05:30,GET,GET /jobs/{id}/,32.51,ok,
2026-10-04T18:40:02.796379+05:30,GET,GET /jobs/{id}/,30.33,ok,
2026-10-04T18:40:02.796827+05:30,GET,GET /jobs/{id}/,27.26,ok,
2026-10-04T18:40:02.819947+05:30,POST,POST /jobs/,50.87,ok,
2026-10-04T18:40:02.865127+05:30,GET,GET /jobs/{id}/,70.27,ok,
2026-10-04T18:40:02.866415+05:30,GET,GET /jobs/{id}/,63.6,ok,
2026-10-04T18:40:02.867009+05:30,GET,GET /jobs/{id}/,67.95,ok,
2026-10-04T18:40:02.867461+05:30,GET,GET /jobs/stats/,66.36,ok,
2026-10-04T18:40:02.874376+05:30,GET,GET /jobs/{id}/,65.86,ok,
2026-10-04T18:40:02.886756+05:30,GET,GET /jobs/{id}/,28.72,ok,
2026-10-04T18:40:02.903050+05:30,GET,GET /jobs/{id}/,23.39,ok,
2026-10-04T18:40:02.912306+05:30,POST,POST /jobs/,26.89,ok,
2026-10-04T18:40:02.923846+05:30,POST,POST /jobs/,26.8,ok,
2026-10-04T18:40:02.944135+05:30,POST,POST /jobs/,28.54,ok,
2026-10-04T18:40:02.995511+05:30,GET,GET /jobs/{id}/,20.08,ok,
2026-10-04T18:40:03.018574+05:30,GET,GET /jobs/{id}/,26.02,ok,
2026-10-04T18:40:03.022433+05:30,POST,POST /jobs/,28.23,ok,
2026-10-04T18:40:03.045072+05:30,GET,GET /jobs/{id}/,20.38,ok,
2026-10-04T18:40:03.053136+05:30,POST,POST /jobs/,24.57,ok,
2026-10-04T18:40:03.100691+05:30,POST,POST /jobs/,25.22,ok,
2026-10-04T18:40:03.102132+05:30,POST,POST /jobs/,25.8,ok,
2026-10-04T18:40:03.147968+05:30,GET,GET /jobs/{id}/,23.53,ok,
2026-10-04T18:40:03.170229+05:30,GET,GET /jobs/{id}/,22.08,ok,
2026-10-04T18:40:03.214175+05:30,POST,POST /jobs/,28.64,ok,
2026-10-04T18:40:03.237262+05:30,GET,GET /jobs/stats/,37.04,ok,
2026-10-04T18:40:03.237724+05:30,POST,POST /jobs/,36.86,ok,
2026-10-04T18:40:03.238639+05:30,GET,GET /jobs/{id}/,38.94,ok,
2026-10-04T18:40:03.269535+05:30,GET,GET /health/,31.61,ok,
2026-10-04T18:40:03.273372+05:30,GET,GET /jobs/{id}/,29.21,ok,
2026-10-04T18:40:03.277082+05:30,POST,POST /jobs/,26.25,ok,
2026-10-04T18:40:03.280453+05:30,GET,GET /jobs/{id}/,31.43,ok,
2026-10-04T18:40:03.290095+05:30,GET,GET /jobs/{id}/,35.53,ok,
2026-10-04T18:40:03.318563+05:30,GET,GET /jobs/{id}/,29.47,ok,
2026-10-04T18:40:03.323991+05:30,POST,POST /jobs/,41.27,ok,
2026-10-04T18:40:03.330493+05:30,GET,GET /jobs/{id}/,35.85,ok,
2026-10-04T18:40:03.345636+05:30,GET,GET /jobs/stats/,28.73,ok,
2026-10-04T18:40:03.420830+05:30,GET,GET /jobs/stats/,21.87,ok,
2026-10-04T18:40:03.444016+05:30,GET,GET /jobs/{id}/,20.89,ok,
2026-10-04T18:40:03.515680+05:30,GET,GET /jobs/{id}/,20.34,ok,
2026-10-04T18:40:03.542430+05:30,GET,GET /jobs/{id}/,21.41,ok,
2026-10-04T18:40:03.559173+05:30,POST,POST /jobs/,29.06,ok,
2026-10-04T18:40:03.559618+05:30,POST,POST /jobs/,27.58,ok,
2026-10-04T18:40:03.565091+05:30,GET,GET /jobs/stats/,24.19,ok,
2026-10-04T18:40:03.593578+05:30,GET,GET /jobs/{id}/,20.22,ok,
2026-10-04T18:40:03.619992+05:30,POST,POST /jobs/,26.25,ok,
2026-10-04T18:40:03.626566+05:30,GET,GET /jobs/{id}/,21.99,ok,
2026-10-04T18:40:03.627006+05:30,GET,GET /jobs/stats/,26.38,ok,
2026-10-04T18:40:03.675761+05:30,GET,GET /health/,20.52,ok,
2026-10-04T18:40:03.782374+05:30,GET,GET /jobs/{id}/,20.25,ok,
2026-10-04T18:40:03.788260+05:30,GET,GET /jobs/{id}/,21.12,ok,
2026-10-04T18:40:03.801031+05:30,GET,GET /health/,20.97,ok,
2026-10-04T18:40:03.845114+05:30,GET,GET /jobs/{id}/,19.78,ok,
2026-10-04T18:40:03.856197+05:30,GET,GET /health/,19.81,ok,
2026-10-04T18:40:03.880468+05:30,GET,GET /jobs/{id}/,28.02,ok,
2026-10-04T18:40:03.880865+05:30,GET,GET /jobs/{id}/,27.33,ok,
2026-10-04T18:40:03.886021+05:30,GET,GET /jobs/stats/,23.61,ok,
2026-10-04T18:40:03.890338+05:30,POST,POST /jobs/,26.13,ok,
2026-10-04T18:40:03.933563+05:30,POST,POST /jobs/,23.94,ok,
2026-10-04T18:40:03.941496+05:30,GET,GET /jobs/{id}/,31.24,ok,
2026-10-04T18:40:03.942133+05:30,GET,GET /jobs/stats/,30.94,ok,
2026-10-04T18:40:03.943467+05:30,POST,POST /jobs/,32.89,ok,
2026-10-04T18:40:03.971531+05:30,GET,GET /jobs/{id}/,19.8,ok,
2026-10-04T18:40:04.004893+05:30,POST,POST /jobs/,24.08,ok,
2026-10-04T18:40:04.011804+05:30,POST,POST /jobs/,25.88,ok,
2026-10-04T18:40:04.037818+05:30,GET,GET /jobs/{id}/,21.69,ok,
2026-10-04T18:40:04.041577+05:30,POST,POST /jobs/,24.9,ok,
2026-10-04T18:40:04.043696+05:30,GET,GET /jobs/{id}/,21.0,ok,
2026-10-04T18:40:04.095705+05:30,GET,GET /jobs/{id}/,22.68,ok,
2026-10-04T18:40:04.113702+05:30,POST,POST /jobs/,27.59,ok,
2026-10-04T18:40:04.128577+05:30,GET,GET /jobs/{id}/,20.56,ok,
2026-10-04T18:40:04.150274+05:30,POST,POST /jobs/,22.56,ok,
2026-10-04T18:40:04.167615+05:30,GET,GET /jobs/{id}/,20.46,ok,
2026-10-04T18:40:04.176090+05:30,GET,GET /health/,21.58,ok,
2026-10-04T18:40:04.186269+05:30,GET,GET /jobs/{id}/,20.27,ok,
2026-10-04T18:40:04.217828+05:30,POST,POST /jobs/,25.23,ok,
2026-10-04T18:40:04.218274+05:30,GET,GET /health/,23.85,ok,
2026-10-04T18:40:04.227187+05:30,GET,GET /health/,23.0,ok,
2026-10-04T18:40:04.278957+05:30,POST,POST /jobs/,24.46,ok,
2026-10-04T18:40:04.293219+05:30,POST,POST /jobs/,22.63,ok,
2026-10-04T18:40:04.333844+05:30,GET,GET /jobs/{id}/,23.3,ok,
2026-10-04T18:40:04.338294+05:30,POST,POST /jobs/,22.82,ok,
2026-10-04T18:40:04.342678+05:30,POST,POST /jobs/,24.21,ok,
2026-10-04T18:40:04.344088+05:30,GET,GET /jobs/{id}/,21.54,ok,
2026-10-04T18:40:04.374272+05:30,GET,GET /jobs/{id}/,19.89,ok,
2026-10-04T18:40:04.453451+05:30,POST,POST /jobs/,25.87,ok,
2026-10-04T18:40:04.463039+05:30,GET,GET /jobs/{id}/,29.35,ok,
2026-10-04T18:40:04.463460+05:30,POST,POST /jobs/,29.21,ok,
2026-10-04T18:40:04.471936+05:30,POST,POST /jobs/,25.76,ok,
2026-10-04T18:40:04.542674+05:30,GET,GET /jobs/{id}/,20.45,ok,
2026-10-04T18:40:04.585266+05:30,GET,GET /jobs/stats/,22.3,ok,
2026-10-04T18:40:04.590461+05:30,POST,POST /jobs/,25.54,ok,
2026-10-04T18:40:04.594565+05:30,GET,GET /jobs/{id}/,22.8,ok,
2026-10-04T18:40:04.607823+05:30,GET,GET /jobs/{id}/,20.27,ok,
2026-10-04T18:40:04.615650+05:30,GET,GET /jobs/stats/,22.04,ok,
2026-10-04T18:40:04.670203+05:30,GET,GET /jobs/{id}/,22.23,ok,
2026-10-04T18:40:04.691783+05:30,POST,POST /jobs/,28.76,ok,
2026-10-04T18:40:04.698461+05:30,GET,GET /jobs/{id}/,25.02,ok,
2026-10-04T18:40:04.700380+05:30,GET,GET /jobs/{id}/,33.34,ok,
2026-10-04T18:40:04.702813+05:30,GET,GET /jobs/{id}/,26.22,ok,
2026-10-04T18:40:04.708016+05:30,GET,GET /jobs/stats/,25.33,ok,
2026-10-04T18:40:04.753689+05:30,GET,GET /jobs/{id}/,20.37,ok,
2026-10-04T18:40:04.764287+05:30,GET,GET /jobs/{id}/,19.82,ok,
2026-10-04T18:40:04.797013+05:30,POST,POST /jobs/,24.42,ok,
2026-10-04T18:40:04.859176+05:30,GET,GET /jobs/{id}/,20.86,ok,
2026-10-04T18:40:04.873869+05:30,GET,GET /jobs/{id}/,21.52,ok,
2026-10-04T18:40:04.882781+05:30,GET,GET /jobs/{id}/,20.35,ok,
2026-10-04T18:40:04.918098+05:30,GET,GET /health/,21.05,ok,
2026-10-04T18:40:04.919408+05:30,GET,GET /jobs/stats/,21.84,ok,
2026-10-04T18:40:04.978381+05:30,POST,POST /jobs/,22.67,ok,
2026-10-04T18:40:05.066668+05:30,GET,GET /jobs/{id}/,25.93,ok,
2026-10-04T18:40:05.067170+05:30,GET,GET /jobs/{id}/,29.5,ok,
2026-10-04T18:40:05.079958+05:30,GET,GET /jobs/{id}/,33.04,ok,
2026-10-04T18:40:05.081681+05:30,POST,POST /jobs/,35.33,ok,
2026-10-04T18:40:05.083842+05:30,POST,POST /jobs/,36.58,ok,
2026-10-04T18:40:05.089253+05:30,POST,POST /jobs/,29.91,ok,
2026-10-04T18:40:05.102931+05:30,POST,POST /jobs/,29.51,ok,
2026-10-04T18:40:05.112348+05:30,GET,GET /jobs/stats/,20.87,ok,
2026-10-04T18:40:05.117585+05:30,GET,GET /jobs/{id}/,20.22,ok,
2026-10-04T18:40:05.138824+05:30,GET,GET /jobs/stats/,22.6,ok,
2026-10-04T18:40:05.152922+05:30,GET,GET /jobs/stats/,21.06,ok,
2026-10-04T18:40:05.195455+05:30,GET,GET /jobs/{id}/,24.22,ok,
2026-10-04T18:40:05.205264+05:30,GET,GET /jobs/stats/,23.04,ok,
2026-10-04T18:40:05.210520+05:30,GET,GET /jobs/{id}/,22.32,ok,
2026-10-04T18:40:05.216653+05:30,GET,GET /jobs/stats/,22.1,ok,
2026-10-04T18:40:05.292155+05:30,GET,GET /jobs/{id}/,24.21,ok,
2026-10-04T18:40:05.295898+05:30,POST,POST /jobs/,23.92,ok,
2026-10-04T18:40:05.300182+05:30,GET,GET /jobs/{id}/,24.14,ok,
2026-10-04T18:40:05.304265+05:30,GET,GET /jobs/{id}/,27.55,ok,
2026-10-04T18:40:05.305850+05:30,POST,POST /jobs/,26.21,ok,
2026-10-04T18:40:05.337890+05:30,POST,POST /jobs/,25.67,ok,
2026-10-04T18:40:05.339649+05:30,POST,POST /jobs/,23.75,ok,
2026-10-04T18:40:05.382226+05:30,GET,GET /jobs/{id}/,25.3,ok,
2026-10-04T18:40:05.413243+05:30,GET,GET /jobs/{id}/,24.22,ok,
2026-10-04T18:40:05.413660+05:30,GET,GET /health/,25.16,ok,
2026-10-04T18:40:05.427984+05:30,POST,POST /jobs/,26.91,ok,
2026-10-04T18:40:05.436114+05:30,GET,GET /jobs/{id}/,20.22,ok,
2026-10-04T18:40:05.479044+05:30,POST,POST /jobs/,27.62,ok,
2026-10-04T18:40:05.482970+05:30,GET,GET /jobs/stats/,28.55,ok,
2026-10-04T18:40:05.496355+05:30,POST,POST /jobs/,25.02,ok,
2026-10-04T18:40:05.503430+05:30,GET,GET /jobs/{id}/,21.83,ok,
2026-10-04T18:40:05.523296+05:30,GET,GET /jobs/{id}/,20.78,ok,
2026-10-04T18:40:05.530225+05:30,GET,GET /health/,21.29,ok,
2026-10-04T18:40:05.535074+05:30,POST,POST /jobs/,23.24,ok,
2026-10-04T18:40:05.600698+05:30,GET,GET /jobs/{id}/,22.33,ok,
2026-10-04T18:40:05.604156+05:30,GET,GET /health/,25.24,ok,
2026-10-04T18:40:05.606627+05:30,GET,GET /jobs/{id}/,22.79,ok,
2026-10-04T18:40:05.612836+05:30,GET,GET /jobs/{id}/,22.94,ok,
2026-10-04T18:40:05.635418+05:30,POST,POST /jobs/,27.53,ok,
2026-10-04T18:40:05.637608+05:30,POST,POST /jobs/,26.74,ok,
2026-10-04T18:40:05.642006+05:30,GET,GET /jobs/{id}/,30.02,ok,
2026-10-04T18:40:05.656938+05:30,GET,GET /jobs/{id}/,23.98,ok,
2026-10-04T18:40:05.668634+05:30,GET,GET /jobs/{id}/,21.35,ok,
2026-10-04T18:40:05.744339+05:30,GET,GET /jobs/{id}/,26.3,ok,
2026-10-04T18:40:05.744778+05:30,GET,GET /jobs/{id}/,24.79,ok,
2026-10-04T18:40:05.755678+05:30,GET,GET /jobs/{id}/,21.72,ok,
2026-10-04T18:40:05.765662+05:30,POST,POST /jobs/,28.75,ok,
2026-10-04T18:40:05.774803+05:30,GET,GET /jobs/{id}/,20.75,ok,
2026-10-04T18:40:05.820463+05:30,POST,POST /jobs/,27.31,ok,
2026-10-04T18:40:05.820878+05:30,POST,POST /jobs/,30.78,ok,
2026-10-04T18:40:05.825048+05:30,GET,GET /jobs/{id}/,26.89,ok,
2026-10-04T18:40:05.833068+05:30,POST,POST /jobs/,34.13,ok,
2026-10-04T18:40:05.843604+05:30,POST,POST /jobs/,32.94,ok,
2026-10-04T18:40:05.845495+05:30,GET,GET /jobs/{id}/,33.42,ok,
2026-10-04T18:40:05.848855+05:30,GET,GET /health/,23.7,ok,
2026-10-04T18:40:05.853318+05:30,GET,GET /jobs/{id}/,24.41,ok,
2026-10-04T18:40:05.899388+05:30,GET,GET /jobs/{id}/,20.77,ok,
2026-10-04T18:40:06.023827+05:30,GET,GET /jobs/{id}/,26.08,ok,
2026-10-04T18:40:06.026115+05:30,GET,GET /jobs/{id}/,23.15,ok,
2026-10-04T18:40:06.033368+05:30,POST,POST /jobs/,27.16,ok,
2026-10-04T18:40:06.147582+05:30,GET,GET /jobs/{id}/,27.83,ok,
2026-10-04T18:40:06.157173+05:30,GET,GET /jobs/{id}/,31.38,ok,
2026-10-04T18:40:06.163606+05:30,GET,GET /jobs/{id}/,30.73,ok,
2026-10-04T18:40:06.198141+05:30,GET,GET /jobs/{id}/,20.11,ok,
2026-10-04T18:40:06.251039+05:30,GET,GET /jobs/{id}/,27.58,ok,
2026-10-04T18:40:06.257869+05:30,GET,GET /jobs/stats/,30.5,ok,
2026-10-04T18:40:06.258545+05:30,GET,GET /jobs/stats/,32.13,ok,
2026-10-04T18:40:06.267667+05:30,GET,GET /jobs/{id}/,22.65,ok,
2026-10-04T18:40:06.295412+05:30,GET,GET /jobs/{id}/,22.45,ok,
2026-10-04T18:40:06.301871+05:30,GET,GET /jobs/{id}/,22.73,ok,
2026-10-04T18:40:06.309497+05:30,GET,GET /jobs/{id}/,21.48,ok,
2026-10-04T18:40:06.344679+05:30,POST,POST /jobs/,22.81,ok,
2026-10-04T18:40:06.377165+05:30,GET,GET /health/,22.19,ok,
2026-10-04T18:40:06.392892+05:30,GET,GET /jobs/{id}/,21.54,ok,
2026-10-04T18:40:06.399959+05:30,POST,POST /jobs/,24.16,ok,
2026-10-04T18:40:06.408937+05:30,POST,POST /jobs/,27.49,ok,
2026-10-04T18:40:06.458473+05:30,GET,GET /jobs/{id}/,22.24,ok,
2026-10-04T18:40:06.544727+05:30,POST,POST /jobs/,24.93,ok,
2026-10-04T18:40:06.551504+05:30,GET,GET /jobs/{id}/,20.1,ok,
2026-10-04T18:40:06.559617+05:30,POST,POST /jobs/,23.23,ok,
2026-10-04T18:40:06.585846+05:30,GET,GET /jobs/{id}/,20.88,ok,
2026-10-04T18:40:06.586846+05:30,GET,GET /health/,21.46,ok,
2026-10-04T18:40:06.589480+05:30,GET,GET /jobs/{id}/,21.12,ok,
2026-10-04T18:40:06.619240+05:30,GET,GET /jobs/{id}/,20.48,ok,
2026-10-04T18:40:06.679936+05:30,GET,GET /jobs/{id}/,22.37,ok,
2026-10-04T18:40:06.696127+05:30,GET,GET /jobs/stats/,24.36,ok,
2026-10-04T18:40:06.710330+05:30,GET,GET /jobs/{id}/,27.13,ok,
2026-10-04T18:40:06.711297+05:30,GET,GET /jobs/stats/,23.21,ok,
2026-10-04T18:40:06.729475+05:30,GET,GET /health/,20.19,ok,
2026-10-04T18:40:06.748735+05:30,POST,POST /jobs/,22.12,ok,
2026-10-04T18:40:06.784625+05:30,GET,GET /jobs/{id}/,20.59,ok,
2026-10-04T18:40:06.795746+05:30,POST,POST /jobs/,23.75,ok,
2026-10-04T18:40:06.810130+05:30,GET,GET /jobs/{id}/,20.18,ok,
2026-10-04T18:40:06.883365+05:30,POST,POST /jobs/,24.93,ok,
2026-10-04T18:40:06.900434+05:30,POST,POST /jobs/,22.97,ok,
2026-10-04T18:40:06.901583+05:30,GET,GET /jobs/stats/,19.88,ok,
2026-10-04T18:40:06.932939+05:30,POST,POST /jobs/,24.07,ok,
2026-10-04T18:40:06.935274+05:30,GET,GET /jobs/{id}/,20.72,ok,
2026-10-04T18:40:06.977102+05:30,POST,POST /jobs/,23.53,ok,
2026-10-04T18:40:06.983789+05:30,GET,GET /jobs/{id}/,20.08,ok,
2026-10-04T18:40:06.990411+05:30,GET,GET /jobs/{id}/,21.69,ok,
2026-10-04T18:40:07.056767+05:30,GET,GET /jobs/{id}/,23.02,ok,
2026-10-04T18:40:07.063856+05:30,GET,GET /health/,21.9,ok,
2026-10-04T18:40:07.070367+05:30,GET,GET /jobs/{id}/,20.38,ok,
2026-10-04T18:40:07.084361+05:30,GET,GET /jobs/{id}/,20.34,ok,
2026-10-04T18:40:07.133722+05:30,GET,GET /jobs/stats/,21.1,ok,
2026-10-04T18:40:07.140363+05:30,GET,GET /jobs/{id}/,22.76,ok,
2026-10-04T18:40:07.158541+05:30,POST,POST /jobs/,24.54,ok,
2026-10-04T18:40:07.178331+05:30,GET,GET /jobs/stats/,23.71,ok,
2026-10-04T18:40:07.182555+05:30,POST,POST /jobs/,25.33,ok,
2026-10-04T18:40:07.229034+05:30,GET,GET /jobs/{id}/,21.18,ok,
2026-10-04T18:40:07.229436+05:30,GET,GET /jobs/{id}/,19.57,ok,
2026-10-04T18:40:07.298319+05:30,GET,GET /jobs/stats/,25.59,ok,
2026-10-04T18:40:07.304853+05:30,POST,POST /jobs/,28.16,ok,
2026-10-04T18:40:07.309023+05:30,GET,GET /jobs/{id}/,25.88,ok,
2026-10-04T18:40:07.311054+05:30,GET,GET /jobs/{id}/,23.51,ok,
2026-10-04T18:40:07.319836+05:30,GET,GET /jobs/{id}/,28.33,ok,
2026-10-04T18:40:07.320200+05:30,POST,POST /jobs/,37.59,ok,
2026-10-04T18:40:07.327438+05:30,GET,GET /jobs/{id}/,28.98,ok,
2026-10-04T18:40:07.329873+05:30,GET,GET /health/,36.68,ok,
2026-10-04T18:40:07.332178+05:30,GET,GET /jobs/{id}/,25.1,ok,
2026-10-04T18:40:07.344556+05:30,GET,GET /jobs/{id}/,20.14,ok,
2026-10-04T18:40:07.384935+05:30,GET,GET /jobs/{id}/,26.18,ok,
2026-10-04T18:40:07.385368+05:30,GET,GET /jobs/stats/,36.59,ok,
2026-10-04T18:40:07.470500+05:30,POST,POST /jobs/,25.86,ok,
2026-10-04T18:40:07.470954+05:30,GET,GET /health/,25.83,ok,
2026-10-04T18:40:07.483007+05:30,POST,POST /jobs/,25.71,ok,
2026-10-04T18:40:07.493310+05:30,POST,POST /jobs/,22.23,ok,
2026-10-04T18:40:07.524276+05:30,GET,GET /jobs/{id}/,22.69,ok,
2026-10-04T18:40:07.534175+05:30,GET,GET /jobs/{id}/,21.61,ok,
2026-10-04T18:40:07.537900+05:30,POST,POST /jobs/,27.26,ok,
2026-10-04T18:40:07.552085+05:30,GET,GET /jobs/{id}/,20.52,ok,
2026-10-04T18:40:07.569587+05:30,GET,GET /jobs/{id}/,20.49,ok,
2026-10-04T18:40:07.570858+05:30,GET,GET /health/,24.74,ok,
2026-10-04T18:40:07.587502+05:30,POST,POST /jobs/,31.16,ok,
2026-10-04T18:40:07.591956+05:30,GET,GET /jobs/{id}/,22.2,ok,
2026-10-04T18:40:07.595750+05:30,GET,GET /jobs/stats/,25.5,ok,
2026-10-04T18:40:07.609599+05:30,GET,GET /jobs/{id}/,19.84,ok,
2026-10-04T18:40:07.616040+05:30,GET,GET /jobs/{id}/,19.08,ok,
2026-10-04T18:40:07.644094+05:30,GET,GET /jobs/{id}/,19.78,ok,
2026-10-04T18:40:07.680748+05:30,GET,GET /jobs/{id}/,20.33,ok,
2026-10-04T18:40:07.709729+05:30,POST,POST /jobs/,22.69,ok,
2026-10-04T18:40:07.772779+05:30,POST,POST /jobs/,28.7,ok,
2026-10-04T18:40:07.773186+05:30,GET,GET /jobs/{id}/,27.14,ok,
2026-10-04T18:40:07.779877+05:30,POST,POST /jobs/,28.9,ok,
2026-10-04T18:40:07.786615+05:30,GET,GET /jobs/stats/,23.71,ok,
2026-10-04T18:40:07.791179+05:30,GET,GET /jobs/{id}/,22.72,ok,
2026-10-04T18:40:07.805906+05:30,GET,GET /jobs/{id}/,21.76,ok,
2026-10-04T18:40:07.818995+05:30,POST,POST /jobs/,22.57,ok,
2026-10-04T18:40:07.852509+05:30,GET,GET /jobs/{id}/,20.22,ok,
2026-10-04T18:40:07.951539+05:30,POST,POST /jobs/,25.59,ok,
2026-10-04T18:40:07.951990+05:30,POST,POST /jobs/,35.16,ok,
2026-10-04T18:40:07.966696+05:30,POST,POST /jobs/,34.8,ok,
2026-10-04T18:40:07.967302+05:30,POST,POST /jobs/,36.35,ok,
2026-10-04T18:40:07.967878+05:30,POST,POST /jobs/,37.84,ok,
2026-10-04T18:40:07.977057+05:30,POST,POST /jobs/,33.25,ok,
2026-10-04T18:40:07.991879+05:30,GET,GET /jobs/{id}/,23.53,ok,
2026-10-04T18:40:07.992299+05:30,GET,GET /jobs/{id}/,26.88,ok,
2026-10-04T18:40:08.012517+05:30,GET,GET /jobs/{id}/,20.1,ok,
2026-10-04T18:40:08.019946+05:30,GET,GET /jobs/stats/,21.75,ok,
2026-10-04T18:40:08.047256+05:30,GET,GET /health/,22.02,ok,
2026-10-04T18:40:08.055246+05:30,GET,GET /jobs/{id}/,20.5,ok,
2026-10-04T18:40:08.098311+05:30,POST,POST /jobs/,23.74,ok,
2026-10-04T18:40:08.107854+05:30,POST,POST /jobs/,23.27,ok,
2026-10-04T18:40:08.113141+05:30,GET,GET /health/,22.56,ok,
2026-10-04T18:40:08.137920+05:30,GET,GET /health/,20.52,ok,
2026-10-04T18:40:08.172486+05:30,POST,POST /jobs/,23.26,ok,
2026-10-04T18:40:08.176637+05:30,GET,GET /jobs/{id}/,20.28,ok,
2026-10-04T18:40:08.249622+05:30,POST,POST /jobs/,22.68,ok,
2026-10-04T18:40:08.304400+05:30,GET,GET /jobs/{id}/,22.4,ok,
2026-10-04T18:40:08.374485+05:30,GET,GET /jobs/{id}/,19.77,ok,
2026-10-04T18:40:08.439456+05:30,POST,POST /jobs/,24.62,ok,
2026-10-04T18:40:08.456683+05:30,GET,GET /jobs/{id}/,23.78,ok,
2026-10-04T18:40:08.471282+05:30,GET,GET /jobs/{id}/,21.55,ok,
2026-10-04T18:40:08.471733+05:30,POST,POST /jobs/,25.02,ok,
2026-10-04T18:40:08.500990+05:30,POST,POST /jobs/,23.02,ok,
2026-10-04T18:40:08.513317+05:30,GET,GET /jobs/{id}/,20.35,ok,
2026-10-04T18:40:08.519488+05:30,GET,GET /jobs/{id}/,19.84,ok,
2026-10-04T18:40:08.568490+05:30,GET,GET /jobs/{id}/,19.71,ok,
2026-10-04T18:40:08.572767+05:30,GET,GET /jobs/{id}/,21.02,ok,
2026-10-04T18:40:08.600852+05:30,GET,GET /jobs/{id}/,20.81,ok,
2026-10-04T18:40:08.617294+05:30,POST,POST /jobs/,23.28,ok,
2026-10-04T18:40:08.623255+05:30,GET,GET /jobs/{id}/,21.15,ok,
2026-10-04T18:40:08.626562+05:30,POST,POST /jobs/,24.0,ok,
2026-10-04T18:40:08.710706+05:30,POST,POST /jobs/,22.82,ok,
2026-10-04T18:40:08.731575+05:30,GET,GET /jobs/{id}/,19.62,ok,
2026-10-04T18:40:08.755873+05:30,GET,GET /jobs/{id}/,25.91,ok,
2026-10-04T18:40:08.756296+05:30,GET,GET /jobs/{id}/,24.6,ok,
2026-10-04T18:40:08.762892+05:30,GET,GET /jobs/stats/,23.47,ok,
2026-10-04T18:40:08.794727+05:30,POST,POST /jobs/,22.54,ok,
2026-10-04T18:40:08.798654+05:30,GET,GET /jobs/stats/,22.45,ok,
2026-10-04T18:40:08.833567+05:30,GET,GET /health/,20.65,ok,
2026-10-04T18:40:08.872732+05:30,GET,GET /jobs/{id}/,22.72,ok,
2026-10-04T18:40:08.883978+05:30,POST,POST /jobs/,24.92,ok,
2026-10-04T18:40:08.890703+05:30,POST,POST /jobs/,23.7,ok,
2026-10-04T18:40:08.900319+05:30,POST,POST /jobs/,24.31,ok,
2026-10-04T18:40:08.910445+05:30,GET,GET /health/,21.22,ok,
2026-10-04T18:40:08.973286+05:30,GET,GET /jobs/{id}/,20.54,ok,
2026-10-04T18:40:08.999865+05:30,GET,GET /jobs/{id}/,25.31,ok,
2026-10-04T18:40:09.013281+05:30,GET,GET /jobs/stats/,22.79,ok,
2026-10-04T18:40:09.017579+05:30,GET,GET /jobs/{id}/,26.57,ok,
2026-10-04T18:40:09.035514+05:30,GET,GET /jobs/{id}/,25.31,ok,
2026-10-04T18:40:09.052561+05:30,POST,POST /jobs/,26.65,ok,
2026-10-04T18:40:09.053547+05:30,POST,POST /jobs/,24.63,ok,
2026-10-04T18:40:09.071962+05:30,GET,GET /jobs/{id}/,20.4,ok,
2026-10-04T18:40:09.108286+05:30,GET,GET /jobs/{id}/,22.03,ok,
2026-10-04T18:40:09.137180+05:30,POST,POST /jobs/,24.55,ok,
2026-10-04T18:40:09.147037+05:30,GET,GET /jobs/{id}/,20.38,ok,
2026-10-04T18:40:09.150046+05:30,POST,POST /jobs/,22.82,ok,
2026-10-04T18:40:09.172381+05:30,GET,GET /jobs/{id}/,20.09,ok,
2026-10-04T18:40:09.227074+05:30,GET,GET /jobs/{id}/,20.42,ok,
2026-10-04T18:40:09.246995+05:30,GET,GET /jobs/stats/,21.77,ok,
2026-10-04T18:40:09.253282+05:30,POST,POST /jobs/,22.94,ok,
2026-10-04T18:40:09.350869+05:30,GET,GET /jobs/stats/,22.28,ok,
2026-10-04T18:40:09.356002+05:30,GET,GET /jobs/{id}/,20.44,ok,
2026-10-04T18:40:09.370244+05:30,POST,POST /jobs/,25.67,ok,
2026-10-04T18:40:09.374734+05:30,GET,GET /jobs/{id}/,20.62,ok,
2026-10-04T18:40:09.379893+05:30,GET,GET /jobs/stats/,22.7,ok,
2026-10-04T18:40:09.398115+05:30,GET,GET /jobs/{id}/,20.14,ok,
2026-10-04T18:40:09.406006+05:30,GET,GET /jobs/{id}/,19.86,ok,
2026-10-04T18:40:09.446193+05:30,POST,POST /jobs/,26.85,ok,
2026-10-04T18:40:09.447322+05:30,POST,POST /jobs/,25.03,ok,
2026-10-04T18:40:09.447710+05:30,POST,POST /jobs/,22.62,ok,
2026-10-04T18:40:09.476240+05:30,GET,GET /jobs/{id}/,19.29,ok,
2026-10-04T18:40:09.503193+05:30,GET,GET /health/,19.67,ok,
2026-10-04T18:40:09.521739+05:30,GET,GET /health/,20.23,ok,
2026-10-04T18:40:09.528687+05:30,POST,POST /jobs/,24.0,ok,
2026-10-04T18:40:09.535457+05:30,GET,GET /jobs/{id}/,20.61,ok,
2026-10-04T18:40:09.615597+05:30,GET,GET /jobs/{id}/,19.82,ok,
2026-10-04T18:40:09.671609+05:30,POST,POST /jobs/,26.21,ok,
2026-10-04T18:40:09.672029+05:30,GET,GET /jobs/{id}/,29.12,ok,
2026-10-04T18:40:09.685375+05:30,POST,POST /jobs/,24.03,ok,
2026-10-04T18:40:09.692997+05:30,POST,POST /jobs/,24.8,ok,
2026-10-04T18:40:09.694600+05:30,GET,GET /health/,23.87,ok,
2026-10-04T18:40:09.705950+05:30,GET,GET /jobs/{id}/,22.41,ok,
2026-10-04T18:40:09.720096+05:30,GET,GET /jobs/stats/,22.23,ok,
2026-10-04T18:40:09.731480+05:30,GET,GET /jobs/{id}/,21.46,ok,
2026-10-04T18:40:09.731914+05:30,GET,GET /health/,23.74,ok,
2026-10-04T18:40:09.754702+05:30,GET,GET /jobs/{id}/,20.56,ok,
2026-10-04T18:40:09.756506+05:30,GET,GET /jobs/{id}/,19.44,ok,
2026-10-04T18:40:09.792128+05:30,POST,POST /jobs/,23.33,ok,
2026-10-04T18:40:09.863496+05:30,GET,GET /jobs/{id}/,21.06,ok,
2026-10-04T18:40:09.865274+05:30,GET,GET /jobs/{id}/,21.93,ok,
2026-10-04T18:40:09.868610+05:30,GET,GET /jobs/{id}/,23.38,ok,
2026-10-04T18:40:09.878490+05:30,GET,GET /jobs/{id}/,21.96,ok,
2026-10-04T18:40:09.883104+05:30,GET,GET /jobs/{id}/,20.92,ok,
2026-10-04T18:40:09.910887+05:30,GET,GET /jobs/stats/,22.53,ok,
2026-10-04T18:40:09.913141+05:30,GET,GET /jobs/{id}/,19.83,ok,
2026-10-04T18:40:09.939516+05:30,GET,GET /jobs/{id}/,27.16,ok,
2026-10-04T18:40:09.939941+05:30,GET,GET /jobs/{id}/,28.91,ok,
2026-10-04T18:40:09.956529+05:30,GET,GET /jobs/{id}/,28.63,ok,
2026-10-04T18:40:09.960823+05:30,GET,GET /jobs/{id}/,30.51,ok,
2026-10-04T18:40:09.965971+05:30,POST,POST /jobs/,37.58,ok,
2026-10-04T18:40:09.988244+05:30,POST,POST /jobs/,23.44,ok,
2026-10-04T18:40:09.994124+05:30,POST,POST /jobs/,22.21,ok,
2026-10-04T18:40:10.022702+05:30,GET,GET /jobs/{id}/,24.28,ok,
2026-10-04T18:40:10.036663+05:30,POST,POST /jobs/,25.18,ok,
2026-10-04T18:40:10.059569+05:30,POST,POST /jobs/,24.17,ok,
2026-10-04T18:40:10.082715+05:30,GET,GET /jobs/{id}/,21.85,ok,
2026-10-04T18:40:10.099891+05:30,GET,GET /jobs/{id}/,26.98,ok,
2026-10-04T18:40:10.100556+05:30,GET,GET /jobs/{id}/,25.21,ok,
2026-10-04T18:40:10.119070+05:30,POST,POST /jobs/,31.04,ok,
2026-10-04T18:40:10.119710+05:30,GET,GET /health/,23.5,ok,
2026-10-04T18:40:10.120095+05:30,GET,GET /jobs/{id}/,27.06,ok,
2026-10-04T18:40:10.166719+05:30,GET,GET /health/,27.37,ok,
2026-10-04T18:40:10.212864+05:30,GET,GET /jobs/stats/,20.85,ok,
2026-10-04T18:40:10.233887+05:30,GET,GET /jobs/stats/,22.2,ok,
2026-10-04T18:40:10.239292+05:30,GET,GET /health/,21.16,ok,
2026-10-04T18:40:10.243845+05:30,GET,GET /jobs/{id}/,21.25,ok,
2026-10-04T18:40:10.272674+05:30,GET,GET /jobs/{id}/,20.52,ok,
2026-10-04T18:40:10.281025+05:30,POST,POST /jobs/,21.85,ok,
2026-10-04T18:40:10.333191+05:30,GET,GET /health/,22.71,ok,
2026-10-04T18:40:10.336509+05:30,POST,POST /jobs/,30.12,ok,
2026-10-04T18:40:10.336972+05:30,GET,GET /jobs/{id}/,24.55,ok,
2026-10-04T18:40:10.338632+05:30,GET,GET /jobs/{id}/,22.18,ok,
2026-10-04T18:40:10.347777+05:30,GET,GET /jobs/{id}/,23.31,ok,
2026-10-04T18:40:10.356902+05:30,GET,GET /jobs/{id}/,19.8,ok,
2026-10-04T18:40:10.405933+05:30,GET,GET /jobs/stats/,21.73,ok,
2026-10-04T18:40:10.407419+05:30,GET,GET /jobs/{id}/,20.23,ok,
2026-10-04T18:40:10.500846+05:30,POST,POST /jobs/,22.09,ok,
2026-10-04T18:40:10.533862+05:30,POST,POST /jobs/,22.63,ok,
2026-10-04T18:40:10.552444+05:30,POST,POST /jobs/,27.24,ok,
2026-10-04T18:40:10.566438+05:30,GET,GET /jobs/{id}/,21.25,ok,
2026-10-04T18:40:10.618145+05:30,GET,GET /jobs/{id}/,20.35,ok,
2026-10-04T18:40:10.627804+05:30,POST,POST /jobs/,22.93,ok,
2026-10-04T18:40:10.690243+05:30,GET,GET /jobs/{id}/,20.49,ok,
2026-10-04T18:40:10.697585+05:30,GET,GET /jobs/{id}/,20.73,ok,
2026-10-04T18:40:10.769696+05:30,GET,GET /jobs/{id}/,20.8,ok,
2026-10-04T18:40:10.831647+05:30,GET,GET /jobs/{id}/,21.56,ok,
2026-10-04T18:40:10.846412+05:30,GET,GET /jobs/{id}/,21.32,ok,
2026-10-04T18:40:10.854809+05:30,POST,POST /jobs/,21.91,ok,
2026-10-04T18:40:10.892681+05:30,GET,GET /health/,20.6,ok,
2026-10-04T18:40:10.916908+05:30,POST,POST /jobs/,21.97,ok,
2026-10-04T18:40:10.959788+05:30,GET,GET /jobs/{id}/,22.59,ok,
2026-10-04T18:40:10.970143+05:30,POST,POST /jobs/,25.9,ok,
2026-10-04T18:40:10.982111+05:30,GET,GET /jobs/{id}/,20.03,ok,
2026-10-04T18:40:11.035665+05:30,GET,GET /jobs/{id}/,22.23,ok,
2026-10-04T18:40:11.093871+05:30,POST,POST /jobs/,29.86,ok,
2026-10-04T18:40:11.107494+05:30,GET,GET /jobs/{id}/,20.45,ok,
2026-10-04T18:40:11.126110+05:30,GET,GET /jobs/{id}/,18.47,ok,
2026-10-04T18:40:11.126687+05:30,GET,GET /health/,20.51,ok,
2026-10-04T18:40:11.149113+05:30,GET,GET /jobs/stats/,20.21,ok,
2026-10-04T18:40:11.267121+05:30,POST,POST /jobs/,23.6,ok,
2026-10-04T18:40:11.282411+05:30,GET,GET /jobs/{id}/,20.89,ok,
2026-10-04T18:40:11.293739+05:30,GET,GET /jobs/{id}/,21.35,ok,
2026-10-04T18:40:11.304636+05:30,GET,GET /jobs/{id}/,19.94,ok,
2026-10-04T18:40:11.331940+05:30,GET,GET /jobs/{id}/,24.02,ok,
2026-10-04T18:40:11.340918+05:30,POST,POST /jobs/,22.02,ok,
2026-10-04T18:40:11.346205+05:30,GET,GET /jobs/stats/,21.39,ok,
2026-10-04T18:40:11.401686+05:30,GET,GET /jobs/{id}/,20.16,ok,
2026-10-04T18:40:11.429125+05:30,GET,GET /jobs/{id}/,24.08,ok,
2026-10-04T18:40:11.436628+05:30,POST,POST /jobs/,31.03,ok,
2026-10-04T18:40:11.441631+05:30,GET,GET /health/,22.51,ok,
2026-10-04T18:40:11.446655+05:30,POST,POST /jobs/,28.02,ok,
2026-10-04T18:40:11.492669+05:30,GET,GET /jobs/{id}/,21.72,ok,
2026-10-04T18:40:11.509161+05:30,GET,GET /jobs/{id}/,22.18,ok,
2026-10-04T18:40:11.520893+05:30,POST,POST /jobs/,22.95,ok,
2026-10-04T18:40:11.531398+05:30,GET,GET /jobs/stats/,20.0,ok,
2026-10-04T18:40:11.571469+05:30,GET,GET /jobs/{id}/,20.81,ok,
2026-10-04T18:40:11.574328+05:30,GET,GET /health/,25.65,ok,
2026-10-04T18:40:11.578514+05:30,GET,GET /jobs/{id}/,27.41,ok,
2026-10-04T18:40:11.591581+05:30,POST,POST /jobs/,23.54,ok,
2026-10-04T18:40:11.607613+05:30,GET,GET /health/,20.87,ok,
2026-10-04T18:40:11.668304+05:30,GET,GET /jobs/{id}/,20.35,ok,
2026-10-04T18:40:11.674158+05:30,GET,GET /jobs/{id}/,19.65,ok,
2026-10-04T18:40:11.697677+05:30,GET,GET /jobs/{id}/,21.27,ok,
2026-10-04T18:40:11.699652+05:30,GET,GET /jobs/{id}/,21.29,ok,
2026-10-04T18:40:11.707661+05:30,POST,POST /jobs/,27.54,ok,
2026-10-04T18:40:11.708093+05:30,GET,GET /jobs/{id}/,27.53,ok,
2026-10-04T18:40:11.721089+05:30,GET,GET /jobs/{id}/,22.71,ok,
2026-10-04T18:40:11.727176+05:30,GET,GET /jobs/{id}/,20.09,ok,
2026-10-04T18:40:11.737091+05:30,GET,GET /jobs/{id}/,22.52,ok,
2026-10-04T18:40:11.749673+05:30,POST,POST /jobs/,22.34,ok,
2026-10-04T18:40:11.770268+05:30,GET,GET /jobs/{id}/,22.87,ok,
2026-10-04T18:40:11.778380+05:30,POST,POST /jobs/,21.44,ok,
2026-10-04T18:40:11.788065+05:30,POST,POST /jobs/,25.07,ok,
2026-10-04T18:40:11.805614+05:30,GET,GET /jobs/{id}/,23.95,ok,
2026-10-04T18:40:11.828956+05:30,GET,GET /jobs/{id}/,20.04,ok,
2026-10-04T18:40:11.883594+05:30,GET,GET /jobs/{id}/,19.32,ok,
2026-10-04T18:40:11.965939+05:30,GET,GET /jobs/{id}/,21.03,ok,
2026-10-04T18:40:11.981893+05:30,POST,POST /jobs/,22.79,ok,
2026-10-04T18:40:12.008382+05:30,GET,GET /jobs/stats/,22.18,ok,
2026-10-04T18:40:12.017179+05:30,GET,GET /jobs/{id}/,21.55,ok,
2026-10-04T18:40:12.046595+05:30,GET,GET /jobs/{id}/,21.07,ok,
2026-10-04T18:40:12.051026+05:30,GET,GET /jobs/{id}/,21.49,ok,
2026-10-04T18:40:12.131550+05:30,GET,GET /jobs/stats/,21.22,ok,
2026-10-04T18:40:12.136195+05:30,GET,GET /jobs/{id}/,20.83,ok,
2026-10-04T18:40:12.158400+05:30,GET,GET /jobs/{id}/,23.13,ok,
2026-10-04T18:40:12.169348+05:30,POST,POST /jobs/,26.19,ok,
2026-10-04T18:40:12.169847+05:30,POST,POST /jobs/,28.99,ok,
2026-10-04T18:40:12.170196+05:30,GET,GET /jobs/{id}/,27.5,ok,
2026-10-04T18:40:12.198138+05:30,GET,GET /jobs/stats/,30.17,ok,
2026-10-04T18:40:12.224535+05:30,GET,GET /health/,22.17,ok,
2026-10-04T18:40:12.229453+05:30,GET,GET /jobs/{id}/,20.07,ok,
2026-10-04T18:40:12.235412+05:30,GET,GET /jobs/{id}/,21.03,ok,
2026-10-04T18:40:12.270465+05:30,GET,GET /jobs/{id}/,21.76,ok,
2026-10-04T18:40:12.281741+05:30,GET,GET /health/,20.07,ok,
2026-10-04T18:40:12.284254+05:30,GET,GET /jobs/{id}/,20.57,ok,
2026-10-04T18:40:12.342696+05:30,GET,GET /jobs/{id}/,20.14,ok,
2026-10-04T18:40:12.367730+05:30,GET,GET /jobs/{id}/,21.76,ok,
2026-10-04T18:40:12.387991+05:30,GET,GET /jobs/{id}/,28.03,ok,
2026-10-04T18:40:12.399839+05:30,POST,POST /jobs/,26.84,ok,
2026-10-04T18:40:12.400245+05:30,GET,GET /jobs/{id}/,23.37,ok,
2026-10-04T18:40:12.403616+05:30,GET,GET /jobs/stats/,26.16,ok,
2026-10-04T18:40:12.412015+05:30,POST,POST /jobs/,25.38,ok,
2026-10-04T18:40:12.426409+05:30,GET,GET /jobs/{id}/,19.57,ok,
2026-10-04T18:40:12.475659+05:30,GET,GET /jobs/{id}/,19.92,ok,
2026-10-04T18:40:12.483227+05:30,GET,GET /jobs/{id}/,23.3,ok,
2026-10-04T18:40:12.498200+05:30,GET,GET /health/,21.29,ok,
2026-10-04T18:40:12.502798+05:30,GET,GET /jobs/{id}/,20.45,ok,
2026-10-04T18:40:12.527069+05:30,GET,GET /jobs/{id}/,20.06,ok,
2026-10-04T18:40:12.527478+05:30,GET,GET /jobs/{id}/,22.44,ok,
2026-10-04T18:40:12.642077+05:30,GET,GET /jobs/{id}/,20.28,ok,
2026-10-04T18:40:12.653216+05:30,POST,POST /jobs/,22.27,ok,
2026-10-04T18:40:12.723041+05:30,POST,POST /jobs/,22.52,ok,
2026-10-04T18:40:12.741535+05:30,POST,POST /jobs/,20.94,ok,
2026-10-04T18:40:12.753138+05:30,GET,GET /jobs/{id}/,19.79,ok,
2026-10-04T18:40:12.780365+05:30,GET,GET /jobs/{id}/,22.28,ok,
2026-10-04T18:40:12.780814+05:30,GET,GET /jobs/{id}/,23.4,ok,
2026-10-04T18:40:12.792273+05:30,GET,GET /jobs/{id}/,23.25,ok,
2026-10-04T18:40:12.805196+05:30,GET,GET /jobs/{id}/,20.16,ok,
2026-10-04T18:40:12.837852+05:30,POST,POST /jobs/,25.26,ok,
2026-10-04T18:40:12.841513+05:30,POST,POST /jobs/,26.01,ok,
2026-10-04T18:40:12.843258+05:30,GET,GET /jobs/{id}/,25.81,ok,
2026-10-04T18:40:12.854735+05:30,GET,GET /jobs/{id}/,26.31,ok,
2026-10-04T18:40:12.897430+05:30,GET,GET /jobs/{id}/,20.41,ok,
2026-10-04T18:40:12.901047+05:30,GET,GET /jobs/stats/,23.52,ok,
2026-10-04T18:40:12.933259+05:30,POST,POST /jobs/,23.9,ok,
2026-10-04T18:40:12.944069+05:30,POST,POST /jobs/,22.61,ok,
2026-10-04T18:40:12.996709+05:30,POST,POST /jobs/,25.3,ok,
2026-10-04T18:40:13.031620+05:30,POST,POST /jobs/,28.57,ok,
2026-10-04T18:40:13.046246+05:30,POST,POST /jobs/,27.12,ok,
2026-10-04T18:40:13.046747+05:30,GET,GET /jobs/{id}/,25.68,ok,
2026-10-04T18:40:13.054277+05:30,GET,GET /jobs/stats/,22.5,ok,
2026-10-04T18:40:13.085197+05:30,GET,GET /jobs/{id}/,20.61,ok,
2026-10-04T18:40:13.093824+05:30,POST,POST /jobs/,25.2,ok,
2026-10-04T18:40:13.182996+05:30,GET,GET /jobs/{id}/,50.83,ok,
2026-10-04T18:40:13.209937+05:30,GET,GET /jobs/{id}/,94.78,ok,
2026-10-04T18:40:13.227715+05:30,GET,GET /jobs/{id}/,41.14,ok,
2026-10-04T18:40:13.262027+05:30,GET,GET /jobs/{id}/,66.53,ok,
2026-10-04T18:40:13.266167+05:30,GET,GET /jobs/{id}/,70.15,ok,
2026-10-04T18:40:13.266672+05:30,GET,GET /jobs/{id}/,85.33,ok,
2026-10-04T18:40:13.275139+05:30,GET,GET /jobs/{id}/,52.89,ok,
2026-10-04T18:40:13.283823+05:30,GET,GET /jobs/{id}/,27.66,ok,
2026-10-04T18:40:13.312915+05:30,GET,GET /health/,24.82,ok,
2026-10-04T18:40:13.313088+05:30,GET,GET /jobs/{id}/,38.94,ok,
2026-10-04T18:40:13.323565+05:30,GET,GET /jobs/{id}/,23.47,ok,
2026-10-04T18:40:13.331663+05:30,POST,POST /jobs/,24.58,ok,
2026-10-04T18:40:13.336435+05:30,GET,GET /jobs/{id}/,22.15,ok,
2026-10-04T18:40:13.453092+05:30,GET,GET /jobs/{id}/,20.27,ok,
2026-10-04T18:40:13.510695+05:30,GET,GET /jobs/{id}/,20.29,ok,
2026-10-04T18:40:13.517839+05:30,POST,POST /jobs/,24.36,ok,
2026-10-04T18:40:13.524729+05:30,GET,GET /health/,21.25,ok,
2026-10-04T18:40:13.546262+05:30,POST,POST /jobs/,23.09,ok,
2026-10-04T18:40:13.550298+05:30,GET,GET /jobs/{id}/,22.32,ok,
2026-10-04T18:40:13.555295+05:30,GET,GET /health/,23.48,ok,
2026-10-04T18:40:13.561940+05:30,POST,POST /jobs/,24.24,ok,
2026-10-04T18:40:13.570164+05:30,POST,POST /jobs/,28.43,ok,
2026-10-04T18:40:13.575450+05:30,GET,GET /health/,22.42,ok,
2026-10-04T18:40:13.594757+05:30,POST,POST /jobs/,42.18,ok,
2026-10-04T18:40:13.621182+05:30,GET,GET /jobs/{id}/,45.58,ok,
2026-10-04T18:40:13.626178+05:30,POST,POST /jobs/,45.25,ok,
2026-10-04T18:40:13.629284+05:30,POST,POST /jobs/,38.49,ok,
2026-10-04T18:40:13.629652+05:30,GET,GET /jobs/stats/,30.67,ok,
2026-10-04T18:40:13.661517+05:30,POST,POST /jobs/,73.66,ok,
2026-10-04T18:40:13.698467+05:30,POST,POST /jobs/,95.52,ok,
2026-10-04T18:40:13.703404+05:30,POST,POST /jobs/,94.03,ok,
2026-10-04T18:40:13.705040+05:30,GET,GET /jobs/{id}/,96.21,ok,
2026-10-04T18:40:13.707724+05:30,GET,GET /jobs/{id}/,70.15,ok,
2026-10-04T18:40:13.721297+05:30,GET,GET /jobs/{id}/,77.82,ok,
2026-10-04T18:40:13.721713+05:30,POST,POST /jobs/,86.11,ok,
2026-10-04T18:40:13.721898+05:30,GET,GET /jobs/{id}/,37.09,ok,
2026-10-04T18:40:13.763642+05:30,GET,GET /jobs/{id}/,20.9,ok,
2026-10-04T18:40:13.764079+05:30,GET,GET /jobs/{id}/,21.91,ok,
2026-10-04T18:40:13.790375+05:30,POST,POST /jobs/,22.08,ok,
2026-10-04T18:40:13.856515+05:30,GET,GET /jobs/{id}/,20.77,ok,
2026-10-04T18:40:13.867853+05:30,GET,GET /jobs/{id}/,27.91,ok,
2026-10-04T18:40:13.890392+05:30,POST,POST /jobs/,32.63,ok,
2026-10-04T18:40:13.914918+05:30,GET,GET /jobs/{id}/,21.21,ok,
2026-10-04T18:40:13.915695+05:30,GET,GET /jobs/{id}/,19.83,ok,
2026-10-04T18:40:13.933087+05:30,GET,GET /jobs/{id}/,19.8,ok,
2026-10-04T18:40:13.940252+05:30,GET,GET /jobs/{id}/,20.29,ok,
2026-10-04T18:40:13.950951+05:30,GET,GET /jobs/{id}/,19.49,ok,
2026-10-04T18:40:13.988405+05:30,GET,GET /jobs/{id}/,20.15,ok,
2026-10-04T18:40:14.000951+05:30,GET,GET /jobs/{id}/,19.66,ok,
2026-10-04T18:40:14.037027+05:30,GET,GET /jobs/stats/,27.67,ok,
2026-10-04T18:40:14.041043+05:30,POST,POST /jobs/,23.96,ok,
2026-10-04T18:40:14.045264+05:30,GET,GET /jobs/stats/,22.3,ok,
2026-10-04T18:40:14.047583+05:30,GET,GET /jobs/{id}/,22.76,ok,
2026-10-04T18:40:14.066357+05:30,GET,GET /jobs/{id}/,19.61,ok,
2026-10-04T18:40:14.133568+05:30,GET,GET /jobs/{id}/,21.71,ok,
2026-10-04T18:40:14.145583+05:30,POST,POST /jobs/,21.69,ok,
2026-10-04T18:40:14.205383+05:30,POST,POST /jobs/,23.45,ok,
2026-10-04T18:40:14.220164+05:30,GET,GET /health/,22.09,ok,
2026-10-04T18:40:14.284893+05:30,POST,POST /jobs/,23.34,ok,
2026-10-04T18:40:14.303636+05:30,GET,GET /jobs/{id}/,20.18,ok,
2026-10-04T18:40:14.326570+05:30,POST,POST /jobs/,22.74,ok,
2026-10-04T18:40:14.345616+05:30,GET,GET /jobs/{id}/,20.07,ok,
2026-10-04T18:40:14.353889+05:30,POST,POST /jobs/,22.65,ok,
2026-10-04T18:40:14.373319+05:30,GET,GET /jobs/{id}/,20.45,ok,
2026-10-04T18:40:14.393640+05:30,POST,POST /jobs/,21.61,ok,
2026-10-04T18:40:14.422576+05:30,GET,GET /jobs/{id}/,20.55,ok,
2026-10-04T18:40:14.426949+05:30,POST,POST /jobs/,21.95,ok,
2026-10-04T18:40:14.473601+05:30,GET,GET /jobs/{id}/,20.33,ok,
2026-10-04T18:40:14.499904+05:30,GET,GET /jobs/{id}/,20.0,ok,
2026-10-04T18:40:14.512197+05:30,GET,GET /jobs/{id}/,21.32,ok,
2026-10-04T18:40:14.517576+05:30,GET,GET /jobs/{id}/,28.68,ok,
2026-10-04T18:40:14.534095+05:30,GET,GET /jobs/{id}/,26.26,ok,
2026-10-04T18:40:14.534980+05:30,POST,POST /jobs/,29.21,ok,
2026-10-04T18:40:14.541479+05:30,GET,GET /jobs/{id}/,27.04,ok,
2026-10-04T18:40:14.545000+05:30,GET,GET /jobs/{id}/,29.95,ok,
2026-10-04T18:40:14.546745+05:30,POST,POST /jobs/,41.54,ok,
2026-10-04T18:40:14.599431+05:30,POST,POST /jobs/,67.73,ok,
2026-10-04T18:40:14.600560+05:30,POST,POST /jobs/,60.92,ok,
2026-10-04T18:40:14.603155+05:30,GET,GET /jobs/{id}/,70.86,ok,
2026-10-04T18:40:14.606267+05:30,GET,GET /jobs/{id}/,68.33,ok,
2026-10-04T18:40:14.615643+05:30,GET,GET /jobs/stats/,34.6,ok,
2026-10-04T18:40:14.619774+05:30,POST,POST /jobs/,32.69,ok,
2026-10-04T18:40:14.641215+05:30,GET,GET /jobs/stats/,20.21,ok,
2026-10-04T18:40:14.648450+05:30,GET,GET /health/,19.58,ok,
2026-10-04T18:40:14.726154+05:30,GET,GET /jobs/{id}/,20.38,ok,
2026-10-04T18:40:14.746852+05:30,GET,GET /jobs/{id}/,21.7,ok,
2026-10-04T18:40:14.763746+05:30,GET,GET /health/,23.0,ok,
2026-10-04T18:40:14.775460+05:30,POST,POST /jobs/,27.37,ok,
2026-10-04T18:40:14.785188+05:30,GET,GET /jobs/stats/,21.3,ok,
2026-10-04T18:40:14.790181+05:30,POST,POST /jobs/,24.51,ok,
2026-10-04T18:40:14.815359+05:30,GET,GET /jobs/{id}/,19.91,ok,
2026-10-04T18:40:14.844590+05:30,GET,GET /health/,20.95,ok,
2026-10-04T18:40:14.856239+05:30,POST,POST /jobs/,22.63,ok,
2026-10-04T18:40:14.899838+05:30,GET,GET /health/,20.32,ok,
2026-10-04T18:40:14.935812+05:30,POST,POST /jobs/,22.67,ok,
2026-10-04T18:40:14.961160+05:30,GET,GET /jobs/stats/,20.08,ok,
2026-10-04T18:40:14.986358+05:30,GET,GET /jobs/{id}/,20.91,ok,
2026-10-04T18:40:14.997179+05:30,GET,GET /jobs/{id}/,20.58,ok,
2026-10-04T18:40:15.023981+05:30,GET,GET /jobs/{id}/,26.64,ok,
2026-10-04T18:40:15.092175+05:30,GET,GET /jobs/{id}/,21.83,ok,
2026-10-04T18:40:15.105580+05:30,GET,GET /jobs/{id}/,20.2,ok,
2026-10-04T18:40:15.124648+05:30,GET,GET /jobs/{id}/,19.95,ok,
2026-10-04T18:40:15.189675+05:30,POST,POST /jobs/,22.73,ok,
2026-10-04T18:40:15.190174+05:30,GET,GET /jobs/stats/,22.71,ok,
2026-10-04T18:40:15.238590+05:30,POST,POST /jobs/,26.14,ok,
2026-10-04T18:40:15.251553+05:30,GET,GET /health/,23.0,ok,
2026-10-04T18:40:15.258708+05:30,POST,POST /jobs/,28.25,ok,
2026-10-04T18:40:15.278224+05:30,GET,GET /jobs/{id}/,21.36,ok,
2026-10-04T18:40:15.284867+05:30,GET,GET /jobs/stats/,20.91,ok,
2026-10-04T18:40:15.288638+05:30,POST,POST /jobs/,23.88,ok,
2026-10-04T18:40:15.309060+05:30,GET,GET /jobs/stats/,21.88,ok,
2026-10-04T18:40:15.315994+05:30,GET,GET /jobs/{id}/,20.07,ok,
2026-10-04T18:40:15.326510+05:30,GET,GET /jobs/{id}/,19.38,ok,
2026-10-04T18:40:15.371304+05:30,POST,POST /jobs/,22.47,ok,
2026-10-04T18:40:15.398875+05:30,POST,POST /jobs/,22.29,ok,
2026-10-04T18:40:15.412574+05:30,GET,GET /jobs/{id}/,23.95,ok,
2026-10-04T18:40:15.423349+05:30,GET,GET /jobs/{id}/,23.2,ok,
2026-10-04T18:40:15.431436+05:30,POST,POST /jobs/,24.81,ok,
2026-10-04T18:40:15.457946+05:30,GET,GET /jobs/{id}/,20.24,ok,
2026-10-04T18:40:15.466721+05:30,POST,POST /jobs/,22.0,ok,
2026-10-04T18:40:15.499941+05:30,POST,POST /jobs/,22.94,ok,
2026-10-04T18:40:15.506168+05:30,POST,POST /jobs/,23.13,ok,
2026-10-04T18:40:15.515103+05:30,POST,POST /jobs/,24.11,ok,
2026-10-04T18:40:15.527056+05:30,GET,GET /jobs/{id}/,19.64,ok,
2026-10-04T18:40:15.568312+05:30,GET,GET /jobs/{id}/,19.95,ok,
2026-10-04T18:40:15.595387+05:30,GET,GET /health/,23.83,ok,
2026-10-04T18:40:15.602303+05:30,GET,GET /jobs/stats/,22.82,ok,
2026-10-04T18:40:15.604406+05:30,GET,GET /jobs/{id}/,24.42,ok,
2026-10-04T18:40:15.613619+05:30,GET,GET /jobs/{id}/,19.82,ok,
2026-10-04T18:40:15.660206+05:30,POST,POST /jobs/,24.71,ok,
2026-10-04T18:40:15.665132+05:30,POST,POST /jobs/,30.21,ok,
2026-10-04T18:40:15.668800+05:30,GET,GET /health/,27.34,ok,
2026-10-04T18:40:15.678856+05:30,GET,GET /jobs/stats/,21.8,ok,
2026-10-04T18:40:15.740996+05:30,GET,GET /jobs/{id}/,19.82,ok,
2026-10-04T18:40:15.760501+05:30,POST,POST /jobs/,22.19,ok,
2026-10-04T18:40:15.781981+05:30,GET,GET /jobs/{id}/,19.2,ok,
2026-10-04T18:40:15.808074+05:30,GET,GET /jobs/{id}/,20.83,ok,
2026-10-04T18:40:15.820743+05:30,POST,POST /jobs/,23.53,ok,
2026-10-04T18:40:15.860438+05:30,POST,POST /jobs/,22.38,ok,
2026-10-04T18:40:15.909375+05:30,POST,POST /jobs/,28.62,ok,
2026-10-04T18:40:15.909860+05:30,POST,POST /jobs/,26.13,ok,
2026-10-04T18:40:15.914292+05:30,GET,GET /jobs/{id}/,22.75,ok,
2026-10-04T18:40:15.926912+05:30,POST,POST /jobs/,24.42,ok,
2026-10-04T18:40:15.933592+05:30,GET,GET /jobs/{id}/,20.21,ok,
2026-10-04T18:40:15.946214+05:30,GET,GET /jobs/{id}/,21.36,ok,
2026-10-04T18:40:15.964185+05:30,GET,GET /jobs/{id}/,23.34,ok,
2026-10-04T18:40:15.965548+05:30,GET,GET /jobs/{id}/,19.19,ok,
2026-10-04T18:40:15.987076+05:30,GET,GET /health/,20.33,ok,
2026-10-04T18:40:16.033579+05:30,GET,GET /jobs/{id}/,22.19,ok,
2026-10-04T18:40:16.049684+05:30,POST,POST /jobs/,23.26,ok,
2026-10-04T18:40:16.093245+05:30,POST,POST /jobs/,27.15,ok,
2026-10-04T18:40:16.098101+05:30,GET,GET /health/,22.94,ok,
2026-10-04T18:40:16.132817+05:30,GET,GET /jobs/{id}/,26.39,ok,
2026-10-04T18:40:16.138018+05:30,GET,GET /jobs/{id}/,28.52,ok,
2026-10-04T18:40:16.144972+05:30,GET,GET /jobs/{id}/,23.69,ok,
2026-10-04T18:40:16.180263+05:30,GET,GET /jobs/{id}/,21.98,ok,
2026-10-04T18:40:16.184503+05:30,GET,GET /jobs/{id}/,20.24,ok,
2026-10-04T18:40:16.208612+05:30,GET,GET /jobs/{id}/,21.86,ok,
2026-10-04T18:40:16.246554+05:30,GET,GET /jobs/{id}/,20.53,ok,
2026-10-04T18:40:16.305681+05:30,GET,GET /jobs/{id}/,19.77,ok,
2026-10-04T18:40:16.337741+05:30,GET,GET /jobs/{id}/,21.68,ok,
2026-10-04T18:40:16.354043+05:30,POST,POST /jobs/,21.92,ok,
2026-10-04T18:40:16.379214+05:30,GET,GET /jobs/{id}/,19.87,ok,
2026-10-04T18:40:16.387240+05:30,POST,POST /jobs/,22.97,ok,
2026-10-04T18:40:16.423754+05:30,GET,GET /jobs/{id}/,22.22,ok,
2026-10-04T18:40:16.439738+05:30,POST,POST /jobs/,23.09,ok,
2026-10-04T18:40:16.484338+05:30,GET,GET /jobs/{id}/,19.3,ok,
2026-10-04T18:40:16.549937+05:30,GET,GET /jobs/{id}/,20.28,ok,
2026-10-04T18:40:16.609406+05:30,GET,GET /jobs/{id}/,21.14,ok,
2026-10-04T18:40:16.639121+05:30,POST,POST /jobs/,24.41,ok,
2026-10-04T18:40:16.665004+05:30,GET,GET /jobs/{id}/,20.61,ok,
2026-10-04T18:40:16.719242+05:30,POST,POST /jobs/,24.94,ok,
2026-10-04T18:40:16.720855+05:30,POST,POST /jobs/,26.04,ok,
2026-10-04T18:40:16.744517+05:30,GET,GET /jobs/{id}/,20.44,ok,
2026-10-04T18:40:16.758649+05:30,POST,POST /jobs/,23.7,ok,
2026-10-04T18:40:16.777342+05:30,POST,POST /jobs/,24.13,ok,
2026-10-04T18:40:16.795058+05:30,GET,GET /jobs/{id}/,23.09,ok,
2026-10-04T18:40:16.807231+05:30,GET,GET /jobs/stats/,20.62,ok,
2026-10-04T18:40:16.828263+05:30,GET,GET /jobs/{id}/,20.86,ok,
2026-10-04T18:40:16.832719+05:30,GET,GET /jobs/{id}/,22.52,ok,
2026-10-04T18:40:16.843171+05:30,GET,GET /jobs/{id}/,21.05,ok,
2026-10-04T18:40:16.853133+05:30,GET,GET /health/,21.78,ok,
2026-10-04T18:40:16.873170+05:30,GET,GET /jobs/{id}/,19.87,ok,
2026-10-04T18:40:16.889720+05:30,GET,GET /jobs/{id}/,19.46,ok,
2026-10-04T18:40:16.968613+05:30,POST,POST /jobs/,23.53,ok,
2026-10-04T18:40:16.974742+05:30,GET,GET /jobs/{id}/,19.56,ok,
2026-10-04T18:40:17.017329+05:30,GET,GET /jobs/{id}/,24.28,ok,
2026-10-04T18:40:17.019010+05:30,POST,POST /jobs/,22.95,ok,
2026-10-04T18:40:17.024744+05:30,GET,GET /jobs/{id}/,19.69,ok,
2026-10-04T18:40:17.051919+05:30,GET,GET /jobs/{id}/,20.86,ok,
2026-10-04T18:40:17.056383+05:30,GET,GET /jobs/{id}/,20.41,ok,
2026-10-04T18:40:17.058129+05:30,POST,POST /jobs/,26.57,ok,
2026-10-04T18:40:17.071064+05:30,GET,GET /health/,21.2,ok,
2026-10-04T18:40:17.084669+05:30,POST,POST /jobs/,25.32,ok,
2026-10-04T18:40:17.100127+05:30,GET,GET /jobs/stats/,24.8,ok,
2026-10-04T18:40:17.111071+05:30,GET,GET /jobs/stats/,21.13,ok,
2026-10-04T18:40:17.128320+05:30,GET,GET /jobs/{id}/,20.83,ok,
2026-10-04T18:40:17.130010+05:30,GET,GET /jobs/{id}/,21.02,ok,
2026-10-04T18:40:17.255818+05:30,POST,POST /jobs/,22.47,ok,
2026-10-04T18:40:17.261658+05:30,GET,GET /jobs/{id}/,21.18,ok,
2026-10-04T18:40:17.268480+05:30,GET,GET /health/,22.15,ok,
2026-10-04T18:40:17.286144+05:30,GET,GET /jobs/{id}/,19.24,ok,
2026-10-04T18:40:17.312307+05:30,GET,GET /jobs/{id}/,19.87,ok,
2026-10-04T18:40:17.331839+05:30,GET,GET /jobs/stats/,21.11,ok,
2026-10-04T18:40:17.335391+05:30,GET,GET /jobs/{id}/,21.46,ok,
2026-10-04T18:40:17.348188+05:30,GET,GET /jobs/{id}/,19.39,ok,
2026-10-04T18:40:17.391611+05:30,GET,GET /health/,22.15,ok,
2026-10-04T18:40:17.424456+05:30,POST,POST /jobs/,22.44,ok,
2026-10-04T18:40:17.425993+05:30,GET,GET /jobs/{id}/,18.94,ok,
2026-10-04T18:40:17.502302+05:30,GET,GET /jobs/{id}/,20.0,ok,
2026-10-04T18:40:17.510357+05:30,POST,POST /jobs/,22.52,ok,
2026-10-04T18:40:17.521977+05:30,GET,GET /health/,21.06,ok,
2026-10-04T18:40:17.529501+05:30,GET,GET /jobs/{id}/,19.0,ok,
2026-10-04T18:40:17.577966+05:30,GET,GET /health/,20.2,ok,
2026-10-04T18:40:17.613086+05:30,GET,GET /health/,22.84,ok,
2026-10-04T18:40:17.626065+05:30,GET,GET /jobs/stats/,20.87,ok,
2026-10-04T18:40:17.665548+05:30,GET,GET /health/,21.19,ok,
2026-10-04T18:40:17.666069+05:30,POST,POST /jobs/,23.69,ok,
2026-10-04T18:40:17.690684+05:30,GET,GET /jobs/{id}/,21.37,ok,
2026-10-04T18:40:17.705908+05:30,GET,GET /jobs/{id}/,21.54,ok,
2026-10-04T18:40:17.709992+05:30,GET,GET /jobs/{id}/,20.74,ok,
2026-10-04T18:40:17.744304+05:30,GET,GET /jobs/{id}/,27.01,ok,
2026-10-04T18:40:17.750550+05:30,GET,GET /jobs/stats/,20.19,ok,
2026-10-04T18:40:17.759357+05:30,GET,GET /jobs/stats/,23.09,ok,
2026-10-04T18:40:17.785630+05:30,GET,GET /jobs/{id}/,20.51,ok,
2026-10-04T18:40:17.786178+05:30,GET,GET /jobs/{id}/,21.58,ok,
2026-10-04T18:40:17.817048+05:30,GET,GET /jobs/{id}/,20.59,ok,
2026-10-04T18:40:17.829831+05:30,POST,POST /jobs/,22.24,ok,
2026-10-04T18:40:17.836249+05:30,GET,GET /health/,20.76,ok,
2026-10-04T18:40:17.875372+05:30,GET,GET /health/,19.84,ok,
2026-10-04T18:40:17.891661+05:30,GET,GET /jobs/{id}/,19.11,ok,
2026-10-04T18:40:17.905379+05:30,GET,GET /jobs/{id}/,20.7,ok,
2026-10-04T18:40:17.963225+05:30,GET,GET /jobs/stats/,20.56,ok,
2026-10-04T18:40:17.975418+05:30,POST,POST /jobs/,22.74,ok,
2026-10-04T18:40:18.006258+05:30,GET,GET /jobs/{id}/,26.55,ok,
2026-10-04T18:40:18.010519+05:30,GET,GET /jobs/{id}/,25.88,ok,
2026-10-04T18:40:18.022341+05:30,GET,GET /jobs/{id}/,21.42,ok,
2026-10-04T18:40:18.022770+05:30,GET,GET /jobs/{id}/,27.13,ok,
2026-10-04T18:40:18.031459+05:30,GET,GET /jobs/{id}/,23.88,ok,
2026-10-04T18:40:18.058371+05:30,POST,POST /jobs/,22.6,ok,
2026-10-04T18:40:18.073639+05:30,POST,POST /jobs/,23.68,ok,
2026-10-04T18:40:18.102202+05:30,GET,GET /jobs/{id}/,20.25,ok,
2026-10-04T18:40:18.120723+05:30,POST,POST /jobs/,21.74,ok,
2026-10-04T18:40:18.128462+05:30,GET,GET /jobs/{id}/,21.1,ok,
2026-10-04T18:40:18.128822+05:30,GET,GET /health/,24.4,ok,
2026-10-04T18:40:18.156659+05:30,POST,POST /jobs/,31.63,ok,
2026-10-04T18:40:18.158520+05:30,POST,POST /jobs/,31.75,ok,
2026-10-04T18:40:18.158668+05:30,POST,POST /jobs/,30.91,ok,
2026-10-04T18:40:18.169637+05:30,POST,POST /jobs/,31.99,ok,
2026-10-04T18:40:18.177226+05:30,GET,GET /jobs/{id}/,29.32,ok,
2026-10-04T18:40:18.195580+05:30,GET,GET /jobs/{id}/,45.61,ok,
2026-10-04T18:40:18.206364+05:30,GET,GET /health/,43.48,ok,
2026-10-04T18:40:18.228440+05:30,GET,GET /jobs/{id}/,33.79,ok,
2026-10-04T18:40:18.228845+05:30,GET,GET /health/,29.76,ok,
2026-10-04T18:40:18.267621+05:30,GET,GET /health/,19.53,ok,
2026-10-04T18:40:18.304351+05:30,GET,GET /jobs/{id}/,23.86,ok,
2026-10-04T18:40:18.308947+05:30,POST,POST /jobs/,29.02,ok,
2026-10-04T18:40:18.327553+05:30,POST,POST /jobs/,34.17,ok,
2026-10-04T18:40:18.328335+05:30,POST,POST /jobs/,35.81,ok,
2026-10-04T18:40:18.340880+05:30,POST,POST /jobs/,26.65,ok,
2026-10-04T18:40:18.377906+05:30,GET,GET /jobs/stats/,25.75,ok,
2026-10-04T18:40:18.396492+05:30,POST,POST /jobs/,35.28,ok,
2026-10-04T18:40:18.423023+05:30,POST,POST /jobs/,22.24,ok,
2026-10-04T18:40:18.424748+05:30,GET,GET /jobs/{id}/,20.01,ok,
2026-10-04T18:40:18.528224+05:30,POST,POST /jobs/,32.12,ok,
2026-10-04T18:40:18.528644+05:30,GET,GET /jobs/{id}/,26.5,ok,
2026-10-04T18:40:18.536711+05:30,GET,GET /jobs/{id}/,23.6,ok,
2026-10-04T18:40:18.545362+05:30,POST,POST /jobs/,31.06,ok,
2026-10-04T18:40:18.545860+05:30,GET,GET /jobs/stats/,28.74,ok,
2026-10-04T18:40:18.555079+05:30,POST,POST /jobs/,27.75,ok,
2026-10-04T18:40:18.562449+05:30,POST,POST /jobs/,25.58,ok,
2026-10-04T18:40:18.568815+05:30,GET,GET /jobs/{id}/,20.71,ok,
2026-10-04T18:40:18.590438+05:30,POST,POST /jobs/,21.46,ok,
2026-10-04T18:40:18.626964+05:30,GET,GET /jobs/{id}/,20.61,ok,
2026-10-04T18:40:18.629686+05:30,GET,GET /jobs/{id}/,23.94,ok,
2026-10-04T18:40:18.646975+05:30,GET,GET /jobs/stats/,22.67,ok,
2026-10-04T18:40:18.653511+05:30,GET,GET /jobs/{id}/,19.53,ok,
2026-10-04T18:40:18.710464+05:30,GET,GET /jobs/{id}/,19.65,ok,
2026-10-04T18:40:18.809648+05:30,GET,GET /jobs/{id}/,19.81,ok,
2026-10-04T18:40:18.826543+05:30,GET,GET /jobs/{id}/,19.64,ok,
2026-10-04T18:40:18.834229+05:30,POST,POST /jobs/,22.34,ok,
2026-10-04T18:40:18.886524+05:30,GET,GET /health/,19.98,ok,
2026-10-04T18:40:18.891736+05:30,GET,GET /jobs/{id}/,22.25,ok,
2026-10-04T18:40:18.903225+05:30,POST,POST /jobs/,23.59,ok,
2026-10-04T18:40:18.928126+05:30,GET,GET /jobs/stats/,20.67,ok,
2026-10-04T18:40:18.937522+05:30,GET,GET /jobs/{id}/,20.12,ok,
2026-10-04T18:40:18.956620+05:30,POST,POST /jobs/,22.17,ok,
2026-10-04T18:40:18.976150+05:30,POST,POST /jobs/,22.26,ok,
2026-10-04T18:40:18.981669+05:30,GET,GET /health/,23.76,ok,
2026-10-04T18:40:18.987444+05:30,GET,GET /jobs/{id}/,19.64,ok,
2026-10-04T18:40:19.056892+05:30,GET,GET /jobs/stats/,20.19,ok,
2026-10-04T18:40:19.077732+05:30,GET,GET /jobs/{id}/,19.57,ok,
2026-10-04T18:40:19.117127+05:30,POST,POST /jobs/,22.99,ok,
2026-10-04T18:40:19.140660+05:30,POST,POST /jobs/,22.24,ok,
2026-10-04T18:40:19.191327+05:30,GET,GET /jobs/stats/,25.37,ok,
2026-10-04T18:40:19.197481+05:30,POST,POST /jobs/,25.52,ok,
2026-10-04T18:40:19.206403+05:30,GET,GET /jobs/{id}/,23.52,ok,
2026-10-04T18:40:19.206887+05:30,GET,GET /jobs/{id}/,23.32,ok,
2026-10-04T18:40:19.240887+05:30,POST,POST /jobs/,22.73,ok,
2026-10-04T18:40:19.272655+05:30,GET,GET /jobs/{id}/,20.57,ok,
2026-10-04T18:40:19.273097+05:30,GET,GET /jobs/{id}/,21.91,ok,
2026-10-04T18:40:19.313005+05:30,GET,GET /jobs/{id}/,19.65,ok,
2026-10-04T18:40:19.331517+05:30,GET,GET /health/,20.06,ok,
2026-10-04T18:40:19.337675+05:30,POST,POST /jobs/,22.42,ok,
2026-10-04T18:40:19.358426+05:30,GET,GET /jobs/stats/,24.65,ok,
2026-10-04T18:40:19.371490+05:30,GET,GET /jobs/stats/,20.53,ok,
2026-10-04T18:40:19.413934+05:30,POST,POST /jobs/,22.12,ok,
2026-10-04T18:40:19.419198+05:30,GET,GET /jobs/stats/,20.39,ok,
2026-10-04T18:40:19.502190+05:30,GET,GET /jobs/{id}/,20.83,ok,
2026-10-04T18:40:19.502642+05:30,GET,GET /jobs/{id}/,22.16,ok,
2026-10-04T18:40:19.571430+05:30,GET,GET /health/,20.53,ok,
2026-10-04T18:40:19.578324+05:30,POST,POST /jobs/,21.44,ok,
2026-10-04T18:40:19.645607+05:30,POST,POST /jobs/,22.93,ok,
2026-10-04T18:40:19.646820+05:30,GET,GET /jobs/stats/,21.14,ok,
2026-10-04T18:40:19.695859+05:30,GET,GET /jobs/{id}/,20.71,ok,
2026-10-04T18:40:19.699765+05:30,POST,POST /jobs/,24.01,ok,
2026-10-04T18:40:19.718573+05:30,GET,GET /jobs/{id}/,21.45,ok,
2026-10-04T18:40:19.730253+05:30,GET,GET /jobs/{id}/,27.79,ok,
2026-10-04T18:40:19.730683+05:30,POST,POST /jobs/,28.69,ok,
2026-10-04T18:40:19.743446+05:30,GET,GET /jobs/{id}/,22.6,ok,
2026-10-04T18:40:19.758116+05:30,GET,GET /jobs/{id}/,20.13,ok,
2026-10-04T18:40:19.777032+05:30,POST,POST /jobs/,22.24,ok,
2026-10-04T18:40:19.801675+05:30,POST,POST /jobs/,22.36,ok,
2026-10-04T18:40:19.852202+05:30,GET,GET /jobs/{id}/,22.09,ok,
2026-10-04T18:40:19.856046+05:30,GET,GET /jobs/stats/,22.59,ok,
2026-10-04T18:40:19.861994+05:30,GET,GET /jobs/{id}/,24.03,ok,
2026-10-04T18:40:19.863698+05:30,POST,POST /jobs/,29.74,ok,
2026-10-04T18:40:19.896711+05:30,GET,GET /jobs/{id}/,21.77,ok,
2026-10-04T18:40:19.897593+05:30,POST,POST /jobs/,26.62,ok,
2026-10-04T18:40:19.904941+05:30,GET,GET /health/,25.89,ok,
2026-10-04T18:40:19.922414+05:30,GET,GET /health/,19.58,ok,
2026-10-04T18:40:19.939532+05:30,GET,GET /jobs/{id}/,20.27,ok,
2026-10-04T18:40:19.949694+05:30,GET,GET /jobs/{id}/,20.99,ok,
2026-10-04T18:40:19.964218+05:30,GET,GET /jobs/{id}/,20.4,ok,
2026-10-04T18:40:19.968224+05:30,GET,GET /jobs/stats/,22.32,ok,
2026-10-04T18:40:20.005516+05:30,POST,POST /jobs/,25.96,ok,
2026-10-04T18:40:20.017025+05:30,GET,GET /health/,21.49,ok,
2026-10-04T18:40:20.023388+05:30,POST,POST /jobs/,25.91,ok,
2026-10-04T18:40:20.040940+05:30,GET,GET /jobs/{id}/,22.63,ok,
2026-10-04T18:40:20.051537+05:30,GET,GET /health/,21.89,ok,
2026-10-04T18:40:20.056687+05:30,POST,POST /jobs/,26.4,ok,
2026-10-04T18:40:20.093963+05:30,GET,GET /jobs/{id}/,19.93,ok,
2026-10-04T18:40:20.115900+05:30,GET,GET /jobs/stats/,20.68,ok,
2026-10-04T18:40:20.163930+05:30,GET,GET /jobs/{id}/,19.69,ok,
2026-10-04T18:40:20.181067+05:30,GET,GET /health/,19.84,ok,
2026-10-04T18:40:20.204974+05:30,GET,GET /jobs/{id}/,19.61,ok,
2026-10-04T18:40:20.211864+05:30,POST,POST /jobs/,23.35,ok,
2026-10-04T18:40:20.219506+05:30,GET,GET /jobs/{id}/,25.01,ok,
2026-10-04T18:40:20.232757+05:30,GET,GET /jobs/stats/,21.77,ok,
2026-10-04T18:40:20.320158+05:30,POST,POST /jobs/,25.09,ok,
2026-10-04T18:40:20.331867+05:30,GET,GET /jobs/{id}/,21.78,ok,
2026-10-04T18:40:20.333381+05:30,POST,POST /jobs/,22.77,ok,
2026-10-04T18:40:20.356734+05:30,GET,GET /jobs/{id}/,20.1,ok,
2026-10-04T18:40:20.360923+05:30,POST,POST /jobs/,23.77,ok,
2026-10-04T18:40:20.429350+05:30,GET,GET /jobs/{id}/,20.1,ok,
2026-10-04T18:40:20.437489+05:30,POST,POST /jobs/,22.17,ok,
2026-10-04T18:40:20.498375+05:30,GET,GET /jobs/{id}/,19.59,ok,
2026-10-04T18:40:20.520568+05:30,GET,GET /jobs/{id}/,23.76,ok,
2026-10-04T18:40:20.529269+05:30,POST,POST /jobs/,26.66,ok,
2026-10-04T18:40:20.537533+05:30,GET,GET /jobs/{id}/,28.09,ok,
2026-10-04T18:40:20.539565+05:30,POST,POST /jobs/,27.21,ok,
2026-10-04T18:40:20.545219+05:30,GET,GET /health/,25.46,ok,
2026-10-04T18:40:20.552717+05:30,GET,GET /jobs/{id}/,22.2,ok,
2026-10-04T18:40:20.562626+05:30,GET,GET /jobs/stats/,19.83,ok,
2026-10-04T18:40:20.596916+05:30,POST,POST /jobs/,25.0,ok,
2026-10-04T18:40:20.611648+05:30,GET,GET /jobs/{id}/,20.46,ok,
2026-10-04T18:40:20.612073+05:30,POST,POST /jobs/,24.99,ok,
2026-10-04T18:40:20.624089+05:30,GET,GET /jobs/{id}/,21.88,ok,
2026-10-04T18:40:20.642061+05:30,GET,GET /jobs/{id}/,19.7,ok,
2026-10-04T18:40:20.671736+05:30,GET,GET /jobs/{id}/,21.37,ok,
2026-10-04T18:40:20.673457+05:30,GET,GET /jobs/{id}/,21.12,ok,
2026-10-04T18:40:20.679790+05:30,POST,POST /jobs/,24.35,ok,
2026-10-04T18:40:20.704621+05:30,POST,POST /jobs/,22.55,ok,
2026-10-04T18:40:20.709404+05:30,GET,GET /jobs/{id}/,21.44,ok,
2026-10-04T18:40:20.736057+05:30,POST,POST /jobs/,22.39,ok,
2026-10-04T18:40:20.769899+05:30,GET,GET /jobs/stats/,20.56,ok,
2026-10-04T18:40:20.787065+05:30,GET,GET /health/,19.65,ok,
2026-10-04T18:40:20.841901+05:30,GET,GET /jobs/stats/,20.54,ok,
2026-10-04T18:40:20.875318+05:30,GET,GET /health/,21.11,ok,
2026-10-04T18:40:20.891453+05:30,GET,GET /jobs/{id}/,22.28,ok,
2026-10-04T18:40:20.904589+05:30,POST,POST /jobs/,22.95,ok,
2026-10-04T18:40:20.915190+05:30,GET,GET /jobs/{id}/,19.45,ok,
2026-10-04T18:40:20.956544+05:30,GET,GET /jobs/{id}/,21.02,ok,
2026-10-04T18:40:20.964954+05:30,POST,POST /jobs/,24.48,ok,
2026-10-04T18:40:21.018104+05:30,GET,GET /health/,21.85,ok,
2026-10-04T18:40:21.035451+05:30,GET,GET /jobs/{id}/,24.57,ok,
2026-10-04T18:40:21.036173+05:30,GET,GET /jobs/{id}/,25.85,ok,
2026-10-04T18:40:21.050858+05:30,GET,GET /jobs/{id}/,24.43,ok,
2026-10-04T18:40:21.064700+05:30,POST,POST /jobs/,23.26,ok,
2026-10-04T18:40:21.074555+05:30,GET,GET /health/,20.46,ok,
2026-10-04T18:40:21.080789+05:30,GET,GET /jobs/{id}/,18.78,ok,
2026-10-04T18:40:21.104538+05:30,GET,GET /jobs/{id}/,19.49,ok,
2026-10-04T18:40:21.148468+05:30,GET,GET /jobs/{id}/,23.6,ok,
2026-10-04T18:40:21.154349+05:30,GET,GET /jobs/{id}/,24.35,ok,
2026-10-04T18:40:21.160268+05:30,GET,GET /jobs/{id}/,22.21,ok,
2026-10-04T18:40:21.163772+05:30,GET,GET /jobs/stats/,23.75,ok,
2026-10-04T18:40:21.219865+05:30,GET,GET /jobs/stats/,20.8,ok,
2026-10-04T18:40:21.278244+05:30,POST,POST /jobs/,23.05,ok,
2026-10-04T18:40:21.297231+05:30,GET,GET /health/,20.99,ok,
2026-10-04T18:40:21.321081+05:30,POST,POST /jobs/,24.76,ok,
2026-10-04T18:40:21.327136+05:30,GET,GET /jobs/{id}/,21.24,ok,
2026-10-04T18:40:21.334712+05:30,GET,GET /jobs/{id}/,19.73,ok,
2026-10-04T18:40:21.402873+05:30,GET,GET /jobs/{id}/,20.84,ok,
2026-10-04T18:40:21.409113+05:30,POST,POST /jobs/,22.98,ok,
2026-10-04T18:40:21.469287+05:30,GET,GET /jobs/{id}/,19.83,ok,
2026-10-04T18:40:21.510812+05:30,GET,GET /jobs/stats/,21.23,ok,
2026-10-04T18:40:21.515613+05:30,POST,POST /jobs/,25.35,ok,
2026-10-04T18:40:21.545567+05:30,GET,GET /jobs/{id}/,20.63,ok,
2026-10-04T18:40:21.546118+05:30,GET,GET /jobs/{id}/,24.15,ok,
2026-10-04T18:40:21.556581+05:30,GET,GET /jobs/{id}/,19.55,ok,
2026-10-04T18:40:21.647889+05:30,GET,GET /jobs/{id}/,19.96,ok,
2026-10-04T18:40:21.651439+05:30,POST,POST /jobs/,22.63,ok,
2026-10-04T18:40:21.677893+05:30,GET,GET /health/,22.19,ok,
2026-10-04T18:40:21.689204+05:30,GET,GET /jobs/{id}/,21.54,ok,
2026-10-04T18:40:21.709718+05:30,POST,POST /jobs/,25.52,ok,
2026-10-04T18:40:21.716104+05:30,GET,GET /jobs/{id}/,23.64,ok,
2026-10-04T18:40:21.724573+05:30,GET,GET /jobs/stats/,24.21,ok,
2026-10-04T18:40:21.727049+05:30,GET,GET /jobs/{id}/,21.69,ok,
2026-10-04T18:40:21.794261+05:30,POST,POST /jobs/,21.9,ok,
2026-10-04T18:40:21.850842+05:30,POST,POST /jobs/,23.26,ok,
2026-10-04T18:40:21.869733+05:30,POST,POST /jobs/,22.08,ok,
2026-10-04T18:40:21.903264+05:30,GET,GET /jobs/stats/,21.15,ok,
2026-10-04T18:40:21.918060+05:30,POST,POST /jobs/,26.09,ok,
2026-10-04T18:40:21.919053+05:30,POST,POST /jobs/,28.97,ok,
2026-10-04T18:40:21.927738+05:30,GET,GET /jobs/{id}/,24.32,ok,
2026-10-04T18:40:21.928140+05:30,GET,GET /jobs/{id}/,27.68,ok,
2026-10-04T18:40:21.928436+05:30,GET,GET /health/,29.74,ok,
2026-10-04T18:40:21.981209+05:30,GET,GET /jobs/{id}/,22.87,ok,
2026-10-04T18:40:21.981828+05:30,GET,GET /jobs/{id}/,24.09,ok,
2026-10-04T18:40:21.991893+05:30,GET,GET /jobs/{id}/,23.63,ok,
2026-10-04T18:40:22.006582+05:30,POST,POST /jobs/,22.42,ok,
2026-10-04T18:40:22.038229+05:30,POST,POST /jobs/,23.28,ok,
2026-10-04T18:40:22.065722+05:30,POST,POST /jobs/,26.22,ok,
2026-10-04T18:40:22.109125+05:30,POST,POST /jobs/,25.99,ok,
2026-10-04T18:40:22.109540+05:30,GET,GET /jobs/{id}/,24.45,ok,
2026-10-04T18:40:22.119796+05:30,GET,GET /jobs/{id}/,28.66,ok,
2026-10-04T18:40:22.122668+05:30,GET,GET /jobs/stats/,37.1,ok,
2026-10-04T18:40:22.123165+05:30,POST,POST /jobs/,33.99,ok,
2026-10-04T18:40:22.130333+05:30,GET,GET /jobs/{id}/,23.95,ok,
2026-10-04T18:40:22.134285+05:30,GET,GET /jobs/{id}/,21.51,ok,
2026-10-04T18:40:22.155864+05:30,POST,POST /jobs/,21.44,ok,
2026-10-04T18:40:22.190151+05:30,POST,POST /jobs/,25.99,ok,
2026-10-04T18:40:22.197964+05:30,POST,POST /jobs/,33.24,ok,
2026-10-04T18:40:22.198430+05:30,GET,GET /health/,30.8,ok,
2026-10-04T18:40:22.198848+05:30,GET,GET /jobs/{id}/,26.46,ok,
2026-10-04T18:40:22.228958+05:30,POST,POST /jobs/,22.83,ok,
2026-10-04T18:40:22.250418+05:30,POST,POST /jobs/,22.3,ok,
2026-10-04T18:40:22.270533+05:30,POST,POST /jobs/,21.96,ok,
2026-10-04T18:40:22.275425+05:30,GET,GET /jobs/stats/,20.78,ok,
2026-10-04T18:40:22.358080+05:30,GET,GET /jobs/{id}/,23.34,ok,
2026-10-04T18:40:22.366692+05:30,GET,GET /jobs/{id}/,19.9,ok,
2026-10-04T18:40:22.372946+05:30,GET,GET /jobs/{id}/,21.21,ok,
2026-10-04T18:40:22.392114+05:30,GET,GET /jobs/{id}/,26.85,ok,
2026-10-04T18:40:22.392537+05:30,GET,GET /jobs/{id}/,28.16,ok,
2026-10-04T18:40:22.399262+05:30,GET,GET /health/,28.3,ok,
2026-10-04T18:40:22.403113+05:30,GET,GET /jobs/stats/,23.93,ok,
2026-10-04T18:40:22.405039+05:30,GET,GET /jobs/{id}/,25.38,ok,
2026-10-04T18:40:22.419367+05:30,GET,GET /jobs/{id}/,21.49,ok,
2026-10-04T18:40:22.431436+05:30,GET,GET /jobs/stats/,20.16,ok,
2026-10-04T18:40:22.492060+05:30,GET,GET /health/,21.35,ok,
2026-10-04T18:40:22.512458+05:30,GET,GET /jobs/{id}/,19.14,ok,
2026-10-04T18:40:22.589484+05:30,POST,POST /jobs/,21.71,ok,
2026-10-04T18:40:22.608085+05:30,GET,GET /jobs/{id}/,20.23,ok,
2026-10-04T18:40:22.614733+05:30,POST,POST /jobs/,23.0,ok,
2026-10-04T18:40:22.621274+05:30,POST,POST /jobs/,22.71,ok,
2026-10-04T18:40:22.646059+05:30,POST,POST /jobs/,22.49,ok,
2026-10-04T18:40:22.671239+05:30,GET,GET /jobs/{id}/,21.88,ok,
2026-10-04T18:40:22.678445+05:30,GET,GET /health/,23.1,ok,
2026-10-04T18:40:22.682782+05:30,GET,GET /jobs/{id}/,22.49,ok,
2026-10-04T18:40:22.684470+05:30,POST,POST /jobs/,26.22,ok,
2026-10-04T18:40:22.747629+05:30,GET,GET /jobs/{id}/,19.91,ok,
2026-10-04T18:40:22.768231+05:30,GET,GET /jobs/{id}/,19.34,ok,
2026-10-04T18:40:22.794794+05:30,GET,GET /jobs/{id}/,20.25,ok,
2026-10-04T18:40:22.854225+05:30,GET,GET /health/,21.15,ok,
2026-10-04T18:40:22.870178+05:30,GET,GET /jobs/{id}/,21.43,ok,
2026-10-04T18:40:22.877993+05:30,GET,GET /jobs/stats/,22.52,ok,
2026-10-04T18:40:22.881178+05:30,POST,POST /jobs/,22.84,ok,
2026-10-04T18:40:22.883839+05:30,POST,POST /jobs/,25.05,ok,
2026-10-04T18:40:22.894303+05:30,POST,POST /jobs/,25.59,ok,
2026-10-04T18:40:22.903843+05:30,GET,GET /jobs/{id}/,21.41,ok,
2026-10-04T18:40:22.911400+05:30,POST,POST /jobs/,25.27,ok,
2026-10-04T18:40:22.914905+05:30,GET,GET /jobs/{id}/,22.01,ok,
2026-10-04T18:40:22.929217+05:30,GET,GET /jobs/{id}/,20.08,ok,
2026-10-04T18:40:22.937131+05:30,POST,POST /jobs/,24.24,ok,
2026-10-04T18:40:22.975961+05:30,GET,GET /health/,32.55,ok,
2026-10-04T18:40:23.004052+05:30,GET,GET /jobs/{id}/,22.3,ok,
2026-10-04T18:40:23.004511+05:30,GET,GET /jobs/stats/,23.3,ok,
2026-10-04T18:40:23.059797+05:30,POST,POST /jobs/,22.98,ok,
2026-10-04T18:40:23.068494+05:30,POST,POST /jobs/,22.51,ok,
2026-10-04T18:40:23.073139+05:30,GET,GET /jobs/{id}/,21.11,ok,
2026-10-04T18:40:23.102464+05:30,GET,GET /jobs/{id}/,24.03,ok,
2026-10-04T18:40:23.108346+05:30,GET,GET /jobs/{id}/,22.89,ok,
2026-10-04T18:40:23.167934+05:30,POST,POST /jobs/,27.31,ok,
2026-10-04T18:40:23.178401+05:30,GET,GET /jobs/stats/,23.1,ok,
2026-10-04T18:40:23.182469+05:30,GET,GET /jobs/{id}/,24.18,ok,
2026-10-04T18:40:23.221159+05:30,GET,GET /jobs/{id}/,24.4,ok,
2026-10-04T18:40:23.338375+05:30,GET,GET /health/,23.89,ok,
2026-10-04T18:40:23.339553+05:30,GET,GET /health/,23.11,ok,
2026-10-04T18:40:23.353931+05:30,POST,POST /jobs/,25.71,ok,
2026-10-04T18:40:23.362050+05:30,POST,POST /jobs/,29.91,ok,
2026-10-04T18:40:23.383338+05:30,POST,POST /jobs/,29.25,ok,
2026-10-04T18:40:23.392714+05:30,GET,GET /jobs/{id}/,23.4,ok,
2026-10-04T18:40:23.403594+05:30,GET,GET /jobs/{id}/,22.24,ok,
2026-10-04T18:40:23.407808+05:30,GET,GET /jobs/{id}/,20.24,ok,
2026-10-04T18:40:23.417926+05:30,POST,POST /jobs/,23.97,ok,
2026-10-04T18:40:23.478555+05:30,GET,GET /jobs/{id}/,19.3,ok,
2026-10-04T18:40:23.519545+05:30,GET,GET /jobs/{id}/,20.68,ok,
2026-10-04T18:40:23.534949+05:30,GET,GET /jobs/{id}/,22.06,ok,
2026-10-04T18:40:23.551041+05:30,GET,GET /jobs/{id}/,24.22,ok,
2026-10-04T18:40:23.553498+05:30,GET,GET /health/,26.17,ok,
2026-10-04T18:40:23.561084+05:30,GET,GET /health/,27.87,ok,
2026-10-04T18:40:23.567385+05:30,GET,GET /jobs/stats/,24.21,ok,
2026-10-04T18:40:23.570038+05:30,GET,GET /jobs/{id}/,25.9,ok,
2026-10-04T18:40:23.576345+05:30,GET,GET /jobs/{id}/,20.63,ok,
2026-10-04T18:40:23.646967+05:30,GET,GET /jobs/{id}/,22.32,ok,
2026-10-04T18:40:23.657827+05:30,GET,GET /jobs/stats/,21.2,ok,
2026-10-04T18:40:23.673366+05:30,GET,GET /health/,20.18,ok,
2026-10-04T18:40:23.699055+05:30,POST,POST /jobs/,23.42,ok,
2026-10-04T18:40:23.709269+05:30,POST,POST /jobs/,21.68,ok,
2026-10-04T18:40:23.742003+05:30,GET,GET /jobs/{id}/,22.41,ok,
2026-10-04T18:40:23.744868+05:30,POST,POST /jobs/,23.34,ok,
2026-10-04T18:40:23.752297+05:30,GET,GET /jobs/{id}/,19.78,ok,
2026-10-04T18:40:23.800084+05:30,GET,GET /jobs/{id}/,19.45,ok,
2026-10-04T18:40:23.897815+05:30,GET,GET /jobs/{id}/,20.34,ok,
2026-10-04T18:40:23.903508+05:30,GET,GET /jobs/{id}/,20.99,ok,
2026-10-04T18:40:23.921584+05:30,GET,GET /jobs/{id}/,19.5,ok,
2026-10-04T18:40:23.943848+05:30,GET,GET /jobs/stats/,20.02,ok,
2026-10-04T18:40:23.966007+05:30,POST,POST /jobs/,24.24,ok,
2026-10-04T18:40:23.979374+05:30,GET,GET /jobs/{id}/,21.22,ok,
2026-10-04T18:40:23.996845+05:30,POST,POST /jobs/,26.56,ok,
2026-10-04T18:40:24.004257+05:30,GET,GET /jobs/{id}/,28.01,ok,
2026-10-04T18:40:24.005282+05:30,GET,GET /health/,24.71,ok,
2026-10-04T18:40:24.015005+05:30,GET,GET /jobs/{id}/,25.51,ok,
2026-10-04T18:40:24.016946+05:30,GET,GET /jobs/{id}/,26.86,ok,
2026-10-04T18:40:24.027236+05:30,POST,POST /jobs/,22.76,ok,
2026-10-04T18:40:24.053885+05:30,GET,GET /jobs/{id}/,20.3,ok,
2026-10-04T18:40:24.072157+05:30,GET,GET /jobs/{id}/,19.74,ok,
2026-10-04T18:40:24.098755+05:30,POST,POST /jobs/,23.31,ok,
2026-10-04T18:40:24.128092+05:30,GET,GET /jobs/{id}/,21.02,ok,
2026-10-04T18:40:24.133459+05:30,GET,GET /jobs/stats/,22.48,ok,
2026-10-04T18:40:24.137216+05:30,POST,POST /jobs/,25.66,ok,
2026-10-04T18:40:24.160123+05:30,GET,GET /health/,19.69,ok,
2026-10-04T18:40:24.184852+05:30,POST,POST /jobs/,22.46,ok,
2026-10-04T18:40:24.210610+05:30,POST,POST /jobs/,24.5,ok,
2026-10-04T18:40:24.212267+05:30,GET,GET /jobs/{id}/,21.27,ok,
2026-10-04T18:40:24.218707+05:30,GET,GET /jobs/{id}/,22.85,ok,
2026-10-04T18:40:24.228198+05:30,GET,GET /jobs/{id}/,23.33,ok,
2026-10-04T18:40:24.242985+05:30,GET,GET /jobs/{id}/,20.99,ok,
2026-10-04T18:40:24.260149+05:30,GET,GET /jobs/{id}/,19.67,ok,
2026-10-04T18:40:24.278448+05:30,GET,GET /jobs/{id}/,20.24,ok,
2026-10-04T18:40:24.347810+05:30,GET,GET /health/,20.51,ok,
2026-10-04T18:40:24.434346+05:30,GET,GET /jobs/{id}/,21.21,ok,
2026-10-04T18:40:24.442442+05:30,GET,GET /jobs/{id}/,20.68,ok,
2026-10-04T18:40:24.445288+05:30,GET,GET /jobs/{id}/,24.04,ok,
2026-10-04T18:40:24.459326+05:30,GET,GET /jobs/{id}/,19.7,ok,
2026-10-04T18:40:24.475555+05:30,GET,GET /jobs/{id}/,20.94,ok,
2026-10-04T18:40:24.496531+05:30,GET,GET /jobs/{id}/,20.77,ok,
2026-10-04T18:40:24.506983+05:30,GET,GET /jobs/{id}/,19.43,ok,
2026-10-04T18:40:24.548719+05:30,GET,GET /health/,20.43,ok,
2026-10-04T18:40:24.573295+05:30,POST,POST /jobs/,26.03,ok,
2026-10-04T18:40:24.603585+05:30,GET,GET /jobs/{id}/,20.08,ok,
2026-10-04T18:40:24.604028+05:30,GET,GET /jobs/{id}/,25.46,ok,
2026-10-04T18:40:24.614280+05:30,POST,POST /jobs/,23.89,ok,
2026-10-04T18:40:24.624123+05:30,POST,POST /jobs/,21.86,ok,
2026-10-04T18:40:24.653457+05:30,GET,GET /jobs/{id}/,21.47,ok,
2026-10-04T18:40:24.653953+05:30,GET,GET /jobs/{id}/,22.54,ok,
2026-10-04T18:40:24.735382+05:30,GET,GET /jobs/{id}/,23.13,ok,
2026-10-04T18:40:24.750998+05:30,POST,POST /jobs/,27.7,ok,
2026-10-04T18:40:24.759131+05:30,POST,POST /jobs/,25.23,ok,
2026-10-04T18:40:24.766142+05:30,GET,GET /health/,22.49,ok,
2026-10-04T18:40:24.824000+05:30,POST,POST /jobs/,22.54,ok,
2026-10-04T18:40:24.841925+05:30,GET,GET /jobs/{id}/,20.29,ok,
2026-10-04T18:40:24.850107+05:30,POST,POST /jobs/,22.82,ok,
2026-10-04T18:40:24.911229+05:30,GET,GET /health/,24.81,ok,
2026-10-04T18:40:24.916547+05:30,GET,GET /jobs/{id}/,20.94,ok,
2026-10-04T18:40:24.929093+05:30,POST,POST /jobs/,30.53,ok,
2026-10-04T18:40:24.929531+05:30,POST,POST /jobs/,29.04,ok,
2026-10-04T18:40:24.948678+05:30,POST,POST /jobs/,27.85,ok,
2026-10-04T18:40:24.956055+05:30,POST,POST /jobs/,25.3,ok,
2026-10-04T18:40:24.963713+05:30,GET,GET /jobs/{id}/,22.04,ok,
2026-10-04T18:40:24.964459+05:30,POST,POST /jobs/,25.77,ok,
2026-10-04T18:40:24.983459+05:30,GET,GET /jobs/{id}/,21.34,ok,
2026-10-04T18:40:24.998883+05:30,GET,GET /jobs/{id}/,21.12,ok,
2026-10-04T18:40:25.031724+05:30,GET,GET /jobs/{id}/,22.48,ok,
2026-10-04T18:40:25.036536+05:30,GET,GET /jobs/{id}/,23.07,ok,
2026-10-04T18:40:25.042931+05:30,GET,GET /jobs/{id}/,21.17,ok,
2026-10-04T18:40:25.116391+05:30,POST,POST /jobs/,24.11,ok,
2026-10-04T18:40:25.153644+05:30,POST,POST /jobs/,22.87,ok,
2026-10-04T18:40:25.199589+05:30,GET,GET /jobs/{id}/,20.65,ok,
2026-10-04T18:40:25.229127+05:30,GET,GET /jobs/{id}/,22.19,ok,
2026-10-04T18:40:25.232177+05:30,POST,POST /jobs/,24.55,ok,
2026-10-04T18:40:25.249701+05:30,GET,GET /jobs/stats/,21.7,ok,
2026-10-04T18:40:25.280986+05:30,GET,GET /jobs/{id}/,21.85,ok,
2026-10-04T18:40:25.292792+05:30,GET,GET /jobs/{id}/,24.79,ok,
2026-10-04T18:40:25.294683+05:30,POST,POST /jobs/,27.51,ok,
2026-10-04T18:40:25.308812+05:30,GET,GET /jobs/{id}/,23.54,ok,
2026-10-04T18:40:25.318745+05:30,GET,GET /jobs/stats/,20.76,ok,
2026-10-04T18:40:25.348068+05:30,GET,GET /jobs/{id}/,24.04,ok,
2026-10-04T18:40:25.356810+05:30,POST,POST /jobs/,22.66,ok,
2026-10-04T18:40:25.371798+05:30,POST,POST /jobs/,24.63,ok,
2026-10-04T18:40:25.389691+05:30,POST,POST /jobs/,23.59,ok,
2026-10-04T18:40:25.408897+05:30,POST,POST /jobs/,21.81,ok,
2026-10-04T18:40:25.416113+05:30,POST,POST /jobs/,24.1,ok,
2026-10-04T18:40:25.450880+05:30,GET,GET /jobs/{id}/,23.48,ok,
2026-10-04T18:40:25.464007+05:30,POST,POST /jobs/,29.6,ok,
2026-10-04T18:40:25.464724+05:30,GET,GET /jobs/{id}/,24.2,ok,
2026-10-04T18:40:25.465305+05:30,GET,GET /health/,25.93,ok,
2026-10-04T18:40:25.472269+05:30,GET,GET /jobs/stats/,23.62,ok,
2026-10-04T18:40:25.498863+05:30,POST,POST /jobs/,46.74,ok,
2026-10-04T18:40:25.512148+05:30,GET,GET /jobs/{id}/,26.53,ok,
2026-10-04T18:40:25.512574+05:30,GET,GET /jobs/{id}/,41.9,ok,
2026-10-04T18:40:25.520273+05:30,GET,GET /jobs/stats/,22.32,ok,
2026-10-04T18:40:25.576428+05:30,GET,GET /jobs/{id}/,19.79,ok,
2026-10-04T18:40:25.599346+05:30,GET,GET /jobs/stats/,21.62,ok,
2026-10-04T18:40:25.611105+05:30,POST,POST /jobs/,23.0,ok,
2026-10-04T18:40:25.644537+05:30,POST,POST /jobs/,23.12,ok,
2026-10-04T18:40:25.644948+05:30,GET,GET /jobs/stats/,20.48,ok,
2026-10-04T18:40:25.714775+05:30,GET,GET /jobs/stats/,21.07,ok,
2026-10-04T18:40:25.758977+05:30,GET,GET /jobs/stats/,21.92,ok,
2026-10-04T18:40:25.770500+05:30,POST,POST /jobs/,22.34,ok,
2026-10-04T18:40:25.808395+05:30,GET,GET /jobs/{id}/,23.61,ok,
2026-10-04T18:40:25.816622+05:30,GET,GET /jobs/{id}/,24.84,ok,
2026-10-04T18:40:25.821180+05:30,GET,GET /jobs/{id}/,23.49,ok,
2026-10-04T18:40:25.822056+05:30,GET,GET /health/,23.78,ok,
2026-10-04T18:40:25.824981+05:30,GET,GET /jobs/{id}/,26.39,ok,
2026-10-04T18:40:25.863240+05:30,POST,POST /jobs/,26.97,ok,
2026-10-04T18:40:25.871700+05:30,GET,GET /jobs/{id}/,20.34,ok,
2026-10-04T18:40:25.878008+05:30,GET,GET /jobs/stats/,21.67,ok,
2026-10-04T18:40:25.895197+05:30,GET,GET /jobs/{id}/,23.35,ok,
2026-10-04T18:40:25.896525+05:30,GET,GET /health/,26.18,ok,
2026-10-04T18:40:25.911592+05:30,GET,GET /jobs/{id}/,23.29,ok,
2026-10-04T18:40:25.922480+05:30,GET,GET /jobs/{id}/,20.68,ok,
2026-10-04T18:40:25.976751+05:30,POST,POST /jobs/,22.95,ok,
2026-10-04T18:40:26.022479+05:30,GET,GET /jobs/{id}/,21.4,ok,
2026-10-04T18:40:26.064350+05:30,POST,POST /jobs/,23.51,ok,
2026-10-04T18:40:26.171117+05:30,GET,GET /jobs/stats/,21.41,ok,
2026-10-04T18:40:26.208125+05:30,POST,POST /jobs/,39.1,ok,
2026-10-04T18:40:26.221868+05:30,GET,GET /jobs/{id}/,43.44,ok,
2026-10-04T18:40:26.222401+05:30,GET,GET /health/,44.41,ok,
2026-10-04T18:40:26.223317+05:30,GET,GET /health/,34.95,ok,
2026-10-04T18:40:26.223859+05:30,GET,GET /health/,46.47,ok,
2026-10-04T18:40:26.223977+05:30,GET,GET /health/,39.63,ok,
2026-10-04T18:40:26.227162+05:30,POST,POST /jobs/,39.91,ok,
2026-10-04T18:40:26.264627+05:30,GET,GET /jobs/{id}/,60.78,ok,
2026-10-04T18:40:26.267469+05:30,GET,GET /jobs/stats/,55.09,ok,
2026-10-04T18:40:26.289596+05:30,POST,POST /jobs/,22.96,ok,
2026-10-04T18:40:26.318817+05:30,GET,GET /jobs/{id}/,20.81,ok,
2026-10-04T18:40:26.329379+05:30,GET,GET /jobs/{id}/,20.35,ok,
2026-10-04T18:40:26.356362+05:30,GET,GET /jobs/{id}/,22.69,ok,
2026-10-04T18:40:26.360623+05:30,GET,GET /jobs/{id}/,22.84,ok,
2026-10-04T18:40:26.373666+05:30,GET,GET /jobs/{id}/,26.76,ok,
2026-10-04T18:40:26.408642+05:30,GET,GET /jobs/{id}/,22.63,ok,
2026-10-04T18:40:26.414850+05:30,GET,GET /jobs/stats/,23.88,ok,
2026-10-04T18:40:26.418755+05:30,GET,GET /jobs/{id}/,23.94,ok,
2026-10-04T18:40:26.425685+05:30,GET,GET /jobs/{id}/,22.98,ok,
2026-10-04T18:40:26.464419+05:30,POST,POST /jobs/,23.36,ok,
2026-10-04T18:40:26.478475+05:30,GET,GET /jobs/{id}/,22.31,ok,
2026-10-04T18:40:26.500174+05:30,GET,GET /jobs/{id}/,19.42,ok,
2026-10-04T18:40:26.534409+05:30,POST,POST /jobs/,21.92,ok,
2026-10-04T18:40:26.560412+05:30,POST,POST /jobs/,22.72,ok,
2026-10-04T18:40:26.602960+05:30,POST,POST /jobs/,25.25,ok,
2026-10-04T18:40:26.611383+05:30,POST,POST /jobs/,24.62,ok,
2026-10-04T18:40:26.624509+05:30,POST,POST /jobs/,29.13,ok,
2026-10-04T18:40:26.631603+05:30,GET,GET /jobs/{id}/,23.37,ok,
2026-10-04T18:40:26.637283+05:30,GET,GET /jobs/stats/,21.68,ok,
2026-10-04T18:40:26.673943+05:30,GET,GET /jobs/{id}/,21.41,ok,
2026-10-04T18:40:26.675946+05:30,POST,POST /jobs/,28.4,ok,
2026-10-04T18:40:26.682781+05:30,POST,POST /jobs/,25.34,ok,
2026-10-04T18:40:26.688134+05:30,GET,GET /health/,27.71,ok,
2026-10-04T18:40:26.694777+05:30,GET,GET /health/,20.13,ok,
2026-10-04T18:40:26.727843+05:30,GET,GET /jobs/{id}/,19.74,ok,
2026-10-04T18:40:26.767649+05:30,POST,POST /jobs/,22.49,ok,
2026-10-04T18:40:26.789722+05:30,POST,POST /jobs/,23.39,ok,
2026-10-04T18:40:26.797501+05:30,POST,POST /jobs/,22.57,ok,
2026-10-04T18:40:26.814845+05:30,GET,GET /jobs/{id}/,19.74,ok,
2026-10-04T18:40:26.829071+05:30,GET,GET /jobs/{id}/,21.28,ok,
2026-10-04T18:40:26.834854+05:30,GET,GET /health/,22.07,ok,
2026-10-04T18:40:26.840023+05:30,GET,GET /jobs/{id}/,19.9,ok,
2026-10-04T18:40:26.875604+05:30,GET,GET /jobs/stats/,20.3,ok,
2026-10-04T18:40:26.894749+05:30,GET,GET /jobs/{id}/,21.44,ok,
2026-10-04T18:40:26.900575+05:30,GET,GET /health/,21.75,ok,
2026-10-04T18:40:26.913732+05:30,GET,GET /jobs/{id}/,19.93,ok,
2026-10-04T18:40:26.955728+05:30,GET,GET /health/,22.61,ok,
2026-10-04T18:40:26.965552+05:30,POST,POST /jobs/,22.33,ok,
2026-10-04T18:40:26.976496+05:30,GET,GET /jobs/{id}/,19.48,ok,
2026-10-04T18:40:27.037819+05:30,GET,GET /jobs/{id}/,20.96,ok,
2026-10-04T18:40:27.038678+05:30,GET,GET /jobs/stats/,19.93,ok,
2026-10-04T18:40:27.068217+05:30,GET,GET /jobs/{id}/,21.25,ok,
2026-10-04T18:40:27.072153+05:30,GET,GET /jobs/{id}/,21.14,ok,
2026-10-04T18:40:27.076634+05:30,GET,GET /jobs/{id}/,21.71,ok,
2026-10-04T18:40:27.118465+05:30,POST,POST /jobs/,22.52,ok,
2026-10-04T18:40:27.203731+05:30,GET,GET /jobs/{id}/,20.94,ok,
2026-10-04T18:40:27.218437+05:30,POST,POST /jobs/,29.68,ok,
2026-10-04T18:40:27.219933+05:30,GET,GET /jobs/{id}/,28.26,ok,
2026-10-04T18:40:27.228775+05:30,GET,GET /jobs/{id}/,23.81,ok,
2026-10-04T18:40:27.240459+05:30,GET,GET /jobs/{id}/,23.81,ok,
2026-10-04T18:40:27.242576+05:30,POST,POST /jobs/,25.31,ok,
2026-10-04T18:40:27.261250+05:30,GET,GET /jobs/{id}/,19.55,ok,
2026-10-04T18:40:27.272471+05:30,POST,POST /jobs/,22.37,ok,
2026-10-04T18:40:27.315553+05:30,GET,GET /health/,20.79,ok,
2026-10-04T18:40:27.373297+05:30,GET,GET /jobs/{id}/,19.32,ok,
2026-10-04T18:40:27.393435+05:30,GET,GET /jobs/{id}/,21.46,ok,
2026-10-04T18:40:27.409030+05:30,GET,GET /jobs/{id}/,22.39,ok,
2026-10-04T18:40:27.416767+05:30,GET,GET /jobs/{id}/,24.7,ok,
2026-10-04T18:40:27.418702+05:30,POST,POST /jobs/,25.13,ok,
2026-10-04T18:40:27.432931+05:30,POST,POST /jobs/,24.86,ok,
2026-10-04T18:40:27.483556+05:30,GET,GET /jobs/{id}/,20.28,ok,
2026-10-04T18:40:27.552955+05:30,POST,POST /jobs/,22.97,ok,
2026-10-04T18:40:27.574769+05:30,POST,POST /jobs/,22.75,ok,
2026-10-04T18:40:27.583438+05:30,GET,GET /jobs/{id}/,19.85,ok,
2026-10-04T18:40:27.607592+05:30,GET,GET /jobs/{id}/,19.87,ok,
2026-10-04T18:40:27.609429+05:30,GET,GET /jobs/{id}/,20.94,ok,
2026-10-04T18:40:27.617657+05:30,GET,GET /health/,24.49,ok,
2026-10-04T18:40:27.629908+05:30,GET,GET /health/,22.17,ok,
2026-10-04T18:40:27.633049+05:30,GET,GET /jobs/{id}/,20.39,ok,
2026-10-04T18:40:27.638300+05:30,GET,GET /jobs/stats/,23.86,ok,
2026-10-04T18:40:27.674032+05:30,GET,GET /jobs/{id}/,19.44,ok,
2026-10-04T18:40:27.698992+05:30,GET,GET /jobs/{id}/,19.7,ok,
2026-10-04T18:40:27.738180+05:30,GET,GET /jobs/{id}/,20.84,ok,
2026-10-04T18:40:27.767343+05:30,GET,GET /jobs/stats/,20.9,ok,
2026-10-04T18:40:27.784981+05:30,POST,POST /jobs/,23.52,ok,
2026-10-04T18:40:27.798609+05:30,GET,GET /jobs/{id}/,20.99,ok,
2026-10-04T18:40:27.815203+05:30,GET,GET /jobs/{id}/,18.93,ok,
2026-10-04T18:40:27.820199+05:30,GET,GET /jobs/stats/,20.37,ok,
2026-10-04T18:40:27.837456+05:30,GET,GET /jobs/{id}/,20.01,ok,
2026-10-04T18:40:27.844160+05:30,GET,GET /health/,20.74,ok,
2026-10-04T18:40:27.854831+05:30,POST,POST /jobs/,24.58,ok,
2026-10-04T18:40:27.876743+05:30,POST,POST /jobs/,22.75,ok,
2026-10-04T18:40:27.917119+05:30,GET,GET /jobs/{id}/,20.04,ok,
2026-10-04T18:40:27.938032+05:30,GET,GET /jobs/stats/,20.77,ok,
2026-10-04T18:40:28.006140+05:30,GET,GET /health/,25.85,ok,
2026-10-04T18:40:28.016183+05:30,GET,GET /jobs/{id}/,24.37,ok,
2026-10-04T18:40:28.017190+05:30,GET,GET /jobs/{id}/,25.93,ok,
2026-10-04T18:40:28.017514+05:30,GET,GET /health/,22.84,ok,
2026-10-04T18:40:28.027951+05:30,POST,POST /jobs/,24.46,ok,
2026-10-04T18:40:28.039331+05:30,GET,GET /jobs/{id}/,22.98,ok,
2026-10-04T18:40:28.056667+05:30,GET,GET /health/,24.46,ok,
2026-10-04T18:40:28.070731+05:30,GET,GET /jobs/{id}/,20.08,ok,
2026-10-04T18:40:28.076507+05:30,GET,GET /jobs/{id}/,20.7,ok,
2026-10-04T18:40:28.124584+05:30,POST,POST /jobs/,22.7,ok,
2026-10-04T18:40:28.132481+05:30,POST,POST /jobs/,22.56,ok,
2026-10-04T18:40:28.194674+05:30,POST,POST /jobs/,26.88,ok,
2026-10-04T18:40:28.215475+05:30,GET,GET /jobs/{id}/,20.64,ok,
2026-10-04T18:40:28.259828+05:30,GET,GET /jobs/{id}/,20.06,ok,
2026-10-04T18:40:28.297081+05:30,GET,GET /jobs/{id}/,23.94,ok,
2026-10-04T18:40:28.300894+05:30,GET,GET /jobs/{id}/,24.71,ok,
2026-10-04T18:40:28.310850+05:30,GET,GET /jobs/{id}/,26.69,ok,
2026-10-04T18:40:28.327767+05:30,GET,GET /jobs/{id}/,22.62,ok,
2026-10-04T18:40:28.328184+05:30,POST,POST /jobs/,28.82,ok,
2026-10-04T18:40:28.343437+05:30,GET,GET /jobs/{id}/,24.33,ok,
2026-10-04T18:40:28.362231+05:30,GET,GET /jobs/stats/,26.84,ok,
2026-10-04T18:40:28.368612+05:30,GET,GET /jobs/{id}/,19.92,ok,
2026-10-04T18:40:28.373373+05:30,GET,GET /jobs/{id}/,21.77,ok,
2026-10-04T18:40:28.379779+05:30,GET,GET /jobs/{id}/,23.23,ok,
2026-10-04T18:40:28.394955+05:30,POST,POST /jobs/,24.09,ok,
2026-10-04T18:40:28.396548+05:30,POST,POST /jobs/,24.77,ok,
2026-10-04T18:40:28.460152+05:30,GET,GET /jobs/{id}/,19.32,ok,
2026-10-04T18:40:28.519369+05:30,GET,GET /jobs/{id}/,19.91,ok,
2026-10-04T18:40:28.532293+05:30,GET,GET /jobs/{id}/,19.84,ok,
2026-10-04T18:40:28.540865+05:30,POST,POST /jobs/,22.7,ok,
2026-10-04T18:40:28.590475+05:30,POST,POST /jobs/,22.29,ok,
2026-10-04T18:40:28.598334+05:30,POST,POST /jobs/,22.07,ok,
2026-10-04T18:40:28.644167+05:30,POST,POST /jobs/,23.53,ok,
2026-10-04T18:40:28.645740+05:30,GET,GET /jobs/stats/,22.15,ok,
2026-10-04T18:40:28.648568+05:30,GET,GET /health/,22.16,ok,
2026-10-04T18:40:28.666100+05:30,GET,GET /health/,22.8,ok,
2026-10-04T18:40:28.679256+05:30,POST,POST /jobs/,24.39,ok,
2026-10-04T18:40:28.694840+05:30,GET,GET /jobs/{id}/,22.45,ok,
2026-10-04T18:40:28.716919+05:30,GET,GET /jobs/{id}/,21.92,ok,
2026-10-04T18:40:28.728284+05:30,GET,GET /jobs/{id}/,22.33,ok,
2026-10-04T18:40:28.735543+05:30,GET,GET /jobs/stats/,21.54,ok,
2026-10-04T18:40:28.754356+05:30,POST,POST /jobs/,21.8,ok,
2026-10-04T18:40:28.774106+05:30,GET,GET /jobs/stats/,22.29,ok,
2026-10-04T18:40:28.777529+05:30,POST,POST /jobs/,24.89,ok,
2026-10-04T18:40:28.788508+05:30,GET,GET /jobs/{id}/,19.84,ok,
2026-10-04T18:40:28.850368+05:30,POST,POST /jobs/,27.54,ok,
2026-10-04T18:40:28.863840+05:30,POST,POST /jobs/,23.98,ok,
2026-10-04T18:40:28.872863+05:30,GET,GET /health/,32.43,ok,
2026-10-04T18:40:28.893446+05:30,POST,POST /jobs/,26.34,ok,
2026-10-04T18:40:28.904976+05:30,POST,POST /jobs/,29.87,ok,
2026-10-04T18:40:28.907952+05:30,POST,POST /jobs/,29.03,ok,
2026-10-04T18:40:28.909139+05:30,GET,GET /jobs/{id}/,23.41,ok,
2026-10-04T18:40:28.925670+05:30,GET,GET /jobs/{id}/,19.66,ok,
2026-10-04T18:40:28.964434+05:30,POST,POST /jobs/,22.44,ok,
2026-10-04T18:40:28.964887+05:30,GET,GET /health/,21.59,ok,
2026-10-04T18:40:28.967942+05:30,POST,POST /jobs/,25.44,ok,
2026-10-04T18:40:28.970155+05:30,GET,GET /jobs/{id}/,20.18,ok,
2026-10-04T18:40:29.008078+05:30,POST,POST /jobs/,22.64,ok,
2026-10-04T18:40:29.036364+05:30,GET,GET /jobs/stats/,27.04,ok,
2026-10-04T18:40:29.051820+05:30,GET,GET /jobs/{id}/,28.48,ok,
2026-10-04T18:40:29.058140+05:30,GET,GET /jobs/{id}/,27.4,ok,
2026-10-04T18:40:29.069390+05:30,GET,GET /jobs/{id}/,21.67,ok,
2026-10-04T18:40:29.075483+05:30,GET,GET /jobs/{id}/,20.39,ok,
2026-10-04T18:40:29.099543+05:30,POST,POST /jobs/,22.81,ok,
2026-10-04T18:40:29.138709+05:30,POST,POST /jobs/,22.86,ok,
2026-10-04T18:40:29.144658+05:30,POST,POST /jobs/,22.7,ok,
2026-10-04T18:40:29.162515+05:30,GET,GET /jobs/{id}/,19.51,ok,
2026-10-04T18:40:29.187906+05:30,GET,GET /jobs/{id}/,20.11,ok,
2026-10-04T18:40:29.193035+05:30,GET,GET /jobs/stats/,21.34,ok,
2026-10-04T18:40:29.215083+05:30,GET,GET /health/,19.83,ok,
2026-10-04T18:40:29.225022+05:30,GET,GET /health/,19.87,ok,
2026-10-04T18:40:29.274847+05:30,GET,GET /health/,20.53,ok,
2026-10-04T18:40:29.319975+05:30,POST,POST /jobs/,22.8,ok,
2026-10-04T18:40:29.339917+05:30,GET,GET /jobs/stats/,20.87,ok,
2026-10-04T18:40:29.349858+05:30,POST,POST /jobs/,26.29,ok,
2026-10-04T18:40:29.350310+05:30,POST,POST /jobs/,26.03,ok,
2026-10-04T18:40:29.383190+05:30,POST,POST /jobs/,23.63,ok,
2026-10-04T18:40:29.386281+05:30,POST,POST /jobs/,23.8,ok,
2026-10-04T18:40:29.386725+05:30,GET,GET /jobs/{id}/,21.42,ok,
2026-10-04T18:40:29.403908+05:30,GET,GET /health/,19.28,ok,
2026-10-04T18:40:29.438446+05:30,POST,POST /jobs/,22.22,ok,
2026-10-04T18:40:29.458894+05:30,POST,POST /jobs/,24.92,ok,
2026-10-04T18:40:29.460411+05:30,POST,POST /jobs/,21.82,ok,
2026-10-04T18:40:29.511990+05:30,POST,POST /jobs/,22.3,ok,
2026-10-04T18:40:29.558035+05:30,POST,POST /jobs/,22.72,ok,
2026-10-04T18:40:29.579499+05:30,POST,POST /jobs/,21.3,ok,
2026-10-04T18:40:29.621838+05:30,GET,GET /health/,19.94,ok,
2026-10-04T18:40:29.673738+05:30,GET,GET /jobs/{id}/,25.61,ok,
2026-10-04T18:40:29.682751+05:30,GET,GET /jobs/stats/,23.68,ok,
2026-10-04T18:40:29.758370+05:30,POST,POST /jobs/,24.32,ok,
2026-10-04T18:40:29.762194+05:30,POST,POST /jobs/,24.1,ok,
2026-10-04T18:40:29.770742+05:30,GET,GET /jobs/{id}/,20.58,ok,
2026-10-04T18:40:29.835075+05:30,POST,POST /jobs/,23.0,ok,
2026-10-04T18:40:29.846423+05:30,GET,GET /jobs/{id}/,19.34,ok,
2026-10-04T18:40:29.864306+05:30,POST,POST /jobs/,24.94,ok,
2026-10-04T18:40:29.878276+05:30,GET,GET /jobs/stats/,21.55,ok,
2026-10-04T18:40:29.880057+05:30,GET,GET /jobs/{id}/,20.3,ok,
2026-10-04T18:40:29.908065+05:30,GET,GET /health/,20.79,ok,
2026-10-04T18:40:29.927623+05:30,POST,POST /jobs/,22.34,ok,
2026-10-04T18:40:29.941090+05:30,POST,POST /jobs/,22.72,ok,
2026-10-04T18:40:30.057111+05:30,GET,GET /jobs/{id}/,27.44,ok,
2026-10-04T18:40:30.059117+05:30,POST,POST /jobs/,30.62,ok,
2026-10-04T18:40:30.064483+05:30,GET,GET /jobs/stats/,27.64,ok,
2026-10-04T18:40:30.069028+05:30,GET,GET /jobs/{id}/,27.77,ok,
2026-10-04T18:40:30.096997+05:30,GET,GET /jobs/{id}/,20.66,ok,
2026-10-04T18:40:30.101542+05:30,GET,GET /jobs/{id}/,21.13,ok,
2026-10-04T18:40:30.114283+05:30,POST,POST /jobs/,24.8,ok,
2026-10-04T18:40:30.137494+05:30,GET,GET /health/,19.98,ok,
2026-10-04T18:40:30.145136+05:30,GET,GET /jobs/{id}/,19.69,ok,
2026-10-04T18:40:30.172801+05:30,POST,POST /jobs/,22.4,ok,
2026-10-04T18:40:30.213258+05:30,GET,GET /jobs/{id}/,20.14,ok,
2026-10-04T18:40:30.220894+05:30,GET,GET /jobs/{id}/,19.74,ok,
2026-10-04T18:40:30.234370+05:30,GET,GET /health/,19.89,ok,
2026-10-04T18:40:30.261426+05:30,POST,POST /jobs/,22.77,ok,
2026-10-04T18:40:30.307783+05:30,GET,GET /health/,22.06,ok,
2026-10-04T18:40:30.335964+05:30,GET,GET /jobs/{id}/,19.79,ok,
2026-10-04T18:40:30.404033+05:30,GET,GET /jobs/{id}/,20.75,ok,
2026-10-04T18:40:30.407706+05:30,GET,GET /jobs/stats/,23.85,ok,
2026-10-04T18:40:30.444877+05:30,POST,POST /jobs/,22.86,ok,
2026-10-04T18:40:30.451442+05:30,GET,GET /jobs/{id}/,19.39,ok,
2026-10-04T18:40:30.500480+05:30,GET,GET /jobs/stats/,21.77,ok,
2026-10-04T18:40:30.514703+05:30,GET,GET /jobs/{id}/,21.98,ok,
2026-10-04T18:40:30.516126+05:30,GET,GET /jobs/{id}/,22.81,ok,
2026-10-04T18:40:30.580244+05:30,GET,GET /jobs/{id}/,22.9,ok,
2026-10-04T18:40:30.585574+05:30,POST,POST /jobs/,29.14,ok,
2026-10-04T18:40:30.589859+05:30,GET,GET /jobs/{id}/,20.7,ok,
2026-10-04T18:40:30.591442+05:30,GET,GET /jobs/{id}/,24.27,ok,
2026-10-04T18:40:30.694053+05:30,POST,POST /jobs/,24.69,ok,
2026-10-04T18:40:30.701713+05:30,GET,GET /jobs/{id}/,20.32,ok,
2026-10-04T18:40:30.713749+05:30,GET,GET /jobs/{id}/,30.23,ok,
2026-10-04T18:40:30.715759+05:30,POST,POST /jobs/,31.86,ok,
2026-10-04T18:40:30.730761+05:30,GET,GET /jobs/{id}/,22.29,ok,
2026-10-04T18:40:30.731169+05:30,POST,POST /jobs/,28.13,ok,
2026-10-04T18:40:30.758941+05:30,GET,GET /jobs/stats/,20.56,ok,
2026-10-04T18:40:30.775675+05:30,POST,POST /jobs/,23.31,ok,
2026-10-04T18:40:30.781623+05:30,GET,GET /jobs/{id}/,19.38,ok,
2026-10-04T18:40:30.800956+05:30,GET,GET /jobs/stats/,20.69,ok,
2026-10-04T18:40:30.807496+05:30,POST,POST /jobs/,23.62,ok,
2026-10-04T18:40:30.840698+05:30,GET,GET /jobs/{id}/,20.9,ok,
2026-10-04T18:40:30.865980+05:30,POST,POST /jobs/,32.19,ok,
2026-10-04T18:40:30.878114+05:30,GET,GET /jobs/stats/,23.14,ok,
2026-10-04T18:40:30.879593+05:30,GET,GET /jobs/{id}/,24.09,ok,
2026-10-04T18:40:30.882783+05:30,GET,GET /jobs/{id}/,26.9,ok,
2026-10-04T18:40:30.897623+05:30,GET,GET /jobs/{id}/,20.48,ok,
2026-10-04T18:40:30.916446+05:30,POST,POST /jobs/,22.38,ok,
2026-10-04T18:40:30.920162+05:30,POST,POST /jobs/,23.44,ok,
2026-10-04T18:40:30.942310+05:30,POST,POST /jobs/,24.54,ok,
2026-10-04T18:40:30.967386+05:30,GET,GET /jobs/stats/,20.79,ok,
2026-10-04T18:40:30.984590+05:30,GET,GET /jobs/stats/,20.02,ok,
2026-10-04T18:40:31.022653+05:30,POST,POST /jobs/,31.77,ok,
2026-10-04T18:40:31.026407+05:30,GET,GET /jobs/stats/,22.5,ok,
2026-10-04T18:40:31.038234+05:30,GET,GET /jobs/{id}/,25.34,ok,
2026-10-04T18:40:31.043080+05:30,GET,GET /health/,23.23,ok,
2026-10-04T18:40:31.084964+05:30,POST,POST /jobs/,24.56,ok,
2026-10-04T18:40:31.086561+05:30,POST,POST /jobs/,25.55,ok,
2026-10-04T18:40:31.122372+05:30,GET,GET /jobs/{id}/,20.48,ok,
2026-10-04T18:40:31.146091+05:30,GET,GET /health/,20.48,ok,
2026-10-04T18:40:31.167134+05:30,GET,GET /jobs/{id}/,23.49,ok,
2026-10-04T18:40:31.172437+05:30,POST,POST /jobs/,27.23,ok,
2026-10-04T18:40:31.180787+05:30,GET,GET /jobs/{id}/,26.15,ok,
2026-10-04T18:40:31.184199+05:30,GET,GET /jobs/{id}/,24.13,ok,
2026-10-04T18:40:31.184712+05:30,POST,POST /jobs/,29.56,ok,
2026-10-04T18:40:31.190747+05:30,GET,GET /jobs/{id}/,25.77,ok,
2026-10-04T18:40:31.218078+05:30,GET,GET /jobs/{id}/,23.06,ok,
2026-10-04T18:40:31.219420+05:30,GET,GET /jobs/{id}/,22.51,ok,
2026-10-04T18:40:31.228365+05:30,GET,GET /jobs/stats/,21.6,ok,
2026-10-04T18:40:31.248868+05:30,GET,GET /jobs/{id}/,21.4,ok,
2026-10-04T18:40:31.349534+05:30,GET,GET /jobs/{id}/,20.34,ok,
2026-10-04T18:40:31.367412+05:30,GET,GET /jobs/{id}/,19.36,ok,
2026-10-04T18:40:31.372604+05:30,GET,GET /jobs/stats/,20.87,ok,
2026-10-04T18:40:31.407749+05:30,GET,GET /jobs/{id}/,19.85,ok,
2026-10-04T18:40:31.433321+05:30,GET,GET /jobs/{id}/,23.32,ok,
2026-10-04T18:40:31.446372+05:30,GET,GET /jobs/{id}/,22.46,ok,
2026-10-04T18:40:31.451506+05:30,GET,GET /jobs/{id}/,26.24,ok,
2026-10-04T18:40:31.467786+05:30,POST,POST /jobs/,22.69,ok,
2026-10-04T18:40:31.473722+05:30,GET,GET /jobs/{id}/,18.98,ok,
2026-10-04T18:40:31.497638+05:30,GET,GET /health/,19.62,ok,
2026-10-04T18:40:31.530301+05:30,POST,POST /jobs/,25.33,ok,
2026-10-04T18:40:31.542156+05:30,POST,POST /jobs/,29.08,ok,
2026-10-04T18:40:31.542603+05:30,GET,GET /jobs/{id}/,25.44,ok,
2026-10-04T18:40:31.555679+05:30,GET,GET /jobs/{id}/,29.52,ok,
2026-10-04T18:40:31.570794+05:30,GET,GET /health/,19.95,ok,
2026-10-04T18:40:31.629354+05:30,GET,GET /jobs/stats/,21.26,ok,
2026-10-04T18:40:31.675911+05:30,GET,GET /jobs/{id}/,20.24,ok,
2026-10-04T18:40:31.680177+05:30,GET,GET /jobs/{id}/,21.44,ok,
2026-10-04T18:40:31.703244+05:30,GET,GET /jobs/{id}/,21.83,ok,
2026-10-04T18:40:31.720088+05:30,POST,POST /jobs/,23.72,ok,
2026-10-04T18:40:31.727841+05:30,POST,POST /jobs/,22.33,ok,
2026-10-04T18:40:31.761095+05:30,GET,GET /health/,19.99,ok,
2026-10-04T18:40:31.792950+05:30,GET,GET /health/,19.59,ok,
2026-10-04T18:40:31.814458+05:30,GET,GET /jobs/{id}/,19.26,ok,
2026-10-04T18:40:31.840913+05:30,GET,GET /jobs/{id}/,25.18,ok,
2026-10-04T18:40:31.842606+05:30,GET,GET /jobs/{id}/,22.38,ok,
2026-10-04T18:40:31.850455+05:30,POST,POST /jobs/,22.34,ok,
2026-10-04T18:40:31.854560+05:30,GET,GET /jobs/stats/,22.36,ok,
2026-10-04T18:40:31.913194+05:30,POST,POST /jobs/,22.34,ok,
2026-10-04T18:40:31.925966+05:30,POST,POST /jobs/,22.12,ok,
2026-10-04T18:40:31.950915+05:30,GET,GET /jobs/{id}/,19.68,ok,
2026-10-04T18:40:32.061607+05:30,POST,POST /jobs/,22.35,ok,
2026-10-04T18:40:32.097898+05:30,GET,GET /jobs/{id}/,20.97,ok,
2026-10-04T18:40:32.148951+05:30,GET,GET /jobs/{id}/,20.72,ok,
2026-10-04T18:40:32.154646+05:30,GET,GET /jobs/stats/,22.43,ok,
2026-10-04T18:40:32.155548+05:30,GET,GET /jobs/stats/,21.33,ok,
2026-10-04T18:40:32.178295+05:30,GET,GET /jobs/{id}/,24.53,ok,
2026-10-04T18:40:32.178776+05:30,POST,POST /jobs/,25.56,ok,
2026-10-04T18:40:32.182434+05:30,GET,GET /jobs/{id}/,20.67,ok,
2026-10-04T18:40:32.236982+05:30,POST,POST /jobs/,22.26,ok,
2026-10-04T18:40:32.240575+05:30,GET,GET /jobs/stats/,21.8,ok,
2026-10-04T18:40:32.260428+05:30,GET,GET /health/,22.22,ok,
2026-10-04T18:40:32.262913+05:30,GET,GET /health/,24.25,ok,
2026-10-04T18:40:32.267802+05:30,GET,GET /jobs/{id}/,21.92,ok,
2026-10-04T18:40:32.303721+05:30,POST,POST /jobs/,23.59,ok,
2026-10-04T18:40:32.304965+05:30,POST,POST /jobs/,21.84,ok,
2026-10-04T18:40:32.375518+05:30,GET,GET /jobs/{id}/,25.26,ok,
2026-10-04T18:40:32.382865+05:30,GET,GET /jobs/stats/,22.63,ok,
2026-10-04T18:40:32.384412+05:30,GET,GET /jobs/{id}/,21.15,ok,
2026-10-04T18:40:32.424898+05:30,GET,GET /jobs/stats/,20.23,ok,
2026-10-04T18:40:32.436140+05:30,POST,POST /jobs/,23.41,ok,
2026-10-04T18:40:32.446966+05:30,GET,GET /jobs/stats/,19.85,ok,
2026-10-04T18:40:32.575977+05:30,GET,GET /jobs/{id}/,119.84,ok,
2026-10-04T18:40:32.576981+05:30,GET,GET /health/,127.78,ok,
2026-10-04T18:40:32.586725+05:30,POST,POST /jobs/,118.59,ok,
2026-10-04T18:40:32.588281+05:30,GET,GET /jobs/{id}/,100.22,ok,
2026-10-04T18:40:32.596634+05:30,GET,GET /jobs/stats/,114.49,ok,
2026-10-04T18:40:32.604598+05:30,POST,POST /jobs/,50.07,ok,
2026-10-04T18:40:32.604994+05:30,GET,GET /health/,116.45,ok,
2026-10-04T18:40:32.605351+05:30,POST,POST /jobs/,83.92,ok,
2026-10-04T18:40:32.614452+05:30,POST,POST /jobs/,29.08,ok,
2026-10-04T18:40:32.684629+05:30,GET,GET /jobs/{id}/,25.81,ok,
2026-10-04T18:40:32.694730+05:30,POST,POST /jobs/,53.94,ok,
2026-10-04T18:40:32.704300+05:30,POST,POST /jobs/,72.56,ok,
2026-10-04T18:40:32.705049+05:30,GET,GET /jobs/{id}/,40.25,ok,
2026-10-04T18:40:32.711745+05:30,GET,GET /health/,33.87,ok,
2026-10-04T18:40:32.714933+05:30,GET,GET /jobs/{id}/,32.09,ok,
2026-10-04T18:40:32.716617+05:30,GET,GET /health/,31.23,ok,
2026-10-04T18:40:32.765461+05:30,GET,GET /jobs/stats/,75.31,ok,
2026-10-04T18:40:32.791348+05:30,GET,GET /jobs/{id}/,21.77,ok,
2026-10-04T18:40:32.792365+05:30,GET,GET /jobs/{id}/,25.67,ok,
2026-10-04T18:40:32.799016+05:30,GET,GET /jobs/{id}/,22.43,ok,
2026-10-04T18:40:32.806028+05:30,GET,GET /jobs/{id}/,23.49,ok,
2026-10-04T18:40:32.811166+05:30,GET,GET /health/,23.41,ok,
2026-10-04T18:40:32.850475+05:30,POST,POST /jobs/,22.01,ok,
2026-10-04T18:40:32.889135+05:30,POST,POST /jobs/,24.33,ok,
2026-10-04T18:40:32.904334+05:30,POST,POST /jobs/,23.48,ok,
2026-10-04T18:40:32.916070+05:30,GET,GET /jobs/{id}/,20.64,ok,
2026-10-04T18:40:32.954077+05:30,POST,POST /jobs/,22.69,ok,
2026-10-04T18:40:32.958129+05:30,GET,GET /jobs/{id}/,19.77,ok,
2026-10-04T18:40:32.988250+05:30,GET,GET /jobs/{id}/,19.84,ok,
2026-10-04T18:40:32.991971+05:30,GET,GET /jobs/stats/,23.06,ok,
2026-10-04T18:40:33.016422+05:30,POST,POST /jobs/,22.17,ok,
2026-10-04T18:40:33.055305+05:30,POST,POST /jobs/,24.46,ok,
2026-10-04T18:40:33.062145+05:30,GET,GET /jobs/{id}/,20.14,ok,
2026-10-04T18:40:33.093198+05:30,GET,GET /health/,25.78,ok,
2026-10-04T18:40:33.101717+05:30,POST,POST /jobs/,30.31,ok,
2026-10-04T18:40:33.144001+05:30,GET,GET /jobs/{id}/,26.89,ok,
2026-10-04T18:40:33.151643+05:30,GET,GET /jobs/stats/,23.45,ok,
2026-10-04T18:40:33.156909+05:30,POST,POST /jobs/,22.74,ok,
2026-10-04T18:40:33.227172+05:30,GET,GET /health/,23.0,ok,
2026-10-04T18:40:33.310058+05:30,GET,GET /jobs/stats/,20.58,ok,
2026-10-04T18:40:33.320145+05:30,POST,POST /jobs/,22.59,ok,
2026-10-04T18:40:33.401683+05:30,GET,GET /jobs/{id}/,21.23,ok,
2026-10-04T18:40:33.408343+05:30,GET,GET /jobs/{id}/,21.9,ok,
2026-10-04T18:40:33.414523+05:30,GET,GET /jobs/{id}/,20.09,ok,
2026-10-04T18:40:33.453238+05:30,GET,GET /jobs/stats/,20.43,ok,
2026-10-04T18:40:33.463625+05:30,POST,POST /jobs/,22.81,ok,
2026-10-04T18:40:33.519761+05:30,GET,GET /jobs/{id}/,19.83,ok,
2026-10-04T18:40:33.528334+05:30,GET,GET /jobs/{id}/,21.39,ok,
2026-10-04T18:40:33.540605+05:30,POST,POST /jobs/,22.15,ok,
2026-10-04T18:40:33.588347+05:30,GET,GET /jobs/{id}/,19.41,ok,
2026-10-04T18:40:33.636278+05:30,GET,GET /jobs/{id}/,20.62,ok,
2026-10-04T18:40:33.647157+05:30,GET,GET /jobs/{id}/,21.49,ok,
2026-10-04T18:40:33.661499+05:30,GET,GET /jobs/{id}/,19.94,ok,
2026-10-04T18:40:33.679251+05:30,POST,POST /jobs/,24.82,ok,
2026-10-04T18:40:33.698802+05:30,GET,GET /health/,27.21,ok,
2026-10-04T18:40:33.701043+05:30,GET,GET /jobs/{id}/,24.71,ok,
2026-10-04T18:40:33.701408+05:30,GET,GET /health/,33.68,ok,
2026-10-04T18:40:33.713577+05:30,POST,POST /jobs/,32.09,ok,
2026-10-04T18:40:33.777729+05:30,POST,POST /jobs/,85.36,ok,
2026-10-04T18:40:33.783161+05:30,GET,GET /jobs/{id}/,79.55,ok,
2026-10-04T18:40:33.804247+05:30,POST,POST /jobs/,99.93,ok,
2026-10-04T18:40:33.804740+05:30,GET,GET /jobs/{id}/,67.67,ok,
2026-10-04T18:40:33.805087+05:30,GET,GET /jobs/{id}/,69.24,ok,
2026-10-04T18:40:33.805949+05:30,GET,GET /health/,52.96,ok,
2026-10-04T18:40:33.806704+05:30,GET,GET /jobs/stats/,54.65,ok,
2026-10-04T18:40:33.813025+05:30,GET,GET /jobs/{id}/,37.61,ok,
2026-10-04T18:40:33.814623+05:30,GET,GET /jobs/{id}/,45.37,ok,
2026-10-04T18:40:33.816429+05:30,GET,GET /jobs/{id}/,63.79,ok,
2026-10-04T18:40:33.818530+05:30,GET,GET /jobs/{id}/,31.15,ok,
2026-10-04T18:40:33.877737+05:30,POST,POST /jobs/,62.58,ok,
2026-10-04T18:40:33.888997+05:30,GET,GET /jobs/stats/,21.22,ok,
2026-10-04T18:40:33.911492+05:30,GET,GET /jobs/{id}/,19.23,ok,
2026-10-04T18:40:33.963466+05:30,GET,GET /jobs/{id}/,19.64,ok,
2026-10-04T18:40:34.014747+05:30,GET,GET /jobs/{id}/,21.97,ok,
2026-10-04T18:40:34.036261+05:30,POST,POST /jobs/,35.41,ok,
2026-10-04T18:40:34.039295+05:30,GET,GET /jobs/{id}/,25.52,ok,
2026-10-04T18:40:34.040269+05:30,GET,GET /jobs/stats/,24.02,ok,
2026-10-04T18:40:34.040729+05:30,GET,GET /health/,38.66,ok,
2026-10-04T18:40:34.047520+05:30,POST,POST /jobs/,28.44,ok,
2026-10-04T18:40:34.164590+05:30,GET,GET /jobs/stats/,20.74,ok,
2026-10-04T18:40:34.194006+05:30,GET,GET /jobs/{id}/,21.1,ok,
2026-10-04T18:40:34.207129+05:30,POST,POST /jobs/,22.53,ok,
2026-10-04T18:40:34.217290+05:30,POST,POST /jobs/,22.01,ok,
2026-10-04T18:40:34.241104+05:30,POST,POST /jobs/,21.58,ok,
2026-10-04T18:40:34.276542+05:30,GET,GET /jobs/{id}/,20.08,ok,
2026-10-04T18:40:34.281428+05:30,GET,GET /health/,22.0,ok,
2026-10-04T18:40:34.306240+05:30,POST,POST /jobs/,23.56,ok,
2026-10-04T18:40:34.315582+05:30,POST,POST /jobs/,26.0,ok,
2026-10-04T18:40:34.324414+05:30,GET,GET /jobs/{id}/,24.71,ok,
2026-10-04T18:40:34.326264+05:30,GET,GET /jobs/{id}/,18.76,ok,
2026-10-04T18:40:34.334057+05:30,GET,GET /jobs/stats/,19.72,ok,
2026-10-04T18:40:34.353169+05:30,POST,POST /jobs/,21.61,ok,
2026-10-04T18:40:34.402247+05:30,GET,GET /jobs/{id}/,20.75,ok,
2026-10-04T18:40:34.422096+05:30,POST,POST /jobs/,22.46,ok,
2026-10-04T18:40:34.422510+05:30,GET,GET /health/,21.23,ok,
2026-10-04T18:40:34.465711+05:30,GET,GET /jobs/{id}/,20.93,ok,
2026-10-04T18:40:34.478693+05:30,GET,GET /jobs/{id}/,19.89,ok,
2026-10-04T18:40:34.485191+05:30,GET,GET /jobs/stats/,22.38,ok,
2026-10-04T18:40:34.492819+05:30,GET,GET /jobs/{id}/,20.76,ok,
2026-10-04T18:40:34.497071+05:30,GET,GET /jobs/{id}/,20.96,ok,
2026-10-04T18:40:34.614512+05:30,GET,GET /jobs/{id}/,23.1,ok,
2026-10-04T18:40:34.678943+05:30,GET,GET /jobs/{id}/,21.07,ok,
2026-10-04T18:40:34.685354+05:30,GET,GET /jobs/stats/,23.47,ok,
2026-10-04T18:40:34.699463+05:30,GET,GET /jobs/{id}/,19.29,ok,
2026-10-04T18:40:34.729131+05:30,POST,POST /jobs/,23.37,ok,
2026-10-04T18:40:34.729970+05:30,GET,GET /jobs/stats/,23.64,ok,
2026-10-04T18:40:34.750887+05:30,POST,POST /jobs/,22.71,ok,
2026-10-04T18:40:34.757105+05:30,GET,GET /jobs/{id}/,19.87,ok,
2026-10-04T18:40:34.838494+05:30,GET,GET /jobs/{id}/,20.01,ok,
2026-10-04T18:40:34.860463+05:30,POST,POST /jobs/,23.97,ok,
2026-10-04T18:40:34.872450+05:30,POST,POST /jobs/,26.65,ok,
2026-10-04T18:40:34.883603+05:30,GET,GET /jobs/{id}/,19.86,ok,
2026-10-04T18:40:34.888027+05:30,GET,GET /jobs/{id}/,23.74,ok,
2026-10-04T18:40:34.908154+05:30,GET,GET /jobs/{id}/,28.42,ok,
2026-10-04T18:40:34.913512+05:30,POST,POST /jobs/,26.75,ok,
2026-10-04T18:40:34.919527+05:30,GET,GET /jobs/stats/,20.26,ok,
2026-10-04T18:40:34.961045+05:30,GET,GET /health/,22.23,ok,
2026-10-04T18:40:34.968342+05:30,GET,GET /jobs/{id}/,20.48,ok,
2026-10-04T18:40:34.998437+05:30,GET,GET /jobs/{id}/,19.77,ok,
2026-10-04T18:40:35.064278+05:30,POST,POST /jobs/,26.54,ok,
2026-10-04T18:40:35.064755+05:30,GET,GET /jobs/{id}/,26.44,ok,
2026-10-04T18:40:35.078858+05:30,GET,GET /jobs/{id}/,21.5,ok,
2026-10-04T18:40:35.112049+05:30,GET,GET /jobs/{id}/,22.87,ok,
2026-10-04T18:40:35.123878+05:30,POST,POST /jobs/,23.5,ok,
2026-10-04T18:40:35.130258+05:30,GET,GET /jobs/{id}/,19.86,ok,
2026-10-04T18:40:35.187873+05:30,GET,GET /jobs/{id}/,21.25,ok,
2026-10-04T18:40:35.198154+05:30,GET,GET /jobs/{id}/,20.51,ok,
2026-10-04T18:40:35.227693+05:30,GET,GET /jobs/{id}/,21.22,ok,
2026-10-04T18:40:35.243976+05:30,GET,GET /jobs/stats/,24.43,ok,
2026-10-04T18:40:35.246629+05:30,GET,GET /health/,20.29,ok,
2026-10-04T18:40:35.257299+05:30,POST,POST /jobs/,23.3,ok,
2026-10-04T18:40:35.299280+05:30,GET,GET /jobs/{id}/,20.67,ok,
2026-10-04T18:40:35.318752+05:30,GET,GET /jobs/{id}/,20.39,ok,
2026-10-04T18:40:35.327852+05:30,GET,GET /jobs/{id}/,24.04,ok,
2026-10-04T18:40:35.344636+05:30,POST,POST /jobs/,23.63,ok,
2026-10-04T18:40:35.352883+05:30,GET,GET /health/,26.36,ok,
2026-10-04T18:40:35.353275+05:30,GET,GET /jobs/{id}/,22.83,ok,
2026-10-04T18:40:35.359572+05:30,GET,GET /jobs/{id}/,24.11,ok,
2026-10-04T18:40:35.373478+05:30,POST,POST /jobs/,24.51,ok,
2026-10-04T18:40:35.408825+05:30,GET,GET /jobs/{id}/,26.43,ok,
2026-10-04T18:40:35.409520+05:30,GET,GET /health/,27.77,ok,
2026-10-04T18:40:35.419464+05:30,GET,GET /jobs/{id}/,25.06,ok,
2026-10-04T18:40:35.430258+05:30,POST,POST /jobs/,35.3,ok,
2026-10-04T18:40:35.430481+05:30,POST,POST /jobs/,30.61,ok,
2026-10-04T18:40:35.439193+05:30,POST,POST /jobs/,31.17,ok,
2026-10-04T18:40:35.439586+05:30,GET,GET /jobs/stats/,32.19,ok,
2026-10-04T18:40:35.464237+05:30,GET,GET /jobs/{id}/,19.39,ok,
2026-10-04T18:40:35.508955+05:30,GET,GET /health/,21.44,ok,
2026-10-04T18:40:35.517119+05:30,GET,GET /jobs/{id}/,20.63,ok,
2026-10-04T18:40:35.525178+05:30,POST,POST /jobs/,22.67,ok,
2026-10-04T18:40:35.539747+05:30,POST,POST /jobs/,22.44,ok,
2026-10-04T18:40:35.559714+05:30,GET,GET /jobs/{id}/,19.79,ok,
2026-10-04T18:40:35.599447+05:30,GET,GET /jobs/{id}/,22.42,ok,
2026-10-04T18:40:35.610848+05:30,POST,POST /jobs/,24.71,ok,
2026-10-04T18:40:35.612393+05:30,POST,POST /jobs/,25.45,ok,
2026-10-04T18:40:35.621424+05:30,GET,GET /jobs/{id}/,20.69,ok,
2026-10-04T18:40:35.637617+05:30,POST,POST /jobs/,22.97,ok,
2026-10-04T18:40:35.659162+05:30,GET,GET /jobs/{id}/,20.26,ok,
2026-10-04T18:40:35.666360+05:30,GET,GET /jobs/{id}/,23.52,ok,
2026-10-04T18:40:35.672300+05:30,POST,POST /jobs/,28.94,ok,
2026-10-04T18:40:35.686611+05:30,GET,GET /jobs/{id}/,23.12,ok,
2026-10-04T18:40:35.701366+05:30,GET,GET /jobs/{id}/,21.81,ok,
2026-10-04T18:40:35.720399+05:30,GET,GET /jobs/{id}/,25.9,ok,
2026-10-04T18:40:35.720832+05:30,POST,POST /jobs/,26.86,ok,
2026-10-04T18:40:35.728867+05:30,POST,POST /jobs/,23.24,ok,
2026-10-04T18:40:35.786755+05:30,GET,GET /jobs/{id}/,20.6,ok,
2026-10-04T18:40:35.809001+05:30,GET,GET /health/,21.04,ok,
2026-10-04T18:40:35.820061+05:30,GET,GET /jobs/{id}/,21.2,ok,
2026-10-04T18:40:35.827108+05:30,GET,GET /health/,20.32,ok,
2026-10-04T18:40:35.855497+05:30,POST,POST /jobs/,23.14,ok,
2026-10-04T18:40:35.855868+05:30,GET,GET /health/,20.63,ok,
2026-10-04T18:40:35.874412+05:30,GET,GET /jobs/{id}/,21.3,ok,
2026-10-04T18:40:35.932825+05:30,POST,POST /jobs/,28.1,ok,
2026-10-04T18:40:35.941656+05:30,POST,POST /jobs/,23.88,ok,
2026-10-04T18:40:35.956537+05:30,POST,POST /jobs/,32.18,ok,
2026-10-04T18:40:35.966601+05:30,GET,GET /health/,21.7,ok,
2026-10-04T18:40:36.001544+05:30,GET,GET /health/,20.56,ok,
2026-10-04T18:40:36.081159+05:30,GET,GET /health/,21.24,ok,
2026-10-04T18:40:36.086954+05:30,POST,POST /jobs/,22.95,ok,
2026-10-04T18:40:36.109692+05:30,POST,POST /jobs/,23.72,ok,
2026-10-04T18:40:36.145454+05:30,GET,GET /health/,25.38,ok,
2026-10-04T18:40:36.160341+05:30,POST,POST /jobs/,27.06,ok,
2026-10-04T18:40:36.170646+05:30,GET,GET /jobs/{id}/,21.84,ok,
2026-10-04T18:40:36.171092+05:30,GET,GET /jobs/{id}/,26.84,ok,
2026-10-04T18:40:36.185154+05:30,POST,POST /jobs/,29.4,ok,
2026-10-04T18:40:36.223222+05:30,POST,POST /jobs/,28.72,ok,
2026-10-04T18:40:36.231229+05:30,GET,GET /jobs/{id}/,22.69,ok,
2026-10-04T18:40:36.244682+05:30,GET,GET /jobs/{id}/,22.4,ok,
2026-10-04T18:40:36.245105+05:30,GET,GET /jobs/{id}/,21.49,ok,
2026-10-04T18:40:36.313014+05:30,GET,GET /jobs/stats/,20.66,ok,
2026-10-04T18:40:36.398474+05:30,GET,GET /jobs/{id}/,20.12,ok,
2026-10-04T18:40:36.428281+05:30,GET,GET /jobs/stats/,24.55,ok,
2026-10-04T18:40:36.436940+05:30,GET,GET /jobs/stats/,27.26,ok,
2026-10-04T18:40:36.439114+05:30,GET,GET /jobs/{id}/,26.83,ok,
2026-10-04T18:40:36.445926+05:30,GET,GET /jobs/{id}/,23.87,ok,
2026-10-04T18:40:36.447624+05:30,GET,GET /jobs/{id}/,20.62,ok,
2026-10-04T18:40:36.471109+05:30,GET,GET /health/,21.19,ok,
2026-10-04T18:40:36.472861+05:30,GET,GET /jobs/{id}/,20.09,ok,
2026-10-04T18:40:36.478771+05:30,GET,GET /jobs/{id}/,20.13,ok,
2026-10-04T18:40:36.490677+05:30,GET,GET /jobs/{id}/,19.37,ok,
2026-10-04T18:40:36.526030+05:30,GET,GET /jobs/{id}/,20.06,ok,
2026-10-04T18:40:36.562225+05:30,GET,GET /jobs/{id}/,24.29,ok,
2026-10-04T18:40:36.562659+05:30,GET,GET /jobs/{id}/,25.35,ok,
2026-10-04T18:40:36.572484+05:30,GET,GET /jobs/stats/,21.63,ok,
2026-10-04T18:40:36.590699+05:30,GET,GET /jobs/{id}/,19.79,ok,
2026-10-04T18:40:36.618946+05:30,GET,GET /health/,25.99,ok,
2026-10-04T18:40:36.624147+05:30,GET,GET /jobs/{id}/,24.25,ok,
2026-10-04T18:40:36.630217+05:30,GET,GET /jobs/{id}/,22.53,ok,
2026-10-04T18:40:36.631188+05:30,GET,GET /jobs/{id}/,29.42,ok,
2026-10-04T18:40:36.636869+05:30,GET,GET /jobs/stats/,27.31,ok,
2026-10-04T18:40:36.641062+05:30,POST,POST /jobs/,27.61,ok,
2026-10-04T18:40:36.652994+05:30,GET,GET /jobs/{id}/,22.57,ok,
2026-10-04T18:40:36.669188+05:30,POST,POST /jobs/,22.86,ok,
2026-10-04T18:40:36.736971+05:30,GET,GET /jobs/{id}/,20.53,ok,
2026-10-04T18:40:36.737358+05:30,GET,GET /health/,22.87,ok,
2026-10-04T18:40:36.756139+05:30,GET,GET /jobs/{id}/,20.49,ok,
2026-10-04T18:40:36.765655+05:30,GET,GET /jobs/{id}/,20.04,ok,
2026-10-04T18:40:36.773473+05:30,GET,GET /jobs/{id}/,19.85,ok,
2026-10-04T18:40:36.808150+05:30,GET,GET /jobs/{id}/,20.4,ok,
2026-10-04T18:40:36.814345+05:30,GET,GET /jobs/{id}/,20.56,ok,
2026-10-04T18:40:36.911933+05:30,POST,POST /jobs/,23.21,ok,
2026-10-04T18:40:36.914985+05:30,POST,POST /jobs/,23.26,ok,
2026-10-04T18:40:36.916655+05:30,GET,GET /jobs/{id}/,23.1,ok,
2026-10-04T18:40:36.955993+05:30,GET,GET /health/,22.07,ok,
2026-10-04T18:40:36.976596+05:30,POST,POST /jobs/,26.6,ok,
2026-10-04T18:40:36.992976+05:30,POST,POST /jobs/,25.7,ok,
2026-10-04T18:40:36.994750+05:30,POST,POST /jobs/,26.6,ok,
2026-10-04T18:40:37.010583+05:30,POST,POST /jobs/,25.69,ok,
2026-10-04T18:40:37.019763+05:30,GET,GET /jobs/{id}/,20.75,ok,
2026-10-04T18:40:37.044168+05:30,GET,GET /jobs/{id}/,20.03,ok,
2026-10-04T18:40:37.110097+05:30,POST,POST /jobs/,25.55,ok,
2026-10-04T18:40:37.122627+05:30,GET,GET /health/,20.32,ok,
2026-10-04T18:40:37.157860+05:30,POST,POST /jobs/,26.86,ok,
2026-10-04T18:40:37.163408+05:30,GET,GET /health/,27.54,ok,
2026-10-04T18:40:37.166292+05:30,POST,POST /jobs/,27.45,ok,
2026-10-04T18:40:37.173113+05:30,GET,GET /jobs/stats/,25.39,ok,
2026-10-04T18:40:37.186535+05:30,GET,GET /jobs/stats/,20.11,ok,
2026-10-04T18:40:37.213461+05:30,GET,GET /health/,20.65,ok,
2026-10-04T18:40:37.238778+05:30,GET,GET /jobs/{id}/,20.01,ok,
2026-10-04T18:40:37.367012+05:30,GET,GET /jobs/{id}/,19.89,ok,
2026-10-04T18:40:37.390158+05:30,POST,POST /jobs/,23.94,ok,
2026-10-04T18:40:37.390574+05:30,POST,POST /jobs/,25.45,ok,
2026-10-04T18:40:37.483716+05:30,POST,POST /jobs/,25.85,ok,
2026-10-04T18:40:37.491518+05:30,GET,GET /jobs/stats/,22.58,ok,
2026-10-04T18:40:37.509210+05:30,GET,GET /jobs/{id}/,23.22,ok,
2026-10-04T18:40:37.542218+05:30,GET,GET /jobs/{id}/,19.67,ok,
2026-10-04T18:40:37.572702+05:30,GET,GET /jobs/{id}/,23.31,ok,
2026-10-04T18:40:37.573093+05:30,GET,GET /jobs/stats/,26.63,ok,
2026-10-04T18:40:37.588038+05:30,GET,GET /jobs/stats/,24.74,ok,
2026-10-04T18:40:37.604205+05:30,POST,POST /jobs/,21.88,ok,
2026-10-04T18:40:37.610432+05:30,GET,GET /jobs/{id}/,19.15,ok,
2026-10-04T18:40:37.624181+05:30,GET,GET /jobs/{id}/,20.87,ok,
2026-10-04T18:40:37.644477+05:30,GET,GET /jobs/{id}/,21.16,ok,
2026-10-04T18:40:37.661654+05:30,POST,POST /jobs/,26.95,ok,
2026-10-04T18:40:37.663516+05:30,POST,POST /jobs/,28.29,ok,
2026-10-04T18:40:37.673627+05:30,GET,GET /jobs/{id}/,20.85,ok,
2026-10-04T18:40:37.716947+05:30,GET,GET /jobs/stats/,25.02,ok,
2026-10-04T18:40:37.721664+05:30,GET,GET /health/,22.79,ok,
2026-10-04T18:40:37.734659+05:30,POST,POST /jobs/,24.75,ok,
2026-10-04T18:40:37.737505+05:30,GET,GET /jobs/{id}/,21.9,ok,
2026-10-04T18:40:37.752941+05:30,GET,GET /health/,20.04,ok,
2026-10-04T18:40:37.774376+05:30,GET,GET /health/,20.21,ok,
2026-10-04T18:40:37.801264+05:30,POST,POST /jobs/,24.68,ok,
2026-10-04T18:40:37.807413+05:30,GET,GET /jobs/{id}/,19.97,ok,
2026-10-04T18:40:37.828253+05:30,GET,GET /health/,19.63,ok,
2026-10-04T18:40:37.888353+05:30,GET,GET /jobs/stats/,20.82,ok,
2026-10-04T18:40:37.898062+05:30,GET,GET /jobs/{id}/,20.53,ok,
2026-10-04T18:40:37.928536+05:30,GET,GET /jobs/{id}/,20.18,ok,
2026-10-04T18:40:37.967060+05:30,GET,GET /jobs/{id}/,20.23,ok,
2026-10-04T18:40:37.970563+05:30,GET,GET /jobs/stats/,21.74,ok,
2026-10-04T18:40:37.993717+05:30,POST,POST /jobs/,28.9,ok,
2026-10-04T18:40:37.994224+05:30,GET,GET /jobs/{id}/,24.93,ok,
2026-10-04T18:40:38.007663+05:30,GET,GET /jobs/{id}/,22.82,ok,
2026-10-04T18:40:38.032041+05:30,POST,POST /jobs/,23.07,ok,
2026-10-04T18:40:38.036711+05:30,GET,GET /jobs/{id}/,21.32,ok,
2026-10-04T18:40:38.061888+05:30,GET,GET /jobs/{id}/,19.88,ok,
2026-10-04T18:40:38.101605+05:30,GET,GET /jobs/{id}/,20.4,ok,
2026-10-04T18:40:38.108212+05:30,GET,GET /health/,20.94,ok,
2026-10-04T18:40:38.145658+05:30,POST,POST /jobs/,24.09,ok,
2026-10-04T18:40:38.155122+05:30,GET,GET /jobs/{id}/,20.47,ok,
2026-10-04T18:40:38.155897+05:30,GET,GET /health/,19.34,ok,
2026-10-04T18:40:38.161859+05:30,GET,GET /jobs/{id}/,22.47,ok,
2026-10-04T18:40:38.202929+05:30,GET,GET /jobs/{id}/,19.76,ok,
2026-10-04T18:40:38.247838+05:30,GET,GET /jobs/{id}/,19.6,ok,
2026-10-04T18:40:38.273516+05:30,POST,POST /jobs/,26.87,ok,
2026-10-04T18:40:38.300862+05:30,GET,GET /jobs/{id}/,39.73,ok,
2026-10-04T18:40:38.313373+05:30,GET,GET /jobs/{id}/,36.59,ok,
2026-10-04T18:40:38.313895+05:30,GET,GET /jobs/{id}/,42.32,ok,
2026-10-04T18:40:38.314227+05:30,GET,GET /health/,51.04,ok,
2026-10-04T18:40:38.328981+05:30,GET,GET /jobs/{id}/,39.21,ok,
2026-10-04T18:40:38.338603+05:30,GET,GET /jobs/{id}/,34.43,ok,
2026-10-04T18:40:38.342994+05:30,POST,POST /jobs/,35.12,ok,
2026-10-04T18:40:38.346551+05:30,GET,GET /health/,34.53,ok,
2026-10-04T18:40:38.364840+05:30,POST,POST /jobs/,33.59,ok,
2026-10-04T18:40:38.393606+05:30,GET,GET /jobs/{id}/,45.04,ok,
2026-10-04T18:40:38.399114+05:30,POST,POST /jobs/,51.34,ok,
2026-10-04T18:40:38.399838+05:30,GET,GET /health/,47.63,ok,
2026-10-04T18:40:38.418237+05:30,GET,GET /health/,40.64,ok,
2026-10-04T18:40:38.418712+05:30,GET,GET /health/,32.35,ok,
2026-10-04T18:40:38.419061+05:30,GET,GET /jobs/{id}/,34.54,ok,
2026-10-04T18:40:38.426830+05:30,GET,GET /jobs/{id}/,24.77,ok,
2026-10-04T18:40:38.434473+05:30,GET,GET /jobs/{id}/,23.59,ok,
2026-10-04T18:40:38.480605+05:30,POST,POST /jobs/,22.84,ok,
2026-10-04T18:40:38.491045+05:30,GET,GET /jobs/{id}/,19.18,ok,
2026-10-04T18:40:38.520130+05:30,GET,GET /health/,19.8,ok,
2026-10-04T18:40:38.575581+05:30,POST,POST /jobs/,26.16,ok,
2026-10-04T18:40:38.584842+05:30,GET,GET /jobs/{id}/,23.18,ok,
2026-10-04T18:40:38.585263+05:30,GET,GET /jobs/{id}/,24.2,ok,
2026-10-04T18:40:38.591803+05:30,GET,GET /jobs/{id}/,24.1,ok,
2026-10-04T18:40:38.597741+05:30,GET,GET /jobs/{id}/,20.89,ok,
2026-10-04T18:40:38.610830+05:30,GET,GET /jobs/{id}/,19.87,ok,
2026-10-04T18:40:38.614706+05:30,GET,GET /jobs/{id}/,19.38,ok,
2026-10-04T18:40:38.684598+05:30,POST,POST /jobs/,26.57,ok,
2026-10-04T18:40:38.692504+05:30,GET,GET /jobs/{id}/,25.45,ok,
2026-10-04T18:40:38.692913+05:30,GET,GET /jobs/{id}/,20.92,ok,
2026-10-04T18:40:38.700644+05:30,GET,GET /jobs/stats/,24.74,ok,
2026-10-04T18:40:38.730443+05:30,POST,POST /jobs/,22.52,ok,
2026-10-04T18:40:38.760192+05:30,GET,GET /jobs/{id}/,19.45,ok,
2026-10-04T18:40:38.819155+05:30,GET,GET /jobs/{id}/,20.66,ok,
2026-10-04T18:40:38.897678+05:30,POST,POST /jobs/,22.23,ok,
2026-10-04T18:40:38.919887+05:30,POST,POST /jobs/,25.41,ok,
2026-10-04T18:40:38.927007+05:30,GET,GET /jobs/stats/,21.93,ok,
2026-10-04T18:40:38.938426+05:30,GET,GET /jobs/{id}/,20.24,ok,
2026-10-04T18:40:38.953443+05:30,POST,POST /jobs/,22.16,ok,
2026-10-04T18:40:38.988550+05:30,GET,GET /jobs/{id}/,20.79,ok,
2026-10-04T18:40:38.988998+05:30,GET,GET /health/,20.73,ok,
2026-10-04T18:40:39.013906+05:30,GET,GET /jobs/{id}/,19.66,ok,
2026-10-04T18:40:39.053793+05:30,GET,GET /jobs/{id}/,21.47,ok,
2026-10-04T18:40:39.068416+05:30,GET,GET /jobs/{id}/,21.13,ok,
2026-10-04T18:40:39.087546+05:30,GET,GET /health/,21.47,ok,
2026-10-04T18:40:39.103698+05:30,GET,GET /health/,20.0,ok,
2026-10-04T18:40:39.171015+05:30,GET,GET /jobs/{id}/,20.03,ok,
2026-10-04T18:40:39.195628+05:30,POST,POST /jobs/,22.36,ok,
2026-10-04T18:40:39.231538+05:30,POST,POST /jobs/,26.58,ok,
2026-10-04T18:40:39.246921+05:30,POST,POST /jobs/,23.77,ok,
2026-10-04T18:40:39.287858+05:30,GET,GET /jobs/stats/,25.65,ok,
2026-10-04T18:40:39.296921+05:30,GET,GET /jobs/{id}/,22.69,ok,
2026-10-04T18:40:39.319584+05:30,POST,POST /jobs/,24.41,ok,
2026-10-04T18:40:39.325888+05:30,GET,GET /jobs/{id}/,19.66,ok,
2026-10-04T18:40:39.353342+05:30,GET,GET /jobs/{id}/,20.14,ok,
2026-10-04T18:40:39.391284+05:30,GET,GET /jobs/{id}/,23.12,ok,
2026-10-04T18:40:39.392186+05:30,GET,GET /jobs/{id}/,24.54,ok,
2026-10-04T18:40:39.413585+05:30,POST,POST /jobs/,29.44,ok,
2026-10-04T18:40:39.414144+05:30,GET,GET /jobs/{id}/,29.45,ok,
2026-10-04T18:40:39.414496+05:30,GET,GET /jobs/{id}/,23.08,ok,
2026-10-04T18:40:39.424348+05:30,POST,POST /jobs/,25.64,ok,
2026-10-04T18:40:39.436532+05:30,GET,GET /jobs/{id}/,20.8,ok,
2026-10-04T18:40:39.441067+05:30,GET,GET /health/,23.58,ok,
2026-10-04T18:40:39.446703+05:30,GET,GET /jobs/{id}/,22.2,ok,
2026-10-04T18:40:39.455017+05:30,GET,GET /jobs/{id}/,22.67,ok,
2026-10-04T18:40:39.473862+05:30,POST,POST /jobs/,40.58,ok,
2026-10-04T18:40:39.484106+05:30,POST,POST /jobs/,22.76,ok,
2026-10-04T18:40:39.501342+05:30,GET,GET /health/,25.23,ok,
2026-10-04T18:40:39.511452+05:30,GET,GET /jobs/{id}/,23.08,ok,
2026-10-04T18:40:39.537978+05:30,GET,GET /jobs/{id}/,20.23,ok,
2026-10-04T18:40:39.566171+05:30,GET,GET /jobs/{id}/,20.92,ok,
2026-10-04T18:40:39.570975+05:30,POST,POST /jobs/,25.13,ok,
2026-10-04T18:40:39.571406+05:30,GET,GET /jobs/{id}/,24.94,ok,
2026-10-04T18:40:39.574862+05:30,GET,GET /jobs/{id}/,22.52,ok,
2026-10-04T18:40:39.597655+05:30,POST,POST /jobs/,21.58,ok,
2026-10-04T18:40:39.649104+05:30,GET,GET /jobs/stats/,20.18,ok,
2026-10-04T18:40:39.727217+05:30,GET,GET /jobs/{id}/,19.79,ok,
2026-10-04T18:40:39.761870+05:30,GET,GET /jobs/{id}/,20.34,ok,
2026-10-04T18:40:39.790549+05:30,POST,POST /jobs/,22.37,ok,
2026-10-04T18:40:39.828798+05:30,POST,POST /jobs/,23.93,ok,
2026-10-04T18:40:39.832738+05:30,GET,GET /jobs/{id}/,22.94,ok,
2026-10-04T18:40:39.847554+05:30,GET,GET /jobs/{id}/,20.04,ok,
2026-10-04T18:40:39.869066+05:30,POST,POST /jobs/,22.37,ok,
2026-10-04T18:40:39.881232+05:30,GET,GET /jobs/{id}/,20.11,ok,
2026-10-04T18:40:39.915892+05:30,POST,POST /jobs/,24.33,ok,
2026-10-04T18:40:39.931746+05:30,GET,GET /jobs/{id}/,21.12,ok,
2026-10-04T18:40:39.937086+05:30,GET,GET /health/,23.19,ok,
2026-10-04T18:40:39.941637+05:30,GET,GET /jobs/{id}/,22.52,ok,
2026-10-04T18:40:39.975238+05:30,GET,GET /jobs/stats/,22.36,ok,
2026-10-04T18:40:39.995985+05:30,POST,POST /jobs/,22.06,ok,
2026-10-04T18:40:40.063802+05:30,POST,POST /jobs/,24.51,ok,
2026-10-04T18:40:40.070010+05:30,GET,GET /jobs/{id}/,19.68,ok,
2026-10-04T18:40:40.095200+05:30,GET,GET /jobs/{id}/,20.88,ok,
2026-10-04T18:40:40.109340+05:30,GET,GET /jobs/{id}/,22.04,ok,
2026-10-04T18:40:40.115848+05:30,GET,GET /jobs/{id}/,23.7,ok,
2026-10-04T18:40:40.117939+05:30,GET,GET /jobs/{id}/,26.36,ok,
2026-10-04T18:40:40.118375+05:30,GET,GET /health/,20.96,ok,
2026-10-04T18:40:40.180139+05:30,GET,GET /jobs/{id}/,19.47,ok,
2026-10-04T18:40:40.222749+05:30,POST,POST /jobs/,27.3,ok,
2026-10-04T18:40:40.230619+05:30,GET,GET /jobs/{id}/,21.13,ok,
2026-10-04T18:40:40.234568+05:30,GET,GET /jobs/stats/,24.47,ok,
2026-10-04T18:40:40.240287+05:30,GET,GET /health/,22.3,ok,
2026-10-04T18:40:40.243521+05:30,POST,POST /jobs/,23.69,ok,
2026-10-04T18:40:40.290431+05:30,POST,POST /jobs/,24.55,ok,
2026-10-04T18:40:40.337692+05:30,POST,POST /jobs/,22.94,ok,
2026-10-04T18:40:40.358047+05:30,GET,GET /jobs/stats/,21.21,ok,
2026-10-04T18:40:40.388428+05:30,GET,GET /health/,20.12,ok,
2026-10-04T18:40:40.396507+05:30,GET,GET /jobs/stats/,22.26,ok,
2026-10-04T18:40:40.411658+05:30,GET,GET /jobs/{id}/,19.98,ok,
2026-10-04T18:40:40.415812+05:30,GET,GET /jobs/{id}/,20.59,ok,
2026-10-04T18:40:40.422939+05:30,GET,GET /jobs/stats/,23.23,ok,
2026-10-04T18:40:40.436094+05:30,POST,POST /jobs/,22.17,ok,
2026-10-04T18:40:40.468150+05:30,POST,POST /jobs/,22.75,ok,
2026-10-04T18:40:40.508053+05:30,GET,GET /jobs/{id}/,19.6,ok,
2026-10-04T18:40:40.540010+05:30,GET,GET /jobs/stats/,21.69,ok,
2026-10-04T18:40:40.548510+05:30,GET,GET /jobs/{id}/,19.64,ok,
2026-10-04T18:40:40.578775+05:30,GET,GET /jobs/{id}/,19.94,ok,
2026-10-04T18:40:40.582854+05:30,GET,GET /jobs/{id}/,21.06,ok,
2026-10-04T18:40:40.606225+05:30,GET,GET /jobs/{id}/,20.34,ok,
2026-10-04T18:40:40.606766+05:30,GET,GET /jobs/{id}/,21.69,ok,
2026-10-04T18:40:40.672356+05:30,GET,GET /health/,20.32,ok,
2026-10-04T18:40:40.705892+05:30,GET,GET /jobs/{id}/,20.15,ok,
2026-10-04T18:40:40.711455+05:30,GET,GET /jobs/{id}/,20.65,ok,
2026-10-04T18:40:40.714773+05:30,POST,POST /jobs/,23.48,ok,
2026-10-04T18:40:40.736238+05:30,POST,POST /jobs/,22.25,ok,
2026-10-04T18:40:40.760601+05:30,GET,GET /jobs/{id}/,21.1,ok,
2026-10-04T18:40:40.764842+05:30,GET,GET /jobs/{id}/,21.52,ok,
2026-10-04T18:40:40.776350+05:30,GET,GET /jobs/{id}/,23.31,ok,
2026-10-04T18:40:40.776860+05:30,GET,GET /jobs/{id}/,24.66,ok,
2026-10-04T18:40:40.793988+05:30,GET,GET /jobs/{id}/,23.9,ok,
2026-10-04T18:40:40.803667+05:30,GET,GET /health/,23.62,ok,
2026-10-04T18:40:40.813287+05:30,POST,POST /jobs/,31.34,ok,
2026-10-04T18:40:40.813674+05:30,GET,GET /jobs/{id}/,21.48,ok,
2026-10-04T18:40:40.821510+05:30,POST,POST /jobs/,26.25,ok,
2026-10-04T18:40:40.825826+05:30,GET,GET /jobs/{id}/,23.69,ok,
2026-10-04T18:40:40.842005+05:30,GET,GET /jobs/{id}/,19.27,ok,
2026-10-04T18:40:40.900132+05:30,GET,GET /jobs/{id}/,47.79,ok,
2026-10-04T18:40:40.903625+05:30,GET,GET /jobs/{id}/,55.24,ok,
2026-10-04T18:40:40.909571+05:30,GET,GET /jobs/{id}/,41.36,ok,
2026-10-04T18:40:40.913548+05:30,GET,GET /jobs/{id}/,31.85,ok,
2026-10-04T18:40:40.924588+05:30,GET,GET /jobs/{id}/,38.87,ok,
2026-10-04T18:40:40.925016+05:30,POST,POST /jobs/,56.3,ok,
2026-10-04T18:40:40.941599+05:30,POST,POST /jobs/,26.78,ok,
2026-10-04T18:40:40.988320+05:30,POST,POST /jobs/,25.42,ok,
2026-10-04T18:40:41.033164+05:30,POST,POST /jobs/,22.53,ok,
2026-10-04T18:40:41.111227+05:30,GET,GET /jobs/{id}/,21.67,ok,
2026-10-04T18:40:41.119457+05:30,POST,POST /jobs/,25.84,ok,
2026-10-04T18:40:41.123686+05:30,GET,GET /jobs/{id}/,22.0,ok,
2026-10-04T18:40:41.134368+05:30,POST,POST /jobs/,24.0,ok,
2026-10-04T18:40:41.188290+05:30,GET,GET /jobs/{id}/,20.6,ok,
2026-10-04T18:40:41.195225+05:30,GET,GET /jobs/stats/,21.52,ok,
2026-10-04T18:40:41.199813+05:30,GET,GET /jobs/{id}/,22.1,ok,
2026-10-04T18:40:41.230622+05:30,GET,GET /jobs/{id}/,20.48,ok,
2026-10-04T18:40:41.237487+05:30,GET,GET /jobs/stats/,23.17,ok,
2026-10-04T18:40:41.237994+05:30,GET,GET /jobs/{id}/,20.74,ok,
2026-10-04T18:40:41.296194+05:30,GET,GET /jobs/{id}/,19.9,ok,
2026-10-04T18:40:41.305455+05:30,POST,POST /jobs/,22.09,ok,
2026-10-04T18:40:41.380516+05:30,GET,GET /jobs/{id}/,19.75,ok,
2026-10-04T18:40:41.405621+05:30,GET,GET /jobs/{id}/,20.8,ok,
2026-10-04T18:40:41.418582+05:30,GET,GET /jobs/{id}/,19.75,ok,
2026-10-04T18:40:41.437541+05:30,GET,GET /jobs/{id}/,20.3,ok,
2026-10-04T18:40:41.485658+05:30,POST,POST /jobs/,22.8,ok,
2026-10-04T18:40:41.508642+05:30,POST,POST /jobs/,22.77,ok,
2026-10-04T18:40:41.515496+05:30,GET,GET /health/,20.74,ok,
2026-10-04T18:40:41.539967+05:30,POST,POST /jobs/,23.2,ok,
2026-10-04T18:40:41.550423+05:30,POST,POST /jobs/,23.73,ok,
2026-10-04T18:40:41.557860+05:30,GET,GET /jobs/stats/,20.14,ok,
2026-10-04T18:40:41.587087+05:30,GET,GET /jobs/stats/,20.97,ok,
2026-10-04T18:40:41.619557+05:30,GET,GET /jobs/{id}/,22.18,ok,
2026-10-04T18:40:41.639420+05:30,GET,GET /jobs/stats/,21.33,ok,
2026-10-04T18:40:41.729181+05:30,GET,GET /jobs/{id}/,22.44,ok,
2026-10-04T18:40:41.735236+05:30,GET,GET /jobs/{id}/,22.43,ok,
2026-10-04T18:40:41.776121+05:30,GET,GET /jobs/{id}/,22.56,ok,
2026-10-04T18:40:41.786947+05:30,GET,GET /jobs/stats/,22.28,ok,
2026-10-04T18:40:41.798447+05:30,POST,POST /jobs/,24.77,ok,
2026-10-04T18:40:41.813434+05:30,GET,GET /jobs/{id}/,22.22,ok,
2026-10-04T18:40:41.827363+05:30,POST,POST /jobs/,30.38,ok,
2026-10-04T18:40:41.829637+05:30,GET,GET /jobs/{id}/,25.91,ok,
2026-10-04T18:40:41.840801+05:30,GET,GET /jobs/{id}/,25.74,ok,
2026-10-04T18:40:41.842536+05:30,POST,POST /jobs/,29.94,ok,
2026-10-04T18:40:41.861949+05:30,POST,POST /jobs/,44.07,ok,
2026-10-04T18:40:41.863783+05:30,GET,GET /jobs/{id}/,42.09,ok,
2026-10-04T18:40:41.879670+05:30,POST,POST /jobs/,30.9,ok,
2026-10-04T18:40:41.901093+05:30,GET,GET /jobs/{id}/,35.07,ok,
2026-10-04T18:40:41.914643+05:30,POST,POST /jobs/,28.72,ok,
2026-10-04T18:40:41.937622+05:30,GET,GET /jobs/{id}/,19.69,ok,
2026-10-04T18:40:41.963484+05:30,GET,GET /jobs/{id}/,19.57,ok,
2026-10-04T18:40:42.010535+05:30,GET,GET /jobs/{id}/,29.73,ok,
2026-10-04T18:40:42.022814+05:30,GET,GET /jobs/stats/,27.09,ok,
2026-10-04T18:40:42.029563+05:30,POST,POST /jobs/,32.38,ok,
2026-10-04T18:40:42.062099+05:30,POST,POST /jobs/,26.45,ok,
2026-10-04T18:40:42.069109+05:30,POST,POST /jobs/,31.39,ok,
2026-10-04T18:40:42.095246+05:30,POST,POST /jobs/,48.16,ok,
2026-10-04T18:40:42.102688+05:30,POST,POST /jobs/,50.89,ok,
2026-10-04T18:40:42.118322+05:30,GET,GET /jobs/{id}/,56.05,ok,
2026-10-04T18:40:42.119801+05:30,GET,GET /health/,51.58,ok,
2026-10-04T18:40:42.126380+05:30,GET,GET /jobs/{id}/,53.29,ok,
2026-10-04T18:40:42.128276+05:30,GET,GET /jobs/{id}/,47.06,ok,
2026-10-04T18:40:42.135503+05:30,GET,GET /jobs/{id}/,30.55,ok,
2026-10-04T18:40:42.163780+05:30,POST,POST /jobs/,64.23,ok,
2026-10-04T18:40:42.168854+05:30,GET,GET /jobs/{id}/,63.36,ok,
2026-10-04T18:40:42.173733+05:30,GET,GET /jobs/stats/,63.49,ok,
2026-10-04T18:40:42.184745+05:30,GET,GET /jobs/{id}/,50.16,ok,
2026-10-04T18:40:42.212073+05:30,POST,POST /jobs/,28.33,ok,
2026-10-04T18:40:42.220926+05:30,GET,GET /jobs/{id}/,20.49,ok,
2026-10-04T18:40:42.253531+05:30,POST,POST /jobs/,23.29,ok,
2026-10-04T18:40:42.284800+05:30,GET,GET /jobs/stats/,46.56,ok,
2026-10-04T18:40:42.307912+05:30,GET,GET /jobs/{id}/,50.24,ok,
2026-10-04T18:40:42.308316+05:30,GET,GET /jobs/{id}/,24.31,ok,
2026-10-04T18:40:42.314410+05:30,GET,GET /jobs/{id}/,29.19,ok,
2026-10-04T18:40:42.326617+05:30,GET,GET /jobs/{id}/,26.51,ok,
2026-10-04T18:40:42.345588+05:30,POST,POST /jobs/,28.46,ok,
2026-10-04T18:40:42.346111+05:30,POST,POST /jobs/,29.48,ok,
2026-10-04T18:40:42.354312+05:30,POST,POST /jobs/,25.46,ok,
2026-10-04T18:40:42.360713+05:30,GET,GET /jobs/{id}/,23.96,ok,
2026-10-04T18:40:42.372558+05:30,GET,GET /jobs/{id}/,19.51,ok,
2026-10-04T18:40:42.396527+05:30,POST,POST /jobs/,37.04,ok,
2026-10-04T18:40:42.426743+05:30,GET,GET /jobs/{id}/,20.79,ok,
2026-10-04T18:40:42.493266+05:30,GET,GET /jobs/{id}/,20.24,ok,
2026-10-04T18:40:42.514594+05:30,POST,POST /jobs/,22.17,ok,
2026-10-04T18:40:42.531237+05:30,GET,GET /jobs/{id}/,19.35,ok,
2026-10-04T18:40:42.556043+05:30,GET,GET /jobs/{id}/,19.46,ok,
2026-10-04T18:40:42.583824+05:30,POST,POST /jobs/,22.53,ok,
2026-10-04T18:40:42.589322+05:30,GET,GET /jobs/{id}/,20.04,ok,
2026-10-04T18:40:42.631367+05:30,GET,GET /jobs/stats/,21.79,ok,
2026-10-04T18:40:42.651065+05:30,GET,GET /health/,20.5,ok,
2026-10-04T18:40:42.658602+05:30,GET,GET /health/,19.74,ok,
2026-10-04T18:40:42.691975+05:30,POST,POST /jobs/,25.1,ok,
2026-10-04T18:40:42.695131+05:30,GET,GET /health/,24.61,ok,
2026-10-04T18:40:42.695924+05:30,POST,POST /jobs/,26.06,ok,
2026-10-04T18:40:42.696843+05:30,GET,GET /jobs/{id}/,23.68,ok,
2026-10-04T18:40:42.731987+05:30,GET,GET /jobs/{id}/,21.87,ok,
2026-10-04T18:40:42.748644+05:30,POST,POST /jobs/,23.58,ok,
2026-10-04T18:40:42.783558+05:30,GET,GET /jobs/{id}/,19.63,ok,
2026-10-04T18:40:42.801657+05:30,POST,POST /jobs/,21.71,ok,
2026-10-04T18:40:42.802169+05:30,GET,GET /health/,20.94,ok,
2026-10-04T18:40:42.805048+05:30,POST,POST /jobs/,22.2,ok,
2026-10-04T18:40:42.873245+05:30,GET,GET /health/,21.95,ok,
2026-10-04T18:40:42.886032+05:30,POST,POST /jobs/,23.76,ok,
2026-10-04T18:40:42.899902+05:30,POST,POST /jobs/,22.39,ok,
2026-10-04T18:40:42.910986+05:30,GET,GET /jobs/{id}/,19.67,ok,
2026-10-04T18:40:42.952705+05:30,GET,GET /jobs/{id}/,24.33,ok,
2026-10-04T18:40:42.970688+05:30,GET,GET /jobs/{id}/,27.86,ok,
2026-10-04T18:40:42.971591+05:30,GET,GET /jobs/stats/,29.29,ok,
2026-10-04T18:40:42.972656+05:30,GET,GET /health/,22.8,ok,
2026-10-04T18:40:42.990072+05:30,GET,GET /jobs/{id}/,19.22,ok,
2026-10-04T18:40:43.040289+05:30,GET,GET /jobs/{id}/,20.89,ok,
2026-10-04T18:40:43.047406+05:30,GET,GET /health/,20.01,ok,
2026-10-04T18:40:43.078711+05:30,GET,GET /jobs/stats/,21.0,ok,
2026-10-04T18:40:43.098124+05:30,POST,POST /jobs/,22.29,ok,
2026-10-04T18:40:43.139060+05:30,GET,GET /jobs/{id}/,20.6,ok,
2026-10-04T18:40:43.217348+05:30,POST,POST /jobs/,26.97,ok,
2026-10-04T18:40:43.246345+05:30,POST,POST /jobs/,27.71,ok,
2026-10-04T18:40:43.260839+05:30,GET,GET /jobs/{id}/,22.59,ok,
2026-10-04T18:40:43.301360+05:30,GET,GET /jobs/{id}/,32.2,ok,
2026-10-04T18:40:43.310755+05:30,GET,GET /jobs/{id}/,25.26,ok,
2026-10-04T18:40:43.311602+05:30,GET,GET /health/,25.13,ok,
2026-10-04T18:40:43.318467+05:30,GET,GET /jobs/{id}/,26.78,ok,
2026-10-04T18:40:43.318909+05:30,GET,GET /jobs/stats/,27.71,ok,
2026-10-04T18:40:43.348068+05:30,POST,POST /jobs/,23.93,ok,
2026-10-04T18:40:43.364771+05:30,POST,POST /jobs/,23.61,ok,
2026-10-04T18:40:43.375709+05:30,GET,GET /jobs/{id}/,20.34,ok,
2026-10-04T18:40:43.405615+05:30,POST,POST /jobs/,22.61,ok,
2026-10-04T18:40:43.411116+05:30,GET,GET /jobs/stats/,20.14,ok,
2026-10-04T18:40:43.476296+05:30,GET,GET /jobs/{id}/,19.89,ok,
2026-10-04T18:40:43.503336+05:30,GET,GET /jobs/{id}/,19.74,ok,
2026-10-04T18:40:43.509849+05:30,GET,GET /jobs/{id}/,21.18,ok,
2026-10-04T18:40:43.541090+05:30,GET,GET /jobs/{id}/,20.91,ok,
2026-10-04T18:40:43.549700+05:30,GET,GET /jobs/{id}/,19.49,ok,
2026-10-04T18:40:43.579960+05:30,GET,GET /jobs/{id}/,23.91,ok,
2026-10-04T18:40:43.580911+05:30,GET,GET /jobs/{id}/,24.28,ok,
2026-10-04T18:40:43.593876+05:30,GET,GET /jobs/stats/,23.28,ok,
2026-10-04T18:40:43.598466+05:30,GET,GET /jobs/{id}/,25.42,ok,
2026-10-04T18:40:43.603984+05:30,GET,GET /jobs/{id}/,20.86,ok,
2026-10-04T18:40:43.638356+05:30,GET,GET /jobs/stats/,21.12,ok,
2026-10-04T18:40:43.701515+05:30,POST,POST /jobs/,24.88,ok,
2026-10-04T18:40:43.707081+05:30,GET,GET /jobs/stats/,20.42,ok,
2026-10-04T18:40:43.727703+05:30,GET,GET /health/,19.38,ok,
2026-10-04T18:40:43.729736+05:30,GET,GET /health/,18.49,ok,
2026-10-04T18:40:43.777897+05:30,POST,POST /jobs/,21.77,ok,
2026-10-04T18:40:43.850561+05:30,GET,GET /jobs/{id}/,23.76,ok,
2026-10-04T18:40:43.852507+05:30,POST,POST /jobs/,26.3,ok,
2026-10-04T18:40:43.864347+05:30,GET,GET /jobs/{id}/,33.58,ok,
2026-10-04T18:40:43.874252+05:30,POST,POST /jobs/,31.98,ok,
2026-10-04T18:40:43.919620+05:30,POST,POST /jobs/,22.96,ok,
2026-10-04T18:40:43.973579+05:30,GET,GET /jobs/{id}/,20.64,ok,
2026-10-04T18:40:43.981096+05:30,GET,GET /jobs/{id}/,21.07,ok,
2026-10-04T18:40:43.982828+05:30,GET,GET /jobs/{id}/,22.27,ok,
2026-10-04T18:40:44.016414+05:30,POST,POST /jobs/,24.3,ok,
2026-10-04T18:40:44.092804+05:30,POST,POST /jobs/,22.04,ok,
2026-10-04T18:40:44.100881+05:30,GET,GET /health/,23.16,ok,
2026-10-04T18:40:44.121393+05:30,GET,GET /jobs/{id}/,19.25,ok,
2026-10-04T18:40:44.149181+05:30,GET,GET /jobs/{id}/,19.48,ok,
2026-10-04T18:40:44.179239+05:30,GET,GET /jobs/{id}/,21.76,ok,
2026-10-04T18:40:44.180858+05:30,POST,POST /jobs/,25.39,ok,
2026-10-04T18:40:44.196903+05:30,GET,GET /jobs/{id}/,18.94,ok,
2026-10-04T18:40:44.230040+05:30,GET,GET /jobs/{id}/,21.82,ok,
2026-10-04T18:40:44.247515+05:30,POST,POST /jobs/,23.24,ok,
2026-10-04T18:40:44.255233+05:30,GET,GET /jobs/stats/,19.92,ok,
2026-10-04T18:40:44.312935+05:30,GET,GET /jobs/{id}/,20.83,ok,
2026-10-04T18:40:44.313344+05:30,GET,GET /jobs/{id}/,21.81,ok,
2026-10-04T18:40:44.335711+05:30,POST,POST /jobs/,22.25,ok,
2026-10-04T18:40:44.369283+05:30,POST,POST /jobs/,22.29,ok,
2026-10-04T18:40:44.420105+05:30,GET,GET /jobs/{id}/,22.52,ok,
2026-10-04T18:40:44.434023+05:30,POST,POST /jobs/,26.32,ok,
2026-10-04T18:40:44.438633+05:30,GET,GET /jobs/{id}/,20.06,ok,
2026-10-04T18:40:44.439124+05:30,POST,POST /jobs/,28.46,ok,
2026-10-04T18:40:44.444846+05:30,GET,GET /jobs/stats/,23.52,ok,
2026-10-04T18:40:44.479018+05:30,GET,GET /health/,19.93,ok,
2026-10-04T18:40:44.497400+05:30,GET,GET /jobs/{id}/,19.75,ok,
2026-10-04T18:40:44.503669+05:30,GET,GET /jobs/{id}/,21.41,ok,
2026-10-04T18:40:44.507961+05:30,POST,POST /jobs/,22.88,ok,
2026-10-04T18:40:44.509137+05:30,GET,GET /health/,22.06,ok,
2026-10-04T18:40:44.545897+05:30,GET,GET /health/,22.51,ok,
2026-10-04T18:40:44.546939+05:30,GET,GET /health/,23.03,ok,
2026-10-04T18:40:44.557206+05:30,GET,GET /jobs/{id}/,21.29,ok,
2026-10-04T18:40:44.571598+05:30,POST,POST /jobs/,23.44,ok,
2026-10-04T18:40:44.596046+05:30,POST,POST /jobs/,22.12,ok,
2026-10-04T18:40:44.683570+05:30,GET,GET /jobs/{id}/,19.17,ok,
2026-10-04T18:40:44.683994+05:30,GET,GET /jobs/{id}/,21.61,ok,
2026-10-04T18:40:44.724874+05:30,POST,POST /jobs/,21.63,ok,
2026-10-04T18:40:44.748694+05:30,POST,POST /jobs/,21.55,ok,
2026-10-04T18:40:44.774708+05:30,GET,GET /jobs/{id}/,20.72,ok,
2026-10-04T18:40:44.788116+05:30,GET,GET /jobs/{id}/,20.16,ok,
2026-10-04T18:40:44.794879+05:30,GET,GET /jobs/stats/,24.9,ok,
2026-10-04T18:40:44.798964+05:30,GET,GET /jobs/{id}/,19.97,ok,
2026-10-04T18:40:44.807826+05:30,POST,POST /jobs/,23.87,ok,
2026-10-04T18:40:44.838328+05:30,GET,GET /jobs/{id}/,21.21,ok,
2026-10-04T18:40:44.842061+05:30,GET,GET /jobs/stats/,21.33,ok,
2026-10-04T18:40:44.896941+05:30,POST,POST /jobs/,24.56,ok,
2026-10-04T18:40:44.906394+05:30,GET,GET /jobs/{id}/,20.84,ok,
2026-10-04T18:40:44.906895+05:30,POST,POST /jobs/,25.48,ok,
2026-10-04T18:40:44.964846+05:30,POST,POST /jobs/,22.67,ok,
2026-10-04T18:40:44.991059+05:30,GET,GET /jobs/stats/,20.94,ok,
2026-10-04T18:40:45.015602+05:30,GET,GET /jobs/{id}/,26.24,ok,
2026-10-04T18:40:45.016976+05:30,POST,POST /jobs/,26.92,ok,
2026-10-04T18:40:45.041058+05:30,GET,GET /jobs/{id}/,26.42,ok,
2026-10-04T18:40:45.051896+05:30,GET,GET /jobs/{id}/,27.78,ok,
2026-10-04T18:40:45.052447+05:30,GET,GET /health/,26.95,ok,
2026-10-04T18:40:45.099534+05:30,POST,POST /jobs/,49.14,ok,
2026-10-04T18:40:45.099946+05:30,POST,POST /jobs/,37.58,ok,
2026-10-04T18:40:45.112079+05:30,GET,GET /jobs/{id}/,34.54,ok,
2026-10-04T18:40:45.123551+05:30,GET,GET /jobs/{id}/,25.51,ok,
2026-10-04T18:40:45.161685+05:30,GET,GET /jobs/{id}/,21.78,ok,
2026-10-04T18:40:45.172301+05:30,GET,GET /health/,23.32,ok,
2026-10-04T18:40:45.188163+05:30,GET,GET /jobs/{id}/,24.04,ok,
2026-10-04T18:40:45.189730+05:30,GET,GET /jobs/{id}/,24.18,ok,
2026-10-04T18:40:45.200387+05:30,POST,POST /jobs/,23.74,ok,
2026-10-04T18:40:45.209000+05:30,POST,POST /jobs/,26.31,ok,
2026-10-04T18:40:45.225071+05:30,POST,POST /jobs/,23.42,ok,
2026-10-04T18:40:45.229366+05:30,POST,POST /jobs/,22.69,ok,
2026-10-04T18:40:45.250692+05:30,POST,POST /jobs/,22.18,ok,
2026-10-04T18:40:45.267787+05:30,GET,GET /jobs/{id}/,19.84,ok,
2026-10-04T18:40:45.289750+05:30,POST,POST /jobs/,21.81,ok,
2026-10-04T18:40:45.314978+05:30,GET,GET /health/,19.86,ok,
2026-10-04T18:40:45.352649+05:30,GET,GET /jobs/{id}/,26.39,ok,
2026-10-04T18:40:45.362817+05:30,POST,POST /jobs/,23.53,ok,
2026-10-04T18:40:45.364620+05:30,GET,GET /jobs/{id}/,20.36,ok,
2026-10-04T18:40:45.369159+05:30,GET,GET /jobs/{id}/,21.9,ok,
2026-10-04T18:40:45.393355+05:30,POST,POST /jobs/,21.96,ok,
2026-10-04T18:40:45.397742+05:30,GET,GET /jobs/{id}/,20.46,ok,
2026-10-04T18:40:45.474394+05:30,GET,GET /jobs/{id}/,20.28,ok,
2026-10-04T18:40:45.504973+05:30,GET,GET /jobs/{id}/,21.25,ok,
2026-10-04T18:40:45.515814+05:30,POST,POST /jobs/,22.14,ok,
2026-10-04T18:40:45.550099+05:30,POST,POST /jobs/,26.99,ok,
2026-10-04T18:40:45.562888+05:30,GET,GET /jobs/stats/,23.77,ok,
2026-10-04T18:40:45.568868+05:30,POST,POST /jobs/,25.24,ok,
2026-10-04T18:40:45.571435+05:30,POST,POST /jobs/,22.34,ok,
2026-10-04T18:40:45.589955+05:30,GET,GET /jobs/{id}/,19.86,ok,
2026-10-04T18:40:45.611573+05:30,GET,GET /jobs/stats/,23.86,ok,
2026-10-04T18:40:45.617351+05:30,GET,GET /jobs/{id}/,22.13,ok,
2026-10-04T18:40:45.626306+05:30,GET,GET /jobs/stats/,26.2,ok,
2026-10-04T18:40:45.662568+05:30,GET,GET /jobs/{id}/,21.94,ok,
2026-10-04T18:40:45.666083+05:30,POST,POST /jobs/,24.89,ok,
2026-10-04T18:40:45.672476+05:30,GET,GET /jobs/{id}/,21.24,ok,
2026-10-04T18:40:45.682029+05:30,POST,POST /jobs/,28.91,ok,
2026-10-04T18:40:45.691584+05:30,GET,GET /jobs/{id}/,19.98,ok,
2026-10-04T18:40:45.716038+05:30,GET,GET /jobs/{id}/,19.2,ok,
2026-10-04T18:40:45.736241+05:30,GET,GET /jobs/{id}/,18.95,ok,
2026-10-04T18:40:45.847810+05:30,GET,GET /jobs/{id}/,20.23,ok,
2026-10-04T18:40:45.874707+05:30,POST,POST /jobs/,24.64,ok,
2026-10-04T18:40:45.895851+05:30,POST,POST /jobs/,28.87,ok,
2026-10-04T18:40:45.896627+05:30,GET,GET /health/,29.1,ok,
2026-10-04T18:40:45.899591+05:30,GET,GET /jobs/{id}/,26.32,ok,
2026-10-04T18:40:45.902112+05:30,GET,GET /health/,29.67,ok,
2026-10-04T18:40:45.905337+05:30,GET,GET /jobs/{id}/,21.18,ok,
2026-10-04T18:40:45.927636+05:30,POST,POST /jobs/,26.81,ok,
2026-10-04T18:40:45.934765+05:30,POST,POST /jobs/,26.12,ok,
2026-10-04T18:40:45.939546+05:30,GET,GET /jobs/{id}/,22.08,ok,
2026-10-04T18:40:45.964280+05:30,GET,GET /jobs/{id}/,42.86,ok,
2026-10-04T18:40:45.984195+05:30,POST,POST /jobs/,22.29,ok,
2026-10-04T18:40:45.990344+05:30,GET,GET /jobs/{id}/,19.76,ok,
2026-10-04T18:40:46.035862+05:30,GET,GET /jobs/{id}/,28.22,ok,
2026-10-04T18:40:46.036305+05:30,GET,GET /jobs/{id}/,24.69,ok,
2026-10-04T18:40:46.056057+05:30,GET,GET /jobs/{id}/,22.98,ok,
2026-10-04T18:40:46.073898+05:30,POST,POST /jobs/,28.35,ok,
2026-10-04T18:40:46.074496+05:30,GET,GET /jobs/stats/,27.02,ok,
2026-10-04T18:40:46.081674+05:30,GET,GET /jobs/{id}/,21.36,ok,
2026-10-04T18:40:46.136302+05:30,POST,POST /jobs/,24.35,ok,
2026-10-04T18:40:46.210463+05:30,GET,GET /jobs/{id}/,22.85,ok,
2026-10-04T18:40:46.234114+05:30,POST,POST /jobs/,29.42,ok,
2026-10-04T18:40:46.260909+05:30,GET,GET /health/,22.54,ok,
2026-10-04T18:40:46.270007+05:30,POST,POST /jobs/,24.71,ok,
2026-10-04T18:40:46.278202+05:30,POST,POST /jobs/,23.71,ok,
2026-10-04T18:40:46.283786+05:30,GET,GET /jobs/{id}/,20.62,ok,
2026-10-04T18:40:46.412903+05:30,GET,GET /jobs/{id}/,22.76,ok,
2026-10-04T18:40:46.415904+05:30,GET,GET /jobs/{id}/,22.73,ok,
2026-10-04T18:40:46.423034+05:30,POST,POST /jobs/,24.91,ok,
2026-10-04T18:40:46.436716+05:30,POST,POST /jobs/,30.74,ok,
2026-10-04T18:40:46.437143+05:30,GET,GET /jobs/{id}/,23.03,ok,
2026-10-04T18:40:46.444924+05:30,GET,GET /jobs/stats/,23.8,ok,
2026-10-04T18:40:46.485853+05:30,GET,GET /jobs/{id}/,19.58,ok,
2026-10-04T18:40:46.525912+05:30,POST,POST /jobs/,22.74,ok,
2026-10-04T18:40:46.575880+05:30,POST,POST /jobs/,22.65,ok,
2026-10-04T18:40:46.580950+05:30,GET,GET /health/,20.65,ok,
2026-10-04T18:40:46.634908+05:30,POST,POST /jobs/,22.65,ok,
2026-10-04T18:40:46.669925+05:30,GET,GET /jobs/{id}/,22.73,ok,
2026-10-04T18:40:46.675063+05:30,GET,GET /jobs/{id}/,22.16,ok,
2026-10-04T18:40:46.676337+05:30,GET,GET /health/,26.21,ok,
2026-10-04T18:40:46.687526+05:30,GET,GET /jobs/{id}/,21.66,ok,
2026-10-04T18:40:46.715852+05:30,POST,POST /jobs/,26.09,ok,
2026-10-04T18:40:46.725293+05:30,GET,GET /jobs/stats/,21.67,ok,
2026-10-04T18:40:46.761455+05:30,GET,GET /health/,21.9,ok,
2026-10-04T18:40:46.769427+05:30,GET,GET /jobs/{id}/,20.01,ok,
2026-10-04T18:40:46.785283+05:30,POST,POST /jobs/,22.56,ok,
2026-10-04T18:40:46.787307+05:30,GET,GET /jobs/{id}/,21.6,ok,
2026-10-04T18:40:46.825256+05:30,GET,GET /jobs/{id}/,19.66,ok,
2026-10-04T18:40:46.850799+05:30,GET,GET /jobs/{id}/,20.28,ok,
2026-10-04T18:40:46.854447+05:30,POST,POST /jobs/,23.4,ok,
2026-10-04T18:40:46.874733+05:30,GET,GET /jobs/{id}/,19.01,ok,
2026-10-04T18:40:46.885454+05:30,GET,GET /jobs/{id}/,19.68,ok,
2026-10-04T18:40:46.947824+05:30,POST,POST /jobs/,23.06,ok,
2026-10-04T18:40:47.038046+05:30,POST,POST /jobs/,21.88,ok,
2026-10-04T18:40:47.065259+05:30,GET,GET /jobs/stats/,21.9,ok,
2026-10-04T18:40:47.078696+05:30,GET,GET /jobs/{id}/,19.35,ok,
2026-10-04T18:40:47.088648+05:30,POST,POST /jobs/,24.29,ok,
2026-10-04T18:40:47.092403+05:30,POST,POST /jobs/,26.97,ok,
2026-10-04T18:40:47.099691+05:30,POST,POST /jobs/,28.15,ok,
2026-10-04T18:40:47.121312+05:30,GET,GET /health/,20.23,ok,
2026-10-04T18:40:47.175691+05:30,GET,GET /jobs/{id}/,19.77,ok,
2026-10-04T18:40:47.185330+05:30,POST,POST /jobs/,22.06,ok,
2026-10-04T18:40:47.209330+05:30,GET,GET /jobs/{id}/,20.75,ok,
2026-10-04T18:40:47.222949+05:30,GET,GET /health/,20.86,ok,
2026-10-04T18:40:47.271072+05:30,POST,POST /jobs/,23.82,ok,
2026-10-04T18:40:47.278128+05:30,POST,POST /jobs/,26.87,ok,
2026-10-04T18:40:47.280258+05:30,GET,GET /jobs/{id}/,26.99,ok,
2026-10-04T18:40:47.283334+05:30,GET,GET /jobs/{id}/,28.26,ok,
2026-10-04T18:40:47.290198+05:30,GET,GET /jobs/{id}/,22.28,ok,
2026-10-04T18:40:47.298983+05:30,POST,POST /jobs/,27.74,ok,
2026-10-04T18:40:47.299415+05:30,GET,GET /health/,21.16,ok,
2026-10-04T18:40:47.321225+05:30,GET,GET /jobs/{id}/,19.58,ok,
2026-10-04T18:40:47.348188+05:30,POST,POST /jobs/,22.67,ok,
2026-10-04T18:40:47.398471+05:30,GET,GET /jobs/{id}/,23.96,ok,
2026-10-04T18:40:47.400160+05:30,GET,GET /jobs/{id}/,23.7,ok,
2026-10-04T18:40:47.416192+05:30,POST,POST /jobs/,24.85,ok,
2026-10-04T18:40:47.419846+05:30,POST,POST /jobs/,25.96,ok,
2026-10-04T18:40:47.436954+05:30,GET,GET /jobs/{id}/,23.16,ok,
2026-10-04T18:40:47.441331+05:30,GET,GET /jobs/{id}/,20.24,ok,
2026-10-04T18:40:47.448824+05:30,POST,POST /jobs/,25.89,ok,
2026-10-04T18:40:47.477670+05:30,POST,POST /jobs/,22.57,ok,
2026-10-04T18:40:47.525031+05:30,POST,POST /jobs/,24.98,ok,
2026-10-04T18:40:47.539346+05:30,GET,GET /jobs/{id}/,20.74,ok,
2026-10-04T18:40:47.549726+05:30,GET,GET /jobs/{id}/,19.39,ok,
2026-10-04T18:40:47.584409+05:30,GET,GET /jobs/{id}/,22.33,ok,
2026-10-04T18:40:47.586219+05:30,POST,POST /jobs/,25.15,ok,
2026-10-04T18:40:47.617910+05:30,GET,GET /jobs/{id}/,20.41,ok,
2026-10-04T18:40:47.634267+05:30,GET,GET /health/,22.56,ok,
2026-10-04T18:40:47.639636+05:30,GET,GET /jobs/{id}/,21.57,ok,
2026-10-04T18:40:47.648585+05:30,GET,GET /jobs/{id}/,19.69,ok,
2026-10-04T18:40:47.689268+05:30,POST,POST /jobs/,22.38,ok,
2026-10-04T18:40:47.728123+05:30,GET,GET /jobs/{id}/,19.56,ok,
2026-10-04T18:40:47.736378+05:30,GET,GET /jobs/{id}/,19.76,ok,
2026-10-04T18:40:47.764355+05:30,GET,GET /jobs/{id}/,22.58,ok,
2026-10-04T18:40:47.768938+05:30,GET,GET /jobs/{id}/,22.89,ok,
2026-10-04T18:40:47.776070+05:30,GET,GET /jobs/{id}/,21.05,ok,
2026-10-04T18:40:47.783806+05:30,POST,POST /jobs/,25.84,ok,
2026-10-04T18:40:47.800169+05:30,POST,POST /jobs/,21.83,ok,
2026-10-04T18:40:47.806558+05:30,GET,GET /jobs/{id}/,19.51,ok,
2026-10-04T18:40:47.833658+05:30,GET,GET /jobs/{id}/,19.7,ok,
2026-10-04T18:40:47.835368+05:30,GET,GET /health/,19.48,ok,
2026-10-04T18:40:47.856451+05:30,POST,POST /jobs/,21.85,ok,
2026-10-04T18:40:47.856932+05:30,GET,GET /health/,20.1,ok,
2026-10-04T18:40:47.922602+05:30,GET,GET /jobs/{id}/,21.41,ok,
2026-10-04T18:40:47.934290+05:30,GET,GET /jobs/{id}/,21.01,ok,
2026-10-04T18:40:47.947151+05:30,GET,GET /jobs/{id}/,19.27,ok,
2026-10-04T18:40:47.952398+05:30,GET,GET /jobs/stats/,21.57,ok,
2026-10-04T18:40:47.982289+05:30,POST,POST /jobs/,25.63,ok,
2026-10-04T18:40:47.984066+05:30,POST,POST /jobs/,30.41,ok,
2026-10-04T18:40:47.991029+05:30,GET,GET /jobs/stats/,26.51,ok,
2026-10-04T18:40:48.000231+05:30,GET,GET /jobs/{id}/,24.72,ok,
2026-10-04T18:40:48.036203+05:30,GET,GET /jobs/stats/,20.65,ok,
2026-10-04T18:40:48.063291+05:30,GET,GET /health/,20.79,ok,
2026-10-04T18:40:48.066007+05:30,GET,GET /jobs/{id}/,19.57,ok,
2026-10-04T18:40:48.093943+05:30,POST,POST /jobs/,24.67,ok,
2026-10-04T18:40:48.102554+05:30,GET,GET /jobs/{id}/,24.24,ok,
2026-10-04T18:40:48.109911+05:30,GET,GET /health/,22.63,ok,
2026-10-04T18:40:48.113379+05:30,GET,GET /jobs/{id}/,20.44,ok,
2026-10-04T18:40:48.119562+05:30,POST,POST /jobs/,24.07,ok,
2026-10-04T18:40:48.178189+05:30,GET,GET /jobs/{id}/,22.38,ok,
2026-10-04T18:40:48.178643+05:30,GET,GET /jobs/stats/,25.81,ok,
2026-10-04T18:40:48.195507+05:30,POST,POST /jobs/,26.77,ok,
2026-10-04T18:40:48.259303+05:30,GET,GET /jobs/{id}/,20.45,ok,
2026-10-04T18:40:48.271926+05:30,POST,POST /jobs/,24.02,ok,
2026-10-04T18:40:48.288744+05:30,GET,GET /health/,24.19,ok,
2026-10-04T18:40:48.370147+05:30,POST,POST /jobs/,22.08,ok,
2026-10-04T18:40:48.392589+05:30,GET,GET /jobs/{id}/,24.49,ok,
2026-10-04T18:40:48.403125+05:30,POST,POST /jobs/,23.67,ok,
2026-10-04T18:40:48.413721+05:30,POST,POST /jobs/,26.32,ok,
2026-10-04T18:40:48.414227+05:30,POST,POST /jobs/,29.77,ok,
2026-10-04T18:40:48.469549+05:30,GET,GET /health/,28.56,ok,
2026-10-04T18:40:48.470148+05:30,POST,POST /jobs/,29.66,ok,
2026-10-04T18:40:48.470774+05:30,GET,GET /health/,20.86,ok,
2026-10-04T18:40:48.474848+05:30,GET,GET /jobs/{id}/,23.08,ok,
2026-10-04T18:40:48.488930+05:30,POST,POST /jobs/,25.17,ok,
2026-10-04T18:40:48.496879+05:30,POST,POST /jobs/,28.91,ok,
2026-10-04T18:40:48.586779+05:30,POST,POST /jobs/,25.56,ok,
2026-10-04T18:40:48.592874+05:30,GET,GET /jobs/{id}/,21.55,ok,
2026-10-04T18:40:48.599167+05:30,GET,GET /jobs/{id}/,19.83,ok,
2026-10-04T18:40:48.699558+05:30,GET,GET /health/,20.09,ok,
2026-10-04T18:40:48.749562+05:30,GET,GET /jobs/{id}/,21.7,ok,
2026-10-04T18:40:48.765641+05:30,POST,POST /jobs/,21.77,ok,
2026-10-04T18:40:48.791511+05:30,GET,GET /jobs/{id}/,19.57,ok,
2026-10-04T18:40:48.799989+05:30,GET,GET /jobs/{id}/,19.02,ok,
2026-10-04T18:40:48.837076+05:30,GET,GET /jobs/{id}/,19.8,ok,
2026-10-04T18:40:48.879927+05:30,GET,GET /jobs/{id}/,19.54,ok,
2026-10-04T18:40:48.902993+05:30,GET,GET /jobs/{id}/,20.79,ok,
2026-10-04T18:40:48.908964+05:30,GET,GET /jobs/stats/,22.87,ok,
2026-10-04T18:40:48.911732+05:30,GET,GET /jobs/{id}/,19.69,ok,
2026-10-04T18:40:48.953517+05:30,GET,GET /jobs/{id}/,19.41,ok,
2026-10-04T18:40:48.972803+05:30,GET,GET /jobs/{id}/,22.69,ok,
2026-10-04T18:40:48.974450+05:30,GET,GET /health/,23.8,ok,
2026-10-04T18:40:48.984225+05:30,GET,GET /jobs/{id}/,23.45,ok,
2026-10-04T18:40:48.984624+05:30,GET,GET /jobs/{id}/,23.35,ok,
2026-10-04T18:40:48.994413+05:30,GET,GET /jobs/{id}/,20.79,ok,
2026-10-04T18:40:49.015822+05:30,GET,GET /jobs/{id}/,19.16,ok,
2026-10-04T18:40:49.022025+05:30,GET,GET /jobs/{id}/,19.48,ok,
2026-10-04T18:40:49.061708+05:30,POST,POST /jobs/,22.35,ok,
2026-10-04T18:40:49.098877+05:30,GET,GET /jobs/{id}/,20.8,ok,
2026-10-04T18:40:49.106928+05:30,GET,GET /jobs/{id}/,21.86,ok,
2026-10-04T18:40:49.107723+05:30,GET,GET /jobs/{id}/,19.74,ok,
2026-10-04T18:40:49.128268+05:30,GET,GET /jobs/{id}/,22.53,ok,
2026-10-04T18:40:49.145862+05:30,GET,GET /jobs/{id}/,20.76,ok,
2026-10-04T18:40:49.160631+05:30,POST,POST /jobs/,24.02,ok,
2026-10-04T18:40:49.174452+05:30,GET,GET /jobs/{id}/,19.28,ok,
2026-10-04T18:40:49.210890+05:30,POST,POST /jobs/,22.16,ok,
2026-10-04T18:40:49.255406+05:30,GET,GET /jobs/{id}/,20.21,ok,
2026-10-04T18:40:49.270201+05:30,POST,POST /jobs/,21.98,ok,
2026-10-04T18:40:49.288925+05:30,GET,GET /jobs/stats/,20.21,ok,
2026-10-04T18:40:49.370838+05:30,GET,GET /jobs/{id}/,19.58,ok,
2026-10-04T18:40:49.392337+05:30,GET,GET /jobs/{id}/,19.23,ok,
2026-10-04T18:40:49.446347+05:30,GET,GET /jobs/{id}/,20.7,ok,
2026-10-04T18:40:49.453687+05:30,POST,POST /jobs/,24.93,ok,
2026-10-04T18:40:49.465626+05:30,GET,GET /jobs/{id}/,20.27,ok,
2026-10-04T18:40:49.487197+05:30,GET,GET /jobs/stats/,20.35,ok,
2026-10-04T18:40:49.526029+05:30,GET,GET /jobs/stats/,21.55,ok,
2026-10-04T18:40:49.540730+05:30,GET,GET /jobs/{id}/,20.19,ok,
2026-10-04T18:40:49.563761+05:30,GET,GET /jobs/{id}/,23.98,ok,
2026-10-04T18:40:49.572463+05:30,GET,GET /jobs/{id}/,20.13,ok,
2026-10-04T18:40:49.577267+05:30,POST,POST /jobs/,24.41,ok,
2026-10-04T18:40:49.591562+05:30,GET,GET /jobs/{id}/,20.44,ok,
2026-10-04T18:40:49.617143+05:30,GET,GET /health/,20.3,ok,
2026-10-04T18:40:49.620059+05:30,GET,GET /jobs/{id}/,20.3,ok,
2026-10-04T18:40:49.640341+05:30,POST,POST /jobs/,23.03,ok,
2026-10-04T18:40:49.644495+05:30,GET,GET /jobs/{id}/,20.15,ok,
2026-10-04T18:40:49.695134+05:30,GET,GET /jobs/{id}/,20.33,ok,
2026-10-04T18:40:49.704532+05:30,GET,GET /jobs/{id}/,20.7,ok,
2026-10-04T18:40:49.713525+05:30,GET,GET /jobs/{id}/,19.77,ok,
2026-10-04T18:40:49.759175+05:30,GET,GET /jobs/{id}/,20.33,ok,
2026-10-04T18:40:49.781836+05:30,GET,GET /jobs/{id}/,19.34,ok,
2026-10-04T18:40:49.820586+05:30,GET,GET /jobs/{id}/,19.45,ok,
2026-10-04T18:40:49.846169+05:30,GET,GET /jobs/{id}/,21.32,ok,
2026-10-04T18:40:49.852369+05:30,POST,POST /jobs/,23.87,ok,
2026-10-04T18:40:49.871783+05:30,GET,GET /jobs/{id}/,21.33,ok,
2026-10-04T18:40:49.880959+05:30,GET,GET /health/,20.33,ok,
2026-10-04T18:40:49.951506+05:30,GET,GET /jobs/{id}/,21.23,ok,
2026-10-04T18:40:49.958598+05:30,GET,GET /jobs/{id}/,23.81,ok,
2026-10-04T18:40:49.959014+05:30,POST,POST /jobs/,28.19,ok,
2026-10-04T18:40:49.972743+05:30,GET,GET /jobs/{id}/,21.07,ok,
2026-10-04T18:40:49.992348+05:30,GET,GET /jobs/{id}/,19.45,ok,
2026-10-04T18:40:50.003689+05:30,POST,POST /jobs/,25.89,ok,
2026-10-04T18:40:50.015256+05:30,GET,GET /jobs/{id}/,22.73,ok,
2026-10-04T18:40:50.023701+05:30,POST,POST /jobs/,27.36,ok,
2026-10-04T18:40:50.068935+05:30,POST,POST /jobs/,21.92,ok,
2026-10-04T18:40:50.093959+05:30,GET,GET /jobs/{id}/,19.74,ok,
2026-10-04T18:40:50.100268+05:30,POST,POST /jobs/,24.1,ok,
2026-10-04T18:40:50.112571+05:30,GET,GET /jobs/stats/,21.46,ok,
2026-10-04T18:40:50.116957+05:30,GET,GET /jobs/{id}/,20.7,ok,
2026-10-04T18:40:50.144349+05:30,GET,GET /jobs/{id}/,20.07,ok,
2026-10-04T18:40:50.154399+05:30,GET,GET /health/,20.0,ok,
2026-10-04T18:40:50.191258+05:30,GET,GET /health/,20.58,ok,
2026-10-04T18:40:50.204686+05:30,GET,GET /jobs/{id}/,19.41,ok,
2026-10-04T18:40:50.225045+05:30,POST,POST /jobs/,21.69,ok,
2026-10-04T18:40:50.243466+05:30,GET,GET /jobs/{id}/,21.48,ok,
2026-10-04T18:40:50.243871+05:30,GET,GET /jobs/{id}/,21.34,ok,
2026-10-04T18:40:50.260652+05:30,GET,GET /jobs/stats/,20.26,ok,
2026-10-04T18:40:50.281483+05:30,GET,GET /jobs/{id}/,21.68,ok,
2026-10-04T18:40:50.298267+05:30,POST,POST /jobs/,23.03,ok,
2026-10-04T18:40:50.338103+05:30,GET,GET /jobs/{id}/,22.54,ok,
2026-10-04T18:40:50.349947+05:30,GET,GET /jobs/{id}/,20.36,ok,
2026-10-04T18:40:50.354484+05:30,GET,GET /jobs/{id}/,21.83,ok,
2026-10-04T18:40:50.374149+05:30,GET,GET /health/,20.59,ok,
2026-10-04T18:40:50.404729+05:30,POST,POST /jobs/,23.28,ok,
2026-10-04T18:40:50.408552+05:30,GET,GET /jobs/{id}/,22.96,ok,
2026-10-04T18:40:50.415197+05:30,GET,GET /jobs/{id}/,20.18,ok,
2026-10-04T18:40:50.426819+05:30,GET,GET /health/,23.84,ok,
2026-10-04T18:40:50.435982+05:30,GET,GET /jobs/{id}/,22.11,ok,
2026-10-04T18:40:50.445540+05:30,POST,POST /jobs/,25.06,ok,
2026-10-04T18:40:50.461961+05:30,POST,POST /jobs/,33.62,ok,
2026-10-04T18:40:50.462367+05:30,GET,GET /health/,36.49,ok,
2026-10-04T18:40:50.467094+05:30,GET,GET /jobs/{id}/,26.84,ok,
2026-10-04T18:40:50.471644+05:30,GET,GET /jobs/{id}/,30.88,ok,
2026-10-04T18:40:50.480211+05:30,GET,GET /jobs/{id}/,20.17,ok,
2026-10-04T18:40:50.513706+05:30,POST,POST /jobs/,25.18,ok,
2026-10-04T18:40:50.551174+05:30,GET,GET /health/,20.09,ok,
2026-10-04T18:40:50.593987+05:30,POST,POST /jobs/,24.48,ok,
2026-10-04T18:40:50.595698+05:30,POST,POST /jobs/,23.09,ok,
2026-10-04T18:40:50.617081+05:30,GET,GET /jobs/{id}/,20.15,ok,
2026-10-04T18:40:50.627501+05:30,GET,GET /jobs/{id}/,19.7,ok,
2026-10-04T18:40:50.653237+05:30,GET,GET /jobs/stats/,21.48,ok,
2026-10-04T18:40:50.664708+05:30,GET,GET /jobs/{id}/,19.93,ok,
2026-10-04T18:40:50.682779+05:30,GET,GET /jobs/{id}/,19.68,ok,
2026-10-04T18:40:50.718638+05:30,GET,GET /jobs/{id}/,20.56,ok,
2026-10-04T18:40:50.738107+05:30,POST,POST /jobs/,22.87,ok,
2026-10-04T18:40:50.763839+05:30,GET,GET /jobs/{id}/,23.16,ok,
2026-10-04T18:40:50.764267+05:30,POST,POST /jobs/,27.14,ok,
2026-10-04T18:40:50.771272+05:30,GET,GET /jobs/{id}/,28.77,ok,
2026-10-04T18:40:50.782138+05:30,POST,POST /jobs/,27.73,ok,
2026-10-04T18:40:50.793443+05:30,GET,GET /jobs/{id}/,23.79,ok,
2026-10-04T18:40:50.797334+05:30,POST,POST /jobs/,24.54,ok,
2026-10-04T18:40:50.853414+05:30,GET,GET /jobs/{id}/,19.79,ok,
2026-10-04T18:40:50.924347+05:30,GET,GET /jobs/{id}/,19.6,ok,
2026-10-04T18:40:50.984192+05:30,GET,GET /health/,23.53,ok,
2026-10-04T18:40:50.991910+05:30,GET,GET /jobs/stats/,21.23,ok,
2026-10-04T18:40:51.022317+05:30,GET,GET /jobs/{id}/,24.13,ok,
2026-10-04T18:40:51.039880+05:30,GET,GET /jobs/{id}/,25.13,ok,
2026-10-04T18:40:51.041335+05:30,POST,POST /jobs/,27.16,ok,
2026-10-04T18:40:51.042221+05:30,POST,POST /jobs/,24.26,ok,
2026-10-04T18:40:51.101119+05:30,POST,POST /jobs/,23.58,ok,
2026-10-04T18:40:51.141691+05:30,GET,GET /jobs/{id}/,20.27,ok,
2026-10-04T18:40:51.159838+05:30,GET,GET /jobs/{id}/,19.4,ok,
2026-10-04T18:40:51.185378+05:30,GET,GET /jobs/{id}/,22.22,ok,
2026-10-04T18:40:51.191569+05:30,GET,GET /jobs/{id}/,20.4,ok,
2026-10-04T18:40:51.197531+05:30,GET,GET /jobs/{id}/,22.32,ok,
2026-10-04T18:40:51.239956+05:30,GET,GET /jobs/{id}/,24.5,ok,
2026-10-04T18:40:51.240398+05:30,GET,GET /jobs/{id}/,25.6,ok,
2026-10-04T18:40:51.251164+05:30,POST,POST /jobs/,25.75,ok,
2026-10-04T18:40:51.298653+05:30,GET,GET /health/,21.22,ok,
2026-10-04T18:40:51.323024+05:30,POST,POST /jobs/,22.09,ok,
2026-10-04T18:40:51.339969+05:30,GET,GET /jobs/{id}/,19.08,ok,
2026-10-04T18:40:51.420065+05:30,GET,GET /jobs/{id}/,20.71,ok,
2026-10-04T18:40:51.433713+05:30,GET,GET /jobs/{id}/,21.28,ok,
2026-10-04T18:40:51.437048+05:30,GET,GET /health/,23.78,ok,
2026-10-04T18:40:51.454905+05:30,POST,POST /jobs/,23.53,ok,
2026-10-04T18:40:51.463632+05:30,POST,POST /jobs/,22.3,ok,
2026-10-04T18:40:51.486290+05:30,GET,GET /jobs/{id}/,20.3,ok,
2026-10-04T18:40:51.507221+05:30,GET,GET /jobs/{id}/,19.65,ok,
2026-10-04T18:40:51.541693+05:30,GET,GET /jobs/{id}/,23.17,ok,
2026-10-04T18:40:51.548043+05:30,GET,GET /jobs/stats/,20.57,ok,
2026-10-04T18:40:51.551949+05:30,GET,GET /health/,23.68,ok,
2026-10-04T18:40:51.566000+05:30,GET,GET /jobs/{id}/,19.17,ok,
2026-10-04T18:40:51.616222+05:30,POST,POST /jobs/,22.89,ok,
2026-10-04T18:40:51.618264+05:30,GET,GET /jobs/{id}/,20.87,ok,
2026-10-04T18:40:51.651237+05:30,GET,GET /jobs/{id}/,20.69,ok,
2026-10-04T18:40:51.687586+05:30,GET,GET /jobs/{id}/,22.03,ok,
2026-10-04T18:40:51.705630+05:30,POST,POST /jobs/,25.99,ok,
2026-10-04T18:40:51.713931+05:30,POST,POST /jobs/,27.72,ok,
2026-10-04T18:40:51.719208+05:30,GET,GET /jobs/stats/,21.06,ok,
2026-10-04T18:40:51.738048+05:30,GET,GET /jobs/{id}/,20.08,ok,
2026-10-04T18:40:51.865304+05:30,GET,GET /jobs/{id}/,119.92,ok,
2026-10-04T18:40:51.879017+05:30,GET,GET /jobs/{id}/,107.58,ok,
2026-10-04T18:40:51.880265+05:30,POST,POST /jobs/,98.83,ok,
2026-10-04T18:40:51.889952+05:30,GET,GET /jobs/stats/,29.25,ok,
2026-10-04T18:40:51.896353+05:30,GET,GET /jobs/{id}/,36.37,ok,
2026-10-04T18:40:51.902681+05:30,GET,GET /jobs/{id}/,59.68,ok,
2026-10-04T18:40:51.903287+05:30,POST,POST /jobs/,121.27,ok,
2026-10-04T18:40:51.911690+05:30,GET,GET /health/,33.62,ok,
2026-10-04T18:40:51.917166+05:30,GET,GET /jobs/{id}/,23.89,ok,
2026-10-04T18:40:51.928720+05:30,POST,POST /jobs/,23.14,ok,
2026-10-04T18:40:51.935379+05:30,GET,GET /jobs/{id}/,19.53,ok,
2026-10-04T18:40:51.981734+05:30,GET,GET /jobs/{id}/,47.39,ok,
2026-10-04T18:40:51.983628+05:30,POST,POST /jobs/,49.95,ok,
2026-10-04T18:40:51.984577+05:30,GET,GET /health/,22.69,ok,
2026-10-04T18:40:52.025018+05:30,GET,GET /health/,32.2,ok,
2026-10-04T18:40:52.035161+05:30,POST,POST /jobs/,33.01,ok,
2026-10-04T18:40:52.038250+05:30,GET,GET /jobs/{id}/,26.68,ok,
2026-10-04T18:40:52.043569+05:30,GET,GET /jobs/stats/,29.31,ok,
2026-10-04T18:40:52.049900+05:30,POST,POST /jobs/,26.2,ok,
2026-10-04T18:40:52.083784+05:30,POST,POST /jobs/,23.58,ok,
2026-10-04T18:40:52.136776+05:30,GET,GET /jobs/{id}/,22.64,ok,
2026-10-04T18:40:52.137184+05:30,GET,GET /jobs/{id}/,24.1,ok,
2026-10-04T18:40:52.145685+05:30,GET,GET /jobs/{id}/,23.71,ok,
2026-10-04T18:40:52.151628+05:30,GET,GET /jobs/{id}/,20.71,ok,
2026-10-04T18:40:52.183555+05:30,GET,GET /jobs/stats/,23.68,ok,
2026-10-04T18:40:52.193702+05:30,POST,POST /jobs/,21.89,ok,
2026-10-04T18:40:52.197028+05:30,GET,GET /jobs/{id}/,22.26,ok,
2026-10-04T18:40:52.206600+05:30,GET,GET /health/,22.89,ok,
2026-10-04T18:40:52.209475+05:30,GET,GET /jobs/{id}/,18.99,ok,
2026-10-04T18:40:52.215137+05:30,GET,GET /jobs/{id}/,19.35,ok,
2026-10-04T18:40:52.231143+05:30,GET,GET /health/,19.44,ok,
2026-10-04T18:40:52.293418+05:30,GET,GET /jobs/{id}/,20.84,ok,
2026-10-04T18:40:52.293925+05:30,POST,POST /jobs/,24.46,ok,
2026-10-04T18:40:52.305606+05:30,POST,POST /jobs/,22.18,ok,
2026-10-04T18:40:52.322614+05:30,GET,GET /jobs/{id}/,19.43,ok,
2026-10-04T18:40:52.370941+05:30,POST,POST /jobs/,28.03,ok,
2026-10-04T18:40:52.384525+05:30,GET,GET /jobs/stats/,21.07,ok,
2026-10-04T18:40:52.440162+05:30,POST,POST /jobs/,23.35,ok,
2026-10-04T18:40:52.448261+05:30,GET,GET /jobs/{id}/,21.43,ok,
2026-10-04T18:40:52.498800+05:30,POST,POST /jobs/,22.16,ok,
2026-10-04T18:40:52.531735+05:30,POST,POST /jobs/,21.64,ok,
2026-10-04T18:40:52.555974+05:30,POST,POST /jobs/,21.97,ok,
2026-10-04T18:40:52.575182+05:30,GET,GET /jobs/{id}/,19.04,ok,
2026-10-04T18:40:52.601848+05:30,GET,GET /jobs/{id}/,19.33,ok,
2026-10-04T18:40:52.632503+05:30,GET,GET /jobs/stats/,25.4,ok,
2026-10-04T18:40:52.649345+05:30,GET,GET /jobs/{id}/,22.35,ok,
2026-10-04T18:40:52.650992+05:30,POST,POST /jobs/,28.97,ok,
2026-10-04T18:40:52.661502+05:30,POST,POST /jobs/,25.75,ok,
2026-10-04T18:40:52.667796+05:30,POST,POST /jobs/,26.18,ok,
2026-10-04T18:40:52.676983+05:30,POST,POST /jobs/,22.72,ok,
2026-10-04T18:40:52.689060+05:30,GET,GET /jobs/{id}/,19.93,ok,
2026-10-04T18:40:52.768137+05:30,POST,POST /jobs/,24.76,ok,
2026-10-04T18:40:52.771641+05:30,GET,GET /health/,23.28,ok,
2026-10-04T18:40:52.775847+05:30,POST,POST /jobs/,24.54,ok,
2026-10-04T18:40:52.866048+05:30,GET,GET /jobs/{id}/,22.88,ok,
2026-10-04T18:40:52.871880+05:30,GET,GET /jobs/{id}/,20.22,ok,
2026-10-04T18:40:52.884824+05:30,POST,POST /jobs/,26.25,ok,
2026-10-04T18:40:52.892605+05:30,GET,GET /jobs/{id}/,21.6,ok,
2026-10-04T18:40:52.903887+05:30,GET,GET /jobs/{id}/,22.65,ok,
2026-10-04T18:40:52.904726+05:30,GET,GET /health/,25.3,ok,
2026-10-04T18:40:52.914912+05:30,GET,GET /jobs/stats/,23.86,ok,
2026-10-04T18:40:52.927550+05:30,POST,POST /jobs/,23.5,ok,
2026-10-04T18:40:52.934595+05:30,GET,GET /jobs/{id}/,18.45,ok,
2026-10-04T18:40:52.934999+05:30,GET,GET /jobs/{id}/,21.78,ok,
2026-10-04T18:40:52.956139+05:30,GET,GET /jobs/{id}/,18.93,ok,
2026-10-04T18:40:52.983651+05:30,GET,GET /jobs/{id}/,20.22,ok,
2026-10-04T18:40:53.006428+05:30,GET,GET /jobs/{id}/,19.61,ok,
2026-10-04T18:40:53.008017+05:30,POST,POST /jobs/,23.11,ok,
2026-10-04T18:40:53.055840+05:30,GET,GET /jobs/{id}/,19.52,ok,
2026-10-04T18:40:53.074037+05:30,GET,GET /jobs/{id}/,19.64,ok,
2026-10-04T18:40:53.079922+05:30,POST,POST /jobs/,21.84,ok,
2026-10-04T18:40:53.101711+05:30,POST,POST /jobs/,21.64,ok,
2026-10-04T18:40:53.132999+05:30,GET,GET /jobs/{id}/,19.93,ok,
2026-10-04T18:40:53.195114+05:30,POST,POST /jobs/,25.79,ok,
2026-10-04T18:40:53.229637+05:30,GET,GET /jobs/{id}/,24.18,ok,
2026-10-04T18:40:53.250776+05:30,GET,GET /jobs/{id}/,34.19,ok,
2026-10-04T18:40:53.252830+05:30,POST,POST /jobs/,33.23,ok,
2026-10-04T18:40:53.262812+05:30,POST,POST /jobs/,42.71,ok,
2026-10-04T18:40:53.272683+05:30,GET,GET /jobs/stats/,31.74,ok,
2026-10-04T18:40:53.279765+05:30,POST,POST /jobs/,28.83,ok,
2026-10-04T18:40:53.309138+05:30,GET,GET /jobs/stats/,21.11,ok,
2026-10-04T18:40:53.316602+05:30,GET,GET /jobs/stats/,20.66,ok,
2026-10-04T18:40:53.332015+05:30,GET,GET /jobs/{id}/,19.61,ok,
2026-10-04T18:40:53.342333+05:30,POST,POST /jobs/,22.48,ok,
2026-10-04T18:40:53.350615+05:30,GET,GET /jobs/{id}/,19.5,ok,
2026-10-04T18:40:53.388668+05:30,GET,GET /jobs/{id}/,19.74,ok,
2026-10-04T18:40:53.464861+05:30,GET,GET /jobs/stats/,20.9,ok,
2026-10-04T18:40:53.515329+05:30,GET,GET /health/,20.2,ok,
2026-10-04T18:40:53.518600+05:30,GET,GET /jobs/{id}/,20.38,ok,
2026-10-04T18:40:53.531665+05:30,GET,GET /jobs/{id}/,19.35,ok,
2026-10-04T18:40:53.537278+05:30,GET,GET /jobs/{id}/,20.03,ok,
2026-10-04T18:40:53.633271+05:30,GET,GET /jobs/{id}/,20.67,ok,
2026-10-04T18:40:53.633714+05:30,GET,GET /jobs/{id}/,23.12,ok,
2026-10-04T18:40:53.644660+05:30,GET,GET /jobs/{id}/,19.75,ok,
2026-10-04T18:40:53.672425+05:30,GET,GET /jobs/{id}/,19.47,ok,
2026-10-04T18:40:53.695065+05:30,POST,POST /jobs/,23.93,ok,
2026-10-04T18:40:53.706998+05:30,GET,GET /jobs/{id}/,20.3,ok,
2026-10-04T18:40:53.725280+05:30,POST,POST /jobs/,24.96,ok,
2026-10-04T18:40:53.732895+05:30,GET,GET /jobs/{id}/,20.63,ok,
2026-10-04T18:40:53.735815+05:30,GET,GET /health/,23.01,ok,
2026-10-04T18:40:53.749307+05:30,GET,GET /jobs/{id}/,18.77,ok,
2026-10-04T18:40:53.785597+05:30,POST,POST /jobs/,22.97,ok,
2026-10-04T18:40:53.798873+05:30,GET,GET /jobs/{id}/,22.21,ok,
2026-10-04T18:40:53.812836+05:30,GET,GET /jobs/{id}/,20.93,ok,
2026-10-04T18:40:53.820917+05:30,POST,POST /jobs/,22.98,ok,
2026-10-04T18:40:53.829177+05:30,POST,POST /jobs/,23.69,ok,
2026-10-04T18:40:53.867178+05:30,GET,GET /jobs/stats/,24.7,ok,
2026-10-04T18:40:53.874511+05:30,GET,GET /jobs/{id}/,19.04,ok,
2026-10-04T18:40:53.883468+05:30,POST,POST /jobs/,22.08,ok,
2026-10-04T18:40:53.890999+05:30,GET,GET /health/,19.57,ok,
2026-10-04T18:40:53.920805+05:30,POST,POST /jobs/,22.5,ok,
2026-10-04T18:40:53.952978+05:30,GET,GET /jobs/{id}/,20.88,ok,
2026-10-04T18:40:53.991760+05:30,GET,GET /jobs/{id}/,20.47,ok,
2026-10-04T18:40:53.992198+05:30,POST,POST /jobs/,24.94,ok,
2026-10-04T18:40:53.996384+05:30,GET,GET /jobs/{id}/,20.09,ok,
2026-10-04T18:40:54.036804+05:30,POST,POST /jobs/,27.1,ok,
2026-10-04T18:40:54.037431+05:30,GET,GET /jobs/{id}/,23.66,ok,
2026-10-04T18:40:54.052425+05:30,GET,GET /jobs/{id}/,19.35,ok,
2026-10-04T18:40:54.075404+05:30,GET,GET /health/,20.75,ok,
2026-10-04T18:40:54.090452+05:30,GET,GET /health/,19.92,ok,
2026-10-04T18:40:54.154253+05:30,GET,GET /jobs/{id}/,25.51,ok,
2026-10-04T18:40:54.164443+05:30,POST,POST /jobs/,27.72,ok,
2026-10-04T18:40:54.169339+05:30,POST,POST /jobs/,28.62,ok,
2026-10-04T18:40:54.182885+05:30,GET,GET /jobs/stats/,21.38,ok,
2026-10-04T18:40:54.237997+05:30,GET,GET /jobs/{id}/,18.94,ok,
2026-10-04T18:40:54.238506+05:30,GET,GET /health/,20.32,ok,
2026-10-04T18:40:54.301015+05:30,GET,GET /jobs/{id}/,21.21,ok,
2026-10-04T18:40:54.308314+05:30,GET,GET /jobs/{id}/,20.47,ok,
2026-10-04T18:40:54.312739+05:30,POST,POST /jobs/,22.98,ok,
2026-10-04T18:40:54.337304+05:30,GET,GET /jobs/stats/,25.42,ok,
2026-10-04T18:40:54.349088+05:30,POST,POST /jobs/,24.78,ok,
2026-10-04T18:40:54.351050+05:30,GET,GET /jobs/{id}/,21.53,ok,
2026-10-04T18:40:54.356947+05:30,POST,POST /jobs/,28.02,ok,
2026-10-04T18:40:54.371504+05:30,GET,GET /jobs/{id}/,20.3,ok,
2026-10-04T18:40:54.393359+05:30,GET,GET /jobs/stats/,20.66,ok,
2026-10-04T18:40:54.396989+05:30,GET,GET /jobs/{id}/,22.51,ok,
2026-10-04T18:40:54.413742+05:30,GET,GET /jobs/{id}/,26.49,ok,
2026-10-04T18:40:54.414260+05:30,GET,GET /jobs/{id}/,24.08,ok,
2026-10-04T18:40:54.432608+05:30,POST,POST /jobs/,30.34,ok,
2026-10-04T18:40:54.444465+05:30,GET,GET /health/,22.98,ok,
2026-10-04T18:40:54.447359+05:30,GET,GET /jobs/stats/,25.3,ok,
2026-10-04T18:40:54.451129+05:30,POST,POST /jobs/,28.46,ok,
2026-10-04T18:40:54.452777+05:30,GET,GET /jobs/{id}/,26.47,ok,
2026-10-04T18:40:54.467694+05:30,GET,GET /jobs/{id}/,25.76,ok,
2026-10-04T18:40:54.480421+05:30,GET,GET /jobs/{id}/,19.6,ok,
2026-10-04T18:40:54.494898+05:30,GET,GET /jobs/{id}/,40.91,ok,
2026-10-04T18:40:54.506326+05:30,GET,GET /jobs/{id}/,38.46,ok,
2026-10-04T18:40:54.512872+05:30,GET,GET /health/,36.26,ok,
2026-10-04T18:40:54.514610+05:30,GET,GET /jobs/stats/,23.92,ok,
2026-10-04T18:40:54.539440+05:30,GET,GET /jobs/{id}/,19.56,ok,
2026-10-04T18:40:54.576934+05:30,GET,GET /health/,22.21,ok,
2026-10-04T18:40:54.589682+05:30,POST,POST /jobs/,21.94,ok,
2026-10-04T18:40:54.641909+05:30,GET,GET /jobs/{id}/,24.79,ok,
2026-10-04T18:40:54.664612+05:30,GET,GET /jobs/{id}/,21.45,ok,
2026-10-04T18:40:54.670731+05:30,GET,GET /jobs/{id}/,21.71,ok,
2026-10-04T18:40:54.677281+05:30,GET,GET /jobs/{id}/,20.34,ok,
2026-10-04T18:40:54.718959+05:30,GET,GET /jobs/{id}/,19.38,ok,
2026-10-04T18:40:54.737100+05:30,GET,GET /jobs/{id}/,20.46,ok,
2026-10-04T18:40:54.749948+05:30,GET,GET /jobs/{id}/,19.68,ok,
2026-10-04T18:40:54.790288+05:30,GET,GET /jobs/{id}/,21.03,ok,
2026-10-04T18:40:54.796218+05:30,POST,POST /jobs/,24.92,ok,
2026-10-04T18:40:54.930755+05:30,POST,POST /jobs/,25.17,ok,
2026-10-04T18:40:54.931176+05:30,POST,POST /jobs/,24.8,ok,
2026-10-04T18:40:54.979849+05:30,GET,GET /jobs/stats/,20.43,ok,
2026-10-04T18:40:55.014391+05:30,POST,POST /jobs/,29.23,ok,
2026-10-04T18:40:55.021737+05:30,GET,GET /jobs/{id}/,28.74,ok,
2026-10-04T18:40:55.022591+05:30,POST,POST /jobs/,30.16,ok,
2026-10-04T18:40:55.024213+05:30,POST,POST /jobs/,27.6,ok,
2026-10-04T18:40:55.103238+05:30,GET,GET /jobs/{id}/,20.74,ok,
2026-10-04T18:40:55.196049+05:30,GET,GET /jobs/{id}/,21.47,ok,
2026-10-04T18:40:55.211928+05:30,GET,GET /health/,21.35,ok,
2026-10-04T18:40:55.219524+05:30,GET,GET /jobs/{id}/,20.21,ok,
2026-10-04T18:40:55.267181+05:30,GET,GET /health/,20.38,ok,
2026-10-04T18:40:55.276611+05:30,GET,GET /jobs/{id}/,19.8,ok,
2026-10-04T18:40:55.340809+05:30,POST,POST /jobs/,22.82,ok,
2026-10-04T18:40:55.343359+05:30,POST,POST /jobs/,24.83,ok,
2026-10-04T18:40:55.391542+05:30,GET,GET /jobs/{id}/,21.89,ok,
2026-10-04T18:40:55.407932+05:30,POST,POST /jobs/,22.2,ok,
2026-10-04T18:40:55.451464+05:30,GET,GET /jobs/{id}/,20.23,ok,
2026-10-04T18:40:55.455119+05:30,POST,POST /jobs/,23.35,ok,
2026-10-04T18:40:55.481674+05:30,GET,GET /jobs/{id}/,20.3,ok,
2026-10-04T18:40:55.494504+05:30,POST,POST /jobs/,22.15,ok,
2026-10-04T18:40:55.536112+05:30,GET,GET /jobs/{id}/,23.29,ok,
2026-10-04T18:40:55.546609+05:30,GET,GET /jobs/{id}/,19.79,ok,
2026-10-04T18:40:55.548018+05:30,POST,POST /jobs/,25.2,ok,
2026-10-04T18:40:55.570193+05:30,POST,POST /jobs/,23.43,ok,
2026-10-04T18:40:55.576104+05:30,GET,GET /jobs/{id}/,19.54,ok,
2026-10-04T18:40:55.582258+05:30,GET,GET /jobs/stats/,21.89,ok,
2026-10-04T18:40:55.613650+05:30,GET,GET /jobs/{id}/,20.1,ok,
2026-10-04T18:40:55.654444+05:30,GET,GET /jobs/stats/,25.51,ok,
2026-10-04T18:40:55.657606+05:30,GET,GET /health/,21.54,ok,
2026-10-04T18:40:55.669002+05:30,POST,POST /jobs/,39.32,ok,
2026-10-04T18:40:55.683926+05:30,POST,POST /jobs/,22.02,ok,
2026-10-04T18:40:55.687843+05:30,GET,GET /jobs/{id}/,20.15,ok,
2026-10-04T18:40:55.715641+05:30,GET,GET /jobs/stats/,20.54,ok,
2026-10-04T18:40:55.739051+05:30,POST,POST /jobs/,22.14,ok,
2026-10-04T18:40:55.757023+05:30,GET,GET /jobs/{id}/,20.16,ok,
2026-10-04T18:40:55.765676+05:30,GET,GET /jobs/{id}/,19.37,ok,
2026-10-04T18:40:55.786190+05:30,POST,POST /jobs/,22.88,ok,
2026-10-04T18:40:55.797950+05:30,GET,GET /jobs/{id}/,19.97,ok,
2026-10-04T18:40:55.831871+05:30,GET,GET /jobs/{id}/,21.59,ok,
2026-10-04T18:40:55.835726+05:30,POST,POST /jobs/,24.9,ok,
2026-10-04T18:40:55.838220+05:30,GET,GET /jobs/{id}/,25.53,ok,
2026-10-04T18:40:55.844080+05:30,GET,GET /health/,23.68,ok,
2026-10-04T18:40:55.852300+05:30,GET,GET /jobs/{id}/,21.7,ok,
2026-10-04T18:40:55.865428+05:30,GET,GET /jobs/{id}/,22.71,ok,
2026-10-04T18:40:55.873901+05:30,GET,GET /jobs/{id}/,21.47,ok,
2026-10-04T18:40:55.874306+05:30,GET,GET /jobs/{id}/,22.86,ok,
2026-10-04T18:40:55.880485+05:30,GET,GET /jobs/stats/,23.23,ok,
2026-10-04T18:40:55.939974+05:30,POST,POST /jobs/,23.22,ok,
2026-10-04T18:40:55.956956+05:30,GET,GET /jobs/{id}/,25.17,ok,
2026-10-04T18:40:55.971891+05:30,GET,GET /health/,25.46,ok,
2026-10-04T18:40:55.977164+05:30,GET,GET /jobs/{id}/,23.46,ok,
2026-10-04T18:40:56.018452+05:30,POST,POST /jobs/,24.91,ok,
2026-10-04T18:40:56.058407+05:30,GET,GET /jobs/{id}/,23.11,ok,
2026-10-04T18:40:56.059097+05:30,GET,GET /jobs/{id}/,22.62,ok,
2026-10-04T18:40:56.085067+05:30,GET,GET /health/,23.73,ok,
2026-10-04T18:40:56.097462+05:30,GET,GET /jobs/stats/,25.01,ok,
2026-10-04T18:40:56.106276+05:30,GET,GET /jobs/stats/,21.01,ok,
2026-10-04T18:40:56.118153+05:30,GET,GET /jobs/{id}/,20.45,ok,
2026-10-04T18:40:56.173005+05:30,GET,GET /health/,22.54,ok,
2026-10-04T18:40:56.180170+05:30,GET,GET /jobs/{id}/,23.47,ok,
2026-10-04T18:40:56.185445+05:30,GET,GET /jobs/{id}/,24.64,ok,
2026-10-04T18:40:56.211688+05:30,GET,GET /jobs/{id}/,20.91,ok,
2026-10-04T18:40:56.255677+05:30,GET,GET /jobs/{id}/,29.61,ok,
2026-10-04T18:40:56.266960+05:30,POST,POST /jobs/,24.51,ok,
2026-10-04T18:40:56.290604+05:30,POST,POST /jobs/,21.34,ok,
2026-10-04T18:40:56.310578+05:30,GET,GET /jobs/{id}/,19.78,ok,
2026-10-04T18:40:56.375845+05:30,GET,GET /jobs/{id}/,30.91,ok,
2026-10-04T18:40:56.381398+05:30,POST,POST /jobs/,30.38,ok,
2026-10-04T18:40:56.382067+05:30,POST,POST /jobs/,31.8,ok,
2026-10-04T18:40:56.413137+05:30,GET,GET /jobs/stats/,22.81,ok,
2026-10-04T18:40:56.438476+05:30,GET,GET /jobs/{id}/,19.99,ok,
2026-10-04T18:40:56.439006+05:30,GET,GET /health/,22.62,ok,
2026-10-04T18:40:56.466265+05:30,POST,POST /jobs/,29.14,ok,
2026-10-04T18:40:56.476511+05:30,GET,GET /jobs/{id}/,21.8,ok,
2026-10-04T18:40:56.483185+05:30,GET,GET /jobs/{id}/,27.68,ok,
2026-10-04T18:40:56.486922+05:30,POST,POST /jobs/,27.86,ok,
2026-10-04T18:40:56.504018+05:30,POST,POST /jobs/,27.28,ok,
2026-10-04T18:40:56.525538+05:30,POST,POST /jobs/,23.32,ok,
2026-10-04T18:40:56.534820+05:30,GET,GET /health/,21.47,ok,
2026-10-04T18:40:56.562585+05:30,GET,GET /jobs/{id}/,20.41,ok,
2026-10-04T18:40:56.593970+05:30,GET,GET /jobs/{id}/,20.05,ok,
2026-10-04T18:40:56.667699+05:30,GET,GET /jobs/{id}/,21.35,ok,
2026-10-04T18:40:56.709224+05:30,GET,GET /jobs/{id}/,22.18,ok,
2026-10-04T18:40:56.742150+05:30,POST,POST /jobs/,26.58,ok,
2026-10-04T18:40:56.744328+05:30,GET,GET /jobs/{id}/,24.41,ok,
2026-10-04T18:40:56.752739+05:30,POST,POST /jobs/,32.16,ok,
2026-10-04T18:40:56.755491+05:30,POST,POST /jobs/,29.71,ok,
2026-10-04T18:40:56.766735+05:30,POST,POST /jobs/,33.67,ok,
2026-10-04T18:40:56.780816+05:30,GET,GET /jobs/{id}/,26.4,ok,
2026-10-04T18:40:56.787817+05:30,GET,GET /health/,22.23,ok,
2026-10-04T18:40:56.798423+05:30,POST,POST /jobs/,29.06,ok,
2026-10-04T18:40:56.812663+05:30,GET,GET /jobs/{id}/,27.51,ok,
2026-10-04T18:40:56.816826+05:30,GET,GET /jobs/{id}/,20.71,ok,
2026-10-04T18:40:56.826416+05:30,GET,GET /jobs/{id}/,20.67,ok,
2026-10-04T18:40:56.854852+05:30,GET,GET /jobs/{id}/,20.07,ok,
2026-10-04T18:40:56.885065+05:30,GET,GET /jobs/{id}/,21.94,ok,
2026-10-04T18:40:56.893540+05:30,GET,GET /health/,21.41,ok,
2026-10-04T18:40:56.915533+05:30,POST,POST /jobs/,24.17,ok,
2026-10-04T18:40:56.928342+05:30,GET,GET /jobs/{id}/,20.5,ok,
2026-10-04T18:40:56.975517+05:30,GET,GET /jobs/{id}/,19.88,ok,
2026-10-04T18:40:57.013498+05:30,GET,GET /jobs/stats/,21.69,ok,
2026-10-04T18:40:57.035525+05:30,GET,GET /jobs/{id}/,22.01,ok,
2026-10-04T18:40:57.045646+05:30,GET,GET /jobs/{id}/,22.58,ok,
2026-10-04T18:40:57.046280+05:30,POST,POST /jobs/,28.14,ok,
2026-10-04T18:40:57.057604+05:30,GET,GET /jobs/stats/,21.88,ok,
2026-10-04T18:40:57.140315+05:30,GET,GET /jobs/{id}/,19.4,ok,
2026-10-04T18:40:57.220547+05:30,GET,GET /jobs/stats/,20.97,ok,
2026-10-04T18:40:57.240014+05:30,POST,POST /jobs/,22.4,ok,
2026-10-04T18:40:57.248546+05:30,POST,POST /jobs/,21.71,ok,
2026-10-04T18:40:57.286880+05:30,GET,GET /health/,20.97,ok,
2026-10-04T18:40:57.289623+05:30,GET,GET /health/,19.7,ok,
2026-10-04T18:40:57.331770+05:30,POST,POST /jobs/,24.33,ok,
2026-10-04T18:40:57.332208+05:30,POST,POST /jobs/,25.33,ok,
2026-10-04T18:40:57.360308+05:30,GET,GET /jobs/{id}/,22.87,ok,
2026-10-04T18:40:57.368866+05:30,GET,GET /jobs/{id}/,24.37,ok,
2026-10-04T18:40:57.375589+05:30,GET,GET /jobs/{id}/,27.01,ok,
2026-10-04T18:40:57.375980+05:30,POST,POST /jobs/,30.96,ok,
2026-10-04T18:40:57.387914+05:30,POST,POST /jobs/,29.11,ok,
2026-10-04T18:40:57.388330+05:30,POST,POST /jobs/,30.02,ok,
2026-10-04T18:40:57.396309+05:30,POST,POST /jobs/,28.78,ok,
2026-10-04T18:40:57.414686+05:30,GET,GET /jobs/{id}/,19.23,ok,
2026-10-04T18:40:57.438419+05:30,GET,GET /jobs/{id}/,19.46,ok,
2026-10-04T18:40:57.473684+05:30,GET,GET /jobs/{id}/,21.94,ok,
2026-10-04T18:40:57.557437+05:30,GET,GET /jobs/{id}/,21.33,ok,
2026-10-04T18:40:57.566307+05:30,GET,GET /jobs/{id}/,19.98,ok,
2026-10-04T18:40:57.593388+05:30,GET,GET /jobs/stats/,20.81,ok,
2026-10-04T18:40:57.625971+05:30,POST,POST /jobs/,24.26,ok,
2026-10-04T18:40:57.630168+05:30,GET,GET /jobs/{id}/,21.35,ok,
2026-10-04T18:40:57.637080+05:30,POST,POST /jobs/,24.33,ok,
2026-10-04T18:40:57.652833+05:30,GET,GET /jobs/{id}/,19.39,ok,
2026-10-04T18:40:57.656810+05:30,GET,GET /jobs/{id}/,20.6,ok,
2026-10-04T18:40:57.688392+05:30,POST,POST /jobs/,26.31,ok,
2026-10-04T18:40:57.700163+05:30,GET,GET /jobs/{id}/,25.53,ok,
2026-10-04T18:40:57.700339+05:30,GET,GET /jobs/{id}/,30.26,ok,
2026-10-04T18:40:57.700679+05:30,POST,POST /jobs/,30.03,ok,
2026-10-04T18:40:57.713243+05:30,POST,POST /jobs/,32.21,ok,
2026-10-04T18:40:57.713727+05:30,GET,GET /jobs/{id}/,27.42,ok,
2026-10-04T18:40:57.714160+05:30,GET,GET /health/,28.28,ok,
2026-10-04T18:40:57.714467+05:30,GET,GET /health/,25.97,ok,
2026-10-04T18:40:57.733954+05:30,GET,GET /jobs/{id}/,21.7,ok,
2026-10-04T18:40:57.766884+05:30,POST,POST /jobs/,39.93,ok,
2026-10-04T18:40:57.776745+05:30,GET,GET /health/,38.56,ok,
2026-10-04T18:40:57.781262+05:30,GET,GET /jobs/{id}/,27.16,ok,
2026-10-04T18:40:57.832768+05:30,GET,GET /health/,20.22,ok,
2026-10-04T18:40:57.850155+05:30,GET,GET /jobs/{id}/,20.61,ok,
2026-10-04T18:40:57.863353+05:30,POST,POST /jobs/,22.32,ok,
2026-10-04T18:40:57.885238+05:30,GET,GET /jobs/{id}/,19.61,ok,
2026-10-04T18:40:57.894325+05:30,POST,POST /jobs/,23.61,ok,
2026-10-04T18:40:57.943176+05:30,GET,GET /jobs/{id}/,23.54,ok,
2026-10-04T18:40:57.950548+05:30,GET,GET /jobs/{id}/,19.92,ok,
2026-10-04T18:40:57.960814+05:30,POST,POST /jobs/,25.23,ok,
2026-10-04T18:40:57.961200+05:30,POST,POST /jobs/,23.74,ok,
2026-10-04T18:40:58.038053+05:30,GET,GET /jobs/{id}/,20.58,ok,
2026-10-04T18:40:58.043597+05:30,GET,GET /jobs/{id}/,21.98,ok,
2026-10-04T18:40:58.072206+05:30,GET,GET /jobs/{id}/,19.29,ok,
2026-10-04T18:40:58.096436+05:30,POST,POST /jobs/,22.99,ok,
2026-10-04T18:40:58.118881+05:30,GET,GET /jobs/stats/,23.33,ok,
2026-10-04T18:40:58.125947+05:30,POST,POST /jobs/,27.89,ok,
2026-10-04T18:40:58.132030+05:30,GET,GET /jobs/stats/,21.12,ok,
2026-10-04T18:40:58.141110+05:30,GET,GET /jobs/{id}/,23.1,ok,
2026-10-04T18:40:58.153815+05:30,GET,GET /jobs/{id}/,19.49,ok,
2026-10-04T18:40:58.204495+05:30,GET,GET /health/,20.4,ok,
2026-10-04T18:40:58.233811+05:30,POST,POST /jobs/,23.97,ok,
2026-10-04T18:40:58.262513+05:30,POST,POST /jobs/,27.44,ok,
2026-10-04T18:40:58.280144+05:30,GET,GET /jobs/{id}/,25.11,ok,
2026-10-04T18:40:58.280574+05:30,POST,POST /jobs/,30.59,ok,
2026-10-04T18:40:58.289683+05:30,GET,GET /jobs/stats/,28.12,ok,
2026-10-04T18:40:58.304027+05:30,GET,GET /jobs/{id}/,25.21,ok,
2026-10-04T18:40:58.317250+05:30,GET,GET /jobs/stats/,24.28,ok,
2026-10-04T18:40:58.339513+05:30,GET,GET /jobs/{id}/,18.99,ok,
2026-10-04T18:40:58.366306+05:30,GET,GET /jobs/{id}/,19.49,ok,
2026-10-04T18:40:58.387216+05:30,GET,GET /jobs/{id}/,20.75,ok,
2026-10-04T18:40:58.394208+05:30,GET,GET /jobs/{id}/,22.72,ok,
2026-10-04T18:40:58.394623+05:30,GET,GET /jobs/{id}/,23.75,ok,
2026-10-04T18:40:58.451875+05:30,GET,GET /jobs/{id}/,20.99,ok,
2026-10-04T18:40:58.455794+05:30,POST,POST /jobs/,22.93,ok,
2026-10-04T18:40:58.487597+05:30,POST,POST /jobs/,23.55,ok,
2026-10-04T18:40:58.503281+05:30,POST,POST /jobs/,23.27,ok,
2026-10-04T18:40:58.523871+05:30,GET,GET /jobs/{id}/,19.35,ok,
2026-10-04T18:40:58.529285+05:30,POST,POST /jobs/,22.95,ok,
2026-10-04T18:40:58.540287+05:30,GET,GET /jobs/{id}/,19.1,ok,
2026-10-04T18:40:58.585736+05:30,GET,GET /jobs/{id}/,20.15,ok,
2026-10-04T18:40:58.592580+05:30,GET,GET /jobs/stats/,20.96,ok,
2026-10-04T18:40:58.647417+05:30,GET,GET /jobs/{id}/,19.54,ok,
2026-10-04T18:40:58.667670+05:30,GET,GET /health/,21.51,ok,
2026-10-04T18:40:58.741049+05:30,GET,GET /jobs/{id}/,21.07,ok,
2026-10-04T18:40:58.749081+05:30,GET,GET /jobs/stats/,20.1,ok,
2026-10-04T18:40:58.779769+05:30,GET,GET /jobs/{id}/,19.36,ok,
2026-10-04T18:40:58.849361+05:30,GET,GET /jobs/{id}/,24.72,ok,
2026-10-04T18:40:58.849831+05:30,GET,GET /jobs/{id}/,23.27,ok,
2026-10-04T18:40:58.850181+05:30,GET,GET /jobs/{id}/,26.11,ok,
2026-10-04T18:40:58.853333+05:30,GET,GET /jobs/{id}/,23.44,ok,
2026-10-04T18:40:58.859595+05:30,POST,POST /jobs/,27.7,ok,
2026-10-04T18:40:58.864169+05:30,GET,GET /health/,23.57,ok,
2026-10-04T18:40:58.896302+05:30,GET,GET /health/,19.9,ok,
2026-10-04T18:40:58.914590+05:30,GET,GET /jobs/{id}/,19.61,ok,
2026-10-04T18:40:58.926040+05:30,POST,POST /jobs/,22.46,ok,
2026-10-04T18:40:58.947807+05:30,GET,GET /health/,20.55,ok,
2026-10-04T18:40:58.956821+05:30,GET,GET /jobs/{id}/,19.72,ok,
2026-10-04T18:40:58.975814+05:30,POST,POST /jobs/,21.71,ok,
2026-10-04T18:40:59.000292+05:30,GET,GET /jobs/{id}/,20.22,ok,
2026-10-04T18:40:59.013536+05:30,GET,GET /jobs/{id}/,24.55,ok,
2026-10-04T18:40:59.063908+05:30,GET,GET /jobs/{id}/,23.08,ok,
2026-10-04T18:40:59.171370+05:30,POST,POST /jobs/,33.1,ok,
2026-10-04T18:40:59.188476+05:30,GET,GET /jobs/stats/,32.21,ok,
2026-10-04T18:40:59.193650+05:30,POST,POST /jobs/,36.78,ok,
2026-10-04T18:40:59.200395+05:30,GET,GET /jobs/{id}/,27.77,ok,
2026-10-04T18:40:59.235944+05:30,GET,GET /health/,24.27,ok,
2026-10-04T18:40:59.248070+05:30,GET,GET /jobs/{id}/,26.33,ok,
2026-10-04T18:40:59.271234+05:30,POST,POST /jobs/,25.94,ok,
2026-10-04T18:40:59.303499+05:30,GET,GET /jobs/{id}/,29.99,ok,
2026-10-04T18:40:59.315902+05:30,POST,POST /jobs/,41.76,ok,
2026-10-04T18:40:59.323655+05:30,GET,GET /jobs/{id}/,31.45,ok,
2026-10-04T18:40:59.329316+05:30,GET,GET /jobs/{id}/,35.1,ok,
2026-10-04T18:40:59.433145+05:30,GET,GET /jobs/{id}/,22.48,ok,
2026-10-04T18:40:59.469684+05:30,GET,GET /jobs/stats/,24.26,ok,
2026-10-04T18:40:59.486265+05:30,POST,POST /jobs/,32.78,ok,
2026-10-04T18:40:59.521921+05:30,GET,GET /jobs/stats/,49.89,ok,
2026-10-04T18:40:59.528481+05:30,GET,GET /jobs/{id}/,49.0,ok,
2026-10-04T18:40:59.529346+05:30,GET,GET /health/,56.84,ok,
2026-10-04T18:40:59.552398+05:30,POST,POST /jobs/,58.81,ok,
2026-10-04T18:40:59.622003+05:30,GET,GET /jobs/stats/,28.32,ok,
2026-10-04T18:40:59.637014+05:30,GET,GET /jobs/{id}/,28.25,ok,
2026-10-04T18:40:59.641337+05:30,POST,POST /jobs/,34.56,ok,
2026-10-04T18:40:59.669680+05:30,GET,GET /jobs/{id}/,24.09,ok,
2026-10-04T18:40:59.687076+05:30,POST,POST /jobs/,30.49,ok,
2026-10-04T18:40:59.707955+05:30,POST,POST /jobs/,30.95,ok,
2026-10-04T18:40:59.723609+05:30,GET,GET /jobs/{id}/,31.26,ok,
2026-10-04T18:40:59.736281+05:30,GET,GET /jobs/{id}/,55.18,ok,
2026-10-04T18:40:59.745154+05:30,GET,GET /jobs/stats/,48.96,ok,
2026-10-04T18:40:59.767176+05:30,POST,POST /jobs/,53.94,ok,
2026-10-04T18:40:59.782715+05:30,GET,GET /jobs/{id}/,50.91,ok,
2026-10-04T18:40:59.797365+05:30,GET,GET /jobs/{id}/,69.49,ok,
2026-10-04T18:40:59.799344+05:30,GET,GET /jobs/{id}/,67.02,ok,
2026-10-04T18:40:59.804934+05:30,GET,GET /health/,68.54,ok,
2026-10-04T18:40:59.809954+05:30,GET,GET /jobs/{id}/,64.64,ok,
2026-10-04T18:40:59.823184+05:30,GET,GET /jobs/{id}/,41.42,ok,
2026-10-04T18:40:59.825438+05:30,GET,GET /jobs/{id}/,29.07,ok,
2026-10-04T18:40:59.858079+05:30,GET,GET /jobs/stats/,25.4,ok,
2026-10-04T18:40:59.875464+05:30,GET,GET /jobs/{id}/,29.79,ok,
2026-10-04T18:40:59.882104+05:30,GET,GET /jobs/{id}/,25.36,ok,
2026-10-04T18:40:59.947559+05:30,GET,GET /jobs/{id}/,32.15,ok,
2026-10-04T18:40:59.953604+05:30,POST,POST /jobs/,36.22,ok,
2026-10-04T18:40:59.958198+05:30,POST,POST /jobs/,31.85,ok,
2026-10-04T18:40:59.964095+05:30,POST,POST /jobs/,27.67,ok,
2026-10-04T18:40:59.972710+05:30,GET,GET /jobs/{id}/,25.0,ok,
2026-10-04T18:40:59.995664+05:30,GET,GET /jobs/stats/,24.45,ok,
2026-10-04T18:41:00.011127+05:30,GET,GET /health/,30.9,ok,
2026-10-04T18:41:00.032114+05:30,GET,GET /jobs/{id}/,50.01,ok,
2026-10-04T18:41:00.117019+05:30,GET,GET /jobs/{id}/,108.69,ok,
2026-10-04T18:41:00.144820+05:30,GET,GET /jobs/{id}/,91.96,ok,
2026-10-04T18:41:00.163178+05:30,GET,GET /jobs/{id}/,52.35,ok,
2026-10-04T18:41:00.165925+05:30,GET,GET /jobs/{id}/,61.35,ok,
2026-10-04T18:41:00.169256+05:30,GET,GET /jobs/{id}/,65.47,ok,
2026-10-04T18:41:00.179650+05:30,GET,GET /jobs/stats/,62.48,ok,
2026-10-04T18:41:00.180266+05:30,POST,POST /jobs/,41.43,ok,
2026-10-04T18:41:00.188614+05:30,GET,GET /jobs/{id}/,32.65,ok,
2026-10-04T18:41:00.205700+05:30,GET,GET /jobs/{id}/,27.9,ok,
2026-10-04T18:41:00.221313+05:30,GET,GET /jobs/{id}/,24.33,ok,
2026-10-04T18:41:00.236004+05:30,POST,POST /jobs/,34.0,ok,
2026-10-04T18:41:00.271857+05:30,GET,GET /jobs/{id}/,47.9,ok,
2026-10-04T18:41:00.272455+05:30,POST,POST /jobs/,50.98,ok,
2026-10-04T18:41:00.272805+05:30,GET,GET /jobs/stats/,50.79,ok,
