timestamp,method,name,response_time_ms,status,error
2026-10-04T22:33:04.627324+05:30,GET,GET /health/,45.26,ok,
2026-10-04T22:33:04.699861+05:30,GET,GET /health/,115.63,ok,
2026-10-04T22:33:04.700695+05:30,POST,POST /jobs/,117.74,ok,
2026-10-04T22:33:04.706026+05:30,POST,POST /jobs/,121.22,ok,
2026-10-04T22:33:04.729023+05:30,POST,POST /jobs/,157.12,ok,
2026-10-04T22:33:04.731204+05:30,POST,POST /jobs/,145.69,ok,
2026-10-04T22:33:04.762307+05:30,POST,POST /jobs/,178.75,ok,
2026-10-04T22:33:05.605747+05:30,GET,GET /health/,32.07,ok,
2026-10-04T22:33:05.608236+05:30,GET,GET /jobs/stats/,35.38,ok,
2026-10-04T22:33:05.619653+05:30,GET,GET /jobs/stats/,43.93,ok,
2026-10-04T22:33:05.659989+05:30,POST,POST /jobs/,83.79,ok,
2026-10-04T22:33:05.663971+05:30,GET,GET /health/,88.77,ok,
2026-10-04T22:33:05.695903+05:30,POST,POST /jobs/,121.15,ok,
2026-10-04T22:33:05.699949+05:30,POST,POST /jobs/,125.64,ok,
2026-10-04T22:33:05.898223+05:30,GET,GET /health/,21.19,ok,
2026-10-04T22:33:06.021380+05:30,GET,GET /jobs/stats/,21.82,ok,
2026-10-04T22:33:06.508027+05:30,GET,GET /health/,17.75,ok,
2026-10-04T22:33:06.559386+05:30,GET,GET /health/,20.05,ok,
2026-10-04T22:33:06.604484+05:30,POST,POST /jobs/,63.13,ok,
2026-10-04T22:33:06.670329+05:30,GET,GET /jobs/stats/,70.44,ok,
2026-10-04T22:33:06.698472+05:30,GET,GET /health/,94.72,ok,
2026-10-04T22:33:06.713001+05:30,GET,GET /health/,113.7,ok,
2026-10-04T22:33:06.721493+05:30,GET,GET /jobs/stats/,119.55,ok,
2026-10-04T22:33:06.866172+05:30,POST,POST /jobs/,288.69,ok,
2026-10-04T22:33:06.899054+05:30,POST,POST /jobs/,297.66,ok,
2026-10-04T22:33:06.900357+05:30,GET,GET /jobs/{id}/,119.21,ok,
2026-10-04T22:33:06.901304+05:30,POST,POST /jobs/,300.38,ok,
2026-10-04T22:33:06.912353+05:30,GET,GET /health/,180.58,ok,
2026-10-04T22:33:06.914477+05:30,POST,POST /jobs/,337.62,ok,
2026-10-04T22:33:06.970068+05:30,POST,POST /jobs/,230.63,ok,
2026-10-04T22:33:07.003147+05:30,POST,POST /jobs/,400.52,ok,
2026-10-04T22:33:07.003483+05:30,GET,GET /health/,139.32,ok,
2026-10-04T22:33:07.021885+05:30,POST,POST /jobs/,418.69,ok,
2026-10-04T22:33:07.023348+05:30,POST,POST /jobs/,422.92,ok,
2026-10-04T22:33:07.026539+05:30,POST,POST /jobs/,349.9,ok,
2026-10-04T22:33:07.130851+05:30,GET,GET /jobs/{id}/,18.78,ok,
2026-10-04T22:33:07.192634+05:30,POST,POST /jobs/,33.42,ok,
2026-10-04T22:33:07.201947+05:30,POST,POST /jobs/,39.62,ok,
2026-10-04T22:33:07.226785+05:30,GET,GET /jobs/stats/,23.62,ok,
2026-10-04T22:33:07.276159+05:30,POST,POST /jobs/,31.04,ok,
2026-10-04T22:33:07.358820+05:30,GET,GET /jobs/{id}/,18.2,ok,
2026-10-04T22:33:07.465173+05:30,POST,POST /jobs/,22.86,ok,
2026-10-04T22:33:07.467957+05:30,GET,GET /health/,24.73,ok,
2026-10-04T22:33:07.550171+05:30,GET,GET /jobs/stats/,22.76,ok,
2026-10-04T22:33:07.557303+05:30,GET,GET /health/,17.74,ok,
2026-10-04T22:33:07.624032+05:30,GET,GET /jobs/stats/,46.84,ok,
2026-10-04T22:33:07.660523+05:30,GET,GET /health/,85.49,ok,
2026-10-04T22:33:07.694443+05:30,GET,GET /health/,118.43,ok,
2026-10-04T22:33:07.701577+05:30,GET,GET /jobs/stats/,123.16,ok,
2026-10-04T22:33:07.867151+05:30,POST,POST /jobs/,287.8,ok,
2026-10-04T22:33:07.920041+05:30,GET,GET /jobs/stats/,79.1,ok,
2026-10-04T22:33:07.996671+05:30,POST,POST /jobs/,421.04,ok,
2026-10-04T22:33:07.997792+05:30,GET,GET /health/,420.23,ok,
2026-10-04T22:33:07.999219+05:30,POST,POST /jobs/,411.6,ok,
2026-10-04T22:33:08.002951+05:30,POST,POST /jobs/,426.14,ok,
2026-10-04T22:33:08.022189+05:30,GET,GET /jobs/stats/,110.24,ok,
2026-10-04T22:33:08.027789+05:30,POST,POST /jobs/,453.34,ok,
2026-10-04T22:33:08.030445+05:30,POST,POST /jobs/,450.56,ok,
2026-10-04T22:33:08.061591+05:30,POST,POST /jobs/,483.59,ok,
2026-10-04T22:33:08.069906+05:30,GET,GET /jobs/{id}/,58.59,ok,
2026-10-04T22:33:08.093643+05:30,POST,POST /jobs/,514.76,ok,
2026-10-04T22:33:08.177773+05:30,POST,POST /jobs/,35.57,ok,
2026-10-04T22:33:08.181725+05:30,GET,GET /health/,29.6,ok,
2026-10-04T22:33:08.195032+05:30,POST,POST /jobs/,35.02,ok,
2026-10-04T22:33:08.307752+05:30,POST,POST /jobs/,34.15,ok,
2026-10-04T22:33:08.318318+05:30,POST,POST /jobs/,37.2,ok,
2026-10-04T22:33:08.359834+05:30,POST,POST /jobs/,27.12,ok,
2026-10-04T22:33:08.396035+05:30,POST,POST /jobs/,61.3,ok,
2026-10-04T22:33:08.409830+05:30,POST,POST /jobs/,59.85,ok,
2026-10-04T22:33:08.419532+05:30,POST,POST /jobs/,65.4,ok,
2026-10-04T22:33:08.427333+05:30,GET,GET /jobs/{id}/,22.97,ok,
2026-10-04T22:33:08.430991+05:30,POST,POST /jobs/,70.97,ok,
2026-10-04T22:33:08.479612+05:30,GET,GET /jobs/stats/,21.37,ok,
2026-10-04T22:33:08.495575+05:30,GET,GET /jobs/{id}/,20.38,ok,
2026-10-04T22:33:08.512555+05:30,GET,GET /jobs/{id}/,21.44,ok,
2026-10-04T22:33:08.532035+05:30,POST,POST /jobs/,31.08,ok,
2026-10-04T22:33:08.548556+05:30,POST,POST /jobs/,30.71,ok,
2026-10-04T22:33:08.618723+05:30,POST,POST /jobs/,42.44,ok,
2026-10-04T22:33:08.713186+05:30,GET,GET /health/,134.72,ok,
2026-10-04T22:33:08.718926+05:30,GET,GET /health/,141.69,ok,
2026-10-04T22:33:08.722713+05:30,GET,GET /jobs/stats/,145.89,ok,
2026-10-04T22:33:08.726847+05:30,GET,GET /jobs/stats/,146.92,ok,
2026-10-04T22:33:08.808211+05:30,POST,POST /jobs/,232.6,ok,
2026-10-04T22:33:08.821157+05:30,GET,GET /jobs/stats/,183.03,ok,
2026-10-04T22:33:08.826745+05:30,POST,POST /jobs/,245.92,ok,
2026-10-04T22:33:08.899549+05:30,GET,GET /health/,157.42,ok,
2026-10-04T22:33:08.903771+05:30,GET,GET /jobs/stats/,148.7,ok,
2026-10-04T22:33:08.905573+05:30,GET,GET /health/,142.54,ok,
2026-10-04T22:33:08.931575+05:30,POST,POST /jobs/,353.47,ok,
2026-10-04T22:33:08.935075+05:30,POST,POST /jobs/,356.07,ok,
2026-10-04T22:33:08.935820+05:30,POST,POST /jobs/,355.46,ok,
2026-10-04T22:33:08.944120+05:30,POST,POST /jobs/,366.48,ok,
2026-10-04T22:33:09.002930+05:30,GET,GET /jobs/stats/,83.61,ok,
2026-10-04T22:33:09.003179+05:30,POST,POST /jobs/,423.68,ok,
2026-10-04T22:33:09.016473+05:30,GET,GET /jobs/{id}/,61.96,ok,
2026-10-04T22:33:09.016988+05:30,GET,GET /jobs/{id}/,29.58,ok,
2026-10-04T22:33:09.136620+05:30,GET,GET /health/,26.32,ok,
2026-10-04T22:33:09.194084+05:30,GET,GET /jobs/stats/,23.19,ok,
2026-10-04T22:33:09.289688+05:30,POST,POST /jobs/,31.24,ok,
2026-10-04T22:33:09.354023+05:30,POST,POST /jobs/,23.63,ok,
2026-10-04T22:33:09.360533+05:30,GET,GET /health/,23.69,ok,
2026-10-04T22:33:09.398948+05:30,POST,POST /jobs/,21.1,ok,
2026-10-04T22:33:09.498559+05:30,POST,POST /jobs/,25.08,ok,
2026-10-04T22:33:09.512991+05:30,POST,POST /jobs/,37.44,ok,
2026-10-04T22:33:09.521854+05:30,GET,GET /jobs/{id}/,21.0,ok,
2026-10-04T22:33:09.522354+05:30,GET,GET /health/,27.04,ok,
2026-10-04T22:33:09.535853+05:30,GET,GET /health/,24.72,ok,
2026-10-04T22:33:09.557815+05:30,POST,POST /jobs/,20.66,ok,
2026-10-04T22:33:09.568507+05:30,GET,GET /jobs/{id}/,18.31,ok,
2026-10-04T22:33:09.608802+05:30,GET,GET /jobs/{id}/,18.48,ok,
2026-10-04T22:33:09.636668+05:30,GET,GET /health/,23.43,ok,
2026-10-04T22:33:09.666407+05:30,POST,POST /jobs/,23.33,ok,
2026-10-04T22:33:09.699541+05:30,GET,GET /jobs/{id}/,21.82,ok,
2026-10-04T22:33:09.702090+05:30,GET,GET /jobs/{id}/,19.28,ok,
2026-10-04T22:33:09.708357+05:30,GET,GET /health/,21.61,ok,
2026-10-04T22:33:09.711930+05:30,GET,GET /jobs/stats/,25.93,ok,
2026-10-04T22:33:09.741856+05:30,GET,GET /jobs/stats/,20.67,ok,
2026-10-04T22:33:09.757703+05:30,GET,GET /jobs/{id}/,20.12,ok,
2026-10-04T22:33:09.793711+05:30,GET,GET /health/,41.56,ok,
2026-10-04T22:33:09.801513+05:30,POST,POST /jobs/,53.36,ok,
2026-10-04T22:33:09.812841+05:30,POST,POST /jobs/,37.62,ok,
2026-10-04T22:33:09.815634+05:30,GET,GET /health/,50.68,ok,
2026-10-04T22:33:09.864049+05:30,GET,GET /jobs/{id}/,70.98,ok,
2026-10-04T22:33:09.865367+05:30,GET,GET /jobs/stats/,68.7,ok,
2026-10-04T22:33:09.895378+05:30,GET,GET /jobs/{id}/,78.43,ok,
2026-10-04T22:33:09.897713+05:30,POST,POST /jobs/,81.91,ok,
2026-10-04T22:33:09.904462+05:30,POST,POST /jobs/,128.42,ok,
2026-10-04T22:33:09.911108+05:30,POST,POST /jobs/,74.24,ok,
2026-10-04T22:33:09.962435+05:30,POST,POST /jobs/,101.0,ok,
2026-10-04T22:33:09.970244+05:30,GET,GET /jobs/stats/,67.23,ok,
2026-10-04T22:33:10.020189+05:30,POST,POST /jobs/,25.63,ok,
2026-10-04T22:33:10.021637+05:30,GET,GET /health/,30.95,ok,
2026-10-04T22:33:10.026358+05:30,GET,GET /health/,31.36,ok,
2026-10-04T22:33:10.069354+05:30,GET,GET /health/,24.71,ok,
2026-10-04T22:33:10.184587+05:30,POST,POST /jobs/,20.89,ok,
2026-10-04T22:33:10.236736+05:30,GET,GET /jobs/stats/,22.88,ok,
2026-10-04T22:33:10.246574+05:30,POST,POST /jobs/,21.72,ok,
2026-10-04T22:33:10.254838+05:30,GET,GET /jobs/{id}/,22.79,ok,
2026-10-04T22:33:10.290007+05:30,GET,GET /jobs/{id}/,40.04,ok,
2026-10-04T22:33:10.311286+05:30,GET,GET /jobs/stats/,43.12,ok,
2026-10-04T22:33:10.311938+05:30,POST,POST /jobs/,38.14,ok,
2026-10-04T22:33:10.329153+05:30,POST,POST /jobs/,41.89,ok,
2026-10-04T22:33:10.340126+05:30,GET,GET /jobs/stats/,22.96,ok,
2026-10-04T22:33:10.500892+05:30,POST,POST /jobs/,49.2,ok,
2026-10-04T22:33:10.558168+05:30,POST,POST /jobs/,44.9,ok,
2026-10-04T22:33:10.563772+05:30,GET,GET /jobs/{id}/,38.1,ok,
2026-10-04T22:33:10.588339+05:30,GET,GET /health/,24.4,ok,
2026-10-04T22:33:10.597892+05:30,GET,GET /health/,25.9,ok,
2026-10-04T22:33:10.621784+05:30,POST,POST /jobs/,42.96,ok,
2026-10-04T22:33:10.645347+05:30,GET,GET /jobs/{id}/,21.11,ok,
2026-10-04T22:33:10.716709+05:30,POST,POST /jobs/,62.0,ok,
2026-10-04T22:33:10.723827+05:30,POST,POST /jobs/,59.79,ok,
2026-10-04T22:33:10.813759+05:30,GET,GET /jobs/{id}/,32.47,ok,
2026-10-04T22:33:10.835068+05:30,POST,POST /jobs/,46.88,ok,
2026-10-04T22:33:10.842071+05:30,GET,GET /jobs/{id}/,38.28,ok,
2026-10-04T22:33:10.846458+05:30,POST,POST /jobs/,50.82,ok,
2026-10-04T22:33:10.870866+05:30,POST,POST /jobs/,39.76,ok,
2026-10-04T22:33:10.871374+05:30,POST,POST /jobs/,26.9,ok,
2026-10-04T22:33:10.930041+05:30,GET,GET /jobs/{id}/,18.92,ok,
2026-10-04T22:33:10.988553+05:30,GET,GET /jobs/stats/,22.26,ok,
2026-10-04T22:33:11.023826+05:30,POST,POST /jobs/,44.46,ok,
2026-10-04T22:33:11.036841+05:30,GET,GET /health/,27.83,ok,
2026-10-04T22:33:11.062185+05:30,POST,POST /jobs/,64.19,ok,
2026-10-04T22:33:11.068947+05:30,GET,GET /health/,61.26,ok,
2026-10-04T22:33:11.117749+05:30,POST,POST /jobs/,51.1,ok,
2026-10-04T22:33:11.126842+05:30,GET,GET /jobs/{id}/,35.99,ok,
2026-10-04T22:33:11.128022+05:30,POST,POST /jobs/,53.32,ok,
2026-10-04T22:33:11.128750+05:30,GET,GET /jobs/stats/,43.97,ok,
2026-10-04T22:33:11.138739+05:30,GET,GET /jobs/{id}/,26.77,ok,
2026-10-04T22:33:11.161476+05:30,POST,POST /jobs/,93.65,ok,
2026-10-04T22:33:11.211175+05:30,GET,GET /jobs/{id}/,25.36,ok,
2026-10-04T22:33:11.212280+05:30,GET,GET /health/,34.49,ok,
2026-10-04T22:33:11.244677+05:30,GET,GET /health/,21.02,ok,
2026-10-04T22:33:11.375309+05:30,GET,GET /health/,21.88,ok,
2026-10-04T22:33:11.453565+05:30,GET,GET /jobs/{id}/,18.55,ok,
2026-10-04T22:33:11.454220+05:30,GET,GET /jobs/{id}/,21.58,ok,
2026-10-04T22:33:11.480477+05:30,GET,GET /health/,17.85,ok,
2026-10-04T22:33:11.528825+05:30,GET,GET /jobs/{id}/,20.71,ok,
2026-10-04T22:33:11.532258+05:30,POST,POST /jobs/,27.29,ok,
2026-10-04T22:33:11.540119+05:30,POST,POST /jobs/,39.32,ok,
2026-10-04T22:33:11.557785+05:30,GET,GET /health/,24.27,ok,
2026-10-04T22:33:11.604132+05:30,GET,GET /jobs/{id}/,18.88,ok,
2026-10-04T22:33:11.623153+05:30,GET,GET /jobs/{id}/,17.76,ok,
2026-10-04T22:33:11.683852+05:30,POST,POST /jobs/,31.23,ok,
2026-10-04T22:33:11.697000+05:30,GET,GET /jobs/stats/,28.33,ok,
2026-10-04T22:33:11.712232+05:30,GET,GET /jobs/stats/,28.24,ok,
2026-10-04T22:33:11.723078+05:30,GET,GET /jobs/{id}/,19.72,ok,
2026-10-04T22:33:11.749609+05:30,POST,POST /jobs/,20.24,ok,
2026-10-04T22:33:11.776632+05:30,GET,GET /jobs/{id}/,24.76,ok,
2026-10-04T22:33:11.788563+05:30,GET,GET /jobs/stats/,25.65,ok,
2026-10-04T22:33:11.789191+05:30,GET,GET /health/,21.36,ok,
2026-10-04T22:33:11.791111+05:30,GET,GET /jobs/{id}/,20.07,ok,
2026-10-04T22:33:11.828165+05:30,POST,POST /jobs/,25.18,ok,
2026-10-04T22:33:11.828699+05:30,POST,POST /jobs/,26.3,ok,
2026-10-04T22:33:11.900055+05:30,GET,GET /jobs/{id}/,22.76,ok,
2026-10-04T22:33:11.902374+05:30,POST,POST /jobs/,37.15,ok,
2026-10-04T22:33:11.925353+05:30,GET,GET /jobs/stats/,24.01,ok,
2026-10-04T22:33:11.933162+05:30,POST,POST /jobs/,22.22,ok,
2026-10-04T22:33:12.037336+05:30,POST,POST /jobs/,23.8,ok,
2026-10-04T22:33:12.061341+05:30,GET,GET /jobs/{id}/,18.68,ok,
2026-10-04T22:33:12.128101+05:30,GET,GET /jobs/stats/,21.35,ok,
2026-10-04T22:33:12.166942+05:30,GET,GET /jobs/{id}/,21.37,ok,
2026-10-04T22:33:12.169157+05:30,POST,POST /jobs/,33.69,ok,
2026-10-04T22:33:12.197768+05:30,GET,GET /health/,18.32,ok,
2026-10-04T22:33:12.214265+05:30,GET,GET /jobs/{id}/,21.49,ok,
2026-10-04T22:33:12.266745+05:30,POST,POST /jobs/,59.63,ok,
2026-10-04T22:33:12.268451+05:30,POST,POST /jobs/,58.67,ok,
2026-10-04T22:33:12.279820+05:30,GET,GET /jobs/{id}/,26.23,ok,
2026-10-04T22:33:12.358927+05:30,GET,GET /jobs/stats/,21.83,ok,
2026-10-04T22:33:12.389464+05:30,GET,GET /health/,22.25,ok,
2026-10-04T22:33:12.401924+05:30,POST,POST /jobs/,28.76,ok,
2026-10-04T22:33:12.472504+05:30,POST,POST /jobs/,20.02,ok,
2026-10-04T22:33:12.508155+05:30,GET,GET /jobs/{id}/,20.33,ok,
2026-10-04T22:33:12.515559+05:30,POST,POST /jobs/,22.6,ok,
2026-10-04T22:33:12.543920+05:30,GET,GET /jobs/{id}/,18.06,ok,
2026-10-04T22:33:12.595597+05:30,GET,GET /jobs/{id}/,24.99,ok,
2026-10-04T22:33:12.600289+05:30,POST,POST /jobs/,41.08,ok,
2026-10-04T22:33:12.606887+05:30,GET,GET /health/,25.32,ok,
2026-10-04T22:33:12.610144+05:30,GET,GET /jobs/{id}/,24.34,ok,
2026-10-04T22:33:12.664757+05:30,POST,POST /jobs/,22.31,ok,
2026-10-04T22:33:12.673408+05:30,POST,POST /jobs/,33.97,ok,
2026-10-04T22:33:12.714048+05:30,POST,POST /jobs/,32.35,ok,
2026-10-04T22:33:12.721891+05:30,POST,POST /jobs/,21.32,ok,
2026-10-04T22:33:12.740619+05:30,GET,GET /jobs/{id}/,17.49,ok,
2026-10-04T22:33:12.766312+05:30,GET,GET /jobs/{id}/,18.39,ok,
2026-10-04T22:33:12.771062+05:30,GET,GET /health/,20.16,ok,
2026-10-04T22:33:12.800598+05:30,POST,POST /jobs/,23.25,ok,
2026-10-04T22:33:12.820763+05:30,POST,POST /jobs/,27.4,ok,
2026-10-04T22:33:12.876508+05:30,POST,POST /jobs/,21.27,ok,
2026-10-04T22:33:12.889571+05:30,GET,GET /jobs/stats/,28.32,ok,
2026-10-04T22:33:12.895575+05:30,POST,POST /jobs/,25.4,ok,
2026-10-04T22:33:12.903914+05:30,GET,GET /jobs/{id}/,22.15,ok,
2026-10-04T22:33:12.927127+05:30,POST,POST /jobs/,36.32,ok,
2026-10-04T22:33:12.939918+05:30,POST,POST /jobs/,34.75,ok,
2026-10-04T22:33:12.978152+05:30,GET,GET /health/,23.24,ok,
2026-10-04T22:33:12.999310+05:30,POST,POST /jobs/,45.07,ok,
2026-10-04T22:33:13.009714+05:30,POST,POST /jobs/,52.87,ok,
2026-10-04T22:33:13.023055+05:30,GET,GET /jobs/{id}/,20.36,ok,
2026-10-04T22:33:13.054835+05:30,POST,POST /jobs/,23.44,ok,
2026-10-04T22:33:13.101800+05:30,GET,GET /health/,53.9,ok,
2026-10-04T22:33:13.102435+05:30,GET,GET /jobs/{id}/,43.31,ok,
2026-10-04T22:33:13.103081+05:30,GET,GET /health/,55.7,ok,
2026-10-04T22:33:13.106137+05:30,GET,GET /jobs/{id}/,39.07,ok,
2026-10-04T22:33:13.110879+05:30,POST,POST /jobs/,45.82,ok,
2026-10-04T22:33:13.119343+05:30,GET,GET /jobs/{id}/,36.76,ok,
2026-10-04T22:33:13.127547+05:30,POST,POST /jobs/,63.43,ok,
2026-10-04T22:33:13.175727+05:30,POST,POST /jobs/,64.71,ok,
2026-10-04T22:33:13.181603+05:30,GET,GET /jobs/{id}/,51.73,ok,
2026-10-04T22:33:13.238323+05:30,GET,GET /jobs/stats/,25.21,ok,
2026-10-04T22:33:13.316661+05:30,GET,GET /jobs/stats/,25.15,ok,
2026-10-04T22:33:13.319763+05:30,GET,GET /jobs/{id}/,27.96,ok,
2026-10-04T22:33:13.329258+05:30,POST,POST /jobs/,38.28,ok,
2026-10-04T22:33:13.351353+05:30,POST,POST /jobs/,20.86,ok,
2026-10-04T22:33:13.404568+05:30,POST,POST /jobs/,24.86,ok,
2026-10-04T22:33:13.422470+05:30,POST,POST /jobs/,28.7,ok,
2026-10-04T22:33:13.437101+05:30,GET,GET /jobs/{id}/,24.17,ok,
2026-10-04T22:33:13.439257+05:30,GET,GET /jobs/{id}/,23.85,ok,
2026-10-04T22:33:13.446189+05:30,GET,GET /jobs/{id}/,21.43,ok,
2026-10-04T22:33:13.461991+05:30,POST,POST /jobs/,35.99,ok,
2026-10-04T22:33:13.499313+05:30,GET,GET /jobs/{id}/,45.79,ok,
2026-10-04T22:33:13.520701+05:30,GET,GET /health/,30.28,ok,
2026-10-04T22:33:13.521344+05:30,GET,GET /jobs/stats/,41.28,ok,
2026-10-04T22:33:13.531171+05:30,POST,POST /jobs/,29.55,ok,
2026-10-04T22:33:13.531922+05:30,POST,POST /jobs/,67.63,ok,
2026-10-04T22:33:13.538267+05:30,GET,GET /health/,27.93,ok,
2026-10-04T22:33:13.598496+05:30,POST,POST /jobs/,84.9,ok,
2026-10-04T22:33:13.600552+05:30,GET,GET /jobs/{id}/,63.31,ok,
2026-10-04T22:33:13.626121+05:30,POST,POST /jobs/,20.32,ok,
2026-10-04T22:33:13.690796+05:30,GET,GET /jobs/{id}/,18.1,ok,
2026-10-04T22:33:13.724161+05:30,POST,POST /jobs/,27.08,ok,
2026-10-04T22:33:13.810292+05:30,GET,GET /jobs/{id}/,18.05,ok,
2026-10-04T22:33:13.866955+05:30,POST,POST /jobs/,24.32,ok,
2026-10-04T22:33:13.876462+05:30,GET,GET /health/,26.73,ok,
2026-10-04T22:33:13.903953+05:30,GET,GET /jobs/{id}/,21.18,ok,
2026-10-04T22:33:13.916161+05:30,GET,GET /jobs/{id}/,19.41,ok,
2026-10-04T22:33:13.921412+05:30,GET,GET /health/,21.75,ok,
2026-10-04T22:33:13.967999+05:30,GET,GET /jobs/{id}/,18.28,ok,
2026-10-04T22:33:14.005468+05:30,POST,POST /jobs/,23.15,ok,
2026-10-04T22:33:14.049034+05:30,GET,GET /jobs/{id}/,31.87,ok,
2026-10-04T22:33:14.057035+05:30,GET,GET /jobs/{id}/,35.24,ok,
2026-10-04T22:33:14.063740+05:30,POST,POST /jobs/,48.92,ok,
2026-10-04T22:33:14.097422+05:30,GET,GET /jobs/{id}/,18.85,ok,
2026-10-04T22:33:14.101682+05:30,POST,POST /jobs/,34.62,ok,
2026-10-04T22:33:14.165396+05:30,POST,POST /jobs/,35.23,ok,
2026-10-04T22:33:14.177229+05:30,GET,GET /jobs/{id}/,23.0,ok,
2026-10-04T22:33:14.188169+05:30,POST,POST /jobs/,30.1,ok,
2026-10-04T22:33:14.190612+05:30,GET,GET /health/,35.67,ok,
2026-10-04T22:33:14.251733+05:30,GET,GET /health/,20.67,ok,
2026-10-04T22:33:14.345373+05:30,GET,GET /jobs/{id}/,20.18,ok,
2026-10-04T22:33:14.350954+05:30,POST,POST /jobs/,33.73,ok,
2026-10-04T22:33:14.379328+05:30,GET,GET /health/,21.12,ok,
2026-10-04T22:33:14.393591+05:30,GET,GET /jobs/{id}/,19.36,ok,
2026-10-04T22:33:14.421534+05:30,GET,GET /jobs/{id}/,20.71,ok,
2026-10-04T22:33:14.423530+05:30,GET,GET /jobs/{id}/,24.66,ok,
2026-10-04T22:33:14.424642+05:30,GET,GET /jobs/stats/,35.06,ok,
2026-10-04T22:33:14.438700+05:30,POST,POST /jobs/,26.77,ok,
2026-10-04T22:33:14.439994+05:30,GET,GET /jobs/stats/,32.1,ok,
2026-10-04T22:33:14.460566+05:30,GET,GET /jobs/{id}/,21.42,ok,
2026-10-04T22:33:14.475619+05:30,GET,GET /jobs/{id}/,18.99,ok,
2026-10-04T22:33:14.476066+05:30,GET,GET /health/,22.57,ok,
2026-10-04T22:33:14.503177+05:30,GET,GET /health/,17.86,ok,
2026-10-04T22:33:14.508828+05:30,GET,GET /health/,18.58,ok,
2026-10-04T22:33:14.543548+05:30,POST,POST /jobs/,30.4,ok,
2026-10-04T22:33:14.606384+05:30,GET,GET /jobs/{id}/,17.82,ok,
2026-10-04T22:33:14.635507+05:30,POST,POST /jobs/,22.8,ok,
2026-10-04T22:33:14.658907+05:30,POST,POST /jobs/,21.08,ok,
2026-10-04T22:33:14.720794+05:30,GET,GET /jobs/stats/,24.71,ok,
2026-10-04T22:33:14.727885+05:30,POST,POST /jobs/,34.64,ok,
2026-10-04T22:33:14.734467+05:30,GET,GET /jobs/{id}/,20.16,ok,
2026-10-04T22:33:14.749275+05:30,POST,POST /jobs/,21.23,ok,
2026-10-04T22:33:14.783182+05:30,GET,GET /jobs/{id}/,20.67,ok,
2026-10-04T22:33:14.801280+05:30,POST,POST /jobs/,47.69,ok,
2026-10-04T22:33:14.807185+05:30,POST,POST /jobs/,36.68,ok,
2026-10-04T22:33:14.822194+05:30,GET,GET /jobs/{id}/,23.62,ok,
2026-10-04T22:33:14.855391+05:30,POST,POST /jobs/,21.88,ok,
2026-10-04T22:33:14.890407+05:30,GET,GET /jobs/{id}/,17.68,ok,
2026-10-04T22:33:14.944682+05:30,GET,GET /jobs/{id}/,19.94,ok,
2026-10-04T22:33:14.953330+05:30,POST,POST /jobs/,24.47,ok,
2026-10-04T22:33:15.064673+05:30,POST,POST /jobs/,20.99,ok,
2026-10-04T22:33:15.142129+05:30,GET,GET /jobs/{id}/,18.12,ok,
2026-10-04T22:33:15.172343+05:30,GET,GET /jobs/{id}/,17.84,ok,
2026-10-04T22:33:15.203928+05:30,POST,POST /jobs/,21.21,ok,
2026-10-04T22:33:15.237086+05:30,GET,GET /jobs/{id}/,18.77,ok,
2026-10-04T22:33:15.262134+05:30,GET,GET /jobs/{id}/,20.71,ok,
2026-10-04T22:33:15.262613+05:30,GET,GET /jobs/{id}/,17.97,ok,
2026-10-04T22:33:15.310632+05:30,POST,POST /jobs/,22.75,ok,
2026-10-04T22:33:15.328491+05:30,GET,GET /health/,22.53,ok,
2026-10-04T22:33:15.360577+05:30,GET,GET /jobs/{id}/,23.78,ok,
2026-10-04T22:33:15.373046+05:30,GET,GET /jobs/stats/,23.15,ok,
2026-10-04T22:33:15.400862+05:30,GET,GET /health/,18.54,ok,
2026-10-04T22:33:15.449777+05:30,POST,POST /jobs/,22.47,ok,
2026-10-04T22:33:15.486623+05:30,POST,POST /jobs/,21.56,ok,
2026-10-04T22:33:15.496340+05:30,POST,POST /jobs/,26.21,ok,
2026-10-04T22:33:15.516058+05:30,POST,POST /jobs/,26.14,ok,
2026-10-04T22:33:15.571043+05:30,POST,POST /jobs/,22.65,ok,
2026-10-04T22:33:15.577418+05:30,GET,GET /health/,22.58,ok,
2026-10-04T22:33:15.579445+05:30,POST,POST /jobs/,25.07,ok,
2026-10-04T22:33:15.587002+05:30,GET,GET /jobs/{id}/,25.06,ok,
2026-10-04T22:33:15.619523+05:30,POST,POST /jobs/,30.25,ok,
2026-10-04T22:33:15.627646+05:30,GET,GET /jobs/{id}/,20.49,ok,
2026-10-04T22:33:15.661065+05:30,GET,GET /health/,18.15,ok,
2026-10-04T22:33:15.707190+05:30,GET,GET /health/,18.83,ok,
2026-10-04T22:33:15.737904+05:30,POST,POST /jobs/,22.43,ok,
2026-10-04T22:33:15.743903+05:30,GET,GET /jobs/stats/,23.46,ok,
2026-10-04T22:33:15.757213+05:30,GET,GET /jobs/{id}/,19.12,ok,
2026-10-04T22:33:15.760237+05:30,POST,POST /jobs/,23.43,ok,
2026-10-04T22:33:15.799135+05:30,GET,GET /jobs/{id}/,20.04,ok,
2026-10-04T22:33:15.811238+05:30,POST,POST /jobs/,32.72,ok,
2026-10-04T22:33:15.825650+05:30,GET,GET /jobs/{id}/,24.19,ok,
2026-10-04T22:33:15.845559+05:30,POST,POST /jobs/,28.05,ok,
2026-10-04T22:33:15.846169+05:30,POST,POST /jobs/,26.78,ok,
2026-10-04T22:33:15.879756+05:30,POST,POST /jobs/,32.36,ok,
2026-10-04T22:33:15.911880+05:30,POST,POST /jobs/,21.69,ok,
2026-10-04T22:33:15.965879+05:30,GET,GET /health/,20.44,ok,
2026-10-04T22:33:15.970634+05:30,GET,GET /health/,21.98,ok,
2026-10-04T22:33:16.021157+05:30,GET,GET /health/,30.25,ok,
2026-10-04T22:33:16.036362+05:30,POST,POST /jobs/,26.41,ok,
2026-10-04T22:33:16.041659+05:30,GET,GET /health/,28.19,ok,
2026-10-04T22:33:16.059020+05:30,POST,POST /jobs/,21.25,ok,
2026-10-04T22:33:16.065448+05:30,POST,POST /jobs/,22.55,ok,
2026-10-04T22:33:16.104281+05:30,GET,GET /jobs/{id}/,20.53,ok,
2026-10-04T22:33:16.165272+05:30,POST,POST /jobs/,22.6,ok,
2026-10-04T22:33:16.174652+05:30,GET,GET /jobs/stats/,21.98,ok,
2026-10-04T22:33:16.224030+05:30,POST,POST /jobs/,23.05,ok,
2026-10-04T22:33:16.256206+05:30,POST,POST /jobs/,29.85,ok,
2026-10-04T22:33:16.256894+05:30,POST,POST /jobs/,43.9,ok,
2026-10-04T22:33:16.260202+05:30,GET,GET /jobs/{id}/,21.4,ok,
2026-10-04T22:33:16.314155+05:30,GET,GET /jobs/stats/,43.47,ok,
2026-10-04T22:33:16.357003+05:30,GET,GET /jobs/{id}/,20.52,ok,
2026-10-04T22:33:16.365419+05:30,GET,GET /jobs/{id}/,24.92,ok,
2026-10-04T22:33:16.410273+05:30,POST,POST /jobs/,22.57,ok,
2026-10-04T22:33:16.483606+05:30,POST,POST /jobs/,22.02,ok,
2026-10-04T22:33:16.501650+05:30,GET,GET /jobs/{id}/,24.03,ok,
2026-10-04T22:33:16.511067+05:30,GET,GET /jobs/{id}/,22.03,ok,
2026-10-04T22:33:16.574853+05:30,GET,GET /jobs/{id}/,21.87,ok,
2026-10-04T22:33:16.575376+05:30,POST,POST /jobs/,23.02,ok,
2026-10-04T22:33:16.624629+05:30,POST,POST /jobs/,20.97,ok,
2026-10-04T22:33:16.713210+05:30,POST,POST /jobs/,23.23,ok,
2026-10-04T22:33:16.734713+05:30,POST,POST /jobs/,26.4,ok,
2026-10-04T22:33:16.738661+05:30,GET,GET /jobs/{id}/,22.15,ok,
2026-10-04T22:33:16.751107+05:30,GET,GET /jobs/{id}/,23.66,ok,
2026-10-04T22:33:16.761767+05:30,GET,GET /jobs/stats/,20.88,ok,
2026-10-04T22:33:16.785343+05:30,GET,GET /jobs/{id}/,18.24,ok,
2026-10-04T22:33:16.837049+05:30,GET,GET /jobs/{id}/,18.4,ok,
2026-10-04T22:33:16.843627+05:30,GET,GET /health/,18.97,ok,
2026-10-04T22:33:16.877461+05:30,POST,POST /jobs/,22.53,ok,
2026-10-04T22:33:16.890486+05:30,GET,GET /jobs/{id}/,20.44,ok,
2026-10-04T22:33:16.927379+05:30,GET,GET /jobs/{id}/,23.05,ok,
2026-10-04T22:33:16.929303+05:30,GET,GET /health/,26.38,ok,
2026-10-04T22:33:16.931598+05:30,POST,POST /jobs/,28.18,ok,
2026-10-04T22:33:16.937200+05:30,GET,GET /jobs/{id}/,21.32,ok,
2026-10-04T22:33:16.998055+05:30,POST,POST /jobs/,23.39,ok,
2026-10-04T22:33:17.008112+05:30,GET,GET /jobs/{id}/,19.3,ok,
2026-10-04T22:33:17.059271+05:30,GET,GET /jobs/{id}/,19.56,ok,
2026-10-04T22:33:17.125655+05:30,GET,GET /jobs/{id}/,21.73,ok,
2026-10-04T22:33:17.131872+05:30,GET,GET /jobs/{id}/,23.86,ok,
2026-10-04T22:33:17.134744+05:30,GET,GET /jobs/stats/,30.09,ok,
2026-10-04T22:33:17.154786+05:30,GET,GET /jobs/{id}/,18.75,ok,
2026-10-04T22:33:17.168894+05:30,GET,GET /jobs/{id}/,18.89,ok,
2026-10-04T22:33:17.182298+05:30,POST,POST /jobs/,25.22,ok,
2026-10-04T22:33:17.191216+05:30,POST,POST /jobs/,33.65,ok,
2026-10-04T22:33:17.225825+05:30,GET,GET /jobs/{id}/,18.28,ok,
2026-10-04T22:33:17.232235+05:30,GET,GET /jobs/{id}/,19.65,ok,
2026-10-04T22:33:17.266343+05:30,GET,GET /health/,20.85,ok,
2026-10-04T22:33:17.268908+05:30,GET,GET /jobs/{id}/,19.48,ok,
2026-10-04T22:33:17.307161+05:30,POST,POST /jobs/,25.96,ok,
2026-10-04T22:33:17.310388+05:30,GET,GET /jobs/{id}/,22.17,ok,
2026-10-04T22:33:17.329851+05:30,POST,POST /jobs/,28.47,ok,
2026-10-04T22:33:17.362707+05:30,POST,POST /jobs/,43.02,ok,
2026-10-04T22:33:17.372463+05:30,GET,GET /jobs/{id}/,40.24,ok,
2026-10-04T22:33:17.381127+05:30,POST,POST /jobs/,42.99,ok,
2026-10-04T22:33:17.410285+05:30,GET,GET /jobs/{id}/,30.26,ok,
2026-10-04T22:33:17.421596+05:30,GET,GET /health/,20.93,ok,
2026-10-04T22:33:17.501609+05:30,GET,GET /jobs/{id}/,18.68,ok,
2026-10-04T22:33:17.517216+05:30,POST,POST /jobs/,21.26,ok,
2026-10-04T22:33:17.548296+05:30,POST,POST /jobs/,21.77,ok,
2026-10-04T22:33:17.557209+05:30,GET,GET /health/,20.65,ok,
2026-10-04T22:33:17.621917+05:30,GET,GET /jobs/{id}/,18.21,ok,
2026-10-04T22:33:17.667326+05:30,GET,GET /jobs/{id}/,18.1,ok,
2026-10-04T22:33:17.676310+05:30,GET,GET /jobs/stats/,22.1,ok,
2026-10-04T22:33:17.709567+05:30,GET,GET /jobs/{id}/,17.89,ok,
2026-10-04T22:33:17.794214+05:30,POST,POST /jobs/,25.33,ok,
2026-10-04T22:33:17.801782+05:30,GET,GET /jobs/stats/,21.81,ok,
2026-10-04T22:33:17.849951+05:30,GET,GET /jobs/{id}/,18.87,ok,
2026-10-04T22:33:17.864526+05:30,GET,GET /jobs/{id}/,19.41,ok,
2026-10-04T22:33:17.873608+05:30,GET,GET /jobs/{id}/,18.39,ok,
2026-10-04T22:33:17.914538+05:30,GET,GET /jobs/stats/,21.67,ok,
2026-10-04T22:33:17.925060+05:30,POST,POST /jobs/,21.22,ok,
2026-10-04T22:33:17.956655+05:30,GET,GET /jobs/{id}/,19.29,ok,
2026-10-04T22:33:17.965003+05:30,POST,POST /jobs/,24.67,ok,
2026-10-04T22:33:17.989635+05:30,GET,GET /jobs/stats/,21.4,ok,
2026-10-04T22:33:18.016255+05:30,POST,POST /jobs/,27.25,ok,
2026-10-04T22:33:18.017036+05:30,POST,POST /jobs/,28.81,ok,
2026-10-04T22:33:18.062572+05:30,POST,POST /jobs/,25.25,ok,
2026-10-04T22:33:18.063089+05:30,GET,GET /jobs/{id}/,23.73,ok,
2026-10-04T22:33:18.069865+05:30,GET,GET /jobs/{id}/,24.44,ok,
2026-10-04T22:33:18.088318+05:30,GET,GET /jobs/{id}/,23.01,ok,
2026-10-04T22:33:18.089251+05:30,GET,GET /health/,24.95,ok,
2026-10-04T22:33:18.104238+05:30,POST,POST /jobs/,22.06,ok,
2026-10-04T22:33:18.118476+05:30,GET,GET /health/,23.0,ok,
2026-10-04T22:33:18.125998+05:30,GET,GET /health/,20.54,ok,
2026-10-04T22:33:18.135803+05:30,POST,POST /jobs/,23.49,ok,
2026-10-04T22:33:18.149741+05:30,POST,POST /jobs/,20.5,ok,
2026-10-04T22:33:18.191445+05:30,POST,POST /jobs/,20.39,ok,
2026-10-04T22:33:18.215300+05:30,GET,GET /health/,23.71,ok,
2026-10-04T22:33:18.219998+05:30,GET,GET /jobs/{id}/,27.43,ok,
2026-10-04T22:33:18.241829+05:30,GET,GET /jobs/{id}/,31.2,ok,
2026-10-04T22:33:18.244075+05:30,POST,POST /jobs/,35.43,ok,
2026-10-04T22:33:18.249905+05:30,GET,GET /health/,33.35,ok,
2026-10-04T22:33:18.258455+05:30,GET,GET /jobs/stats/,26.2,ok,
2026-10-04T22:33:18.282499+05:30,POST,POST /jobs/,22.8,ok,
2026-10-04T22:33:18.313199+05:30,GET,GET /jobs/{id}/,21.4,ok,
2026-10-04T22:33:18.329848+05:30,POST,POST /jobs/,27.98,ok,
2026-10-04T22:33:18.360991+05:30,GET,GET /health/,18.88,ok,
2026-10-04T22:33:18.399237+05:30,GET,GET /health/,21.81,ok,
2026-10-04T22:33:18.407578+05:30,GET,GET /jobs/{id}/,22.09,ok,
2026-10-04T22:33:18.416871+05:30,POST,POST /jobs/,30.84,ok,
2026-10-04T22:33:18.428130+05:30,GET,GET /jobs/{id}/,26.62,ok,
2026-10-04T22:33:18.434606+05:30,GET,GET /jobs/{id}/,21.73,ok,
2026-10-04T22:33:18.442434+05:30,POST,POST /jobs/,22.3,ok,
2026-10-04T22:33:18.479222+05:30,GET,GET /jobs/stats/,21.45,ok,
2026-10-04T22:33:18.496113+05:30,POST,POST /jobs/,22.3,ok,
2026-10-04T22:33:18.508888+05:30,POST,POST /jobs/,21.34,ok,
2026-10-04T22:33:18.577607+05:30,POST,POST /jobs/,21.43,ok,
2026-10-04T22:33:18.587684+05:30,GET,GET /jobs/{id}/,22.8,ok,
2026-10-04T22:33:18.598305+05:30,GET,GET /health/,19.45,ok,
2026-10-04T22:33:18.640010+05:30,GET,GET /jobs/{id}/,18.37,ok,
2026-10-04T22:33:18.646540+05:30,GET,GET /jobs/{id}/,17.87,ok,
2026-10-04T22:33:18.664144+05:30,GET,GET /jobs/{id}/,18.62,ok,
2026-10-04T22:33:18.670079+05:30,GET,GET /jobs/{id}/,19.96,ok,
2026-10-04T22:33:18.705452+05:30,GET,GET /health/,23.07,ok,
2026-10-04T22:33:18.729608+05:30,GET,GET /jobs/{id}/,17.85,ok,
2026-10-04T22:33:18.762905+05:30,POST,POST /jobs/,21.81,ok,
2026-10-04T22:33:18.837564+05:30,GET,GET /jobs/{id}/,19.33,ok,
2026-10-04T22:33:18.846675+05:30,POST,POST /jobs/,23.05,ok,
2026-10-04T22:33:18.946528+05:30,GET,GET /jobs/{id}/,19.95,ok,
2026-10-04T22:33:18.946958+05:30,GET,GET /jobs/{id}/,20.95,ok,
2026-10-04T22:33:18.979584+05:30,GET,GET /health/,20.35,ok,
2026-10-04T22:33:19.035900+05:30,GET,GET /jobs/stats/,22.02,ok,
2026-10-04T22:33:19.068005+05:30,GET,GET /health/,17.63,ok,
2026-10-04T22:33:19.103521+05:30,GET,GET /health/,17.9,ok,
2026-10-04T22:33:19.166316+05:30,GET,GET /jobs/{id}/,19.26,ok,
2026-10-04T22:33:19.170013+05:30,POST,POST /jobs/,20.26,ok,
2026-10-04T22:33:19.198319+05:30,GET,GET /health/,22.05,ok,
2026-10-04T22:33:19.201434+05:30,POST,POST /jobs/,21.17,ok,
2026-10-04T22:33:19.234136+05:30,GET,GET /jobs/{id}/,17.28,ok,
2026-10-04T22:33:19.271103+05:30,GET,GET /jobs/stats/,21.71,ok,
2026-10-04T22:33:19.318279+05:30,POST,POST /jobs/,20.85,ok,
2026-10-04T22:33:19.413613+05:30,GET,GET /jobs/stats/,21.01,ok,
2026-10-04T22:33:19.502013+05:30,POST,POST /jobs/,22.07,ok,
2026-10-04T22:33:19.506967+05:30,POST,POST /jobs/,22.88,ok,
2026-10-04T22:33:19.535135+05:30,GET,GET /jobs/{id}/,18.75,ok,
2026-10-04T22:33:19.540499+05:30,POST,POST /jobs/,23.38,ok,
2026-10-04T22:33:19.559130+05:30,GET,GET /jobs/{id}/,17.36,ok,
2026-10-04T22:33:19.666822+05:30,POST,POST /jobs/,26.81,ok,
2026-10-04T22:33:19.674910+05:30,GET,GET /jobs/{id}/,22.71,ok,
2026-10-04T22:33:19.749103+05:30,GET,GET /jobs/{id}/,20.73,ok,
2026-10-04T22:33:19.749578+05:30,GET,GET /jobs/{id}/,20.64,ok,
2026-10-04T22:33:19.763750+05:30,GET,GET /health/,20.83,ok,
2026-10-04T22:33:19.776001+05:30,GET,GET /health/,20.24,ok,
2026-10-04T22:33:19.798196+05:30,GET,GET /jobs/{id}/,19.54,ok,
2026-10-04T22:33:19.800003+05:30,POST,POST /jobs/,23.84,ok,
2026-10-04T22:33:19.844717+05:30,GET,GET /jobs/stats/,22.4,ok,
2026-10-04T22:33:19.932178+05:30,POST,POST /jobs/,21.14,ok,
2026-10-04T22:33:19.938289+05:30,GET,GET /health/,21.27,ok,
2026-10-04T22:33:19.958748+05:30,GET,GET /jobs/{id}/,20.29,ok,
2026-10-04T22:33:19.992194+05:30,POST,POST /jobs/,24.13,ok,
2026-10-04T22:33:19.992896+05:30,POST,POST /jobs/,24.26,ok,
2026-10-04T22:33:20.024426+05:30,GET,GET /jobs/{id}/,21.0,ok,
2026-10-04T22:33:20.041578+05:30,GET,GET /health/,22.67,ok,
2026-10-04T22:33:20.056116+05:30,GET,GET /health/,23.4,ok,
2026-10-04T22:33:20.073055+05:30,POST,POST /jobs/,21.11,ok,
2026-10-04T22:33:20.108807+05:30,POST,POST /jobs/,26.41,ok,
2026-10-04T22:33:20.120068+05:30,GET,GET /jobs/stats/,23.46,ok,
2026-10-04T22:33:20.169647+05:30,GET,GET /jobs/stats/,23.31,ok,
2026-10-04T22:33:20.170273+05:30,GET,GET /jobs/{id}/,20.0,ok,
2026-10-04T22:33:20.186480+05:30,POST,POST /jobs/,23.29,ok,
2026-10-04T22:33:20.267099+05:30,GET,GET /health/,18.92,ok,
2026-10-04T22:33:20.303988+05:30,POST,POST /jobs/,20.58,ok,
2026-10-04T22:33:20.332027+05:30,POST,POST /jobs/,35.48,ok,
2026-10-04T22:33:20.332653+05:30,POST,POST /jobs/,26.4,ok,
2026-10-04T22:33:20.379535+05:30,POST,POST /jobs/,26.58,ok,
2026-10-04T22:33:20.404522+05:30,GET,GET /jobs/stats/,34.56,ok,
2026-10-04T22:33:20.415200+05:30,POST,POST /jobs/,53.22,ok,
2026-10-04T22:33:20.421455+05:30,GET,GET /jobs/{id}/,21.6,ok,
2026-10-04T22:33:20.519152+05:30,GET,GET /jobs/{id}/,17.7,ok,
2026-10-04T22:33:20.581410+05:30,POST,POST /jobs/,21.71,ok,
2026-10-04T22:33:20.605970+05:30,GET,GET /jobs/{id}/,20.12,ok,
2026-10-04T22:33:20.619535+05:30,POST,POST /jobs/,25.67,ok,
2026-10-04T22:33:20.623581+05:30,GET,GET /jobs/{id}/,22.66,ok,
2026-10-04T22:33:20.644034+05:30,GET,GET /health/,21.45,ok,
2026-10-04T22:33:20.650012+05:30,GET,GET /health/,17.84,ok,
2026-10-04T22:33:20.669335+05:30,GET,GET /jobs/{id}/,20.27,ok,
2026-10-04T22:33:20.681908+05:30,GET,GET /health/,29.18,ok,
2026-10-04T22:33:20.684178+05:30,POST,POST /jobs/,29.87,ok,
2026-10-04T22:33:20.698278+05:30,GET,GET /health/,35.0,ok,
2026-10-04T22:33:20.708056+05:30,GET,GET /jobs/stats/,40.57,ok,
2026-10-04T22:33:20.717744+05:30,POST,POST /jobs/,39.2,ok,
2026-10-04T22:33:20.729367+05:30,POST,POST /jobs/,35.87,ok,
2026-10-04T22:33:20.734408+05:30,GET,GET /jobs/{id}/,21.07,ok,
2026-10-04T22:33:20.802130+05:30,GET,GET /jobs/stats/,22.37,ok,
2026-10-04T22:33:20.826038+05:30,POST,POST /jobs/,21.57,ok,
2026-10-04T22:33:20.869157+05:30,GET,GET /jobs/{id}/,19.65,ok,
2026-10-04T22:33:20.885348+05:30,POST,POST /jobs/,21.79,ok,
2026-10-04T22:33:20.913031+05:30,GET,GET /jobs/{id}/,18.37,ok,
2026-10-04T22:33:20.967588+05:30,POST,POST /jobs/,30.26,ok,
2026-10-04T22:33:20.976530+05:30,GET,GET /jobs/{id}/,28.2,ok,
2026-10-04T22:33:20.984957+05:30,GET,GET /jobs/stats/,35.41,ok,
2026-10-04T22:33:20.985493+05:30,GET,GET /jobs/{id}/,27.62,ok,
2026-10-04T22:33:21.015148+05:30,GET,GET /jobs/stats/,23.42,ok,
2026-10-04T22:33:21.034099+05:30,GET,GET /jobs/{id}/,23.33,ok,
2026-10-04T22:33:21.041988+05:30,POST,POST /jobs/,27.75,ok,
2026-10-04T22:33:21.126738+05:30,GET,GET /jobs/{id}/,18.37,ok,
2026-10-04T22:33:21.133611+05:30,GET,GET /jobs/stats/,24.68,ok,
2026-10-04T22:33:21.184569+05:30,GET,GET /health/,20.68,ok,
2026-10-04T22:33:21.186645+05:30,GET,GET /health/,19.72,ok,
2026-10-04T22:33:21.189291+05:30,GET,GET /health/,20.37,ok,
2026-10-04T22:33:21.241031+05:30,POST,POST /jobs/,22.44,ok,
2026-10-04T22:33:21.318866+05:30,POST,POST /jobs/,20.5,ok,
2026-10-04T22:33:21.411536+05:30,GET,GET /health/,23.16,ok,
2026-10-04T22:33:21.411992+05:30,POST,POST /jobs/,25.64,ok,
2026-10-04T22:33:21.422366+05:30,GET,GET /jobs/stats/,24.8,ok,
2026-10-04T22:33:21.439433+05:30,GET,GET /jobs/stats/,26.26,ok,
2026-10-04T22:33:21.445085+05:30,GET,GET /jobs/{id}/,18.41,ok,
2026-10-04T22:33:21.471566+05:30,GET,GET /jobs/{id}/,18.18,ok,
2026-10-04T22:33:21.520497+05:30,POST,POST /jobs/,25.6,ok,
2026-10-04T22:33:21.537737+05:30,GET,GET /health/,25.59,ok,
2026-10-04T22:33:21.538221+05:30,POST,POST /jobs/,24.95,ok,
2026-10-04T22:33:21.563482+05:30,GET,GET /jobs/{id}/,18.94,ok,
2026-10-04T22:33:21.573686+05:30,GET,GET /jobs/{id}/,18.17,ok,
2026-10-04T22:33:21.618816+05:30,GET,GET /health/,17.65,ok,
2026-10-04T22:33:21.648926+05:30,GET,GET /jobs/stats/,20.81,ok,
2026-10-04T22:33:21.698319+05:30,GET,GET /health/,20.11,ok,
2026-10-04T22:33:21.749958+05:30,GET,GET /health/,20.18,ok,
2026-10-04T22:33:21.757802+05:30,GET,GET /jobs/{id}/,22.98,ok,
2026-10-04T22:33:21.767790+05:30,POST,POST /jobs/,31.81,ok,
2026-10-04T22:33:21.778375+05:30,GET,GET /jobs/stats/,27.17,ok,
2026-10-04T22:33:21.788489+05:30,POST,POST /jobs/,27.4,ok,
2026-10-04T22:33:21.805236+05:30,POST,POST /jobs/,37.26,ok,
2026-10-04T22:33:21.822045+05:30,POST,POST /jobs/,29.22,ok,
2026-10-04T22:33:21.967308+05:30,GET,GET /jobs/{id}/,104.71,ok,
2026-10-04T22:33:21.974403+05:30,POST,POST /jobs/,133.03,ok,
2026-10-04T22:33:21.974937+05:30,GET,GET /jobs/{id}/,131.51,ok,
2026-10-04T22:33:21.975383+05:30,GET,GET /jobs/{id}/,59.19,ok,
2026-10-04T22:33:21.975878+05:30,POST,POST /jobs/,80.04,ok,
2026-10-04T22:33:22.010821+05:30,GET,GET /jobs/stats/,75.47,ok,
2026-10-04T22:33:22.031739+05:30,POST,POST /jobs/,31.33,ok,
2026-10-04T22:33:22.034474+05:30,GET,GET /health/,36.3,ok,
2026-10-04T22:33:22.039316+05:30,GET,GET /jobs/{id}/,28.26,ok,
2026-10-04T22:33:22.057200+05:30,POST,POST /jobs/,24.52,ok,
2026-10-04T22:33:22.070184+05:30,GET,GET /jobs/{id}/,20.42,ok,
2026-10-04T22:33:22.082804+05:30,POST,POST /jobs/,23.33,ok,
2026-10-04T22:33:22.084914+05:30,POST,POST /jobs/,23.5,ok,
2026-10-04T22:33:22.110565+05:30,GET,GET /jobs/{id}/,21.31,ok,
2026-10-04T22:33:22.154305+05:30,GET,GET /health/,21.46,ok,
2026-10-04T22:33:22.163782+05:30,GET,GET /jobs/stats/,21.9,ok,
2026-10-04T22:33:22.195988+05:30,POST,POST /jobs/,21.89,ok,
2026-10-04T22:33:22.201674+05:30,POST,POST /jobs/,23.54,ok,
2026-10-04T22:33:22.223532+05:30,POST,POST /jobs/,24.47,ok,
2026-10-04T22:33:22.246976+05:30,GET,GET /jobs/{id}/,21.17,ok,
2026-10-04T22:33:22.254743+05:30,GET,GET /jobs/stats/,27.71,ok,
2026-10-04T22:33:22.256689+05:30,GET,GET /health/,24.44,ok,
2026-10-04T22:33:22.257533+05:30,GET,GET /health/,23.92,ok,
2026-10-04T22:33:22.268865+05:30,POST,POST /jobs/,21.7,ok,
2026-10-04T22:33:22.302596+05:30,GET,GET /jobs/{id}/,18.39,ok,
2026-10-04T22:33:22.352617+05:30,POST,POST /jobs/,20.68,ok,
2026-10-04T22:33:22.424931+05:30,GET,GET /jobs/{id}/,17.81,ok,
2026-10-04T22:33:22.457607+05:30,POST,POST /jobs/,22.07,ok,
2026-10-04T22:33:22.490512+05:30,POST,POST /jobs/,21.58,ok,
2026-10-04T22:33:22.497863+05:30,POST,POST /jobs/,22.79,ok,
2026-10-04T22:33:22.512748+05:30,GET,GET /jobs/{id}/,23.67,ok,
2026-10-04T22:33:22.513484+05:30,GET,GET /health/,25.34,ok,
2026-10-04T22:33:22.533611+05:30,POST,POST /jobs/,29.47,ok,
2026-10-04T22:33:22.552449+05:30,POST,POST /jobs/,30.67,ok,
2026-10-04T22:33:22.552874+05:30,POST,POST /jobs/,25.91,ok,
2026-10-04T22:33:22.565317+05:30,GET,GET /jobs/{id}/,31.42,ok,
2026-10-04T22:33:22.569406+05:30,POST,POST /jobs/,36.8,ok,
2026-10-04T22:33:22.590769+05:30,GET,GET /jobs/{id}/,20.07,ok,
2026-10-04T22:33:22.625818+05:30,POST,POST /jobs/,20.73,ok,
2026-10-04T22:33:22.678047+05:30,GET,GET /jobs/stats/,21.95,ok,
2026-10-04T22:33:22.699092+05:30,POST,POST /jobs/,22.0,ok,
2026-10-04T22:33:22.706419+05:30,GET,GET /jobs/{id}/,18.75,ok,
2026-10-04T22:33:22.755728+05:30,POST,POST /jobs/,21.99,ok,
2026-10-04T22:33:22.764796+05:30,GET,GET /jobs/{id}/,19.01,ok,
2026-10-04T22:33:22.775880+05:30,GET,GET /jobs/{id}/,18.88,ok,
2026-10-04T22:33:22.779789+05:30,GET,GET /jobs/{id}/,19.72,ok,
2026-10-04T22:33:22.815304+05:30,GET,GET /jobs/stats/,26.61,ok,
2026-10-04T22:33:22.816016+05:30,POST,POST /jobs/,27.94,ok,
2026-10-04T22:33:22.818201+05:30,POST,POST /jobs/,25.48,ok,
2026-10-04T22:33:22.883390+05:30,GET,GET /jobs/{id}/,17.93,ok,
2026-10-04T22:33:22.906045+05:30,POST,POST /jobs/,21.36,ok,
2026-10-04T22:33:22.944768+05:30,POST,POST /jobs/,21.35,ok,
2026-10-04T22:33:22.972740+05:30,GET,GET /jobs/{id}/,18.65,ok,
2026-10-04T22:33:22.976606+05:30,POST,POST /jobs/,21.99,ok,
2026-10-04T22:33:23.037811+05:30,GET,GET /jobs/{id}/,17.9,ok,
2026-10-04T22:33:23.073832+05:30,POST,POST /jobs/,20.68,ok,
2026-10-04T22:33:23.123323+05:30,GET,GET /jobs/{id}/,18.16,ok,
2026-10-04T22:33:23.132879+05:30,GET,GET /health/,18.66,ok,
2026-10-04T22:33:23.261770+05:30,GET,GET /jobs/{id}/,20.53,ok,
2026-10-04T22:33:23.280824+05:30,POST,POST /jobs/,27.54,ok,
2026-10-04T22:33:23.288577+05:30,POST,POST /jobs/,27.83,ok,
2026-10-04T22:33:23.296928+05:30,POST,POST /jobs/,22.56,ok,
2026-10-04T22:33:23.326741+05:30,POST,POST /jobs/,24.52,ok,
2026-10-04T22:33:23.337212+05:30,GET,GET /jobs/{id}/,19.92,ok,
2026-10-04T22:33:23.339115+05:30,GET,GET /jobs/{id}/,20.96,ok,
2026-10-04T22:33:23.355239+05:30,POST,POST /jobs/,23.19,ok,
2026-10-04T22:33:23.401157+05:30,POST,POST /jobs/,20.51,ok,
2026-10-04T22:33:23.423352+05:30,GET,GET /health/,19.95,ok,
2026-10-04T22:33:23.477122+05:30,GET,GET /jobs/{id}/,26.39,ok,
2026-10-04T22:33:23.477777+05:30,POST,POST /jobs/,26.52,ok,
2026-10-04T22:33:23.488508+05:30,POST,POST /jobs/,27.42,ok,
2026-10-04T22:33:23.550399+05:30,GET,GET /jobs/{id}/,20.27,ok,
2026-10-04T22:33:23.552178+05:30,POST,POST /jobs/,24.17,ok,
2026-10-04T22:33:23.562453+05:30,GET,GET /jobs/{id}/,18.23,ok,
2026-10-04T22:33:23.628420+05:30,GET,GET /jobs/{id}/,22.6,ok,
2026-10-04T22:33:23.645054+05:30,GET,GET /jobs/{id}/,22.23,ok,
2026-10-04T22:33:23.652612+05:30,GET,GET /jobs/{id}/,20.91,ok,
2026-10-04T22:33:23.661004+05:30,GET,GET /jobs/{id}/,22.3,ok,
2026-10-04T22:33:23.661729+05:30,GET,GET /health/,21.04,ok,
2026-10-04T22:33:23.732316+05:30,GET,GET /jobs/{id}/,21.9,ok,
2026-10-04T22:33:23.750006+05:30,GET,GET /jobs/{id}/,18.67,ok,
2026-10-04T22:33:23.757914+05:30,POST,POST /jobs/,21.97,ok,
2026-10-04T22:33:23.808111+05:30,GET,GET /jobs/{id}/,17.9,ok,
2026-10-04T22:33:23.905406+05:30,GET,GET /jobs/stats/,23.06,ok,
2026-10-04T22:33:23.920888+05:30,GET,GET /jobs/{id}/,19.53,ok,
2026-10-04T22:33:23.921361+05:30,GET,GET /health/,25.06,ok,
2026-10-04T22:33:23.933894+05:30,POST,POST /jobs/,23.18,ok,
2026-10-04T22:33:23.959765+05:30,GET,GET /health/,19.61,ok,
2026-10-04T22:33:23.970456+05:30,GET,GET /jobs/{id}/,19.23,ok,
2026-10-04T22:33:24.007404+05:30,GET,GET /jobs/{id}/,21.64,ok,
2026-10-04T22:33:24.021212+05:30,GET,GET /jobs/stats/,24.44,ok,
2026-10-04T22:33:24.026765+05:30,POST,POST /jobs/,29.41,ok,
2026-10-04T22:33:24.030947+05:30,GET,GET /jobs/{id}/,23.35,ok,
2026-10-04T22:33:24.044631+05:30,GET,GET /jobs/{id}/,18.85,ok,
2026-10-04T22:33:24.050507+05:30,GET,GET /jobs/{id}/,19.41,ok,
2026-10-04T22:33:24.076515+05:30,GET,GET /health/,18.77,ok,
2026-10-04T22:33:24.087031+05:30,GET,GET /jobs/stats/,21.39,ok,
2026-10-04T22:33:24.146701+05:30,GET,GET /jobs/{id}/,18.03,ok,
2026-10-04T22:33:24.169479+05:30,GET,GET /jobs/{id}/,18.5,ok,
2026-10-04T22:33:24.254403+05:30,GET,GET /jobs/{id}/,17.6,ok,
2026-10-04T22:33:24.292784+05:30,GET,GET /jobs/{id}/,19.07,ok,
2026-10-04T22:33:24.311426+05:30,GET,GET /jobs/{id}/,17.38,ok,
2026-10-04T22:33:24.319876+05:30,GET,GET /jobs/stats/,21.01,ok,
2026-10-04T22:33:24.349663+05:30,GET,GET /jobs/stats/,21.53,ok,
2026-10-04T22:33:24.377437+05:30,GET,GET /health/,20.52,ok,
2026-10-04T22:33:24.386786+05:30,POST,POST /jobs/,20.87,ok,
2026-10-04T22:33:24.397560+05:30,POST,POST /jobs/,24.54,ok,
2026-10-04T22:33:24.423518+05:30,GET,GET /jobs/{id}/,34.46,ok,
2026-10-04T22:33:24.428048+05:30,GET,GET /jobs/{id}/,37.16,ok,
2026-10-04T22:33:24.436993+05:30,POST,POST /jobs/,24.09,ok,
2026-10-04T22:33:24.442887+05:30,GET,GET /jobs/{id}/,24.02,ok,
2026-10-04T22:33:24.469408+05:30,POST,POST /jobs/,20.19,ok,
2026-10-04T22:33:24.508746+05:30,GET,GET /jobs/{id}/,18.99,ok,
2026-10-04T22:33:24.583645+05:30,POST,POST /jobs/,22.56,ok,
2026-10-04T22:33:24.591587+05:30,GET,GET /jobs/{id}/,17.79,ok,
2026-10-04T22:33:24.616848+05:30,GET,GET /jobs/{id}/,17.94,ok,
2026-10-04T22:33:24.655394+05:30,POST,POST /jobs/,22.22,ok,
2026-10-04T22:33:24.656337+05:30,GET,GET /health/,19.18,ok,
2026-10-04T22:33:24.694205+05:30,GET,GET /jobs/{id}/,17.37,ok,
2026-10-04T22:33:24.770794+05:30,POST,POST /jobs/,23.27,ok,
2026-10-04T22:33:24.791263+05:30,GET,GET /jobs/{id}/,22.24,ok,
2026-10-04T22:33:24.795954+05:30,POST,POST /jobs/,26.17,ok,
2026-10-04T22:33:24.800080+05:30,POST,POST /jobs/,28.85,ok,
2026-10-04T22:33:24.802461+05:30,GET,GET /jobs/stats/,29.07,ok,
2026-10-04T22:33:24.833763+05:30,POST,POST /jobs/,23.02,ok,
2026-10-04T22:33:24.870838+05:30,POST,POST /jobs/,22.76,ok,
2026-10-04T22:33:24.881268+05:30,POST,POST /jobs/,22.99,ok,
2026-10-04T22:33:24.881976+05:30,GET,GET /jobs/stats/,26.78,ok,
2026-10-04T22:33:24.907398+05:30,GET,GET /jobs/{id}/,18.17,ok,
2026-10-04T22:33:25.016979+05:30,GET,GET /jobs/{id}/,20.44,ok,
2026-10-04T22:33:25.017478+05:30,GET,GET /jobs/stats/,24.29,ok,
2026-10-04T22:33:25.027773+05:30,GET,GET /jobs/{id}/,19.06,ok,
2026-10-04T22:33:25.052277+05:30,POST,POST /jobs/,21.26,ok,
2026-10-04T22:33:25.079930+05:30,GET,GET /health/,18.29,ok,
2026-10-04T22:33:25.100471+05:30,GET,GET /jobs/{id}/,18.35,ok,
2026-10-04T22:33:25.101265+05:30,GET,GET /health/,20.08,ok,
2026-10-04T22:33:25.125123+05:30,GET,GET /health/,17.6,ok,
2026-10-04T22:33:25.173779+05:30,POST,POST /jobs/,21.27,ok,
2026-10-04T22:33:25.218966+05:30,POST,POST /jobs/,21.86,ok,
2026-10-04T22:33:25.242934+05:30,GET,GET /health/,18.65,ok,
2026-10-04T22:33:25.281094+05:30,POST,POST /jobs/,20.82,ok,
2026-10-04T22:33:25.316260+05:30,GET,GET /jobs/stats/,20.87,ok,
2026-10-04T22:33:25.350691+05:30,GET,GET /jobs/{id}/,20.1,ok,
2026-10-04T22:33:25.354867+05:30,POST,POST /jobs/,22.26,ok,
2026-10-04T22:33:25.366915+05:30,GET,GET /jobs/{id}/,21.64,ok,
2026-10-04T22:33:25.448060+05:30,POST,POST /jobs/,25.84,ok,
2026-10-04T22:33:25.465926+05:30,POST,POST /jobs/,25.61,ok,
2026-10-04T22:33:25.469924+05:30,POST,POST /jobs/,25.97,ok,
2026-10-04T22:33:25.514596+05:30,GET,GET /health/,23.39,ok,
2026-10-04T22:33:25.525577+05:30,GET,GET /jobs/{id}/,21.14,ok,
2026-10-04T22:33:25.559111+05:30,GET,GET /jobs/{id}/,19.19,ok,
2026-10-04T22:33:25.564491+05:30,POST,POST /jobs/,22.47,ok,
2026-10-04T22:33:25.564977+05:30,GET,GET /jobs/{id}/,20.87,ok,
2026-10-04T22:33:25.592895+05:30,GET,GET /health/,20.67,ok,
2026-10-04T22:33:25.619687+05:30,GET,GET /jobs/{id}/,18.46,ok,
2026-10-04T22:33:25.623738+05:30,POST,POST /jobs/,22.02,ok,
2026-10-04T22:33:25.679834+05:30,GET,GET /jobs/{id}/,19.78,ok,
2026-10-04T22:33:25.688807+05:30,POST,POST /jobs/,24.57,ok,
2026-10-04T22:33:25.700635+05:30,GET,GET /jobs/{id}/,20.63,ok,
2026-10-04T22:33:25.713120+05:30,POST,POST /jobs/,21.01,ok,
2026-10-04T22:33:25.799073+05:30,GET,GET /health/,25.41,ok,
2026-10-04T22:33:25.806817+05:30,GET,GET /jobs/{id}/,20.89,ok,
2026-10-04T22:33:25.815005+05:30,GET,GET /jobs/{id}/,20.61,ok,
2026-10-04T22:33:25.815505+05:30,GET,GET /jobs/{id}/,26.5,ok,
2026-10-04T22:33:25.846927+05:30,GET,GET /jobs/{id}/,17.99,ok,
2026-10-04T22:33:25.869457+05:30,GET,GET /jobs/{id}/,18.51,ok,
2026-10-04T22:33:25.869916+05:30,POST,POST /jobs/,22.84,ok,
2026-10-04T22:33:25.908811+05:30,POST,POST /jobs/,21.45,ok,
2026-10-04T22:33:25.964300+05:30,GET,GET /health/,25.24,ok,
2026-10-04T22:33:25.973870+05:30,GET,GET /jobs/{id}/,21.01,ok,
2026-10-04T22:33:25.993677+05:30,POST,POST /jobs/,21.0,ok,
2026-10-04T22:33:26.011990+05:30,GET,GET /jobs/{id}/,19.49,ok,
2026-10-04T22:33:26.048039+05:30,GET,GET /jobs/{id}/,18.73,ok,
2026-10-04T22:33:26.055815+05:30,POST,POST /jobs/,20.47,ok,
2026-10-04T22:33:26.116290+05:30,GET,GET /jobs/{id}/,20.15,ok,
2026-10-04T22:33:26.116811+05:30,GET,GET /jobs/{id}/,20.05,ok,
2026-10-04T22:33:26.142975+05:30,GET,GET /jobs/stats/,22.97,ok,
2026-10-04T22:33:26.147184+05:30,POST,POST /jobs/,24.18,ok,
2026-10-04T22:33:26.173374+05:30,POST,POST /jobs/,23.94,ok,
2026-10-04T22:33:26.179591+05:30,GET,GET /jobs/{id}/,21.21,ok,
2026-10-04T22:33:26.184887+05:30,GET,GET /health/,21.6,ok,
2026-10-04T22:33:26.218249+05:30,GET,GET /jobs/stats/,26.06,ok,
2026-10-04T22:33:26.224610+05:30,GET,GET /health/,21.2,ok,
2026-10-04T22:33:26.261258+05:30,GET,GET /jobs/{id}/,21.14,ok,
2026-10-04T22:33:26.279995+05:30,POST,POST /jobs/,41.0,ok,
2026-10-04T22:33:26.303642+05:30,GET,GET /jobs/{id}/,19.35,ok,
2026-10-04T22:33:26.318046+05:30,POST,POST /jobs/,24.52,ok,
2026-10-04T22:33:26.318535+05:30,POST,POST /jobs/,27.25,ok,
2026-10-04T22:33:26.342686+05:30,GET,GET /jobs/{id}/,19.92,ok,
2026-10-04T22:33:26.367744+05:30,GET,GET /jobs/{id}/,40.07,ok,
2026-10-04T22:33:26.372171+05:30,POST,POST /jobs/,42.45,ok,
2026-10-04T22:33:26.373468+05:30,GET,GET /health/,38.59,ok,
2026-10-04T22:33:26.433569+05:30,GET,GET /jobs/stats/,26.45,ok,
2026-10-04T22:33:26.449490+05:30,GET,GET /jobs/stats/,21.23,ok,
2026-10-04T22:33:26.489380+05:30,GET,GET /jobs/{id}/,18.56,ok,
2026-10-04T22:33:26.530888+05:30,POST,POST /jobs/,21.2,ok,
2026-10-04T22:33:26.614854+05:30,GET,GET /jobs/{id}/,17.66,ok,
2026-10-04T22:33:26.642420+05:30,GET,GET /jobs/stats/,20.34,ok,
2026-10-04T22:33:26.664001+05:30,POST,POST /jobs/,20.33,ok,
2026-10-04T22:33:26.688334+05:30,POST,POST /jobs/,21.05,ok,
2026-10-04T22:33:26.740740+05:30,GET,GET /health/,22.06,ok,
2026-10-04T22:33:26.762025+05:30,GET,GET /jobs/{id}/,19.0,ok,
2026-10-04T22:33:26.799920+05:30,GET,GET /jobs/{id}/,22.92,ok,
2026-10-04T22:33:26.800473+05:30,POST,POST /jobs/,24.14,ok,
2026-10-04T22:33:26.858120+05:30,GET,GET /jobs/{id}/,18.36,ok,
2026-10-04T22:33:26.864675+05:30,GET,GET /jobs/{id}/,18.8,ok,
2026-10-04T22:33:26.882408+05:30,GET,GET /jobs/{id}/,19.0,ok,
2026-10-04T22:33:26.906471+05:30,GET,GET /jobs/{id}/,17.78,ok,
2026-10-04T22:33:26.997377+05:30,GET,GET /jobs/stats/,23.6,ok,
2026-10-04T22:33:26.999550+05:30,GET,GET /jobs/{id}/,17.9,ok,
2026-10-04T22:33:27.002794+05:30,GET,GET /jobs/stats/,24.06,ok,
2026-10-04T22:33:27.036758+05:30,POST,POST /jobs/,24.6,ok,
2026-10-04T22:33:27.048786+05:30,GET,GET /jobs/stats/,31.52,ok,
2026-10-04T22:33:27.051196+05:30,GET,GET /jobs/{id}/,21.86,ok,
2026-10-04T22:33:27.080278+05:30,GET,GET /jobs/{id}/,17.78,ok,
2026-10-04T22:33:27.110188+05:30,GET,GET /jobs/stats/,22.54,ok,
2026-10-04T22:33:27.140931+05:30,GET,GET /jobs/{id}/,18.41,ok,
2026-10-04T22:33:27.150531+05:30,GET,GET /jobs/{id}/,20.23,ok,
2026-10-04T22:33:27.150924+05:30,GET,GET /jobs/stats/,25.48,ok,
2026-10-04T22:33:27.191710+05:30,GET,GET /jobs/{id}/,20.39,ok,
2026-10-04T22:33:27.201496+05:30,GET,GET /jobs/{id}/,19.11,ok,
2026-10-04T22:33:27.218030+05:30,POST,POST /jobs/,22.04,ok,
2026-10-04T22:33:27.240785+05:30,GET,GET /health/,18.51,ok,
2026-10-04T22:33:27.287904+05:30,GET,GET /jobs/stats/,20.56,ok,
2026-10-04T22:33:27.312503+05:30,POST,POST /jobs/,22.32,ok,
2026-10-04T22:33:27.376655+05:30,POST,POST /jobs/,26.53,ok,
2026-10-04T22:33:27.377089+05:30,POST,POST /jobs/,22.95,ok,
2026-10-04T22:33:27.391053+05:30,POST,POST /jobs/,23.86,ok,
2026-10-04T22:33:27.394612+05:30,GET,GET /jobs/{id}/,18.8,ok,
2026-10-04T22:33:27.481438+05:30,POST,POST /jobs/,24.52,ok,
2026-10-04T22:33:27.482010+05:30,GET,GET /health/,22.17,ok,
2026-10-04T22:33:27.494914+05:30,GET,GET /jobs/{id}/,20.98,ok,
2026-10-04T22:33:27.549730+05:30,GET,GET /jobs/stats/,21.38,ok,
2026-10-04T22:33:27.556719+05:30,POST,POST /jobs/,20.33,ok,
2026-10-04T22:33:27.577532+05:30,POST,POST /jobs/,20.63,ok,
2026-10-04T22:33:27.603435+05:30,GET,GET /jobs/{id}/,17.61,ok,
2026-10-04T22:33:27.635186+05:30,GET,GET /jobs/stats/,21.5,ok,
2026-10-04T22:33:27.662014+05:30,GET,GET /health/,19.52,ok,
2026-10-04T22:33:27.663891+05:30,GET,GET /health/,18.44,ok,
2026-10-04T22:33:27.673847+05:30,POST,POST /jobs/,23.38,ok,
2026-10-04T22:33:27.728900+05:30,GET,GET /jobs/stats/,20.61,ok,
2026-10-04T22:33:27.799182+05:30,GET,GET /jobs/stats/,22.81,ok,
2026-10-04T22:33:27.806566+05:30,GET,GET /jobs/{id}/,19.17,ok,
2026-10-04T22:33:27.814037+05:30,POST,POST /jobs/,21.66,ok,
2026-10-04T22:33:27.838444+05:30,GET,GET /jobs/{id}/,19.1,ok,
2026-10-04T22:33:27.875119+05:30,POST,POST /jobs/,22.32,ok,
2026-10-04T22:33:27.882272+05:30,GET,GET /jobs/{id}/,18.41,ok,
2026-10-04T22:33:27.893769+05:30,GET,GET /health/,22.79,ok,
2026-10-04T22:33:27.916736+05:30,GET,GET /jobs/{id}/,19.42,ok,
2026-10-04T22:33:27.917184+05:30,GET,GET /jobs/stats/,24.5,ok,
2026-10-04T22:33:27.928160+05:30,GET,GET /health/,19.1,ok,
2026-10-04T22:33:27.960799+05:30,POST,POST /jobs/,20.25,ok,
2026-10-04T22:33:27.976773+05:30,POST,POST /jobs/,23.2,ok,
2026-10-04T22:33:28.000600+05:30,GET,GET /health/,18.58,ok,
2026-10-04T22:33:28.021685+05:30,POST,POST /jobs/,26.69,ok,
2026-10-04T22:33:28.033644+05:30,GET,GET /health/,21.75,ok,
2026-10-04T22:33:28.061117+05:30,GET,GET /jobs/{id}/,18.0,ok,
2026-10-04T22:33:28.088612+05:30,POST,POST /jobs/,21.17,ok,
2026-10-04T22:33:28.094300+05:30,POST,POST /jobs/,21.8,ok,
2026-10-04T22:33:28.149317+05:30,POST,POST /jobs/,27.71,ok,
2026-10-04T22:33:28.149813+05:30,POST,POST /jobs/,26.19,ok,
2026-10-04T22:33:28.160891+05:30,GET,GET /jobs/stats/,28.11,ok,
2026-10-04T22:33:28.209537+05:30,POST,POST /jobs/,21.07,ok,
2026-10-04T22:33:28.238546+05:30,GET,GET /jobs/stats/,30.95,ok,
2026-10-04T22:33:28.248566+05:30,GET,GET /jobs/stats/,29.78,ok,
2026-10-04T22:33:28.251017+05:30,GET,GET /jobs/{id}/,22.1,ok,
2026-10-04T22:33:28.252431+05:30,GET,GET /jobs/stats/,36.59,ok,
2026-10-04T22:33:28.260555+05:30,GET,GET /jobs/stats/,31.14,ok,
2026-10-04T22:33:28.270986+05:30,GET,GET /jobs/stats/,29.16,ok,
2026-10-04T22:33:28.314935+05:30,GET,GET /jobs/{id}/,18.63,ok,
2026-10-04T22:33:28.380961+05:30,GET,GET /jobs/{id}/,17.44,ok,
2026-10-04T22:33:28.423090+05:30,GET,GET /health/,20.85,ok,
2026-10-04T22:33:28.443190+05:30,POST,POST /jobs/,30.96,ok,
2026-10-04T22:33:28.447888+05:30,GET,GET /jobs/{id}/,23.54,ok,
2026-10-04T22:33:28.458024+05:30,POST,POST /jobs/,27.14,ok,
2026-10-04T22:33:28.461048+05:30,GET,GET /jobs/{id}/,26.03,ok,
2026-10-04T22:33:28.467994+05:30,GET,GET /jobs/stats/,31.92,ok,
2026-10-04T22:33:28.482646+05:30,GET,GET /jobs/{id}/,18.35,ok,
2026-10-04T22:33:28.538292+05:30,GET,GET /jobs/{id}/,19.17,ok,
2026-10-04T22:33:28.578061+05:30,GET,GET /jobs/{id}/,18.37,ok,
2026-10-04T22:33:28.605670+05:30,POST,POST /jobs/,27.39,ok,
2026-10-04T22:33:28.613444+05:30,GET,GET /jobs/{id}/,23.47,ok,
2026-10-04T22:33:28.615864+05:30,POST,POST /jobs/,28.44,ok,
2026-10-04T22:33:28.633242+05:30,GET,GET /jobs/{id}/,18.4,ok,
2026-10-04T22:33:28.666203+05:30,POST,POST /jobs/,46.79,ok,
2026-10-04T22:33:28.687644+05:30,POST,POST /jobs/,26.35,ok,
2026-10-04T22:33:28.694813+05:30,POST,POST /jobs/,61.38,ok,
2026-10-04T22:33:28.714289+05:30,GET,GET /jobs/{id}/,18.22,ok,
2026-10-04T22:33:28.718434+05:30,POST,POST /jobs/,20.46,ok,
2026-10-04T22:33:28.775819+05:30,GET,GET /jobs/{id}/,17.94,ok,
2026-10-04T22:33:28.803558+05:30,GET,GET /jobs/{id}/,19.43,ok,
2026-10-04T22:33:28.890404+05:30,GET,GET /health/,31.61,ok,
2026-10-04T22:33:28.893682+05:30,POST,POST /jobs/,32.25,ok,
2026-10-04T22:33:28.900550+05:30,POST,POST /jobs/,35.16,ok,
2026-10-04T22:33:28.928213+05:30,GET,GET /jobs/stats/,23.32,ok,
2026-10-04T22:33:28.963616+05:30,POST,POST /jobs/,23.05,ok,
2026-10-04T22:33:29.017899+05:30,GET,GET /jobs/stats/,23.97,ok,
2026-10-04T22:33:29.047103+05:30,POST,POST /jobs/,28.89,ok,
2026-10-04T22:33:29.074283+05:30,POST,POST /jobs/,20.86,ok,
2026-10-04T22:33:29.108977+05:30,GET,GET /jobs/{id}/,18.39,ok,
2026-10-04T22:33:29.153020+05:30,GET,GET /jobs/{id}/,18.71,ok,
2026-10-04T22:33:29.174699+05:30,POST,POST /jobs/,20.4,ok,
2026-10-04T22:33:29.226856+05:30,POST,POST /jobs/,20.85,ok,
2026-10-04T22:33:29.234920+05:30,GET,GET /jobs/{id}/,21.87,ok,
2026-10-04T22:33:29.266822+05:30,POST,POST /jobs/,20.6,ok,
2026-10-04T22:33:29.305442+05:30,POST,POST /jobs/,25.32,ok,
2026-10-04T22:33:29.313159+05:30,GET,GET /jobs/stats/,22.92,ok,
2026-10-04T22:33:29.332960+05:30,POST,POST /jobs/,26.21,ok,
2026-10-04T22:33:29.352558+05:30,POST,POST /jobs/,31.12,ok,
2026-10-04T22:33:29.353040+05:30,GET,GET /jobs/{id}/,29.34,ok,
2026-10-04T22:33:29.393594+05:30,GET,GET /jobs/{id}/,17.26,ok,
2026-10-04T22:33:29.440400+05:30,POST,POST /jobs/,20.48,ok,
2026-10-04T22:33:29.461716+05:30,GET,GET /health/,20.09,ok,
2026-10-04T22:33:29.465957+05:30,GET,GET /jobs/{id}/,18.49,ok,
2026-10-04T22:33:29.475520+05:30,POST,POST /jobs/,22.93,ok,
2026-10-04T22:33:29.492530+05:30,GET,GET /jobs/{id}/,18.26,ok,
2026-10-04T22:33:29.556281+05:30,POST,POST /jobs/,22.3,ok,
2026-10-04T22:33:29.557337+05:30,GET,GET /jobs/{id}/,19.37,ok,
2026-10-04T22:33:29.574412+05:30,GET,GET /jobs/{id}/,17.86,ok,
2026-10-04T22:33:29.624734+05:30,GET,GET /jobs/{id}/,18.02,ok,
2026-10-04T22:33:29.710431+05:30,GET,GET /jobs/{id}/,18.17,ok,
2026-10-04T22:33:29.749567+05:30,GET,GET /jobs/{id}/,18.84,ok,
2026-10-04T22:33:29.753600+05:30,POST,POST /jobs/,20.67,ok,
2026-10-04T22:33:29.787893+05:30,POST,POST /jobs/,21.99,ok,
2026-10-04T22:33:29.852117+05:30,POST,POST /jobs/,26.74,ok,
2026-10-04T22:33:29.855383+05:30,GET,GET /jobs/stats/,35.21,ok,
2026-10-04T22:33:29.857074+05:30,GET,GET /jobs/{id}/,28.67,ok,
2026-10-04T22:33:29.864038+05:30,GET,GET /jobs/{id}/,28.77,ok,
2026-10-04T22:33:29.874090+05:30,GET,GET /jobs/{id}/,23.29,ok,
2026-10-04T22:33:29.916613+05:30,POST,POST /jobs/,25.9,ok,
2026-10-04T22:33:29.934536+05:30,GET,GET /jobs/stats/,23.81,ok,
2026-10-04T22:33:29.938919+05:30,GET,GET /jobs/{id}/,20.06,ok,
2026-10-04T22:33:29.946399+05:30,GET,GET /jobs/{id}/,18.65,ok,
2026-10-04T22:33:29.972221+05:30,GET,GET /jobs/{id}/,18.54,ok,
2026-10-04T22:33:29.979913+05:30,GET,GET /jobs/stats/,22.3,ok,
2026-10-04T22:33:30.039780+05:30,POST,POST /jobs/,23.25,ok,
2026-10-04T22:33:30.045920+05:30,GET,GET /jobs/stats/,27.39,ok,
2026-10-04T22:33:30.055826+05:30,GET,GET /jobs/{id}/,23.18,ok,
2026-10-04T22:33:30.097828+05:30,GET,GET /jobs/{id}/,21.52,ok,
2026-10-04T22:33:30.109567+05:30,GET,GET /jobs/{id}/,24.58,ok,
2026-10-04T22:33:30.111488+05:30,GET,GET /jobs/stats/,27.16,ok,
2026-10-04T22:33:30.133766+05:30,GET,GET /jobs/stats/,23.44,ok,
2026-10-04T22:33:30.174497+05:30,GET,GET /health/,18.44,ok,
2026-10-04T22:33:30.218964+05:30,GET,GET /jobs/{id}/,24.09,ok,
2026-10-04T22:33:30.234580+05:30,GET,GET /jobs/{id}/,23.41,ok,
2026-10-04T22:33:30.235187+05:30,POST,POST /jobs/,27.27,ok,
2026-10-04T22:33:30.244357+05:30,POST,POST /jobs/,24.11,ok,
2026-10-04T22:33:30.268122+05:30,POST,POST /jobs/,23.47,ok,
2026-10-04T22:33:30.273970+05:30,GET,GET /health/,20.04,ok,
2026-10-04T22:33:30.299669+05:30,GET,GET /jobs/stats/,24.49,ok,
2026-10-04T22:33:30.317824+05:30,GET,GET /health/,21.92,ok,
2026-10-04T22:33:30.318278+05:30,POST,POST /jobs/,24.19,ok,
2026-10-04T22:33:30.390435+05:30,POST,POST /jobs/,22.87,ok,
2026-10-04T22:33:30.395356+05:30,POST,POST /jobs/,27.16,ok,
2026-10-04T22:33:30.430058+05:30,GET,GET /jobs/{id}/,18.38,ok,
2026-10-04T22:33:30.464480+05:30,GET,GET /jobs/{id}/,18.05,ok,
2026-10-04T22:33:30.523472+05:30,GET,GET /jobs/{id}/,19.66,ok,
2026-10-04T22:33:30.570907+05:30,POST,POST /jobs/,21.08,ok,
2026-10-04T22:33:30.621875+05:30,POST,POST /jobs/,20.62,ok,
2026-10-04T22:33:30.656638+05:30,POST,POST /jobs/,21.42,ok,
2026-10-04T22:33:30.689441+05:30,GET,GET /health/,20.51,ok,
2026-10-04T22:33:30.723476+05:30,GET,GET /health/,17.77,ok,
2026-10-04T22:33:30.759174+05:30,GET,GET /jobs/{id}/,22.4,ok,
2026-10-04T22:33:30.766845+05:30,GET,GET /jobs/{id}/,18.01,ok,
2026-10-04T22:33:30.777129+05:30,POST,POST /jobs/,23.24,ok,
2026-10-04T22:33:30.791508+05:30,POST,POST /jobs/,21.41,ok,
2026-10-04T22:33:30.851632+05:30,POST,POST /jobs/,22.63,ok,
2026-10-04T22:33:30.867782+05:30,GET,GET /jobs/stats/,24.21,ok,
2026-10-04T22:33:30.910858+05:30,POST,POST /jobs/,28.71,ok,
2026-10-04T22:33:30.914180+05:30,POST,POST /jobs/,29.02,ok,
2026-10-04T22:33:30.932568+05:30,GET,GET /jobs/{id}/,30.26,ok,
2026-10-04T22:33:30.962917+05:30,GET,GET /jobs/{id}/,20.96,ok,
2026-10-04T22:33:31.005953+05:30,GET,GET /health/,28.08,ok,
2026-10-04T22:33:31.010324+05:30,POST,POST /jobs/,32.93,ok,
2026-10-04T22:33:31.021325+05:30,GET,GET /jobs/{id}/,25.15,ok,
2026-10-04T22:33:31.038118+05:30,GET,GET /jobs/stats/,23.34,ok,
2026-10-04T22:33:31.079367+05:30,POST,POST /jobs/,20.92,ok,
2026-10-04T22:33:31.110042+05:30,POST,POST /jobs/,23.38,ok,
2026-10-04T22:33:31.124581+05:30,GET,GET /health/,20.91,ok,
2026-10-04T22:33:31.144580+05:30,POST,POST /jobs/,21.21,ok,
2026-10-04T22:33:31.156626+05:30,POST,POST /jobs/,21.44,ok,
2026-10-04T22:33:31.232604+05:30,POST,POST /jobs/,22.64,ok,
2026-10-04T22:33:31.280909+05:30,GET,GET /jobs/{id}/,18.94,ok,
2026-10-04T22:33:31.302998+05:30,GET,GET /jobs/{id}/,23.76,ok,
2026-10-04T22:33:31.374283+05:30,GET,GET /jobs/{id}/,18.91,ok,
2026-10-04T22:33:31.391073+05:30,POST,POST /jobs/,24.65,ok,
2026-10-04T22:33:31.404554+05:30,POST,POST /jobs/,23.95,ok,
2026-10-04T22:33:31.415095+05:30,GET,GET /jobs/{id}/,25.15,ok,
2026-10-04T22:33:31.421527+05:30,POST,POST /jobs/,33.85,ok,
2026-10-04T22:33:31.442473+05:30,GET,GET /jobs/stats/,27.22,ok,
2026-10-04T22:33:31.461273+05:30,GET,GET /health/,40.87,ok,
2026-10-04T22:33:31.461825+05:30,GET,GET /jobs/{id}/,42.08,ok,
2026-10-04T22:33:31.470444+05:30,GET,GET /jobs/{id}/,29.15,ok,
2026-10-04T22:33:31.471044+05:30,GET,GET /jobs/{id}/,43.68,ok,
2026-10-04T22:33:31.471193+05:30,GET,GET /health/,28.32,ok,
2026-10-04T22:33:31.473842+05:30,POST,POST /jobs/,39.63,ok,
2026-10-04T22:33:31.525938+05:30,POST,POST /jobs/,22.62,ok,
2026-10-04T22:33:31.530851+05:30,GET,GET /health/,22.54,ok,
2026-10-04T22:33:31.567652+05:30,POST,POST /jobs/,21.51,ok,
2026-10-04T22:33:31.619057+05:30,POST,POST /jobs/,22.1,ok,
2026-10-04T22:33:31.631805+05:30,GET,GET /jobs/{id}/,22.69,ok,
2026-10-04T22:33:31.633862+05:30,POST,POST /jobs/,30.72,ok,
2026-10-04T22:33:31.648882+05:30,POST,POST /jobs/,29.64,ok,
2026-10-04T22:33:31.665006+05:30,POST,POST /jobs/,23.83,ok,
2026-10-04T22:33:31.709411+05:30,POST,POST /jobs/,44.2,ok,
2026-10-04T22:33:31.716552+05:30,GET,GET /jobs/stats/,35.36,ok,
2026-10-04T22:33:31.737390+05:30,GET,GET /jobs/stats/,22.01,ok,
2026-10-04T22:33:31.766006+05:30,GET,GET /jobs/{id}/,18.32,ok,
2026-10-04T22:33:31.821901+05:30,POST,POST /jobs/,21.4,ok,
2026-10-04T22:33:31.838512+05:30,GET,GET /jobs/{id}/,17.9,ok,
2026-10-04T22:33:31.911194+05:30,GET,GET /jobs/{id}/,17.95,ok,
2026-10-04T22:33:31.932197+05:30,POST,POST /jobs/,20.84,ok,
2026-10-04T22:33:31.987898+05:30,GET,GET /jobs/{id}/,20.17,ok,
2026-10-04T22:33:32.014920+05:30,GET,GET /jobs/{id}/,22.7,ok,
2026-10-04T22:33:32.154864+05:30,POST,POST /jobs/,21.5,ok,
2026-10-04T22:33:32.197772+05:30,GET,GET /jobs/stats/,22.56,ok,
2026-10-04T22:33:32.204254+05:30,GET,GET /jobs/{id}/,20.84,ok,
2026-10-04T22:33:32.210412+05:30,GET,GET /jobs/{id}/,21.05,ok,
2026-10-04T22:33:32.215554+05:30,GET,GET /health/,25.63,ok,
2026-10-04T22:33:32.221575+05:30,GET,GET /jobs/{id}/,21.51,ok,
2026-10-04T22:33:32.233636+05:30,GET,GET /health/,20.98,ok,
2026-10-04T22:33:32.238932+05:30,GET,GET /jobs/{id}/,22.14,ok,
2026-10-04T22:33:32.263232+05:30,POST,POST /jobs/,31.35,ok,
2026-10-04T22:33:32.303777+05:30,GET,GET /jobs/{id}/,19.18,ok,
2026-10-04T22:33:32.321702+05:30,POST,POST /jobs/,23.39,ok,
2026-10-04T22:33:32.351084+05:30,GET,GET /jobs/{id}/,20.89,ok,
2026-10-04T22:33:32.351596+05:30,GET,GET /jobs/{id}/,19.31,ok,
2026-10-04T22:33:32.398438+05:30,GET,GET /jobs/{id}/,18.56,ok,
2026-10-04T22:33:32.441003+05:30,GET,GET /health/,22.3,ok,
2026-10-04T22:33:32.446037+05:30,GET,GET /jobs/{id}/,22.32,ok,
2026-10-04T22:33:32.461067+05:30,GET,GET /jobs/stats/,28.22,ok,
2026-10-04T22:33:32.463039+05:30,POST,POST /jobs/,29.45,ok,
2026-10-04T22:33:32.519471+05:30,GET,GET /health/,18.16,ok,
2026-10-04T22:33:32.539589+05:30,GET,GET /health/,17.87,ok,
2026-10-04T22:33:32.555481+05:30,POST,POST /jobs/,20.78,ok,
2026-10-04T22:33:32.604176+05:30,POST,POST /jobs/,20.39,ok,
2026-10-04T22:33:32.611817+05:30,POST,POST /jobs/,21.82,ok,
2026-10-04T22:33:32.653687+05:30,GET,GET /jobs/{id}/,19.53,ok,
2026-10-04T22:33:32.659590+05:30,GET,GET /jobs/{id}/,18.27,ok,
2026-10-04T22:33:32.666580+05:30,GET,GET /jobs/{id}/,18.34,ok,
2026-10-04T22:33:32.690024+05:30,GET,GET /jobs/{id}/,19.15,ok,
2026-10-04T22:33:32.697043+05:30,GET,GET /jobs/{id}/,19.21,ok,
2026-10-04T22:33:32.709448+05:30,GET,GET /jobs/{id}/,19.23,ok,
2026-10-04T22:33:32.726225+05:30,GET,GET /jobs/{id}/,17.85,ok,
2026-10-04T22:33:32.803297+05:30,GET,GET /jobs/{id}/,19.63,ok,
2026-10-04T22:33:32.803800+05:30,POST,POST /jobs/,23.21,ok,
2026-10-04T22:33:32.894844+05:30,GET,GET /jobs/{id}/,17.56,ok,
2026-10-04T22:33:32.924337+05:30,GET,GET /jobs/stats/,21.22,ok,
2026-10-04T22:33:32.950995+05:30,POST,POST /jobs/,21.26,ok,
2026-10-04T22:33:32.986652+05:30,GET,GET /jobs/{id}/,18.3,ok,
2026-10-04T22:33:33.021586+05:30,POST,POST /jobs/,24.6,ok,
2026-10-04T22:33:33.024892+05:30,GET,GET /jobs/{id}/,24.23,ok,
2026-10-04T22:33:33.031231+05:30,GET,GET /jobs/stats/,33.74,ok,
2026-10-04T22:33:33.033515+05:30,POST,POST /jobs/,27.61,ok,
2026-10-04T22:33:33.045996+05:30,GET,GET /jobs/{id}/,19.86,ok,
2026-10-04T22:33:33.076090+05:30,POST,POST /jobs/,19.81,ok,
2026-10-04T22:33:33.110811+05:30,GET,GET /jobs/{id}/,19.37,ok,
2026-10-04T22:33:33.183635+05:30,GET,GET /jobs/stats/,23.53,ok,
2026-10-04T22:33:33.184151+05:30,GET,GET /jobs/{id}/,20.88,ok,
2026-10-04T22:33:33.193721+05:30,GET,GET /jobs/{id}/,18.19,ok,
2026-10-04T22:33:33.266533+05:30,GET,GET /jobs/{id}/,22.31,ok,
2026-10-04T22:33:33.276339+05:30,GET,GET /jobs/{id}/,20.03,ok,
2026-10-04T22:33:33.309010+05:30,GET,GET /health/,22.2,ok,
2026-10-04T22:33:33.309504+05:30,POST,POST /jobs/,25.81,ok,
2026-10-04T22:33:33.338995+05:30,GET,GET /jobs/{id}/,25.26,ok,
2026-10-04T22:33:33.344280+05:30,GET,GET /jobs/{id}/,20.48,ok,
2026-10-04T22:33:33.346292+05:30,POST,POST /jobs/,25.64,ok,
2026-10-04T22:33:33.351807+05:30,GET,GET /jobs/stats/,27.59,ok,
2026-10-04T22:33:33.357612+05:30,GET,GET /jobs/stats/,28.18,ok,
2026-10-04T22:33:33.393136+05:30,GET,GET /jobs/{id}/,18.19,ok,
2026-10-04T22:33:33.509220+05:30,GET,GET /health/,18.38,ok,
2026-10-04T22:33:33.542941+05:30,POST,POST /jobs/,22.4,ok,
2026-10-04T22:33:33.543440+05:30,GET,GET /jobs/stats/,25.89,ok,
2026-10-04T22:33:33.559355+05:30,POST,POST /jobs/,23.58,ok,
2026-10-04T22:33:33.569703+05:30,GET,GET /jobs/stats/,22.94,ok,
2026-10-04T22:33:33.585791+05:30,POST,POST /jobs/,23.14,ok,
2026-10-04T22:33:33.598767+05:30,POST,POST /jobs/,24.8,ok,
2026-10-04T22:33:33.609946+05:30,POST,POST /jobs/,25.57,ok,
2026-10-04T22:33:33.618207+05:30,GET,GET /jobs/{id}/,20.66,ok,
2026-10-04T22:33:33.626479+05:30,GET,GET /jobs/{id}/,20.15,ok,
2026-10-04T22:33:33.638460+05:30,GET,GET /jobs/{id}/,16.98,ok,
2026-10-04T22:33:33.715056+05:30,GET,GET /jobs/{id}/,17.88,ok,
2026-10-04T22:33:33.761379+05:30,POST,POST /jobs/,20.98,ok,
2026-10-04T22:33:33.840658+05:30,GET,GET /health/,17.97,ok,
2026-10-04T22:33:33.857401+05:30,POST,POST /jobs/,20.66,ok,
2026-10-04T22:33:33.900281+05:30,POST,POST /jobs/,20.58,ok,
2026-10-04T22:33:33.950057+05:30,GET,GET /jobs/{id}/,18.4,ok,
2026-10-04T22:33:33.983366+05:30,GET,GET /jobs/{id}/,17.96,ok,
2026-10-04T22:33:34.008540+05:30,GET,GET /jobs/{id}/,18.88,ok,
2026-10-04T22:33:34.018995+05:30,GET,GET /jobs/{id}/,18.34,ok,
2026-10-04T22:33:34.044808+05:30,GET,GET /jobs/{id}/,21.52,ok,
2026-10-04T22:33:34.050562+05:30,GET,GET /jobs/{id}/,21.28,ok,
2026-10-04T22:33:34.093845+05:30,GET,GET /jobs/{id}/,18.91,ok,
2026-10-04T22:33:34.100993+05:30,POST,POST /jobs/,23.97,ok,
2026-10-04T22:33:34.117505+05:30,GET,GET /jobs/{id}/,25.01,ok,
2026-10-04T22:33:34.166906+05:30,GET,GET /jobs/stats/,24.11,ok,
2026-10-04T22:33:34.170430+05:30,GET,GET /health/,18.69,ok,
2026-10-04T22:33:34.202175+05:30,GET,GET /jobs/stats/,21.47,ok,
2026-10-04T22:33:34.230610+05:30,GET,GET /jobs/{id}/,20.13,ok,
2026-10-04T22:33:34.242046+05:30,GET,GET /jobs/stats/,22.07,ok,
2026-10-04T22:33:34.274891+05:30,POST,POST /jobs/,22.53,ok,
2026-10-04T22:33:34.301297+05:30,POST,POST /jobs/,27.66,ok,
2026-10-04T22:33:34.301876+05:30,GET,GET /jobs/{id}/,22.77,ok,
2026-10-04T22:33:34.323485+05:30,GET,GET /jobs/{id}/,23.91,ok,
2026-10-04T22:33:34.345715+05:30,POST,POST /jobs/,23.4,ok,
2026-10-04T22:33:34.353184+05:30,GET,GET /jobs/{id}/,21.03,ok,
2026-10-04T22:33:34.353812+05:30,GET,GET /health/,19.72,ok,
2026-10-04T22:33:34.374448+05:30,GET,GET /jobs/{id}/,17.41,ok,
2026-10-04T22:33:34.398553+05:30,POST,POST /jobs/,20.84,ok,
2026-10-04T22:33:34.437581+05:30,GET,GET /jobs/{id}/,20.74,ok,
2026-10-04T22:33:34.449171+05:30,GET,GET /jobs/{id}/,21.3,ok,
2026-10-04T22:33:34.453103+05:30,GET,GET /jobs/{id}/,21.01,ok,
2026-10-04T22:33:34.460776+05:30,POST,POST /jobs/,21.96,ok,
2026-10-04T22:33:34.486048+05:30,POST,POST /jobs/,22.0,ok,
2026-10-04T22:33:34.491797+05:30,GET,GET /jobs/{id}/,21.63,ok,
2026-10-04T22:33:34.535594+05:30,POST,POST /jobs/,20.47,ok,
2026-10-04T22:33:34.571867+05:30,POST,POST /jobs/,20.96,ok,
2026-10-04T22:33:34.598106+05:30,GET,GET /jobs/{id}/,18.48,ok,
2026-10-04T22:33:34.650891+05:30,GET,GET /jobs/stats/,21.47,ok,
2026-10-04T22:33:34.680818+05:30,GET,GET /jobs/{id}/,20.61,ok,
2026-10-04T22:33:34.686963+05:30,GET,GET /jobs/{id}/,20.64,ok,
2026-10-04T22:33:34.696075+05:30,GET,GET /jobs/{id}/,20.73,ok,
2026-10-04T22:33:34.749885+05:30,POST,POST /jobs/,28.45,ok,
2026-10-04T22:33:34.761604+05:30,POST,POST /jobs/,32.79,ok,
2026-10-04T22:33:34.772243+05:30,GET,GET /jobs/stats/,33.09,ok,
2026-10-04T22:33:34.805123+05:30,GET,GET /jobs/{id}/,19.56,ok,
2026-10-04T22:33:34.811646+05:30,GET,GET /jobs/{id}/,22.09,ok,
2026-10-04T22:33:34.817614+05:30,GET,GET /jobs/{id}/,20.04,ok,
2026-10-04T22:33:34.829442+05:30,POST,POST /jobs/,23.08,ok,
2026-10-04T22:33:34.857021+05:30,GET,GET /jobs/stats/,23.3,ok,
2026-10-04T22:33:34.865451+05:30,GET,GET /jobs/{id}/,18.77,ok,
2026-10-04T22:33:34.874606+05:30,GET,GET /health/,18.82,ok,
2026-10-04T22:33:34.893760+05:30,GET,GET /health/,17.9,ok,
2026-10-04T22:33:34.924857+05:30,GET,GET /jobs/{id}/,17.74,ok,
2026-10-04T22:33:34.946038+05:30,GET,GET /jobs/{id}/,18.87,ok,
2026-10-04T22:33:34.989628+05:30,POST,POST /jobs/,22.29,ok,
2026-10-04T22:33:35.008531+05:30,GET,GET /health/,25.13,ok,
2026-10-04T22:33:35.012045+05:30,GET,GET /jobs/{id}/,23.8,ok,
2026-10-04T22:33:35.027213+05:30,GET,GET /jobs/{id}/,20.07,ok,
2026-10-04T22:33:35.094861+05:30,GET,GET /jobs/{id}/,18.29,ok,
2026-10-04T22:33:35.119603+05:30,GET,GET /health/,19.48,ok,
2026-10-04T22:33:35.127153+05:30,POST,POST /jobs/,24.07,ok,
2026-10-04T22:33:35.150565+05:30,GET,GET /health/,17.86,ok,
2026-10-04T22:33:35.151699+05:30,GET,GET /jobs/stats/,25.82,ok,
2026-10-04T22:33:35.182068+05:30,GET,GET /jobs/{id}/,23.06,ok,
2026-10-04T22:33:35.190292+05:30,GET,GET /jobs/{id}/,21.25,ok,
2026-10-04T22:33:35.194673+05:30,POST,POST /jobs/,25.08,ok,
2026-10-04T22:33:35.196783+05:30,POST,POST /jobs/,26.87,ok,
2026-10-04T22:33:35.270211+05:30,POST,POST /jobs/,23.97,ok,
2026-10-04T22:33:35.274321+05:30,POST,POST /jobs/,25.04,ok,
2026-10-04T22:33:35.282185+05:30,GET,GET /jobs/{id}/,21.88,ok,
2026-10-04T22:33:35.306387+05:30,POST,POST /jobs/,23.99,ok,
2026-10-04T22:33:35.344581+05:30,GET,GET /jobs/stats/,23.89,ok,
2026-10-04T22:33:35.381062+05:30,GET,GET /jobs/{id}/,19.18,ok,
2026-10-04T22:33:35.398182+05:30,POST,POST /jobs/,22.28,ok,
2026-10-04T22:33:35.426105+05:30,POST,POST /jobs/,21.57,ok,
2026-10-04T22:33:35.487255+05:30,POST,POST /jobs/,20.86,ok,
2026-10-04T22:33:35.508992+05:30,GET,GET /jobs/{id}/,18.44,ok,
2026-10-04T22:33:35.592150+05:30,GET,GET /jobs/stats/,21.89,ok,
2026-10-04T22:33:35.624879+05:30,POST,POST /jobs/,22.39,ok,
2026-10-04T22:33:35.627073+05:30,GET,GET /jobs/{id}/,22.53,ok,
2026-10-04T22:33:35.631847+05:30,GET,GET /jobs/{id}/,21.16,ok,
2026-10-04T22:33:35.638014+05:30,GET,GET /health/,19.2,ok,
2026-10-04T22:33:35.687695+05:30,POST,POST /jobs/,21.25,ok,
2026-10-04T22:33:35.694472+05:30,GET,GET /health/,20.03,ok,
2026-10-04T22:33:35.694913+05:30,GET,GET /jobs/{id}/,18.56,ok,
2026-10-04T22:33:35.757373+05:30,GET,GET /jobs/{id}/,22.19,ok,
2026-10-04T22:33:35.767210+05:30,GET,GET /health/,22.99,ok,
2026-10-04T22:33:35.782051+05:30,GET,GET /health/,28.02,ok,
2026-10-04T22:33:35.783476+05:30,POST,POST /jobs/,27.3,ok,
2026-10-04T22:33:35.803776+05:30,GET,GET /jobs/{id}/,36.34,ok,
2026-10-04T22:33:35.866589+05:30,POST,POST /jobs/,98.54,ok,
2026-10-04T22:33:35.873254+05:30,GET,GET /health/,98.7,ok,
2026-10-04T22:33:35.875015+05:30,GET,GET /jobs/stats/,87.23,ok,
2026-10-04T22:33:35.879125+05:30,GET,GET /jobs/{id}/,86.37,ok,
2026-10-04T22:33:35.881442+05:30,GET,GET /health/,84.49,ok,
2026-10-04T22:33:35.892405+05:30,GET,GET /jobs/{id}/,82.8,ok,
2026-10-04T22:33:35.897052+05:30,POST,POST /jobs/,74.48,ok,
2026-10-04T22:33:35.898774+05:30,GET,GET /jobs/stats/,53.03,ok,
2026-10-04T22:33:35.912239+05:30,GET,GET /jobs/{id}/,18.58,ok,
2026-10-04T22:33:35.991976+05:30,POST,POST /jobs/,23.36,ok,
2026-10-04T22:33:35.995839+05:30,GET,GET /jobs/{id}/,24.04,ok,
2026-10-04T22:33:36.011678+05:30,GET,GET /jobs/{id}/,25.9,ok,
2026-10-04T22:33:36.015936+05:30,GET,GET /jobs/{id}/,25.89,ok,
2026-10-04T22:33:36.019832+05:30,GET,GET /jobs/{id}/,23.79,ok,
2026-10-04T22:33:36.153894+05:30,POST,POST /jobs/,23.29,ok,
2026-10-04T22:33:36.204090+05:30,GET,GET /jobs/{id}/,19.67,ok,
2026-10-04T22:33:36.220244+05:30,GET,GET /jobs/{id}/,22.51,ok,
2026-10-04T22:33:36.237761+05:30,GET,GET /jobs/{id}/,29.39,ok,
2026-10-04T22:33:36.238556+05:30,POST,POST /jobs/,32.22,ok,
2026-10-04T22:33:36.253121+05:30,GET,GET /jobs/{id}/,24.79,ok,
2026-10-04T22:33:36.296680+05:30,GET,GET /jobs/{id}/,19.07,ok,
2026-10-04T22:33:36.422415+05:30,GET,GET /jobs/stats/,27.37,ok,
2026-10-04T22:33:36.443049+05:30,GET,GET /jobs/{id}/,26.86,ok,
2026-10-04T22:33:36.447637+05:30,GET,GET /jobs/{id}/,30.21,ok,
2026-10-04T22:33:36.453552+05:30,GET,GET /jobs/{id}/,18.85,ok,
2026-10-04T22:33:36.461572+05:30,POST,POST /jobs/,23.82,ok,
2026-10-04T22:33:36.539336+05:30,GET,GET /jobs/{id}/,22.42,ok,
2026-10-04T22:33:36.549418+05:30,POST,POST /jobs/,29.41,ok,
2026-10-04T22:33:36.549777+05:30,GET,GET /health/,27.68,ok,
2026-10-04T22:33:36.551103+05:30,GET,GET /jobs/{id}/,24.91,ok,
2026-10-04T22:33:36.554611+05:30,POST,POST /jobs/,25.36,ok,
2026-10-04T22:33:36.575096+05:30,GET,GET /jobs/{id}/,21.68,ok,
2026-10-04T22:33:36.578903+05:30,GET,GET /jobs/{id}/,20.69,ok,
2026-10-04T22:33:36.605240+05:30,POST,POST /jobs/,23.97,ok,
2026-10-04T22:33:36.618584+05:30,GET,GET /jobs/{id}/,21.32,ok,
2026-10-04T22:33:36.635342+05:30,POST,POST /jobs/,23.66,ok,
2026-10-04T22:33:36.704120+05:30,GET,GET /jobs/stats/,22.24,ok,
2026-10-04T22:33:36.732336+05:30,POST,POST /jobs/,20.9,ok,
2026-10-04T22:33:36.774336+05:30,GET,GET /jobs/{id}/,21.45,ok,
2026-10-04T22:33:36.779876+05:30,POST,POST /jobs/,29.15,ok,
2026-10-04T22:33:36.796227+05:30,GET,GET /jobs/{id}/,21.66,ok,
2026-10-04T22:33:36.802781+05:30,POST,POST /jobs/,25.28,ok,
2026-10-04T22:33:36.893559+05:30,GET,GET /health/,18.44,ok,
2026-10-04T22:33:36.922168+05:30,GET,GET /jobs/{id}/,20.33,ok,
2026-10-04T22:33:36.924192+05:30,POST,POST /jobs/,23.32,ok,
2026-10-04T22:33:36.965565+05:30,GET,GET /jobs/{id}/,20.96,ok,
2026-10-04T22:33:36.973613+05:30,GET,GET /jobs/stats/,26.98,ok,
2026-10-04T22:33:37.002619+05:30,POST,POST /jobs/,20.69,ok,
2026-10-04T22:33:37.047876+05:30,GET,GET /jobs/{id}/,20.92,ok,
2026-10-04T22:33:37.057466+05:30,POST,POST /jobs/,25.33,ok,
2026-10-04T22:33:37.091701+05:30,GET,GET /jobs/{id}/,20.92,ok,
2026-10-04T22:33:37.147167+05:30,GET,GET /jobs/{id}/,20.15,ok,
2026-10-04T22:33:37.158496+05:30,GET,GET /jobs/{id}/,19.23,ok,
2026-10-04T22:33:37.179281+05:30,GET,GET /jobs/stats/,20.65,ok,
2026-10-04T22:33:37.195766+05:30,POST,POST /jobs/,22.27,ok,
2026-10-04T22:33:37.218513+05:30,POST,POST /jobs/,21.46,ok,
2026-10-04T22:33:37.238646+05:30,POST,POST /jobs/,22.45,ok,
2026-10-04T22:33:37.264959+05:30,GET,GET /health/,18.04,ok,
2026-10-04T22:33:37.280866+05:30,GET,GET /jobs/{id}/,19.93,ok,
2026-10-04T22:33:37.311067+05:30,GET,GET /jobs/stats/,21.91,ok,
2026-10-04T22:33:37.328272+05:30,POST,POST /jobs/,21.85,ok,
2026-10-04T22:33:37.335681+05:30,POST,POST /jobs/,23.37,ok,
2026-10-04T22:33:37.339887+05:30,POST,POST /jobs/,23.54,ok,
2026-10-04T22:33:37.352661+05:30,POST,POST /jobs/,23.11,ok,
2026-10-04T22:33:37.399739+05:30,POST,POST /jobs/,22.77,ok,
2026-10-04T22:33:37.445419+05:30,POST,POST /jobs/,24.34,ok,
2026-10-04T22:33:37.461384+05:30,GET,GET /health/,22.25,ok,
2026-10-04T22:33:37.475782+05:30,GET,GET /health/,18.03,ok,
2026-10-04T22:33:37.493940+05:30,GET,GET /jobs/{id}/,19.24,ok,
2026-10-04T22:33:37.498831+05:30,GET,GET /jobs/{id}/,19.49,ok,
2026-10-04T22:33:37.507638+05:30,GET,GET /health/,19.47,ok,
2026-10-04T22:33:37.604846+05:30,GET,GET /jobs/{id}/,18.86,ok,
2026-10-04T22:33:37.605506+05:30,GET,GET /health/,17.55,ok,
2026-10-04T22:33:37.625985+05:30,GET,GET /jobs/{id}/,18.24,ok,
2026-10-04T22:33:37.660056+05:30,GET,GET /jobs/{id}/,18.75,ok,
2026-10-04T22:33:37.677048+05:30,POST,POST /jobs/,23.73,ok,
2026-10-04T22:33:37.685727+05:30,GET,GET /jobs/{id}/,18.38,ok,
2026-10-04T22:33:37.693713+05:30,POST,POST /jobs/,23.31,ok,
2026-10-04T22:33:37.715655+05:30,GET,GET /jobs/stats/,21.81,ok,
2026-10-04T22:33:37.768497+05:30,GET,GET /jobs/{id}/,19.46,ok,
2026-10-04T22:33:37.813474+05:30,POST,POST /jobs/,20.72,ok,
2026-10-04T22:33:37.837233+05:30,GET,GET /health/,19.5,ok,
2026-10-04T22:33:37.900182+05:30,GET,GET /jobs/{id}/,20.64,ok,
2026-10-04T22:33:37.917103+05:30,POST,POST /jobs/,21.35,ok,
2026-10-04T22:33:37.931005+05:30,GET,GET /jobs/{id}/,20.4,ok,
2026-10-04T22:33:37.941887+05:30,GET,GET /jobs/{id}/,18.51,ok,
2026-10-04T22:33:37.989082+05:30,POST,POST /jobs/,21.86,ok,
2026-10-04T22:33:38.000150+05:30,POST,POST /jobs/,20.93,ok,
2026-10-04T22:33:38.024566+05:30,GET,GET /jobs/{id}/,19.09,ok,
2026-10-04T22:33:38.072009+05:30,GET,GET /jobs/{id}/,22.11,ok,
2026-10-04T22:33:38.081365+05:30,GET,GET /jobs/stats/,22.43,ok,
2026-10-04T22:33:38.096238+05:30,GET,GET /health/,17.97,ok,
2026-10-04T22:33:38.118362+05:30,GET,GET /jobs/{id}/,17.83,ok,
2026-10-04T22:33:38.129327+05:30,POST,POST /jobs/,21.84,ok,
2026-10-04T22:33:38.141666+05:30,GET,GET /jobs/{id}/,21.04,ok,
2026-10-04T22:33:38.155355+05:30,GET,GET /jobs/stats/,22.77,ok,
2026-10-04T22:33:38.207533+05:30,GET,GET /jobs/{id}/,21.89,ok,
2026-10-04T22:33:38.218178+05:30,POST,POST /jobs/,29.49,ok,
2026-10-04T22:33:38.221484+05:30,POST,POST /jobs/,29.86,ok,
2026-10-04T22:33:38.230750+05:30,GET,GET /jobs/{id}/,35.93,ok,
2026-10-04T22:33:38.249455+05:30,POST,POST /jobs/,24.7,ok,
2026-10-04T22:33:38.306951+05:30,POST,POST /jobs/,27.2,ok,
2026-10-04T22:33:38.409528+05:30,POST,POST /jobs/,24.87,ok,
2026-10-04T22:33:38.444819+05:30,GET,GET /health/,36.12,ok,
2026-10-04T22:33:38.445593+05:30,GET,GET /jobs/{id}/,37.74,ok,
2026-10-04T22:33:38.456753+05:30,GET,GET /jobs/stats/,56.02,ok,
2026-10-04T22:33:38.460387+05:30,POST,POST /jobs/,38.93,ok,
2026-10-04T22:33:38.623232+05:30,GET,GET /jobs/{id}/,20.7,ok,
2026-10-04T22:33:38.643808+05:30,POST,POST /jobs/,26.26,ok,
2026-10-04T22:33:38.663253+05:30,POST,POST /jobs/,24.43,ok,
2026-10-04T22:33:38.702193+05:30,GET,GET /jobs/stats/,24.66,ok,
2026-10-04T22:33:38.715889+05:30,POST,POST /jobs/,23.23,ok,
2026-10-04T22:33:38.724171+05:30,GET,GET /jobs/stats/,27.44,ok,
2026-10-04T22:33:38.767173+05:30,POST,POST /jobs/,20.67,ok,
2026-10-04T22:33:38.820963+05:30,GET,GET /jobs/{id}/,18.36,ok,
2026-10-04T22:33:38.821418+05:30,GET,GET /jobs/{id}/,21.95,ok,
2026-10-04T22:33:38.884961+05:30,POST,POST /jobs/,20.3,ok,
2026-10-04T22:33:38.912135+05:30,GET,GET /jobs/{id}/,18.86,ok,
2026-10-04T22:33:38.918516+05:30,GET,GET /jobs/{id}/,17.69,ok,
2026-10-04T22:33:38.960885+05:30,GET,GET /health/,18.09,ok,
2026-10-04T22:33:39.015852+05:30,GET,GET /jobs/{id}/,20.65,ok,
2026-10-04T22:33:39.025100+05:30,POST,POST /jobs/,23.79,ok,
2026-10-04T22:33:39.050906+05:30,GET,GET /jobs/{id}/,19.44,ok,
2026-10-04T22:33:39.072519+05:30,GET,GET /jobs/{id}/,19.74,ok,
2026-10-04T22:33:39.074396+05:30,POST,POST /jobs/,24.52,ok,
2026-10-04T22:33:39.113968+05:30,GET,GET /jobs/{id}/,18.29,ok,
2026-10-04T22:33:39.156109+05:30,GET,GET /jobs/{id}/,20.77,ok,
2026-10-04T22:33:39.168745+05:30,GET,GET /jobs/{id}/,26.36,ok,
2026-10-04T22:33:39.183680+05:30,GET,GET /jobs/{id}/,29.26,ok,
2026-10-04T22:33:39.192310+05:30,GET,GET /jobs/stats/,37.2,ok,
2026-10-04T22:33:39.194106+05:30,POST,POST /jobs/,31.04,ok,
2026-10-04T22:33:39.200799+05:30,GET,GET /jobs/{id}/,29.68,ok,
2026-10-04T22:33:39.203248+05:30,GET,GET /jobs/{id}/,31.41,ok,
2026-10-04T22:33:39.204207+05:30,GET,GET /health/,27.2,ok,
2026-10-04T22:33:39.218770+05:30,POST,POST /jobs/,28.72,ok,
2026-10-04T22:33:39.263580+05:30,POST,POST /jobs/,46.42,ok,
2026-10-04T22:33:39.264069+05:30,GET,GET /jobs/{id}/,36.02,ok,
2026-10-04T22:33:39.300149+05:30,GET,GET /jobs/{id}/,18.82,ok,
2026-10-04T22:33:39.304230+05:30,POST,POST /jobs/,19.91,ok,
2026-10-04T22:33:39.313803+05:30,GET,GET /jobs/{id}/,21.46,ok,
2026-10-04T22:33:39.329588+05:30,GET,GET /health/,19.08,ok,
2026-10-04T22:33:39.365017+05:30,GET,GET /jobs/{id}/,21.31,ok,
2026-10-04T22:33:39.367689+05:30,GET,GET /jobs/{id}/,23.47,ok,
2026-10-04T22:33:39.373164+05:30,GET,GET /jobs/{id}/,24.58,ok,
2026-10-04T22:33:39.384870+05:30,POST,POST /jobs/,34.41,ok,
2026-10-04T22:33:39.396702+05:30,POST,POST /jobs/,39.07,ok,
2026-10-04T22:33:39.406015+05:30,GET,GET /jobs/{id}/,33.84,ok,
2026-10-04T22:33:39.411014+05:30,GET,GET /health/,34.14,ok,
2026-10-04T22:33:39.415936+05:30,POST,POST /jobs/,31.7,ok,
2026-10-04T22:33:39.416976+05:30,GET,GET /health/,37.92,ok,
2026-10-04T22:33:39.468268+05:30,GET,GET /health/,18.02,ok,
2026-10-04T22:33:39.587248+05:30,GET,GET /jobs/{id}/,19.3,ok,
2026-10-04T22:33:39.588293+05:30,GET,GET /jobs/stats/,28.49,ok,
2026-10-04T22:33:39.601524+05:30,POST,POST /jobs/,28.37,ok,
2026-10-04T22:33:39.611574+05:30,GET,GET /jobs/stats/,26.64,ok,
2026-10-04T22:33:39.623061+05:30,POST,POST /jobs/,31.52,ok,
2026-10-04T22:33:39.663397+05:30,POST,POST /jobs/,57.36,ok,
2026-10-04T22:33:39.664231+05:30,POST,POST /jobs/,60.43,ok,
2026-10-04T22:33:39.667949+05:30,POST,POST /jobs/,54.14,ok,
2026-10-04T22:33:39.674387+05:30,POST,POST /jobs/,50.07,ok,
2026-10-04T22:33:39.683662+05:30,GET,GET /jobs/{id}/,24.68,ok,
2026-10-04T22:33:39.728004+05:30,POST,POST /jobs/,30.42,ok,
2026-10-04T22:33:39.730073+05:30,POST,POST /jobs/,29.29,ok,
2026-10-04T22:33:39.734070+05:30,GET,GET /jobs/{id}/,20.88,ok,
2026-10-04T22:33:39.759084+05:30,GET,GET /jobs/{id}/,17.75,ok,
2026-10-04T22:33:39.804983+05:30,GET,GET /jobs/stats/,21.56,ok,
2026-10-04T22:33:39.829475+05:30,GET,GET /jobs/{id}/,19.18,ok,
2026-10-04T22:33:39.864996+05:30,GET,GET /health/,19.24,ok,
2026-10-04T22:33:39.937716+05:30,GET,GET /jobs/{id}/,18.03,ok,
2026-10-04T22:33:39.971888+05:30,GET,GET /health/,18.88,ok,
2026-10-04T22:33:39.976638+05:30,POST,POST /jobs/,23.11,ok,
2026-10-04T22:33:40.006853+05:30,GET,GET /jobs/{id}/,21.91,ok,
2026-10-04T22:33:40.066691+05:30,GET,GET /jobs/{id}/,22.48,ok,
2026-10-04T22:33:40.100457+05:30,POST,POST /jobs/,24.45,ok,
2026-10-04T22:33:40.114372+05:30,POST,POST /jobs/,25.34,ok,
2026-10-04T22:33:40.129652+05:30,POST,POST /jobs/,23.73,ok,
2026-10-04T22:33:40.287482+05:30,POST,POST /jobs/,22.23,ok,
2026-10-04T22:33:40.295646+05:30,POST,POST /jobs/,24.32,ok,
2026-10-04T22:33:40.320801+05:30,POST,POST /jobs/,23.89,ok,
2026-10-04T22:33:40.321334+05:30,GET,GET /jobs/{id}/,21.46,ok,
2026-10-04T22:33:40.330157+05:30,GET,GET /jobs/stats/,22.34,ok,
2026-10-04T22:33:40.351963+05:30,GET,GET /jobs/{id}/,18.48,ok,
2026-10-04T22:33:40.386057+05:30,GET,GET /jobs/{id}/,18.78,ok,
2026-10-04T22:33:40.389577+05:30,POST,POST /jobs/,21.78,ok,
2026-10-04T22:33:40.428762+05:30,GET,GET /jobs/{id}/,17.85,ok,
2026-10-04T22:33:40.477297+05:30,GET,GET /health/,20.07,ok,
2026-10-04T22:33:40.502344+05:30,GET,GET /jobs/{id}/,18.71,ok,
2026-10-04T22:33:40.517111+05:30,POST,POST /jobs/,23.43,ok,
2026-10-04T22:33:40.535791+05:30,GET,GET /jobs/{id}/,21.6,ok,
2026-10-04T22:33:40.550074+05:30,GET,GET /jobs/{id}/,19.65,ok,
2026-10-04T22:33:40.596005+05:30,GET,GET /jobs/{id}/,19.61,ok,
2026-10-04T22:33:40.603474+05:30,GET,GET /health/,21.02,ok,
2026-10-04T22:33:40.617629+05:30,POST,POST /jobs/,23.16,ok,
2026-10-04T22:33:40.639618+05:30,POST,POST /jobs/,26.82,ok,
2026-10-04T22:33:40.640112+05:30,GET,GET /health/,26.65,ok,
2026-10-04T22:33:40.690480+05:30,POST,POST /jobs/,21.07,ok,
2026-10-04T22:33:40.737776+05:30,POST,POST /jobs/,21.01,ok,
2026-10-04T22:33:40.769042+05:30,POST,POST /jobs/,20.94,ok,
2026-10-04T22:33:40.806081+05:30,POST,POST /jobs/,20.67,ok,
2026-10-04T22:33:40.821421+05:30,POST,POST /jobs/,21.92,ok,
2026-10-04T22:33:40.845543+05:30,GET,GET /jobs/stats/,22.84,ok,
2026-10-04T22:33:40.858488+05:30,GET,GET /jobs/{id}/,19.9,ok,
2026-10-04T22:33:40.887238+05:30,POST,POST /jobs/,27.5,ok,
2026-10-04T22:33:40.903161+05:30,POST,POST /jobs/,29.28,ok,
2026-10-04T22:33:40.917610+05:30,GET,GET /jobs/{id}/,24.03,ok,
2026-10-04T22:33:40.918053+05:30,GET,GET /health/,36.32,ok,
2026-10-04T22:33:40.967635+05:30,GET,GET /jobs/{id}/,71.37,ok,
2026-10-04T22:33:40.968128+05:30,GET,GET /jobs/{id}/,66.44,ok,
2026-10-04T22:33:40.980778+05:30,GET,GET /jobs/{id}/,57.48,ok,
2026-10-04T22:33:40.981905+05:30,GET,GET /health/,58.16,ok,
2026-10-04T22:33:41.021003+05:30,GET,GET /health/,28.84,ok,
2026-10-04T22:33:41.028355+05:30,GET,GET /jobs/{id}/,23.76,ok,
2026-10-04T22:33:41.028932+05:30,GET,GET /jobs/{id}/,29.69,ok,
2026-10-04T22:33:41.053514+05:30,GET,GET /health/,21.4,ok,
2026-10-04T22:33:41.062863+05:30,POST,POST /jobs/,20.78,ok,
2026-10-04T22:33:41.115295+05:30,GET,GET /health/,17.84,ok,
2026-10-04T22:33:41.115804+05:30,GET,GET /jobs/{id}/,20.61,ok,
2026-10-04T22:33:41.165728+05:30,GET,GET /health/,21.67,ok,
2026-10-04T22:33:41.192198+05:30,POST,POST /jobs/,21.16,ok,
2026-10-04T22:33:41.219890+05:30,GET,GET /jobs/stats/,23.32,ok,
2026-10-04T22:33:41.238804+05:30,POST,POST /jobs/,23.0,ok,
2026-10-04T22:33:41.249523+05:30,POST,POST /jobs/,27.35,ok,
2026-10-04T22:33:41.256029+05:30,GET,GET /jobs/{id}/,18.85,ok,
2026-10-04T22:33:41.295218+05:30,GET,GET /jobs/{id}/,20.72,ok,
2026-10-04T22:33:41.303134+05:30,GET,GET /jobs/{id}/,25.4,ok,
2026-10-04T22:33:41.305460+05:30,POST,POST /jobs/,28.42,ok,
2026-10-04T22:33:41.309709+05:30,POST,POST /jobs/,28.24,ok,
2026-10-04T22:33:41.317186+05:30,GET,GET /jobs/{id}/,20.59,ok,
2026-10-04T22:33:41.383237+05:30,GET,GET /jobs/{id}/,20.73,ok,
2026-10-04T22:33:41.402136+05:30,POST,POST /jobs/,23.56,ok,
2026-10-04T22:33:41.413576+05:30,GET,GET /health/,20.08,ok,
2026-10-04T22:33:41.443125+05:30,POST,POST /jobs/,22.26,ok,
2026-10-04T22:33:41.448579+05:30,GET,GET /jobs/{id}/,22.1,ok,
2026-10-04T22:33:41.449063+05:30,GET,GET /jobs/{id}/,23.15,ok,
2026-10-04T22:33:41.473073+05:30,GET,GET /health/,22.84,ok,
2026-10-04T22:33:41.496890+05:30,POST,POST /jobs/,25.77,ok,
2026-10-04T22:33:41.509242+05:30,GET,GET /jobs/stats/,26.5,ok,
2026-10-04T22:33:41.525058+05:30,POST,POST /jobs/,20.82,ok,
2026-10-04T22:33:41.580066+05:30,POST,POST /jobs/,20.69,ok,
2026-10-04T22:33:41.614873+05:30,GET,GET /jobs/{id}/,18.5,ok,
2026-10-04T22:33:41.624723+05:30,GET,GET /jobs/{id}/,23.24,ok,
2026-10-04T22:33:41.628807+05:30,POST,POST /jobs/,26.67,ok,
2026-10-04T22:33:41.639568+05:30,GET,GET /jobs/{id}/,21.35,ok,
2026-10-04T22:33:41.645627+05:30,GET,GET /jobs/{id}/,22.98,ok,
2026-10-04T22:33:41.706049+05:30,POST,POST /jobs/,27.11,ok,
2026-10-04T22:33:41.718839+05:30,POST,POST /jobs/,31.77,ok,
2026-10-04T22:33:41.733782+05:30,GET,GET /jobs/{id}/,21.42,ok,
2026-10-04T22:33:41.823557+05:30,POST,POST /jobs/,24.42,ok,
2026-10-04T22:33:41.849095+05:30,GET,GET /jobs/stats/,25.39,ok,
2026-10-04T22:33:41.866365+05:30,POST,POST /jobs/,28.84,ok,
2026-10-04T22:33:41.878973+05:30,GET,GET /jobs/{id}/,31.59,ok,
2026-10-04T22:33:41.885756+05:30,GET,GET /jobs/{id}/,28.34,ok,
2026-10-04T22:33:41.903675+05:30,POST,POST /jobs/,28.99,ok,
2026-10-04T22:33:41.909584+05:30,GET,GET /health/,25.31,ok,
2026-10-04T22:33:41.960363+05:30,GET,GET /jobs/{id}/,18.44,ok,
2026-10-04T22:33:41.974094+05:30,POST,POST /jobs/,22.17,ok,
2026-10-04T22:33:41.984140+05:30,POST,POST /jobs/,22.36,ok,
2026-10-04T22:33:42.008322+05:30,GET,GET /health/,18.92,ok,
2026-10-04T22:33:42.037790+05:30,GET,GET /health/,22.04,ok,
2026-10-04T22:33:42.043841+05:30,POST,POST /jobs/,23.47,ok,
2026-10-04T22:33:42.051431+05:30,GET,GET /jobs/stats/,26.33,ok,
2026-10-04T22:33:42.091749+05:30,POST,POST /jobs/,27.96,ok,
2026-10-04T22:33:42.100830+05:30,POST,POST /jobs/,28.54,ok,
2026-10-04T22:33:42.110666+05:30,GET,GET /health/,20.16,ok,
2026-10-04T22:33:42.142862+05:30,GET,GET /jobs/{id}/,18.89,ok,
2026-10-04T22:33:42.183140+05:30,GET,GET /jobs/{id}/,20.95,ok,
2026-10-04T22:33:42.203744+05:30,POST,POST /jobs/,26.5,ok,
2026-10-04T22:33:42.221282+05:30,GET,GET /jobs/{id}/,22.01,ok,
2026-10-04T22:33:42.238676+05:30,POST,POST /jobs/,23.64,ok,
2026-10-04T22:33:42.282067+05:30,GET,GET /jobs/{id}/,18.07,ok,
2026-10-04T22:33:42.310476+05:30,GET,GET /jobs/{id}/,19.09,ok,
2026-10-04T22:33:42.327410+05:30,POST,POST /jobs/,26.0,ok,
2026-10-04T22:33:42.339208+05:30,POST,POST /jobs/,25.43,ok,
2026-10-04T22:33:42.346373+05:30,GET,GET /health/,24.61,ok,
2026-10-04T22:33:42.407997+05:30,GET,GET /jobs/stats/,25.3,ok,
2026-10-04T22:33:42.408581+05:30,GET,GET /jobs/{id}/,22.65,ok,
2026-10-04T22:33:42.415367+05:30,POST,POST /jobs/,24.25,ok,
2026-10-04T22:33:42.462289+05:30,GET,GET /jobs/{id}/,17.61,ok,
2026-10-04T22:33:42.498094+05:30,POST,POST /jobs/,21.46,ok,
2026-10-04T22:33:42.523701+05:30,GET,GET /jobs/{id}/,21.31,ok,
2026-10-04T22:33:42.526675+05:30,GET,GET /jobs/{id}/,23.76,ok,
2026-10-04T22:33:42.539888+05:30,GET,GET /jobs/stats/,27.95,ok,
2026-10-04T22:33:42.547919+05:30,GET,GET /health/,25.89,ok,
2026-10-04T22:33:42.558932+05:30,POST,POST /jobs/,24.98,ok,
2026-10-04T22:33:42.573308+05:30,POST,POST /jobs/,22.07,ok,
2026-10-04T22:33:42.585764+05:30,POST,POST /jobs/,21.52,ok,
2026-10-04T22:33:42.610697+05:30,POST,POST /jobs/,20.62,ok,
2026-10-04T22:33:42.667479+05:30,GET,GET /jobs/stats/,31.53,ok,
2026-10-04T22:33:42.692983+05:30,GET,GET /health/,18.23,ok,
2026-10-04T22:33:42.705614+05:30,POST,POST /jobs/,22.85,ok,
2026-10-04T22:33:42.720031+05:30,GET,GET /jobs/{id}/,18.75,ok,
2026-10-04T22:33:42.752842+05:30,POST,POST /jobs/,23.52,ok,
2026-10-04T22:33:42.764823+05:30,GET,GET /jobs/{id}/,18.46,ok,
2026-10-04T22:33:42.773615+05:30,GET,GET /jobs/{id}/,18.5,ok,
2026-10-04T22:33:42.799537+05:30,POST,POST /jobs/,21.6,ok,
2026-10-04T22:33:42.807203+05:30,GET,GET /jobs/{id}/,21.24,ok,
2026-10-04T22:33:42.807793+05:30,POST,POST /jobs/,24.83,ok,
2026-10-04T22:33:42.866232+05:30,POST,POST /jobs/,23.05,ok,
2026-10-04T22:33:42.934883+05:30,GET,GET /jobs/{id}/,18.26,ok,
2026-10-04T22:33:42.951226+05:30,GET,GET /health/,21.59,ok,
2026-10-04T22:33:42.967072+05:30,GET,GET /health/,19.86,ok,
2026-10-04T22:33:43.044115+05:30,GET,GET /jobs/{id}/,23.78,ok,
2026-10-04T22:33:43.044791+05:30,POST,POST /jobs/,25.43,ok,
2026-10-04T22:33:43.045180+05:30,GET,GET /health/,21.82,ok,
2026-10-04T22:33:43.081864+05:30,POST,POST /jobs/,22.36,ok,
2026-10-04T22:33:43.114811+05:30,GET,GET /jobs/{id}/,23.63,ok,
2026-10-04T22:33:43.147437+05:30,GET,GET /health/,22.35,ok,
2026-10-04T22:33:43.147933+05:30,GET,GET /jobs/{id}/,22.26,ok,
2026-10-04T22:33:43.153927+05:30,GET,GET /jobs/{id}/,20.13,ok,
2026-10-04T22:33:43.172198+05:30,POST,POST /jobs/,25.85,ok,
2026-10-04T22:33:43.217356+05:30,POST,POST /jobs/,31.83,ok,
2026-10-04T22:33:43.217895+05:30,GET,GET /jobs/{id}/,25.56,ok,
2026-10-04T22:33:43.230710+05:30,GET,GET /jobs/stats/,39.2,ok,
2026-10-04T22:33:43.239863+05:30,POST,POST /jobs/,42.42,ok,
2026-10-04T22:33:43.252188+05:30,GET,GET /jobs/{id}/,22.64,ok,
2026-10-04T22:33:43.259416+05:30,GET,GET /health/,23.12,ok,
2026-10-04T22:33:43.313816+05:30,GET,GET /jobs/{id}/,18.1,ok,
2026-10-04T22:33:43.343515+05:30,GET,GET /jobs/{id}/,17.41,ok,
2026-10-04T22:33:43.416016+05:30,POST,POST /jobs/,25.17,ok,
2026-10-04T22:33:43.421000+05:30,POST,POST /jobs/,27.12,ok,
2026-10-04T22:33:43.432499+05:30,GET,GET /jobs/stats/,29.11,ok,
2026-10-04T22:33:43.460056+05:30,POST,POST /jobs/,28.71,ok,
2026-10-04T22:33:43.476599+05:30,POST,POST /jobs/,32.38,ok,
2026-10-04T22:33:43.479911+05:30,GET,GET /jobs/{id}/,28.22,ok,
2026-10-04T22:33:43.494562+05:30,GET,GET /jobs/stats/,29.21,ok,
2026-10-04T22:33:43.497050+05:30,POST,POST /jobs/,31.17,ok,
2026-10-04T22:33:43.509512+05:30,GET,GET /jobs/{id}/,20.29,ok,
2026-10-04T22:33:43.538825+05:30,POST,POST /jobs/,20.01,ok,
2026-10-04T22:33:43.548161+05:30,POST,POST /jobs/,21.34,ok,
2026-10-04T22:33:43.632091+05:30,POST,POST /jobs/,23.11,ok,
2026-10-04T22:33:43.632608+05:30,POST,POST /jobs/,25.16,ok,
2026-10-04T22:33:43.642869+05:30,GET,GET /jobs/stats/,34.92,ok,
2026-10-04T22:33:43.664271+05:30,GET,GET /jobs/{id}/,17.14,ok,
2026-10-04T22:33:43.713982+05:30,GET,GET /health/,20.42,ok,
2026-10-04T22:33:43.816604+05:30,GET,GET /jobs/{id}/,108.98,ok,
2026-10-04T22:33:43.817097+05:30,POST,POST /jobs/,108.8,ok,
2026-10-04T22:33:43.819157+05:30,GET,GET /health/,100.91,ok,
2026-10-04T22:33:43.831060+05:30,GET,GET /jobs/{id}/,72.63,ok,
2026-10-04T22:33:43.834808+05:30,GET,GET /jobs/{id}/,44.01,ok,
2026-10-04T22:33:43.835462+05:30,GET,GET /jobs/stats/,100.22,ok,
2026-10-04T22:33:43.835910+05:30,POST,POST /jobs/,114.79,ok,
2026-10-04T22:33:43.896074+05:30,GET,GET /jobs/{id}/,56.95,ok,
2026-10-04T22:33:43.905492+05:30,POST,POST /jobs/,60.77,ok,
2026-10-04T22:33:43.907246+05:30,POST,POST /jobs/,63.14,ok,
2026-10-04T22:33:43.920253+05:30,GET,GET /jobs/{id}/,18.92,ok,
2026-10-04T22:33:43.945062+05:30,GET,GET /jobs/{id}/,21.5,ok,
2026-10-04T22:33:43.951759+05:30,GET,GET /jobs/{id}/,22.19,ok,
2026-10-04T22:33:43.993850+05:30,POST,POST /jobs/,38.8,ok,
2026-10-04T22:33:44.012868+05:30,GET,GET /jobs/{id}/,21.18,ok,
2026-10-04T22:33:44.015415+05:30,GET,GET /jobs/{id}/,22.67,ok,
2026-10-04T22:33:44.038247+05:30,POST,POST /jobs/,23.97,ok,
2026-10-04T22:33:44.131271+05:30,GET,GET /jobs/{id}/,20.67,ok,
2026-10-04T22:33:44.148137+05:30,POST,POST /jobs/,21.49,ok,
2026-10-04T22:33:44.177831+05:30,GET,GET /jobs/{id}/,18.39,ok,
2026-10-04T22:33:44.207767+05:30,GET,GET /jobs/{id}/,17.63,ok,
2026-10-04T22:33:44.267138+05:30,POST,POST /jobs/,21.06,ok,
2026-10-04T22:33:44.273134+05:30,GET,GET /jobs/{id}/,19.98,ok,
2026-10-04T22:33:44.305018+05:30,GET,GET /jobs/{id}/,18.42,ok,
2026-10-04T22:33:44.320252+05:30,POST,POST /jobs/,24.64,ok,
2026-10-04T22:33:44.339061+05:30,POST,POST /jobs/,25.73,ok,
2026-10-04T22:33:44.344878+05:30,GET,GET /jobs/{id}/,19.33,ok,
2026-10-04T22:33:44.388601+05:30,POST,POST /jobs/,23.43,ok,
2026-10-04T22:33:44.398639+05:30,GET,GET /jobs/stats/,27.17,ok,
2026-10-04T22:33:44.402413+05:30,GET,GET /jobs/{id}/,24.31,ok,
2026-10-04T22:33:44.409340+05:30,GET,GET /jobs/{id}/,22.12,ok,
2026-10-04T22:33:44.486680+05:30,GET,GET /health/,18.9,ok,
2026-10-04T22:33:44.491835+05:30,POST,POST /jobs/,20.04,ok,
2026-10-04T22:33:44.532592+05:30,POST,POST /jobs/,26.47,ok,
2026-10-04T22:33:44.535899+05:30,GET,GET /health/,24.83,ok,
2026-10-04T22:33:44.578255+05:30,GET,GET /jobs/{id}/,21.02,ok,
2026-10-04T22:33:44.583748+05:30,POST,POST /jobs/,25.94,ok,
2026-10-04T22:33:44.591886+05:30,POST,POST /jobs/,25.99,ok,
2026-10-04T22:33:44.600137+05:30,GET,GET /jobs/{id}/,21.7,ok,
2026-10-04T22:33:44.601679+05:30,GET,GET /health/,21.66,ok,
2026-10-04T22:33:44.641054+05:30,GET,GET /jobs/{id}/,18.08,ok,
2026-10-04T22:33:44.684588+05:30,GET,GET /jobs/{id}/,20.22,ok,
2026-10-04T22:33:44.699147+05:30,GET,GET /jobs/{id}/,19.58,ok,
2026-10-04T22:33:44.731216+05:30,POST,POST /jobs/,22.7,ok,
2026-10-04T22:33:44.749691+05:30,GET,GET /jobs/{id}/,21.19,ok,
2026-10-04T22:33:44.767376+05:30,GET,GET /jobs/{id}/,17.52,ok,
2026-10-04T22:33:44.798684+05:30,GET,GET /jobs/{id}/,18.98,ok,
2026-10-04T22:33:44.834436+05:30,GET,GET /jobs/{id}/,28.43,ok,
2026-10-04T22:33:44.852001+05:30,POST,POST /jobs/,27.18,ok,
2026-10-04T22:33:44.855150+05:30,GET,GET /jobs/stats/,26.45,ok,
2026-10-04T22:33:44.870846+05:30,POST,POST /jobs/,28.06,ok,
2026-10-04T22:33:44.878803+05:30,GET,GET /jobs/{id}/,21.76,ok,
2026-10-04T22:33:44.879460+05:30,GET,GET /jobs/{id}/,22.96,ok,
2026-10-04T22:33:44.927774+05:30,POST,POST /jobs/,22.0,ok,
2026-10-04T22:33:44.936660+05:30,POST,POST /jobs/,21.09,ok,
2026-10-04T22:33:44.980780+05:30,GET,GET /jobs/stats/,23.83,ok,
2026-10-04T22:33:44.998497+05:30,GET,GET /jobs/{id}/,23.75,ok,
2026-10-04T22:33:44.999621+05:30,POST,POST /jobs/,25.43,ok,
2026-10-04T22:33:45.027451+05:30,GET,GET /health/,20.54,ok,
2026-10-04T22:33:45.122981+05:30,GET,GET /jobs/{id}/,20.12,ok,
2026-10-04T22:33:45.130650+05:30,POST,POST /jobs/,27.25,ok,
2026-10-04T22:33:45.131309+05:30,GET,GET /jobs/{id}/,20.58,ok,
2026-10-04T22:33:45.165435+05:30,POST,POST /jobs/,22.8,ok,
2026-10-04T22:33:45.209551+05:30,GET,GET /health/,18.8,ok,
2026-10-04T22:33:45.242055+05:30,GET,GET /jobs/{id}/,19.17,ok,
2026-10-04T22:33:45.282232+05:30,GET,GET /jobs/{id}/,17.87,ok,
2026-10-04T22:33:45.350393+05:30,POST,POST /jobs/,22.81,ok,
2026-10-04T22:33:45.368046+05:30,GET,GET /jobs/{id}/,21.56,ok,
2026-10-04T22:33:45.394797+05:30,GET,GET /jobs/{id}/,18.46,ok,
2026-10-04T22:33:45.403606+05:30,POST,POST /jobs/,21.25,ok,
2026-10-04T22:33:45.435811+05:30,GET,GET /jobs/{id}/,23.9,ok,
2026-10-04T22:33:45.448846+05:30,POST,POST /jobs/,20.83,ok,
2026-10-04T22:33:45.480500+05:30,GET,GET /jobs/{id}/,29.3,ok,
2026-10-04T22:33:45.482701+05:30,POST,POST /jobs/,29.62,ok,
2026-10-04T22:33:45.494551+05:30,GET,GET /jobs/{id}/,23.55,ok,
2026-10-04T22:33:45.502301+05:30,GET,GET /jobs/{id}/,26.56,ok,
2026-10-04T22:33:45.502930+05:30,GET,GET /jobs/stats/,31.1,ok,
2026-10-04T22:33:45.517234+05:30,GET,GET /jobs/{id}/,19.39,ok,
2026-10-04T22:33:45.528526+05:30,GET,GET /health/,18.33,ok,
2026-10-04T22:33:45.541072+05:30,POST,POST /jobs/,23.67,ok,
2026-10-04T22:33:45.544666+05:30,POST,POST /jobs/,25.47,ok,
2026-10-04T22:33:45.581894+05:30,POST,POST /jobs/,38.41,ok,
2026-10-04T22:33:45.589760+05:30,GET,GET /jobs/stats/,36.55,ok,
2026-10-04T22:33:45.596737+05:30,GET,GET /jobs/{id}/,26.55,ok,
2026-10-04T22:33:45.611441+05:30,POST,POST /jobs/,26.26,ok,
2026-10-04T22:33:45.624512+05:30,GET,GET /jobs/{id}/,24.49,ok,
2026-10-04T22:33:45.631064+05:30,GET,GET /jobs/{id}/,27.34,ok,
2026-10-04T22:33:45.640491+05:30,GET,GET /jobs/{id}/,21.68,ok,
2026-10-04T22:33:45.659273+05:30,POST,POST /jobs/,23.9,ok,
2026-10-04T22:33:45.674883+05:30,GET,GET /health/,19.98,ok,
2026-10-04T22:33:45.687728+05:30,GET,GET /jobs/stats/,26.18,ok,
2026-10-04T22:33:45.707134+05:30,POST,POST /jobs/,23.98,ok,
2026-10-04T22:33:45.712882+05:30,GET,GET /jobs/{id}/,20.9,ok,
2026-10-04T22:33:45.726427+05:30,POST,POST /jobs/,23.34,ok,
2026-10-04T22:33:45.741884+05:30,POST,POST /jobs/,22.74,ok,
2026-10-04T22:33:45.755545+05:30,GET,GET /jobs/{id}/,19.81,ok,
2026-10-04T22:33:45.770263+05:30,GET,GET /jobs/{id}/,19.06,ok,
2026-10-04T22:33:45.865873+05:30,GET,GET /jobs/stats/,24.27,ok,
2026-10-04T22:33:45.875757+05:30,GET,GET /jobs/{id}/,18.1,ok,
2026-10-04T22:33:45.883294+05:30,POST,POST /jobs/,21.62,ok,
2026-10-04T22:33:45.911233+05:30,GET,GET /jobs/stats/,23.7,ok,
2026-10-04T22:33:45.955959+05:30,GET,GET /jobs/{id}/,22.4,ok,
2026-10-04T22:33:45.964221+05:30,GET,GET /jobs/{id}/,21.61,ok,
2026-10-04T22:33:45.968239+05:30,GET,GET /jobs/{id}/,21.22,ok,
2026-10-04T22:33:46.011686+05:30,POST,POST /jobs/,31.05,ok,
2026-10-04T22:33:46.033609+05:30,POST,POST /jobs/,34.09,ok,
2026-10-04T22:33:46.045041+05:30,GET,GET /jobs/{id}/,19.98,ok,
2026-10-04T22:33:46.080542+05:30,GET,GET /jobs/{id}/,19.94,ok,
2026-10-04T22:33:46.102092+05:30,GET,GET /jobs/stats/,28.5,ok,
2026-10-04T22:33:46.102667+05:30,POST,POST /jobs/,23.99,ok,
2026-10-04T22:33:46.111872+05:30,GET,GET /jobs/{id}/,21.01,ok,
2026-10-04T22:33:46.112476+05:30,GET,GET /jobs/{id}/,26.58,ok,
2026-10-04T22:33:46.121412+05:30,GET,GET /jobs/{id}/,18.58,ok,
2026-10-04T22:33:46.173309+05:30,GET,GET /health/,22.64,ok,
2026-10-04T22:33:46.210271+05:30,POST,POST /jobs/,20.66,ok,
2026-10-04T22:33:46.261657+05:30,GET,GET /health/,19.08,ok,
2026-10-04T22:33:46.267302+05:30,GET,GET /health/,17.75,ok,
2026-10-04T22:33:46.286777+05:30,GET,GET /jobs/{id}/,24.9,ok,
2026-10-04T22:33:46.307037+05:30,POST,POST /jobs/,26.42,ok,
2026-10-04T22:33:46.307734+05:30,POST,POST /jobs/,23.34,ok,
2026-10-04T22:33:46.401860+05:30,POST,POST /jobs/,21.81,ok,
2026-10-04T22:33:46.416242+05:30,GET,GET /jobs/{id}/,22.04,ok,
2026-10-04T22:33:46.447220+05:30,GET,GET /jobs/{id}/,18.58,ok,
2026-10-04T22:33:46.467133+05:30,GET,GET /jobs/{id}/,22.45,ok,
2026-10-04T22:33:46.487254+05:30,POST,POST /jobs/,24.72,ok,
2026-10-04T22:33:46.500112+05:30,POST,POST /jobs/,22.66,ok,
2026-10-04T22:33:46.509290+05:30,POST,POST /jobs/,26.73,ok,
2026-10-04T22:33:46.516982+05:30,GET,GET /jobs/{id}/,25.47,ok,
2026-10-04T22:33:46.551885+05:30,GET,GET /jobs/{id}/,18.52,ok,
2026-10-04T22:33:46.570445+05:30,GET,GET /health/,18.4,ok,
2026-10-04T22:33:46.579700+05:30,POST,POST /jobs/,23.78,ok,
2026-10-04T22:33:46.590368+05:30,GET,GET /jobs/{id}/,21.25,ok,
2026-10-04T22:33:46.606750+05:30,GET,GET /jobs/{id}/,19.73,ok,
2026-10-04T22:33:46.615174+05:30,GET,GET /jobs/{id}/,19.51,ok,
2026-10-04T22:33:46.682537+05:30,GET,GET /health/,19.05,ok,
2026-10-04T22:33:46.693428+05:30,GET,GET /health/,18.92,ok,
2026-10-04T22:33:46.746110+05:30,GET,GET /jobs/{id}/,20.37,ok,
2026-10-04T22:33:46.752960+05:30,GET,GET /jobs/{id}/,21.23,ok,
2026-10-04T22:33:46.763804+05:30,GET,GET /jobs/{id}/,21.93,ok,
2026-10-04T22:33:46.773660+05:30,GET,GET /jobs/{id}/,19.45,ok,
2026-10-04T22:33:46.793031+05:30,GET,GET /health/,18.15,ok,
2026-10-04T22:33:46.850403+05:30,GET,GET /health/,25.8,ok,
2026-10-04T22:33:46.851051+05:30,POST,POST /jobs/,28.52,ok,
2026-10-04T22:33:46.861144+05:30,GET,GET /jobs/stats/,27.71,ok,
2026-10-04T22:33:46.866129+05:30,POST,POST /jobs/,33.61,ok,
2026-10-04T22:33:46.881453+05:30,GET,GET /jobs/{id}/,37.81,ok,
2026-10-04T22:33:46.890671+05:30,POST,POST /jobs/,37.28,ok,
2026-10-04T22:33:46.896987+05:30,GET,GET /jobs/{id}/,26.51,ok,
2026-10-04T22:33:46.945341+05:30,POST,POST /jobs/,20.93,ok,
2026-10-04T22:33:46.947787+05:30,GET,GET /jobs/{id}/,18.7,ok,
2026-10-04T22:33:46.953472+05:30,POST,POST /jobs/,25.09,ok,
2026-10-04T22:33:46.979958+05:30,GET,GET /jobs/{id}/,18.19,ok,
2026-10-04T22:33:47.048442+05:30,POST,POST /jobs/,29.15,ok,
2026-10-04T22:33:47.087554+05:30,GET,GET /jobs/stats/,22.78,ok,
2026-10-04T22:33:47.123873+05:30,GET,GET /jobs/stats/,21.0,ok,
2026-10-04T22:33:47.135564+05:30,GET,GET /jobs/{id}/,18.62,ok,
2026-10-04T22:33:47.170965+05:30,GET,GET /jobs/{id}/,18.06,ok,
2026-10-04T22:33:47.254701+05:30,GET,GET /health/,19.14,ok,
2026-10-04T22:33:47.300567+05:30,GET,GET /jobs/{id}/,18.52,ok,
2026-10-04T22:33:47.309985+05:30,POST,POST /jobs/,23.9,ok,
2026-10-04T22:33:47.310779+05:30,GET,GET /jobs/{id}/,24.13,ok,
2026-10-04T22:33:47.365635+05:30,POST,POST /jobs/,24.47,ok,
2026-10-04T22:33:47.375322+05:30,GET,GET /jobs/stats/,25.32,ok,
2026-10-04T22:33:47.386909+05:30,POST,POST /jobs/,26.84,ok,
2026-10-04T22:33:47.395807+05:30,GET,GET /health/,20.35,ok,
2026-10-04T22:33:47.396403+05:30,GET,GET /health/,22.14,ok,
2026-10-04T22:33:47.434824+05:30,POST,POST /jobs/,21.08,ok,
2026-10-04T22:33:47.465654+05:30,GET,GET /jobs/{id}/,18.51,ok,
2026-10-04T22:33:47.476867+05:30,GET,GET /health/,20.71,ok,
2026-10-04T22:33:47.486549+05:30,GET,GET /health/,20.76,ok,
2026-10-04T22:33:47.504393+05:30,POST,POST /jobs/,22.21,ok,
2026-10-04T22:33:47.508664+05:30,GET,GET /health/,23.58,ok,
2026-10-04T22:33:47.511775+05:30,GET,GET /jobs/stats/,26.02,ok,
2026-10-04T22:33:47.534808+05:30,GET,GET /jobs/{id}/,17.75,ok,
2026-10-04T22:33:47.557822+05:30,GET,GET /jobs/{id}/,18.75,ok,
2026-10-04T22:33:47.631311+05:30,GET,GET /jobs/{id}/,22.19,ok,
2026-10-04T22:33:47.645360+05:30,POST,POST /jobs/,24.86,ok,
2026-10-04T22:33:47.645942+05:30,GET,GET /jobs/{id}/,21.17,ok,
2026-10-04T22:33:47.655460+05:30,POST,POST /jobs/,25.26,ok,
2026-10-04T22:33:47.667848+05:30,POST,POST /jobs/,24.17,ok,
2026-10-04T22:33:47.691978+05:30,POST,POST /jobs/,21.81,ok,
2026-10-04T22:33:47.732645+05:30,POST,POST /jobs/,21.33,ok,
2026-10-04T22:33:47.740100+05:30,GET,GET /health/,18.78,ok,
2026-10-04T22:33:47.781888+05:30,POST,POST /jobs/,29.36,ok,
2026-10-04T22:33:47.782592+05:30,POST,POST /jobs/,29.37,ok,
2026-10-04T22:33:47.796963+05:30,POST,POST /jobs/,26.9,ok,
2026-10-04T22:33:47.850232+05:30,GET,GET /jobs/{id}/,18.76,ok,
2026-10-04T22:33:47.917879+05:30,GET,GET /jobs/{id}/,18.32,ok,
2026-10-04T22:33:47.921970+05:30,GET,GET /jobs/{id}/,19.3,ok,
2026-10-04T22:33:47.948206+05:30,POST,POST /jobs/,20.95,ok,
2026-10-04T22:33:47.969086+05:30,GET,GET /jobs/{id}/,18.57,ok,
2026-10-04T22:33:47.999348+05:30,POST,POST /jobs/,21.96,ok,
2026-10-04T22:33:48.049542+05:30,GET,GET /jobs/{id}/,20.86,ok,
2026-10-04T22:33:48.057410+05:30,GET,GET /jobs/{id}/,25.63,ok,
2026-10-04T22:33:48.076006+05:30,GET,GET /health/,21.06,ok,
2026-10-04T22:33:48.080681+05:30,GET,GET /jobs/{id}/,20.95,ok,
2026-10-04T22:33:48.101955+05:30,POST,POST /jobs/,22.59,ok,
2026-10-04T22:33:48.123536+05:30,GET,GET /health/,18.24,ok,
2026-10-04T22:33:48.152633+05:30,GET,GET /jobs/stats/,23.78,ok,
2026-10-04T22:33:48.157861+05:30,GET,GET /jobs/{id}/,19.99,ok,
2026-10-04T22:33:48.165288+05:30,GET,GET /health/,18.64,ok,
2026-10-04T22:33:48.179090+05:30,GET,GET /jobs/{id}/,18.94,ok,
2026-10-04T22:33:48.246009+05:30,POST,POST /jobs/,21.62,ok,
2026-10-04T22:33:48.295041+05:30,POST,POST /jobs/,23.5,ok,
2026-10-04T22:33:48.315401+05:30,GET,GET /jobs/{id}/,19.07,ok,
2026-10-04T22:33:48.363670+05:30,POST,POST /jobs/,21.9,ok,
2026-10-04T22:33:48.379148+05:30,POST,POST /jobs/,25.15,ok,
2026-10-04T22:33:48.388035+05:30,GET,GET /jobs/stats/,22.12,ok,
2026-10-04T22:33:48.429814+05:30,GET,GET /jobs/{id}/,20.28,ok,
2026-10-04T22:33:48.440477+05:30,GET,GET /jobs/stats/,20.97,ok,
2026-10-04T22:33:48.457729+05:30,GET,GET /jobs/{id}/,17.08,ok,
2026-10-04T22:33:48.500205+05:30,GET,GET /jobs/{id}/,17.92,ok,
2026-10-04T22:33:48.510464+05:30,GET,GET /jobs/{id}/,19.22,ok,
2026-10-04T22:33:48.510903+05:30,GET,GET /health/,21.66,ok,
2026-10-04T22:33:48.543630+05:30,POST,POST /jobs/,20.46,ok,
2026-10-04T22:33:48.569667+05:30,POST,POST /jobs/,25.86,ok,
2026-10-04T22:33:48.576352+05:30,GET,GET /jobs/{id}/,24.57,ok,
2026-10-04T22:33:48.588985+05:30,GET,GET /jobs/stats/,29.22,ok,
2026-10-04T22:33:48.604118+05:30,POST,POST /jobs/,36.13,ok,
2026-10-04T22:33:48.618909+05:30,GET,GET /jobs/{id}/,25.99,ok,
2026-10-04T22:33:48.622592+05:30,GET,GET /jobs/stats/,25.16,ok,
2026-10-04T22:33:48.664039+05:30,GET,GET /jobs/stats/,21.18,ok,
2026-10-04T22:33:48.677251+05:30,GET,GET /jobs/{id}/,18.38,ok,
2026-10-04T22:33:48.701275+05:30,GET,GET /jobs/{id}/,17.71,ok,
2026-10-04T22:33:48.740678+05:30,POST,POST /jobs/,21.11,ok,
2026-10-04T22:33:48.746626+05:30,POST,POST /jobs/,20.98,ok,
2026-10-04T22:33:48.769321+05:30,GET,GET /jobs/{id}/,20.43,ok,
2026-10-04T22:33:48.821593+05:30,GET,GET /jobs/{id}/,18.81,ok,
2026-10-04T22:33:48.835508+05:30,GET,GET /jobs/{id}/,18.68,ok,
2026-10-04T22:33:48.835970+05:30,POST,POST /jobs/,23.17,ok,
2026-10-04T22:33:48.918390+05:30,GET,GET /jobs/{id}/,21.13,ok,
2026-10-04T22:33:48.933046+05:30,GET,GET /jobs/{id}/,18.69,ok,
2026-10-04T22:33:48.979984+05:30,POST,POST /jobs/,20.65,ok,
2026-10-04T22:33:49.005365+05:30,POST,POST /jobs/,21.06,ok,
2026-10-04T22:33:49.028927+05:30,GET,GET /jobs/stats/,24.92,ok,
2026-10-04T22:33:49.053090+05:30,GET,GET /jobs/{id}/,21.9,ok,
2026-10-04T22:33:49.068442+05:30,POST,POST /jobs/,30.29,ok,
2026-10-04T22:33:49.070938+05:30,GET,GET /jobs/{id}/,24.77,ok,
2026-10-04T22:33:49.072813+05:30,GET,GET /jobs/{id}/,25.2,ok,
2026-10-04T22:33:49.089112+05:30,GET,GET /jobs/{id}/,27.33,ok,
2026-10-04T22:33:49.089741+05:30,GET,GET /jobs/{id}/,29.76,ok,
2026-10-04T22:33:49.098633+05:30,GET,GET /jobs/{id}/,22.54,ok,
2026-10-04T22:33:49.162112+05:30,GET,GET /jobs/{id}/,20.04,ok,
2026-10-04T22:33:49.162594+05:30,GET,GET /jobs/{id}/,20.06,ok,
2026-10-04T22:33:49.237203+05:30,GET,GET /jobs/{id}/,20.34,ok,
2026-10-04T22:33:49.252823+05:30,GET,GET /jobs/{id}/,20.93,ok,
2026-10-04T22:33:49.286429+05:30,GET,GET /jobs/{id}/,18.3,ok,
2026-10-04T22:33:49.343842+05:30,GET,GET /jobs/{id}/,18.12,ok,
2026-10-04T22:33:49.385210+05:30,GET,GET /jobs/{id}/,18.05,ok,
2026-10-04T22:33:49.418789+05:30,GET,GET /health/,18.26,ok,
2026-10-04T22:33:49.427354+05:30,GET,GET /jobs/{id}/,18.82,ok,
2026-10-04T22:33:49.439407+05:30,POST,POST /jobs/,21.81,ok,
2026-10-04T22:33:49.488495+05:30,GET,GET /jobs/{id}/,19.66,ok,
2026-10-04T22:33:49.499254+05:30,GET,GET /jobs/stats/,22.51,ok,
2026-10-04T22:33:49.501835+05:30,GET,GET /jobs/{id}/,19.28,ok,
2026-10-04T22:33:49.502310+05:30,GET,GET /health/,20.69,ok,
2026-10-04T22:33:49.535421+05:30,GET,GET /health/,18.85,ok,
2026-10-04T22:33:49.539034+05:30,GET,GET /jobs/{id}/,17.85,ok,
2026-10-04T22:33:49.547780+05:30,POST,POST /jobs/,22.57,ok,
2026-10-04T22:33:49.576286+05:30,POST,POST /jobs/,23.26,ok,
2026-10-04T22:33:49.622467+05:30,POST,POST /jobs/,20.46,ok,
2026-10-04T22:33:49.651510+05:30,GET,GET /jobs/{id}/,18.71,ok,
2026-10-04T22:33:49.658292+05:30,GET,GET /jobs/{id}/,19.43,ok,
2026-10-04T22:33:49.666340+05:30,POST,POST /jobs/,21.5,ok,
2026-10-04T22:33:49.701433+05:30,POST,POST /jobs/,20.79,ok,
2026-10-04T22:33:49.724760+05:30,GET,GET /jobs/{id}/,21.02,ok,
2026-10-04T22:33:49.837311+05:30,GET,GET /jobs/{id}/,18.16,ok,
2026-10-04T22:33:49.856904+05:30,GET,GET /jobs/{id}/,18.3,ok,
2026-10-04T22:33:49.873732+05:30,POST,POST /jobs/,22.17,ok,
2026-10-04T22:33:49.884086+05:30,GET,GET /jobs/{id}/,19.9,ok,
2026-10-04T22:33:49.909460+05:30,GET,GET /jobs/{id}/,19.03,ok,
2026-10-04T22:33:49.958709+05:30,POST,POST /jobs/,28.92,ok,
2026-10-04T22:33:49.965835+05:30,GET,GET /health/,32.05,ok,
2026-10-04T22:33:49.967115+05:30,GET,GET /health/,31.29,ok,
2026-10-04T22:33:49.986423+05:30,GET,GET /jobs/stats/,38.64,ok,
2026-10-04T22:33:49.999117+05:30,GET,GET /jobs/{id}/,21.71,ok,
2026-10-04T22:33:50.010333+05:30,POST,POST /jobs/,23.7,ok,
2026-10-04T22:33:50.018042+05:30,POST,POST /jobs/,24.18,ok,
2026-10-04T22:33:50.041355+05:30,GET,GET /jobs/{id}/,18.02,ok,
2026-10-04T22:33:50.072650+05:30,GET,GET /health/,19.98,ok,
2026-10-04T22:33:50.122431+05:30,GET,GET /jobs/{id}/,25.44,ok,
2026-10-04T22:33:50.127152+05:30,POST,POST /jobs/,25.09,ok,
2026-10-04T22:33:50.143308+05:30,GET,GET /jobs/{id}/,35.2,ok,
2026-10-04T22:33:50.143786+05:30,GET,GET /jobs/{id}/,30.42,ok,
2026-10-04T22:33:50.149791+05:30,GET,GET /jobs/{id}/,32.19,ok,
2026-10-04T22:33:50.204568+05:30,GET,GET /jobs/{id}/,59.51,ok,
2026-10-04T22:33:50.205043+05:30,GET,GET /jobs/{id}/,56.19,ok,
2026-10-04T22:33:50.211164+05:30,GET,GET /jobs/{id}/,23.84,ok,
2026-10-04T22:33:50.238531+05:30,GET,GET /jobs/{id}/,17.97,ok,
2026-10-04T22:33:50.244547+05:30,GET,GET /jobs/{id}/,19.02,ok,
2026-10-04T22:33:50.271597+05:30,GET,GET /jobs/stats/,21.8,ok,
2026-10-04T22:33:50.321117+05:30,GET,GET /jobs/{id}/,18.0,ok,
2026-10-04T22:33:50.342706+05:30,GET,GET /health/,18.34,ok,
2026-10-04T22:33:50.345622+05:30,GET,GET /jobs/{id}/,18.23,ok,
2026-10-04T22:33:50.378427+05:30,POST,POST /jobs/,21.51,ok,
2026-10-04T22:33:50.383825+05:30,GET,GET /jobs/stats/,23.83,ok,
2026-10-04T22:33:50.416890+05:30,GET,GET /jobs/{id}/,17.74,ok,
2026-10-04T22:33:50.481684+05:30,POST,POST /jobs/,20.5,ok,
2026-10-04T22:33:50.536974+05:30,POST,POST /jobs/,22.77,ok,
2026-10-04T22:33:50.544860+05:30,GET,GET /jobs/{id}/,24.57,ok,
2026-10-04T22:33:50.554336+05:30,GET,GET /jobs/stats/,25.01,ok,
2026-10-04T22:33:50.581584+05:30,GET,GET /jobs/{id}/,18.96,ok,
2026-10-04T22:33:50.591749+05:30,GET,GET /jobs/stats/,22.05,ok,
2026-10-04T22:33:50.617198+05:30,POST,POST /jobs/,21.15,ok,
2026-10-04T22:33:50.647625+05:30,GET,GET /health/,18.15,ok,
2026-10-04T22:33:50.686510+05:30,GET,GET /jobs/{id}/,18.58,ok,
2026-10-04T22:33:50.712245+05:30,POST,POST /jobs/,20.45,ok,
2026-10-04T22:33:50.738349+05:30,GET,GET /jobs/{id}/,17.68,ok,
2026-10-04T22:33:50.809690+05:30,POST,POST /jobs/,21.03,ok,
2026-10-04T22:33:50.827995+05:30,GET,GET /jobs/{id}/,20.26,ok,
2026-10-04T22:33:50.841149+05:30,GET,GET /jobs/{id}/,24.15,ok,
2026-10-04T22:33:50.858471+05:30,GET,GET /jobs/{id}/,20.14,ok,
2026-10-04T22:33:50.862065+05:30,POST,POST /jobs/,19.66,ok,
2026-10-04T22:33:50.884793+05:30,GET,GET /health/,18.51,ok,
2026-10-04T22:33:50.895966+05:30,GET,GET /jobs/stats/,23.85,ok,
2026-10-04T22:33:50.919673+05:30,GET,GET /jobs/{id}/,18.43,ok,
2026-10-04T22:33:50.975283+05:30,GET,GET /jobs/{id}/,18.98,ok,
2026-10-04T22:33:50.976786+05:30,GET,GET /health/,21.83,ok,
2026-10-04T22:33:51.018330+05:30,POST,POST /jobs/,24.24,ok,
2026-10-04T22:33:51.027966+05:30,GET,GET /health/,19.39,ok,
2026-10-04T22:33:51.033604+05:30,GET,GET /jobs/{id}/,19.77,ok,
2026-10-04T22:33:51.034815+05:30,GET,GET /health/,17.53,ok,
2026-10-04T22:33:51.104999+05:30,GET,GET /jobs/{id}/,17.7,ok,
2026-10-04T22:33:51.144672+05:30,POST,POST /jobs/,25.34,ok,
2026-10-04T22:33:51.145395+05:30,POST,POST /jobs/,22.02,ok,
2026-10-04T22:33:51.172675+05:30,POST,POST /jobs/,24.01,ok,
2026-10-04T22:33:51.187308+05:30,GET,GET /health/,21.35,ok,
2026-10-04T22:33:51.261009+05:30,GET,GET /jobs/{id}/,20.36,ok,
2026-10-04T22:33:51.273024+05:30,GET,GET /jobs/{id}/,18.35,ok,
2026-10-04T22:33:51.301064+05:30,GET,GET /jobs/stats/,24.79,ok,
2026-10-04T22:33:51.301528+05:30,POST,POST /jobs/,24.7,ok,
2026-10-04T22:33:51.346006+05:30,POST,POST /jobs/,21.19,ok,
2026-10-04T22:33:51.353929+05:30,GET,GET /jobs/{id}/,20.0,ok,
2026-10-04T22:33:51.376859+05:30,GET,GET /jobs/{id}/,19.65,ok,
2026-10-04T22:33:51.383948+05:30,GET,GET /jobs/{id}/,19.78,ok,
2026-10-04T22:33:51.391061+05:30,GET,GET /jobs/{id}/,17.69,ok,
2026-10-04T22:33:51.426575+05:30,GET,GET /health/,18.25,ok,
2026-10-04T22:33:51.445184+05:30,GET,GET /jobs/{id}/,18.44,ok,
2026-10-04T22:33:51.452818+05:30,POST,POST /jobs/,23.21,ok,
2026-10-04T22:33:51.456136+05:30,POST,POST /jobs/,23.58,ok,
2026-10-04T22:33:51.472354+05:30,GET,GET /jobs/{id}/,20.79,ok,
2026-10-04T22:33:51.489676+05:30,GET,GET /jobs/stats/,29.33,ok,
2026-10-04T22:33:51.492495+05:30,GET,GET /health/,18.87,ok,
2026-10-04T22:33:51.505902+05:30,POST,POST /jobs/,23.35,ok,
2026-10-04T22:33:51.537729+05:30,POST,POST /jobs/,20.53,ok,
2026-10-04T22:33:51.571019+05:30,GET,GET /jobs/stats/,21.03,ok,
2026-10-04T22:33:51.609050+05:30,GET,GET /jobs/{id}/,17.7,ok,
2026-10-04T22:33:51.668528+05:30,GET,GET /health/,20.2,ok,
2026-10-04T22:33:51.680671+05:30,GET,GET /jobs/stats/,22.14,ok,
2026-10-04T22:33:51.712841+05:30,POST,POST /jobs/,24.85,ok,
2026-10-04T22:33:51.719816+05:30,POST,POST /jobs/,28.76,ok,
2026-10-04T22:33:51.727705+05:30,GET,GET /jobs/{id}/,29.29,ok,
2026-10-04T22:33:51.728551+05:30,GET,GET /health/,30.65,ok,
2026-10-04T22:33:51.760625+05:30,GET,GET /health/,36.82,ok,
2026-10-04T22:33:51.761320+05:30,POST,POST /jobs/,40.22,ok,
2026-10-04T22:33:51.761698+05:30,GET,GET /jobs/{id}/,33.02,ok,
2026-10-04T22:33:51.771986+05:30,GET,GET /jobs/stats/,42.06,ok,
2026-10-04T22:33:51.883750+05:30,POST,POST /jobs/,22.24,ok,
2026-10-04T22:33:51.898679+05:30,GET,GET /jobs/{id}/,23.85,ok,
2026-10-04T22:33:51.948438+05:30,GET,GET /jobs/{id}/,18.38,ok,
2026-10-04T22:33:51.972238+05:30,POST,POST /jobs/,26.17,ok,
2026-10-04T22:33:51.997665+05:30,GET,GET /jobs/stats/,32.93,ok,
2026-10-04T22:33:51.998205+05:30,GET,GET /jobs/{id}/,20.7,ok,
2026-10-04T22:33:52.001748+05:30,GET,GET /jobs/{id}/,21.27,ok,
2026-10-04T22:33:52.010238+05:30,GET,GET /jobs/{id}/,25.79,ok,
2026-10-04T22:33:52.030653+05:30,GET,GET /jobs/{id}/,24.6,ok,
2026-10-04T22:33:52.037958+05:30,GET,GET /jobs/{id}/,25.86,ok,
2026-10-04T22:33:52.051700+05:30,POST,POST /jobs/,20.89,ok,
2026-10-04T22:33:52.087284+05:30,GET,GET /jobs/stats/,32.32,ok,
2026-10-04T22:33:52.095362+05:30,POST,POST /jobs/,28.35,ok,
2026-10-04T22:33:52.102676+05:30,GET,GET /jobs/{id}/,19.54,ok,
2026-10-04T22:33:52.174193+05:30,GET,GET /health/,18.86,ok,
2026-10-04T22:33:52.211754+05:30,GET,GET /jobs/{id}/,18.24,ok,
2026-10-04T22:33:52.225689+05:30,GET,GET /health/,18.17,ok,
2026-10-04T22:33:52.265425+05:30,GET,GET /jobs/{id}/,18.39,ok,
2026-10-04T22:33:52.328301+05:30,POST,POST /jobs/,20.57,ok,
2026-10-04T22:33:52.339076+05:30,GET,GET /jobs/stats/,25.22,ok,
2026-10-04T22:33:52.387832+05:30,GET,GET /health/,18.47,ok,
2026-10-04T22:33:52.434366+05:30,POST,POST /jobs/,21.21,ok,
2026-10-04T22:33:52.476280+05:30,GET,GET /jobs/{id}/,18.59,ok,
2026-10-04T22:33:52.484134+05:30,GET,GET /jobs/stats/,22.47,ok,
2026-10-04T22:33:52.529710+05:30,POST,POST /jobs/,22.06,ok,
2026-10-04T22:33:52.551400+05:30,GET,GET /health/,21.54,ok,
2026-10-04T22:33:52.552059+05:30,POST,POST /jobs/,23.68,ok,
2026-10-04T22:33:52.626293+05:30,POST,POST /jobs/,24.89,ok,
2026-10-04T22:33:52.626910+05:30,GET,GET /jobs/{id}/,23.5,ok,
2026-10-04T22:33:52.627268+05:30,GET,GET /jobs/{id}/,20.51,ok,
2026-10-04T22:33:52.640557+05:30,POST,POST /jobs/,26.72,ok,
2026-10-04T22:33:52.657983+05:30,GET,GET /jobs/{id}/,24.4,ok,
2026-10-04T22:33:52.674684+05:30,GET,GET /jobs/stats/,22.91,ok,
2026-10-04T22:33:52.699823+05:30,GET,GET /jobs/{id}/,17.84,ok,
2026-10-04T22:33:52.774216+05:30,GET,GET /jobs/{id}/,18.74,ok,
2026-10-04T22:33:52.782711+05:30,POST,POST /jobs/,20.21,ok,
2026-10-04T22:33:52.805418+05:30,GET,GET /health/,18.48,ok,
2026-10-04T22:33:52.808476+05:30,POST,POST /jobs/,20.7,ok,
2026-10-04T22:33:52.855324+05:30,GET,GET /jobs/{id}/,17.49,ok,
2026-10-04T22:33:52.881376+05:30,POST,POST /jobs/,20.78,ok,
2026-10-04T22:33:52.900980+05:30,GET,GET /jobs/{id}/,18.36,ok,
2026-10-04T22:33:52.904748+05:30,GET,GET /jobs/{id}/,19.14,ok,
2026-10-04T22:33:52.944677+05:30,GET,GET /jobs/{id}/,20.6,ok,
2026-10-04T22:33:52.946596+05:30,GET,GET /jobs/{id}/,17.5,ok,
2026-10-04T22:33:52.975106+05:30,GET,GET /jobs/{id}/,22.24,ok,
2026-10-04T22:33:52.975625+05:30,GET,GET /jobs/{id}/,20.8,ok,
2026-10-04T22:33:52.987765+05:30,GET,GET /jobs/{id}/,19.68,ok,
2026-10-04T22:33:53.007647+05:30,GET,GET /health/,18.63,ok,
2026-10-04T22:33:53.024359+05:30,GET,GET /jobs/{id}/,21.91,ok,
2026-10-04T22:33:53.031421+05:30,GET,GET /jobs/{id}/,20.48,ok,
2026-10-04T22:33:53.035871+05:30,GET,GET /jobs/{id}/,18.94,ok,
2026-10-04T22:33:53.046421+05:30,POST,POST /jobs/,28.64,ok,
2026-10-04T22:33:53.056965+05:30,GET,GET /jobs/{id}/,22.28,ok,
2026-10-04T22:33:53.075930+05:30,POST,POST /jobs/,24.15,ok,
2026-10-04T22:33:53.116011+05:30,GET,GET /jobs/stats/,21.79,ok,
2026-10-04T22:33:53.131279+05:30,POST,POST /jobs/,21.04,ok,
2026-10-04T22:33:53.181397+05:30,GET,GET /jobs/{id}/,31.97,ok,
2026-10-04T22:33:53.182076+05:30,GET,GET /jobs/{id}/,31.76,ok,
2026-10-04T22:33:53.182534+05:30,GET,GET /jobs/stats/,33.99,ok,
2026-10-04T22:33:53.186189+05:30,GET,GET /jobs/{id}/,27.02,ok,
2026-10-04T22:33:53.196141+05:30,GET,GET /jobs/stats/,28.97,ok,
2026-10-04T22:33:53.204001+05:30,GET,GET /jobs/stats/,32.63,ok,
2026-10-04T22:33:53.226392+05:30,GET,GET /jobs/{id}/,24.0,ok,
2026-10-04T22:33:53.278445+05:30,GET,GET /jobs/{id}/,19.75,ok,
2026-10-04T22:33:53.289995+05:30,POST,POST /jobs/,25.25,ok,
2026-10-04T22:33:53.311675+05:30,GET,GET /jobs/{id}/,21.49,ok,
2026-10-04T22:33:53.363544+05:30,POST,POST /jobs/,21.58,ok,
2026-10-04T22:33:53.377248+05:30,POST,POST /jobs/,23.66,ok,
2026-10-04T22:33:53.397254+05:30,GET,GET /jobs/{id}/,17.75,ok,
2026-10-04T22:33:53.478825+05:30,GET,GET /jobs/stats/,21.28,ok,
2026-10-04T22:33:53.501473+05:30,GET,GET /jobs/{id}/,19.36,ok,
2026-10-04T22:33:53.509863+05:30,GET,GET /jobs/{id}/,17.79,ok,
2026-10-04T22:33:53.515349+05:30,GET,GET /jobs/{id}/,19.19,ok,
2026-10-04T22:33:53.579273+05:30,GET,GET /jobs/stats/,22.67,ok,
2026-10-04T22:33:53.595049+05:30,GET,GET /jobs/stats/,21.38,ok,
2026-10-04T22:33:53.615544+05:30,POST,POST /jobs/,20.33,ok,
2026-10-04T22:33:53.625042+05:30,GET,GET /jobs/{id}/,18.91,ok,
2026-10-04T22:33:53.680087+05:30,POST,POST /jobs/,28.66,ok,
2026-10-04T22:33:53.680633+05:30,POST,POST /jobs/,26.25,ok,
2026-10-04T22:33:53.684290+05:30,GET,GET /jobs/{id}/,20.93,ok,
2026-10-04T22:33:53.770228+05:30,POST,POST /jobs/,24.66,ok,
2026-10-04T22:33:53.829656+05:30,GET,GET /jobs/{id}/,20.09,ok,
2026-10-04T22:33:53.831464+05:30,POST,POST /jobs/,21.0,ok,
2026-10-04T22:33:53.867810+05:30,POST,POST /jobs/,22.07,ok,
2026-10-04T22:33:53.875583+05:30,GET,GET /jobs/{id}/,20.89,ok,
2026-10-04T22:33:53.876117+05:30,GET,GET /health/,23.38,ok,
2026-10-04T22:33:53.892749+05:30,GET,GET /jobs/{id}/,22.67,ok,
2026-10-04T22:33:53.955350+05:30,POST,POST /jobs/,21.0,ok,
2026-10-04T22:33:54.014632+05:30,POST,POST /jobs/,21.97,ok,
2026-10-04T22:33:54.031559+05:30,GET,GET /jobs/stats/,24.87,ok,
2026-10-04T22:33:54.038722+05:30,GET,GET /jobs/{id}/,19.78,ok,
2026-10-04T22:33:54.045629+05:30,GET,GET /jobs/{id}/,17.73,ok,
2026-10-04T22:33:54.091319+05:30,GET,GET /jobs/stats/,27.41,ok,
2026-10-04T22:33:54.091864+05:30,POST,POST /jobs/,22.44,ok,
2026-10-04T22:33:54.230390+05:30,POST,POST /jobs/,22.99,ok,
2026-10-04T22:33:54.243589+05:30,GET,GET /jobs/{id}/,22.72,ok,
2026-10-04T22:33:54.257445+05:30,POST,POST /jobs/,22.7,ok,
2026-10-04T22:33:54.281399+05:30,POST,POST /jobs/,26.47,ok,
2026-10-04T22:33:54.283682+05:30,POST,POST /jobs/,27.96,ok,
2026-10-04T22:33:54.315709+05:30,GET,GET /jobs/{id}/,20.7,ok,
2026-10-04T22:33:54.318203+05:30,GET,GET /jobs/{id}/,19.09,ok,
2026-10-04T22:33:54.327284+05:30,POST,POST /jobs/,22.19,ok,
2026-10-04T22:33:54.357325+05:30,GET,GET /jobs/{id}/,20.74,ok,
2026-10-04T22:33:54.372100+05:30,GET,GET /jobs/stats/,21.53,ok,
2026-10-04T22:33:54.448105+05:30,GET,GET /health/,18.5,ok,
2026-10-04T22:33:54.452721+05:30,GET,GET /jobs/{id}/,17.57,ok,
2026-10-04T22:33:54.489977+05:30,GET,GET /jobs/{id}/,17.95,ok,
2026-10-04T22:33:54.594873+05:30,GET,GET /jobs/{id}/,20.55,ok,
2026-10-04T22:33:54.612682+05:30,POST,POST /jobs/,21.89,ok,
2026-10-04T22:33:54.628150+05:30,GET,GET /health/,21.02,ok,
2026-10-04T22:33:54.637064+05:30,POST,POST /jobs/,23.13,ok,
2026-10-04T22:33:54.661071+05:30,GET,GET /health/,20.75,ok,
2026-10-04T22:33:54.677493+05:30,POST,POST /jobs/,21.17,ok,
2026-10-04T22:33:54.685718+05:30,GET,GET /jobs/{id}/,17.4,ok,
2026-10-04T22:33:54.714285+05:30,GET,GET /jobs/{id}/,18.29,ok,
2026-10-04T22:33:54.731354+05:30,GET,GET /jobs/{id}/,18.26,ok,
2026-10-04T22:33:54.795849+05:30,GET,GET /jobs/stats/,25.21,ok,
2026-10-04T22:33:54.800476+05:30,GET,GET /health/,21.85,ok,
2026-10-04T22:33:54.810322+05:30,GET,GET /jobs/{id}/,18.74,ok,
2026-10-04T22:33:54.836715+05:30,GET,GET /jobs/{id}/,18.12,ok,
2026-10-04T22:33:54.874804+05:30,POST,POST /jobs/,28.78,ok,
2026-10-04T22:33:54.877238+05:30,POST,POST /jobs/,29.24,ok,
2026-10-04T22:33:54.881271+05:30,GET,GET /jobs/{id}/,26.18,ok,
2026-10-04T22:33:54.890036+05:30,POST,POST /jobs/,34.3,ok,
2026-10-04T22:33:54.913243+05:30,GET,GET /health/,24.53,ok,
2026-10-04T22:33:54.959428+05:30,GET,GET /health/,19.65,ok,
2026-10-04T22:33:54.975302+05:30,POST,POST /jobs/,22.35,ok,
2026-10-04T22:33:55.000961+05:30,POST,POST /jobs/,25.46,ok,
2026-10-04T22:33:55.010311+05:30,GET,GET /jobs/stats/,23.91,ok,
2026-10-04T22:33:55.027708+05:30,GET,GET /jobs/{id}/,18.42,ok,
2026-10-04T22:33:55.041819+05:30,POST,POST /jobs/,24.9,ok,
2026-10-04T22:33:55.058310+05:30,POST,POST /jobs/,24.17,ok,
2026-10-04T22:33:55.058770+05:30,GET,GET /health/,23.57,ok,
2026-10-04T22:33:55.103974+05:30,POST,POST /jobs/,24.93,ok,
2026-10-04T22:33:55.112708+05:30,GET,GET /jobs/{id}/,22.61,ok,
2026-10-04T22:33:55.115091+05:30,POST,POST /jobs/,23.04,ok,
2026-10-04T22:33:55.122287+05:30,POST,POST /jobs/,24.97,ok,
2026-10-04T22:33:55.152033+05:30,GET,GET /jobs/stats/,24.55,ok,
2026-10-04T22:33:55.175295+05:30,GET,GET /jobs/stats/,24.2,ok,
2026-10-04T22:33:55.185427+05:30,GET,GET /jobs/stats/,21.77,ok,
2026-10-04T22:33:55.218939+05:30,GET,GET /health/,19.22,ok,
2026-10-04T22:33:55.285689+05:30,GET,GET /jobs/{id}/,26.75,ok,
2026-10-04T22:33:55.286258+05:30,POST,POST /jobs/,28.83,ok,
2026-10-04T22:33:55.286611+05:30,GET,GET /jobs/stats/,27.16,ok,
2026-10-04T22:33:55.295837+05:30,GET,GET /jobs/stats/,28.16,ok,
2026-10-04T22:33:55.314790+05:30,GET,GET /health/,17.74,ok,
2026-10-04T22:33:55.318999+05:30,GET,GET /jobs/{id}/,17.11,ok,
2026-10-04T22:33:55.331828+05:30,GET,GET /jobs/{id}/,18.06,ok,
2026-10-04T22:33:55.351435+05:30,GET,GET /jobs/{id}/,20.6,ok,
2026-10-04T22:33:55.351950+05:30,GET,GET /jobs/{id}/,19.99,ok,
2026-10-04T22:33:55.376956+05:30,POST,POST /jobs/,19.78,ok,
2026-10-04T22:33:55.402595+05:30,GET,GET /jobs/{id}/,20.29,ok,
2026-10-04T22:33:55.406246+05:30,POST,POST /jobs/,26.01,ok,
2026-10-04T22:33:55.410855+05:30,GET,GET /health/,25.55,ok,
2026-10-04T22:33:55.426705+05:30,POST,POST /jobs/,26.42,ok,
2026-10-04T22:33:55.429792+05:30,POST,POST /jobs/,24.91,ok,
2026-10-04T22:33:55.448302+05:30,GET,GET /health/,18.38,ok,
2026-10-04T22:33:55.458836+05:30,POST,POST /jobs/,23.98,ok,
2026-10-04T22:33:55.487167+05:30,POST,POST /jobs/,21.01,ok,
2026-10-04T22:33:55.521186+05:30,GET,GET /jobs/{id}/,17.69,ok,
2026-10-04T22:33:55.612956+05:30,POST,POST /jobs/,24.04,ok,
2026-10-04T22:33:55.619576+05:30,POST,POST /jobs/,22.82,ok,
2026-10-04T22:33:55.718747+05:30,GET,GET /jobs/stats/,28.84,ok,
2026-10-04T22:33:55.719358+05:30,POST,POST /jobs/,28.55,ok,
2026-10-04T22:33:55.726326+05:30,GET,GET /health/,23.58,ok,
2026-10-04T22:33:55.733485+05:30,POST,POST /jobs/,31.66,ok,
2026-10-04T22:33:55.785087+05:30,GET,GET /jobs/{id}/,18.08,ok,
2026-10-04T22:33:55.833531+05:30,POST,POST /jobs/,21.13,ok,
2026-10-04T22:33:55.942995+05:30,GET,GET /health/,18.77,ok,
2026-10-04T22:33:55.970983+05:30,GET,GET /jobs/{id}/,29.69,ok,
2026-10-04T22:33:55.988055+05:30,GET,GET /jobs/stats/,40.76,ok,
2026-10-04T22:33:55.988538+05:30,GET,GET /jobs/{id}/,28.15,ok,
2026-10-04T22:33:55.988657+05:30,POST,POST /jobs/,35.73,ok,
2026-10-04T22:33:56.009638+05:30,GET,GET /jobs/stats/,32.39,ok,
2026-10-04T22:33:56.010383+05:30,GET,GET /jobs/{id}/,29.24,ok,
2026-10-04T22:33:56.014481+05:30,GET,GET /jobs/{id}/,24.62,ok,
2026-10-04T22:33:56.018665+05:30,GET,GET /jobs/{id}/,26.57,ok,
2026-10-04T22:33:56.043119+05:30,GET,GET /jobs/{id}/,18.1,ok,
2026-10-04T22:33:56.065291+05:30,POST,POST /jobs/,23.14,ok,
2026-10-04T22:33:56.181220+05:30,GET,GET /jobs/{id}/,22.27,ok,
2026-10-04T22:33:56.193059+05:30,POST,POST /jobs/,23.49,ok,
2026-10-04T22:33:56.217466+05:30,GET,GET /health/,21.15,ok,
2026-10-04T22:33:56.227395+05:30,GET,GET /jobs/{id}/,21.97,ok,
2026-10-04T22:33:56.242798+05:30,POST,POST /jobs/,36.77,ok,
2026-10-04T22:33:56.252015+05:30,GET,GET /jobs/stats/,28.23,ok,
2026-10-04T22:33:56.261019+05:30,GET,GET /jobs/{id}/,35.5,ok,
2026-10-04T22:33:56.294567+05:30,POST,POST /jobs/,53.72,ok,
2026-10-04T22:33:56.322764+05:30,GET,GET /jobs/{id}/,17.88,ok,
2026-10-04T22:33:56.341046+05:30,GET,GET /jobs/{id}/,19.3,ok,
2026-10-04T22:33:56.344742+05:30,GET,GET /jobs/{id}/,19.43,ok,
2026-10-04T22:33:56.366439+05:30,GET,GET /health/,21.57,ok,
2026-10-04T22:33:56.380561+05:30,GET,GET /jobs/{id}/,17.78,ok,
2026-10-04T22:33:56.410404+05:30,GET,GET /jobs/{id}/,17.55,ok,
2026-10-04T22:33:56.444022+05:30,GET,GET /jobs/stats/,25.33,ok,
2026-10-04T22:33:56.506845+05:30,POST,POST /jobs/,28.5,ok,
2026-10-04T22:33:56.507516+05:30,POST,POST /jobs/,28.37,ok,
2026-10-04T22:33:56.507893+05:30,GET,GET /jobs/{id}/,25.48,ok,
2026-10-04T22:33:56.508217+05:30,GET,GET /jobs/{id}/,29.4,ok,
2026-10-04T22:33:56.576689+05:30,GET,GET /jobs/{id}/,18.18,ok,
2026-10-04T22:33:56.654688+05:30,GET,GET /jobs/{id}/,17.67,ok,
2026-10-04T22:33:56.721680+05:30,GET,GET /jobs/{id}/,18.65,ok,
2026-10-04T22:33:56.722723+05:30,GET,GET /health/,18.86,ok,
2026-10-04T22:33:56.761698+05:30,GET,GET /jobs/{id}/,17.66,ok,
2026-10-04T22:33:56.801889+05:30,POST,POST /jobs/,22.88,ok,
2026-10-04T22:33:56.838350+05:30,GET,GET /jobs/stats/,21.18,ok,
2026-10-04T22:33:56.916696+05:30,POST,POST /jobs/,21.92,ok,
2026-10-04T22:33:56.934965+05:30,GET,GET /jobs/{id}/,18.08,ok,
2026-10-04T22:33:57.020098+05:30,POST,POST /jobs/,23.82,ok,
2026-10-04T22:33:57.029801+05:30,GET,GET /jobs/stats/,28.6,ok,
2026-10-04T22:33:57.041213+05:30,GET,GET /jobs/{id}/,27.01,ok,
2026-10-04T22:33:57.067219+05:30,GET,GET /health/,18.57,ok,
2026-10-04T22:33:57.092243+05:30,POST,POST /jobs/,26.57,ok,
2026-10-04T22:33:57.092869+05:30,POST,POST /jobs/,26.43,ok,
2026-10-04T22:33:57.114035+05:30,GET,GET /jobs/{id}/,21.0,ok,
2026-10-04T22:33:57.130189+05:30,POST,POST /jobs/,21.28,ok,
2026-10-04T22:33:57.175054+05:30,GET,GET /jobs/{id}/,17.54,ok,
2026-10-04T22:33:57.198642+05:30,GET,GET /jobs/{id}/,20.39,ok,
2026-10-04T22:33:57.199688+05:30,GET,GET /jobs/stats/,23.38,ok,
2026-10-04T22:33:57.202302+05:30,GET,GET /jobs/{id}/,18.19,ok,
2026-10-04T22:33:57.209270+05:30,GET,GET /jobs/{id}/,18.24,ok,
2026-10-04T22:33:57.232299+05:30,GET,GET /health/,17.8,ok,
2026-10-04T22:33:57.304352+05:30,GET,GET /jobs/stats/,21.73,ok,
2026-10-04T22:33:57.326515+05:30,POST,POST /jobs/,23.72,ok,
2026-10-04T22:33:57.330894+05:30,GET,GET /jobs/{id}/,20.1,ok,
2026-10-04T22:33:57.340516+05:30,POST,POST /jobs/,25.4,ok,
2026-10-04T22:33:57.341172+05:30,GET,GET /jobs/{id}/,22.6,ok,
2026-10-04T22:33:57.358469+05:30,GET,GET /jobs/{id}/,17.15,ok,
2026-10-04T22:33:57.397473+05:30,GET,GET /health/,22.74,ok,
2026-10-04T22:33:57.410200+05:30,POST,POST /jobs/,24.38,ok,
2026-10-04T22:33:57.445782+05:30,GET,GET /jobs/{id}/,19.24,ok,
2026-10-04T22:33:57.467075+05:30,POST,POST /jobs/,26.45,ok,
2026-10-04T22:33:57.484519+05:30,POST,POST /jobs/,26.43,ok,
2026-10-04T22:33:57.501978+05:30,GET,GET /jobs/stats/,25.65,ok,
2026-10-04T22:33:57.538867+05:30,GET,GET /jobs/{id}/,18.57,ok,
2026-10-04T22:33:57.551440+05:30,POST,POST /jobs/,22.54,ok,
2026-10-04T22:33:57.611453+05:30,POST,POST /jobs/,22.66,ok,
2026-10-04T22:33:57.628591+05:30,GET,GET /jobs/{id}/,19.85,ok,
2026-10-04T22:33:57.633861+05:30,GET,GET /health/,21.12,ok,
2026-10-04T22:33:57.660529+05:30,GET,GET /jobs/{id}/,19.46,ok,
2026-10-04T22:33:57.662606+05:30,GET,GET /jobs/stats/,23.49,ok,
2026-10-04T22:33:57.679401+05:30,GET,GET /jobs/{id}/,17.64,ok,
2026-10-04T22:33:57.708582+05:30,GET,GET /jobs/{id}/,17.87,ok,
2026-10-04T22:33:57.730561+05:30,POST,POST /jobs/,20.72,ok,
2026-10-04T22:33:57.791628+05:30,POST,POST /jobs/,24.19,ok,
2026-10-04T22:33:57.792117+05:30,POST,POST /jobs/,25.25,ok,
2026-10-04T22:33:57.823376+05:30,GET,GET /jobs/{id}/,29.02,ok,
2026-10-04T22:33:57.826439+05:30,POST,POST /jobs/,29.25,ok,
2026-10-04T22:33:57.839846+05:30,POST,POST /jobs/,38.6,ok,
2026-10-04T22:33:57.841157+05:30,GET,GET /jobs/stats/,34.99,ok,
2026-10-04T22:33:57.863938+05:30,GET,GET /health/,45.6,ok,
2026-10-04T22:33:57.865019+05:30,GET,GET /jobs/{id}/,48.99,ok,
2026-10-04T22:33:57.871865+05:30,POST,POST /jobs/,42.17,ok,
2026-10-04T22:33:57.882341+05:30,GET,GET /jobs/{id}/,36.91,ok,
2026-10-04T22:33:57.914102+05:30,GET,GET /jobs/{id}/,27.47,ok,
2026-10-04T22:33:57.917140+05:30,GET,GET /jobs/{id}/,24.91,ok,
2026-10-04T22:33:57.917600+05:30,POST,POST /jobs/,30.49,ok,
2026-10-04T22:33:57.952511+05:30,GET,GET /jobs/{id}/,19.34,ok,
2026-10-04T22:33:57.963187+05:30,GET,GET /jobs/{id}/,18.15,ok,
2026-10-04T22:33:57.983738+05:30,POST,POST /jobs/,21.53,ok,
2026-10-04T22:33:57.994048+05:30,GET,GET /health/,19.3,ok,
2026-10-04T22:33:58.004291+05:30,GET,GET /jobs/{id}/,18.27,ok,
2026-10-04T22:33:58.010793+05:30,GET,GET /jobs/{id}/,17.87,ok,
2026-10-04T22:33:58.036692+05:30,GET,GET /jobs/{id}/,18.58,ok,
2026-10-04T22:33:58.065737+05:30,GET,GET /jobs/stats/,21.76,ok,
2026-10-04T22:33:58.073942+05:30,GET,GET /health/,19.9,ok,
2026-10-04T22:33:58.085182+05:30,GET,GET /jobs/{id}/,19.26,ok,
2026-10-04T22:33:58.107249+05:30,GET,GET /health/,19.81,ok,
2026-10-04T22:33:58.117410+05:30,GET,GET /jobs/{id}/,19.92,ok,
2026-10-04T22:33:58.119802+05:30,POST,POST /jobs/,24.38,ok,
2026-10-04T22:33:58.217109+05:30,GET,GET /jobs/{id}/,20.95,ok,
2026-10-04T22:33:58.234081+05:30,GET,GET /jobs/{id}/,21.73,ok,
2026-10-04T22:33:58.279729+05:30,GET,GET /health/,22.38,ok,
2026-10-04T22:33:58.311087+05:30,GET,GET /jobs/{id}/,19.06,ok,
2026-10-04T22:33:58.333764+05:30,GET,GET /jobs/{id}/,18.31,ok,
2026-10-04T22:33:58.339802+05:30,GET,GET /jobs/{id}/,18.82,ok,
2026-10-04T22:33:58.351431+05:30,GET,GET /jobs/{id}/,19.41,ok,
2026-10-04T22:33:58.410640+05:30,POST,POST /jobs/,21.92,ok,
2026-10-04T22:33:58.433175+05:30,POST,POST /jobs/,23.61,ok,
2026-10-04T22:33:58.441586+05:30,GET,GET /jobs/{id}/,18.35,ok,
2026-10-04T22:33:58.487235+05:30,GET,GET /jobs/{id}/,19.35,ok,
2026-10-04T22:33:58.498359+05:30,GET,GET /jobs/{id}/,18.35,ok,
2026-10-04T22:33:58.515066+05:30,GET,GET /jobs/{id}/,18.45,ok,
2026-10-04T22:33:58.572611+05:30,POST,POST /jobs/,20.97,ok,
2026-10-04T22:33:58.656126+05:30,GET,GET /jobs/stats/,24.0,ok,
2026-10-04T22:33:58.662889+05:30,POST,POST /jobs/,27.69,ok,
2026-10-04T22:33:58.671415+05:30,POST,POST /jobs/,22.92,ok,
2026-10-04T22:33:58.703736+05:30,POST,POST /jobs/,21.01,ok,
2026-10-04T22:33:58.753636+05:30,POST,POST /jobs/,21.58,ok,
2026-10-04T22:33:58.759489+05:30,POST,POST /jobs/,22.4,ok,
2026-10-04T22:33:58.767886+05:30,GET,GET /jobs/stats/,30.18,ok,
2026-10-04T22:33:58.782062+05:30,GET,GET /jobs/{id}/,21.3,ok,
2026-10-04T22:33:58.804469+05:30,POST,POST /jobs/,20.01,ok,
2026-10-04T22:33:58.836108+05:30,GET,GET /jobs/{id}/,19.34,ok,
2026-10-04T22:33:58.844240+05:30,GET,GET /jobs/{id}/,22.01,ok,
2026-10-04T22:33:58.849894+05:30,GET,GET /jobs/{id}/,21.73,ok,
2026-10-04T22:33:58.851846+05:30,GET,GET /jobs/stats/,27.67,ok,
2026-10-04T22:33:58.861177+05:30,GET,GET /jobs/{id}/,21.82,ok,
2026-10-04T22:33:58.884284+05:30,GET,GET /jobs/{id}/,21.84,ok,
2026-10-04T22:33:58.930591+05:30,GET,GET /health/,23.92,ok,
2026-10-04T22:33:58.947580+05:30,GET,GET /jobs/{id}/,21.08,ok,
2026-10-04T22:33:58.953269+05:30,POST,POST /jobs/,22.46,ok,
2026-10-04T22:33:58.977474+05:30,GET,GET /health/,17.97,ok,
2026-10-04T22:33:59.058151+05:30,GET,GET /jobs/{id}/,31.43,ok,
2026-10-04T22:33:59.063105+05:30,GET,GET /health/,37.35,ok,
2026-10-04T22:33:59.067712+05:30,POST,POST /jobs/,36.5,ok,
2026-10-04T22:33:59.073906+05:30,GET,GET /jobs/stats/,37.09,ok,
2026-10-04T22:33:59.078952+05:30,GET,GET /jobs/{id}/,22.14,ok,
2026-10-04T22:33:59.116001+05:30,GET,GET /jobs/stats/,25.75,ok,
2026-10-04T22:33:59.135904+05:30,POST,POST /jobs/,33.35,ok,
2026-10-04T22:33:59.138662+05:30,GET,GET /jobs/{id}/,38.36,ok,
2026-10-04T22:33:59.139238+05:30,POST,POST /jobs/,40.98,ok,
2026-10-04T22:33:59.161203+05:30,POST,POST /jobs/,50.48,ok,
2026-10-04T22:33:59.165500+05:30,GET,GET /jobs/{id}/,38.69,ok,
2026-10-04T22:33:59.194190+05:30,POST,POST /jobs/,62.83,ok,
2026-10-04T22:33:59.196259+05:30,POST,POST /jobs/,62.53,ok,
2026-10-04T22:33:59.207467+05:30,GET,GET /jobs/{id}/,39.69,ok,
2026-10-04T22:33:59.219094+05:30,GET,GET /jobs/{id}/,20.52,ok,
2026-10-04T22:33:59.228792+05:30,GET,GET /jobs/{id}/,20.08,ok,
2026-10-04T22:33:59.263598+05:30,GET,GET /jobs/{id}/,18.5,ok,
2026-10-04T22:33:59.267693+05:30,GET,GET /jobs/{id}/,18.58,ok,
2026-10-04T22:33:59.317403+05:30,GET,GET /jobs/stats/,21.46,ok,
2026-10-04T22:33:59.367116+05:30,GET,GET /jobs/{id}/,18.38,ok,
2026-10-04T22:33:59.401966+05:30,GET,GET /jobs/{id}/,20.33,ok,
2026-10-04T22:33:59.418819+05:30,GET,GET /jobs/{id}/,20.18,ok,
2026-10-04T22:33:59.450669+05:30,GET,GET /jobs/{id}/,19.53,ok,
2026-10-04T22:33:59.465744+05:30,GET,GET /jobs/stats/,21.61,ok,
2026-10-04T22:33:59.481157+05:30,GET,GET /jobs/{id}/,19.18,ok,
2026-10-04T22:33:59.498503+05:30,GET,GET /health/,20.47,ok,
2026-10-04T22:33:59.521654+05:30,POST,POST /jobs/,19.86,ok,
2026-10-04T22:33:59.555879+05:30,POST,POST /jobs/,22.91,ok,
2026-10-04T22:33:59.566584+05:30,GET,GET /jobs/{id}/,21.6,ok,
2026-10-04T22:33:59.580700+05:30,GET,GET /jobs/{id}/,19.51,ok,
2026-10-04T22:33:59.588740+05:30,GET,GET /jobs/stats/,22.0,ok,
2026-10-04T22:33:59.626482+05:30,POST,POST /jobs/,27.42,ok,
2026-10-04T22:33:59.631848+05:30,GET,GET /health/,24.79,ok,
2026-10-04T22:33:59.644548+05:30,GET,GET /jobs/stats/,26.54,ok,
2026-10-04T22:33:59.647802+05:30,POST,POST /jobs/,26.31,ok,
2026-10-04T22:33:59.675740+05:30,GET,GET /jobs/{id}/,18.62,ok,
2026-10-04T22:33:59.681719+05:30,GET,GET /health/,17.57,ok,
2026-10-04T22:33:59.718919+05:30,GET,GET /jobs/{id}/,17.9,ok,
2026-10-04T22:33:59.802011+05:30,GET,GET /jobs/{id}/,17.75,ok,
2026-10-04T22:33:59.858366+05:30,POST,POST /jobs/,21.06,ok,
2026-10-04T22:33:59.886564+05:30,GET,GET /jobs/stats/,22.92,ok,
2026-10-04T22:33:59.941297+05:30,GET,GET /jobs/{id}/,18.43,ok,
2026-10-04T22:33:59.960968+05:30,GET,GET /jobs/{id}/,17.39,ok,
2026-10-04T22:34:00.055451+05:30,POST,POST /jobs/,62.16,ok,
2026-10-04T22:34:00.096120+05:30,POST,POST /jobs/,99.76,ok,
2026-10-04T22:34:00.117340+05:30,GET,GET /jobs/{id}/,54.72,ok,
2026-10-04T22:34:00.127271+05:30,GET,GET /jobs/{id}/,48.29,ok,
2026-10-04T22:34:00.132969+05:30,GET,GET /jobs/{id}/,41.31,ok,
2026-10-04T22:34:00.137802+05:30,GET,GET /jobs/stats/,78.98,ok,
2026-10-04T22:34:00.149290+05:30,GET,GET /jobs/{id}/,38.78,ok,
2026-10-04T22:34:00.230100+05:30,POST,POST /jobs/,22.48,ok,
2026-10-04T22:34:00.258262+05:30,GET,GET /health/,19.86,ok,
2026-10-04T22:34:00.269878+05:30,GET,GET /jobs/stats/,23.48,ok,
2026-10-04T22:34:00.297765+05:30,POST,POST /jobs/,21.41,ok,
2026-10-04T22:34:00.424650+05:30,GET,GET /jobs/{id}/,19.12,ok,
2026-10-04T22:34:00.442174+05:30,GET,GET /jobs/{id}/,18.71,ok,
2026-10-04T22:34:00.526738+05:30,GET,GET /jobs/stats/,22.21,ok,
2026-10-04T22:34:00.531425+05:30,GET,GET /jobs/{id}/,18.77,ok,
2026-10-04T22:34:00.600181+05:30,GET,GET /jobs/{id}/,19.43,ok,
2026-10-04T22:34:00.607750+05:30,GET,GET /jobs/stats/,22.93,ok,
2026-10-04T22:34:00.623239+05:30,POST,POST /jobs/,20.78,ok,
2026-10-04T22:34:00.651181+05:30,POST,POST /jobs/,21.61,ok,
2026-10-04T22:34:00.682542+05:30,POST,POST /jobs/,21.95,ok,
2026-10-04T22:34:00.688621+05:30,POST,POST /jobs/,27.48,ok,
2026-10-04T22:34:00.709582+05:30,GET,GET /jobs/{id}/,24.3,ok,
2026-10-04T22:34:00.724533+05:30,GET,GET /jobs/{id}/,19.59,ok,
2026-10-04T22:34:00.741332+05:30,POST,POST /jobs/,22.46,ok,
2026-10-04T22:34:00.752699+05:30,GET,GET /jobs/stats/,23.92,ok,
2026-10-04T22:34:00.769684+05:30,GET,GET /jobs/stats/,22.09,ok,
2026-10-04T22:34:00.783703+05:30,POST,POST /jobs/,22.72,ok,
2026-10-04T22:34:00.812270+05:30,GET,GET /jobs/{id}/,22.25,ok,
2026-10-04T22:34:00.814737+05:30,POST,POST /jobs/,22.73,ok,
2026-10-04T22:34:00.819156+05:30,GET,GET /jobs/{id}/,19.01,ok,
2026-10-04T22:34:00.827463+05:30,POST,POST /jobs/,24.32,ok,
2026-10-04T22:34:00.846727+05:30,GET,GET /jobs/{id}/,20.34,ok,
2026-10-04T22:34:00.848351+05:30,GET,GET /jobs/{id}/,20.74,ok,
2026-10-04T22:34:00.884899+05:30,GET,GET /jobs/{id}/,20.19,ok,
2026-10-04T22:34:00.895874+05:30,GET,GET /jobs/{id}/,20.98,ok,
2026-10-04T22:34:00.911683+05:30,GET,GET /jobs/stats/,22.55,ok,
2026-10-04T22:34:00.914765+05:30,GET,GET /jobs/{id}/,17.62,ok,
2026-10-04T22:34:00.977492+05:30,GET,GET /jobs/stats/,22.25,ok,
2026-10-04T22:34:01.000652+05:30,POST,POST /jobs/,24.84,ok,
2026-10-04T22:34:01.014227+05:30,GET,GET /jobs/{id}/,22.42,ok,
2026-10-04T22:34:01.031750+05:30,GET,GET /health/,18.7,ok,
2026-10-04T22:34:01.086617+05:30,GET,GET /jobs/{id}/,22.54,ok,
2026-10-04T22:34:01.099422+05:30,GET,GET /jobs/stats/,28.55,ok,
2026-10-04T22:34:01.108233+05:30,GET,GET /jobs/{id}/,27.34,ok,
2026-10-04T22:34:01.124080+05:30,POST,POST /jobs/,25.94,ok,
2026-10-04T22:34:01.155310+05:30,POST,POST /jobs/,26.61,ok,
2026-10-04T22:34:01.199499+05:30,GET,GET /jobs/{id}/,34.76,ok,
2026-10-04T22:34:01.200011+05:30,GET,GET /jobs/{id}/,25.62,ok,
2026-10-04T22:34:01.226761+05:30,GET,GET /jobs/{id}/,28.69,ok,
2026-10-04T22:34:01.227395+05:30,GET,GET /jobs/{id}/,26.69,ok,
2026-10-04T22:34:01.234683+05:30,GET,GET /jobs/{id}/,24.79,ok,
2026-10-04T22:34:01.249920+05:30,POST,POST /jobs/,31.79,ok,
2026-10-04T22:34:01.268739+05:30,POST,POST /jobs/,28.74,ok,
2026-10-04T22:34:01.299191+05:30,GET,GET /jobs/{id}/,49.03,ok,
2026-10-04T22:34:01.301777+05:30,POST,POST /jobs/,49.55,ok,
2026-10-04T22:34:01.325199+05:30,GET,GET /jobs/{id}/,32.25,ok,
2026-10-04T22:34:01.325837+05:30,POST,POST /jobs/,47.21,ok,
2026-10-04T22:34:01.347597+05:30,GET,GET /jobs/{id}/,34.49,ok,
2026-10-04T22:34:01.348058+05:30,GET,GET /jobs/{id}/,32.9,ok,
2026-10-04T22:34:01.362817+05:30,POST,POST /jobs/,27.67,ok,
2026-10-04T22:34:01.363297+05:30,POST,POST /jobs/,27.09,ok,
2026-10-04T22:34:01.429362+05:30,GET,GET /jobs/{id}/,21.77,ok,
2026-10-04T22:34:01.493141+05:30,POST,POST /jobs/,38.34,ok,
2026-10-04T22:34:01.501095+05:30,POST,POST /jobs/,45.48,ok,
2026-10-04T22:34:01.529320+05:30,POST,POST /jobs/,38.33,ok,
2026-10-04T22:34:01.537398+05:30,GET,GET /jobs/{id}/,29.91,ok,
2026-10-04T22:34:01.539569+05:30,POST,POST /jobs/,31.26,ok,
2026-10-04T22:34:01.545864+05:30,GET,GET /jobs/{id}/,26.12,ok,
2026-10-04T22:34:01.647121+05:30,GET,GET /jobs/{id}/,48.34,ok,
2026-10-04T22:34:01.650401+05:30,POST,POST /jobs/,51.04,ok,
2026-10-04T22:34:01.658980+05:30,GET,GET /jobs/{id}/,39.23,ok,
2026-10-04T22:34:01.673132+05:30,GET,GET /jobs/{id}/,41.48,ok,
2026-10-04T22:34:01.694141+05:30,POST,POST /jobs/,55.43,ok,
2026-10-04T22:34:01.708990+05:30,POST,POST /jobs/,42.32,ok,
2026-10-04T22:34:01.711654+05:30,POST,POST /jobs/,45.77,ok,
2026-10-04T22:34:01.719409+05:30,POST,POST /jobs/,46.02,ok,
2026-10-04T22:34:01.759660+05:30,GET,GET /jobs/{id}/,21.91,ok,
2026-10-04T22:34:01.821775+05:30,POST,POST /jobs/,35.79,ok,
2026-10-04T22:34:01.835549+05:30,GET,GET /jobs/{id}/,23.09,ok,
2026-10-04T22:34:01.858230+05:30,GET,GET /jobs/{id}/,25.11,ok,
2026-10-04T22:34:01.870546+05:30,GET,GET /jobs/stats/,34.52,ok,
2026-10-04T22:34:01.896441+05:30,GET,GET /jobs/{id}/,31.46,ok,
2026-10-04T22:34:01.905657+05:30,POST,POST /jobs/,30.7,ok,
2026-10-04T22:34:01.963562+05:30,GET,GET /jobs/{id}/,28.43,ok,
2026-10-04T22:34:02.057303+05:30,GET,GET /jobs/{id}/,21.39,ok,
2026-10-04T22:34:02.066920+05:30,POST,POST /jobs/,24.47,ok,
2026-10-04T22:34:02.099133+05:30,POST,POST /jobs/,30.79,ok,
2026-10-04T22:34:02.108662+05:30,GET,GET /jobs/{id}/,32.45,ok,
2026-10-04T22:34:02.116746+05:30,POST,POST /jobs/,33.77,ok,
2026-10-04T22:34:02.130130+05:30,GET,GET /health/,32.33,ok,
2026-10-04T22:34:02.135483+05:30,GET,GET /jobs/{id}/,33.24,ok,
2026-10-04T22:34:02.188327+05:30,POST,POST /jobs/,45.44,ok,
2026-10-04T22:34:02.189359+05:30,GET,GET /jobs/stats/,39.33,ok,
2026-10-04T22:34:02.189876+05:30,GET,GET /jobs/stats/,49.0,ok,
2026-10-04T22:34:02.201248+05:30,POST,POST /jobs/,33.62,ok,
2026-10-04T22:34:02.276828+05:30,GET,GET /jobs/{id}/,19.25,ok,
2026-10-04T22:34:02.344120+05:30,GET,GET /health/,18.63,ok,
2026-10-04T22:34:02.351963+05:30,GET,GET /jobs/{id}/,19.35,ok,
2026-10-04T22:34:02.421219+05:30,GET,GET /jobs/stats/,25.9,ok,
2026-10-04T22:34:02.441006+05:30,GET,GET /jobs/stats/,25.69,ok,
2026-10-04T22:34:02.480999+05:30,POST,POST /jobs/,24.61,ok,
2026-10-04T22:34:02.494419+05:30,GET,GET /jobs/{id}/,23.57,ok,
2026-10-04T22:34:02.502985+05:30,GET,GET /jobs/{id}/,21.74,ok,
2026-10-04T22:34:02.515234+05:30,POST,POST /jobs/,25.96,ok,
2026-10-04T22:34:02.553109+05:30,POST,POST /jobs/,21.5,ok,
2026-10-04T22:34:02.642549+05:30,POST,POST /jobs/,24.12,ok,
2026-10-04T22:34:02.659693+05:30,GET,GET /jobs/{id}/,21.2,ok,
2026-10-04T22:34:02.668735+05:30,GET,GET /jobs/{id}/,22.91,ok,
2026-10-04T22:34:02.704585+05:30,GET,GET /jobs/stats/,22.56,ok,
2026-10-04T22:34:02.728836+05:30,POST,POST /jobs/,20.98,ok,
2026-10-04T22:34:02.782139+05:30,POST,POST /jobs/,24.98,ok,
2026-10-04T22:34:02.798567+05:30,GET,GET /jobs/stats/,24.31,ok,
2026-10-04T22:34:02.814036+05:30,POST,POST /jobs/,21.53,ok,
2026-10-04T22:34:02.827435+05:30,POST,POST /jobs/,21.58,ok,
2026-10-04T22:34:02.851083+05:30,GET,GET /jobs/{id}/,19.34,ok,
2026-10-04T22:34:02.866181+05:30,POST,POST /jobs/,27.87,ok,
2026-10-04T22:34:02.868256+05:30,POST,POST /jobs/,30.51,ok,
2026-10-04T22:34:02.895901+05:30,GET,GET /jobs/{id}/,23.38,ok,
2026-10-04T22:34:02.911238+05:30,GET,GET /jobs/stats/,22.68,ok,
2026-10-04T22:34:02.940665+05:30,GET,GET /jobs/{id}/,21.1,ok,
2026-10-04T22:34:02.944628+05:30,GET,GET /health/,20.04,ok,
2026-10-04T22:34:02.966129+05:30,GET,GET /jobs/{id}/,19.23,ok,
2026-10-04T22:34:02.970867+05:30,GET,GET /health/,21.06,ok,
2026-10-04T22:34:02.979723+05:30,GET,GET /health/,19.1,ok,
2026-10-04T22:34:02.999760+05:30,GET,GET /jobs/stats/,21.65,ok,
2026-10-04T22:34:03.045198+05:30,GET,GET /health/,18.18,ok,
2026-10-04T22:34:03.054887+05:30,POST,POST /jobs/,20.84,ok,
2026-10-04T22:34:03.086839+05:30,POST,POST /jobs/,30.0,ok,
2026-10-04T22:34:03.087437+05:30,POST,POST /jobs/,31.28,ok,
2026-10-04T22:34:03.110663+05:30,GET,GET /jobs/stats/,31.68,ok,
2026-10-04T22:34:03.181476+05:30,GET,GET /health/,19.51,ok,
2026-10-04T22:34:03.186098+05:30,GET,GET /health/,20.1,ok,
2026-10-04T22:34:03.216565+05:30,POST,POST /jobs/,22.18,ok,
2026-10-04T22:34:03.240871+05:30,POST,POST /jobs/,31.42,ok,
2026-10-04T22:34:03.268239+05:30,GET,GET /health/,40.4,ok,
2026-10-04T22:34:03.278920+05:30,GET,GET /health/,44.67,ok,
2026-10-04T22:34:03.287471+05:30,POST,POST /jobs/,42.27,ok,
2026-10-04T22:34:03.291166+05:30,POST,POST /jobs/,45.21,ok,
2026-10-04T22:34:03.294760+05:30,GET,GET /jobs/{id}/,48.43,ok,
2026-10-04T22:34:03.308544+05:30,POST,POST /jobs/,30.92,ok,
2026-10-04T22:34:03.345220+05:30,POST,POST /jobs/,36.42,ok,
2026-10-04T22:34:03.347062+05:30,GET,GET /jobs/{id}/,29.89,ok,
2026-10-04T22:34:03.363131+05:30,POST,POST /jobs/,57.02,ok,
2026-10-04T22:34:03.363610+05:30,GET,GET /jobs/{id}/,54.19,ok,
2026-10-04T22:34:03.368990+05:30,POST,POST /jobs/,38.6,ok,
2026-10-04T22:34:03.388064+05:30,POST,POST /jobs/,52.29,ok,
2026-10-04T22:34:03.412088+05:30,POST,POST /jobs/,22.73,ok,
2026-10-04T22:34:03.433754+05:30,POST,POST /jobs/,24.49,ok,
2026-10-04T22:34:03.437962+05:30,POST,POST /jobs/,24.57,ok,
2026-10-04T22:34:03.465460+05:30,GET,GET /health/,23.18,ok,
2026-10-04T22:34:03.492795+05:30,POST,POST /jobs/,22.99,ok,
2026-10-04T22:34:03.517122+05:30,GET,GET /jobs/{id}/,22.99,ok,
2026-10-04T22:34:03.533941+05:30,GET,GET /health/,21.87,ok,
2026-10-04T22:34:03.607283+05:30,GET,GET /jobs/{id}/,23.31,ok,
2026-10-04T22:34:03.607949+05:30,GET,GET /jobs/{id}/,52.56,ok,
2026-10-04T22:34:03.615631+05:30,POST,POST /jobs/,33.63,ok,
2026-10-04T22:34:03.616953+05:30,GET,GET /jobs/{id}/,34.31,ok,
2026-10-04T22:34:03.619597+05:30,GET,GET /health/,36.5,ok,
2026-10-04T22:34:03.623925+05:30,POST,POST /jobs/,40.39,ok,
2026-10-04T22:34:03.624609+05:30,GET,GET /jobs/{id}/,40.2,ok,
2026-10-04T22:34:03.640527+05:30,GET,GET /health/,22.27,ok,
2026-10-04T22:34:03.664485+05:30,GET,GET /jobs/{id}/,20.49,ok,
2026-10-04T22:34:03.664982+05:30,GET,GET /jobs/{id}/,20.46,ok,
2026-10-04T22:34:03.694374+05:30,GET,GET /jobs/{id}/,20.37,ok,
2026-10-04T22:34:03.695560+05:30,GET,GET /jobs/stats/,22.36,ok,
2026-10-04T22:34:03.783134+05:30,GET,GET /jobs/{id}/,19.25,ok,
2026-10-04T22:34:03.813359+05:30,GET,GET /jobs/{id}/,20.8,ok,
2026-10-04T22:34:03.846859+05:30,GET,GET /jobs/{id}/,18.2,ok,
2026-10-04T22:34:03.890714+05:30,GET,GET /health/,19.56,ok,
2026-10-04T22:34:03.897682+05:30,GET,GET /jobs/{id}/,18.55,ok,
2026-10-04T22:34:03.963135+05:30,GET,GET /jobs/{id}/,23.12,ok,
2026-10-04T22:34:03.970867+05:30,GET,GET /jobs/{id}/,21.75,ok,
2026-10-04T22:34:03.985812+05:30,POST,POST /jobs/,30.61,ok,
2026-10-04T22:34:03.989798+05:30,GET,GET /jobs/{id}/,30.66,ok,
2026-10-04T22:34:04.009830+05:30,POST,POST /jobs/,33.77,ok,
2026-10-04T22:34:04.015822+05:30,GET,GET /health/,42.71,ok,
2026-10-04T22:34:04.016334+05:30,POST,POST /jobs/,37.53,ok,
2026-10-04T22:34:04.068138+05:30,POST,POST /jobs/,68.94,ok,
2026-10-04T22:34:04.070560+05:30,POST,POST /jobs/,73.44,ok,
2026-10-04T22:34:04.078140+05:30,GET,GET /jobs/stats/,69.67,ok,
2026-10-04T22:34:04.079719+05:30,GET,GET /health/,59.08,ok,
2026-10-04T22:34:04.082560+05:30,GET,GET /jobs/{id}/,52.58,ok,
2026-10-04T22:34:04.085954+05:30,GET,GET /jobs/{id}/,52.07,ok,
2026-10-04T22:34:04.093320+05:30,GET,GET /health/,21.5,ok,
2026-10-04T22:34:04.125668+05:30,GET,GET /jobs/{id}/,18.05,ok,
2026-10-04T22:34:04.173419+05:30,POST,POST /jobs/,21.43,ok,
2026-10-04T22:34:04.205001+05:30,GET,GET /jobs/{id}/,21.25,ok,
2026-10-04T22:34:04.215996+05:30,GET,GET /jobs/stats/,22.16,ok,
2026-10-04T22:34:04.230593+05:30,GET,GET /jobs/{id}/,18.28,ok,
2026-10-04T22:34:04.236541+05:30,GET,GET /jobs/{id}/,19.25,ok,
2026-10-04T22:34:04.248757+05:30,GET,GET /jobs/{id}/,17.97,ok,
2026-10-04T22:34:04.289398+05:30,GET,GET /jobs/{id}/,24.24,ok,
2026-10-04T22:34:04.291942+05:30,POST,POST /jobs/,29.87,ok,
2026-10-04T22:34:04.304690+05:30,POST,POST /jobs/,26.48,ok,
2026-10-04T22:34:04.314295+05:30,GET,GET /jobs/{id}/,31.84,ok,
2026-10-04T22:34:04.321211+05:30,GET,GET /jobs/{id}/,26.98,ok,
2026-10-04T22:34:04.374165+05:30,GET,GET /jobs/{id}/,19.63,ok,
2026-10-04T22:34:04.382790+05:30,GET,GET /jobs/stats/,27.73,ok,
2026-10-04T22:34:04.410582+05:30,POST,POST /jobs/,22.51,ok,
2026-10-04T22:34:04.413821+05:30,GET,GET /jobs/{id}/,21.75,ok,
2026-10-04T22:34:04.431531+05:30,GET,GET /jobs/{id}/,20.75,ok,
2026-10-04T22:34:04.452785+05:30,GET,GET /jobs/{id}/,18.94,ok,
2026-10-04T22:34:04.457666+05:30,GET,GET /health/,19.82,ok,
2026-10-04T22:34:04.487566+05:30,GET,GET /health/,19.58,ok,
2026-10-04T22:34:04.493270+05:30,GET,GET /jobs/{id}/,18.96,ok,
2026-10-04T22:34:04.598631+05:30,POST,POST /jobs/,22.03,ok,
2026-10-04T22:34:04.604615+05:30,GET,GET /jobs/{id}/,20.35,ok,
2026-10-04T22:34:04.626149+05:30,GET,GET /health/,18.3,ok,
2026-10-04T22:34:04.658457+05:30,GET,GET /jobs/{id}/,17.94,ok,
2026-10-04T22:34:04.680966+05:30,GET,GET /health/,18.25,ok,
2026-10-04T22:34:04.739390+05:30,POST,POST /jobs/,23.11,ok,
2026-10-04T22:34:04.745277+05:30,GET,GET /health/,21.91,ok,
2026-10-04T22:34:04.764417+05:30,POST,POST /jobs/,22.72,ok,
2026-10-04T22:34:04.771655+05:30,GET,GET /jobs/{id}/,20.12,ok,
2026-10-04T22:34:04.788483+05:30,GET,GET /health/,19.77,ok,
2026-10-04T22:34:04.823260+05:30,GET,GET /jobs/stats/,22.52,ok,
2026-10-04T22:34:04.860472+05:30,POST,POST /jobs/,20.84,ok,
2026-10-04T22:34:04.900044+05:30,POST,POST /jobs/,24.28,ok,
2026-10-04T22:34:04.910394+05:30,POST,POST /jobs/,21.44,ok,
2026-10-04T22:34:04.912762+05:30,GET,GET /jobs/{id}/,21.7,ok,
2026-10-04T22:34:04.939718+05:30,POST,POST /jobs/,26.8,ok,
2026-10-04T22:34:04.940175+05:30,GET,GET /jobs/{id}/,22.32,ok,
2026-10-04T22:34:04.959119+05:30,GET,GET /jobs/{id}/,27.22,ok,
2026-10-04T22:34:04.977144+05:30,GET,GET /jobs/{id}/,19.71,ok,
2026-10-04T22:34:04.990894+05:30,GET,GET /health/,19.43,ok,
2026-10-04T22:34:05.000528+05:30,GET,GET /health/,18.88,ok,
2026-10-04T22:34:05.001798+05:30,GET,GET /jobs/stats/,25.83,ok,
2026-10-04T22:34:05.012788+05:30,POST,POST /jobs/,26.25,ok,
2026-10-04T22:34:05.079214+05:30,POST,POST /jobs/,21.11,ok,
2026-10-04T22:34:05.102569+05:30,GET,GET /health/,18.06,ok,
2026-10-04T22:34:05.207500+05:30,GET,GET /jobs/{id}/,18.44,ok,
2026-10-04T22:34:05.229079+05:30,POST,POST /jobs/,20.31,ok,
2026-10-04T22:34:05.273705+05:30,GET,GET /jobs/{id}/,26.31,ok,
2026-10-04T22:34:05.283545+05:30,POST,POST /jobs/,30.13,ok,
2026-10-04T22:34:05.291381+05:30,GET,GET /jobs/{id}/,25.68,ok,
2026-10-04T22:34:05.291950+05:30,POST,POST /jobs/,27.59,ok,
2026-10-04T22:34:05.332310+05:30,GET,GET /jobs/stats/,24.1,ok,
2026-10-04T22:34:05.370074+05:30,GET,GET /jobs/{id}/,21.4,ok,
2026-10-04T22:34:05.374987+05:30,GET,GET /health/,21.37,ok,
2026-10-04T22:34:05.399005+05:30,GET,GET /jobs/{id}/,18.74,ok,
2026-10-04T22:34:05.402923+05:30,GET,GET /jobs/{id}/,18.61,ok,
2026-10-04T22:34:05.413330+05:30,POST,POST /jobs/,22.97,ok,
2026-10-04T22:34:05.427609+05:30,GET,GET /health/,19.46,ok,
2026-10-04T22:34:05.439245+05:30,GET,GET /health/,18.62,ok,
2026-10-04T22:34:05.462743+05:30,GET,GET /jobs/{id}/,22.17,ok,
2026-10-04T22:34:05.481022+05:30,POST,POST /jobs/,24.49,ok,
2026-10-04T22:34:05.481604+05:30,GET,GET /jobs/{id}/,19.97,ok,
2026-10-04T22:34:05.491128+05:30,POST,POST /jobs/,21.81,ok,
2026-10-04T22:34:05.512718+05:30,GET,GET /jobs/{id}/,18.26,ok,
2026-10-04T22:34:05.572540+05:30,GET,GET /jobs/{id}/,18.3,ok,
2026-10-04T22:34:05.593688+05:30,GET,GET /health/,21.01,ok,
2026-10-04T22:34:05.608970+05:30,POST,POST /jobs/,24.33,ok,
2026-10-04T22:34:05.626736+05:30,POST,POST /jobs/,24.7,ok,
2026-10-04T22:34:05.634922+05:30,GET,GET /jobs/{id}/,22.57,ok,
2026-10-04T22:34:05.663852+05:30,GET,GET /jobs/{id}/,18.63,ok,
2026-10-04T22:34:05.664843+05:30,GET,GET /health/,16.67,ok,
2026-10-04T22:34:05.777204+05:30,GET,GET /jobs/{id}/,20.0,ok,
2026-10-04T22:34:05.786613+05:30,GET,GET /health/,23.44,ok,
2026-10-04T22:34:05.792111+05:30,GET,GET /jobs/{id}/,20.92,ok,
2026-10-04T22:34:05.804623+05:30,POST,POST /jobs/,22.02,ok,
2026-10-04T22:34:05.827294+05:30,GET,GET /jobs/stats/,23.9,ok,
2026-10-04T22:34:05.868138+05:30,POST,POST /jobs/,23.51,ok,
2026-10-04T22:34:05.883214+05:30,POST,POST /jobs/,32.49,ok,
2026-10-04T22:34:05.885446+05:30,GET,GET /jobs/{id}/,26.75,ok,
2026-10-04T22:34:05.909658+05:30,GET,GET /health/,23.02,ok,
2026-10-04T22:34:05.954930+05:30,GET,GET /jobs/{id}/,28.38,ok,
2026-10-04T22:34:05.960005+05:30,GET,GET /jobs/{id}/,34.01,ok,
2026-10-04T22:34:05.971870+05:30,POST,POST /jobs/,37.3,ok,
2026-10-04T22:34:05.981780+05:30,POST,POST /jobs/,33.81,ok,
2026-10-04T22:34:05.997364+05:30,GET,GET /jobs/stats/,36.09,ok,
2026-10-04T22:34:06.002675+05:30,GET,GET /health/,34.36,ok,
2026-10-04T22:34:06.033236+05:30,GET,GET /jobs/{id}/,33.03,ok,
2026-10-04T22:34:06.035404+05:30,GET,GET /jobs/{id}/,35.74,ok,
2026-10-04T22:34:06.049410+05:30,POST,POST /jobs/,32.34,ok,
2026-10-04T22:34:06.060256+05:30,GET,GET /jobs/stats/,32.07,ok,
2026-10-04T22:34:06.079454+05:30,GET,GET /health/,22.61,ok,
2026-10-04T22:34:06.097327+05:30,GET,GET /jobs/{id}/,23.74,ok,
2026-10-04T22:34:06.107308+05:30,GET,GET /jobs/{id}/,23.59,ok,
2026-10-04T22:34:06.128178+05:30,GET,GET /jobs/{id}/,23.51,ok,
2026-10-04T22:34:06.132689+05:30,GET,GET /jobs/{id}/,26.24,ok,
2026-10-04T22:34:06.196907+05:30,GET,GET /jobs/{id}/,30.71,ok,
2026-10-04T22:34:06.213020+05:30,POST,POST /jobs/,40.82,ok,
2026-10-04T22:34:06.218078+05:30,GET,GET /health/,47.92,ok,
2026-10-04T22:34:06.220313+05:30,GET,GET /jobs/{id}/,31.77,ok,
2026-10-04T22:34:06.224961+05:30,POST,POST /jobs/,26.76,ok,
2026-10-04T22:34:06.243906+05:30,GET,GET /jobs/{id}/,32.09,ok,
2026-10-04T22:34:06.264978+05:30,POST,POST /jobs/,54.31,ok,
2026-10-04T22:34:06.280319+05:30,GET,GET /jobs/stats/,46.07,ok,
2026-10-04T22:34:06.394907+05:30,POST,POST /jobs/,22.11,ok,
2026-10-04T22:34:06.442383+05:30,GET,GET /jobs/{id}/,19.97,ok,
2026-10-04T22:34:06.450735+05:30,GET,GET /jobs/{id}/,20.26,ok,
2026-10-04T22:34:06.527086+05:30,POST,POST /jobs/,25.03,ok,
2026-10-04T22:34:06.536943+05:30,GET,GET /jobs/stats/,28.9,ok,
2026-10-04T22:34:06.587022+05:30,GET,GET /jobs/stats/,51.16,ok,
2026-10-04T22:34:06.635223+05:30,POST,POST /jobs/,20.89,ok,
2026-10-04T22:34:06.693572+05:30,POST,POST /jobs/,21.97,ok,
2026-10-04T22:34:06.730621+05:30,GET,GET /health/,18.75,ok,
2026-10-04T22:34:06.775576+05:30,POST,POST /jobs/,26.64,ok,
2026-10-04T22:34:06.788108+05:30,GET,GET /jobs/{id}/,29.56,ok,
2026-10-04T22:34:06.788818+05:30,GET,GET /jobs/{id}/,30.82,ok,
2026-10-04T22:34:06.789357+05:30,GET,GET /jobs/{id}/,23.84,ok,
2026-10-04T22:34:06.790764+05:30,GET,GET /jobs/{id}/,24.74,ok,
2026-10-04T22:34:06.827632+05:30,GET,GET /jobs/stats/,25.61,ok,
2026-10-04T22:34:06.974840+05:30,GET,GET /jobs/{id}/,130.28,ok,
2026-10-04T22:34:06.975514+05:30,POST,POST /jobs/,131.6,ok,
2026-10-04T22:34:06.998016+05:30,POST,POST /jobs/,139.35,ok,
2026-10-04T22:34:07.009560+05:30,GET,GET /health/,107.52,ok,
2026-10-04T22:34:07.010524+05:30,POST,POST /jobs/,144.83,ok,
2026-10-04T22:34:07.014081+05:30,POST,POST /jobs/,57.79,ok,
2026-10-04T22:34:07.014299+05:30,GET,GET /jobs/{id}/,129.6,ok,
2026-10-04T22:34:07.065662+05:30,POST,POST /jobs/,64.72,ok,
2026-10-04T22:34:07.066316+05:30,POST,POST /jobs/,62.41,ok,
2026-10-04T22:34:07.096633+05:30,GET,GET /health/,51.75,ok,
2026-10-04T22:34:07.100017+05:30,GET,GET /jobs/{id}/,26.28,ok,
2026-10-04T22:34:07.109333+05:30,POST,POST /jobs/,23.53,ok,
2026-10-04T22:34:07.129177+05:30,POST,POST /jobs/,22.63,ok,
2026-10-04T22:34:07.142383+05:30,GET,GET /jobs/{id}/,19.74,ok,
2026-10-04T22:34:07.160628+05:30,POST,POST /jobs/,25.19,ok,
2026-10-04T22:34:07.172622+05:30,GET,GET /jobs/{id}/,29.0,ok,
2026-10-04T22:34:07.179139+05:30,POST,POST /jobs/,34.92,ok,
2026-10-04T22:34:07.183921+05:30,GET,GET /jobs/{id}/,31.61,ok,
2026-10-04T22:34:07.191187+05:30,GET,GET /health/,36.92,ok,
2026-10-04T22:34:07.203737+05:30,POST,POST /jobs/,30.9,ok,
2026-10-04T22:34:07.211078+05:30,GET,GET /health/,19.76,ok,
2026-10-04T22:34:07.219947+05:30,GET,GET /jobs/{id}/,21.79,ok,
2026-10-04T22:34:07.249938+05:30,GET,GET /jobs/stats/,21.72,ok,
2026-10-04T22:34:07.271820+05:30,POST,POST /jobs/,27.5,ok,
2026-10-04T22:34:07.320134+05:30,GET,GET /jobs/{id}/,60.59,ok,
2026-10-04T22:34:07.322158+05:30,GET,GET /jobs/{id}/,47.04,ok,
2026-10-04T22:34:07.340223+05:30,GET,GET /health/,81.41,ok,
2026-10-04T22:34:07.356817+05:30,GET,GET /jobs/{id}/,73.69,ok,
2026-10-04T22:34:07.370348+05:30,GET,GET /jobs/stats/,115.15,ok,
2026-10-04T22:34:07.411418+05:30,POST,POST /jobs/,47.26,ok,
2026-10-04T22:34:07.424740+05:30,GET,GET /health/,49.83,ok,
2026-10-04T22:34:07.429131+05:30,POST,POST /jobs/,59.83,ok,
2026-10-04T22:34:07.448803+05:30,POST,POST /jobs/,38.51,ok,
2026-10-04T22:34:07.455821+05:30,POST,POST /jobs/,32.35,ok,
2026-10-04T22:34:07.514961+05:30,GET,GET /jobs/{id}/,49.81,ok,
2026-10-04T22:34:07.557383+05:30,POST,POST /jobs/,62.03,ok,
2026-10-04T22:34:07.561896+05:30,POST,POST /jobs/,55.3,ok,
2026-10-04T22:34:07.601387+05:30,POST,POST /jobs/,74.11,ok,
2026-10-04T22:34:07.632670+05:30,GET,GET /jobs/stats/,102.43,ok,
2026-10-04T22:34:07.646860+05:30,POST,POST /jobs/,96.61,ok,
2026-10-04T22:34:07.652233+05:30,GET,GET /jobs/{id}/,96.53,ok,
2026-10-04T22:34:07.670847+05:30,GET,GET /health/,87.68,ok,
2026-10-04T22:34:07.672720+05:30,POST,POST /jobs/,66.99,ok,
2026-10-04T22:34:07.673392+05:30,GET,GET /jobs/{id}/,88.79,ok,
2026-10-04T22:34:07.697571+05:30,POST,POST /jobs/,88.13,ok,
2026-10-04T22:34:07.706439+05:30,GET,GET /jobs/{id}/,97.59,ok,
2026-10-04T22:34:07.707226+05:30,POST,POST /jobs/,81.27,ok,
2026-10-04T22:34:07.715329+05:30,GET,GET /health/,59.87,ok,
2026-10-04T22:34:07.715981+05:30,GET,GET /jobs/stats/,100.35,ok,
2026-10-04T22:34:07.716590+05:30,GET,GET /health/,72.38,ok,
2026-10-04T22:34:07.718776+05:30,POST,POST /jobs/,147.56,ok,
2026-10-04T22:34:07.725735+05:30,GET,GET /jobs/{id}/,29.5,ok,
2026-10-04T22:34:07.748426+05:30,GET,GET /jobs/{id}/,18.35,ok,
2026-10-04T22:34:07.816338+05:30,GET,GET /jobs/{id}/,20.68,ok,
2026-10-04T22:34:07.817400+05:30,GET,GET /jobs/stats/,28.35,ok,
2026-10-04T22:34:07.818827+05:30,POST,POST /jobs/,24.78,ok,
2026-10-04T22:34:07.840588+05:30,GET,GET /health/,25.66,ok,
2026-10-04T22:34:07.855379+05:30,POST,POST /jobs/,26.25,ok,
2026-10-04T22:34:07.896825+05:30,GET,GET /jobs/{id}/,22.1,ok,
2026-10-04T22:34:07.922326+05:30,GET,GET /jobs/{id}/,19.2,ok,
2026-10-04T22:34:08.017304+05:30,GET,GET /health/,22.62,ok,
2026-10-04T22:34:08.023089+05:30,POST,POST /jobs/,27.81,ok,
2026-10-04T22:34:08.023605+05:30,GET,GET /jobs/{id}/,24.1,ok,
2026-10-04T22:34:08.027011+05:30,GET,GET /jobs/{id}/,21.06,ok,
2026-10-04T22:34:08.060012+05:30,POST,POST /jobs/,25.73,ok,
2026-10-04T22:34:08.071462+05:30,POST,POST /jobs/,31.08,ok,
2026-10-04T22:34:08.086692+05:30,POST,POST /jobs/,25.41,ok,
2026-10-04T22:34:08.110086+05:30,POST,POST /jobs/,22.13,ok,
2026-10-04T22:34:08.198871+05:30,GET,GET /jobs/stats/,37.52,ok,
2026-10-04T22:34:08.205194+05:30,GET,GET /jobs/{id}/,23.66,ok,
2026-10-04T22:34:08.215566+05:30,GET,GET /jobs/{id}/,20.99,ok,
2026-10-04T22:34:08.230591+05:30,GET,GET /jobs/{id}/,23.02,ok,
2026-10-04T22:34:08.236618+05:30,GET,GET /health/,19.82,ok,
2026-10-04T22:34:08.268363+05:30,GET,GET /jobs/{id}/,22.46,ok,
2026-10-04T22:34:08.300252+05:30,GET,GET /jobs/{id}/,38.78,ok,
2026-10-04T22:34:08.302230+05:30,POST,POST /jobs/,41.33,ok,
2026-10-04T22:34:08.362308+05:30,POST,POST /jobs/,23.8,ok,
2026-10-04T22:34:08.419496+05:30,POST,POST /jobs/,20.86,ok,
2026-10-04T22:34:08.438772+05:30,GET,GET /jobs/{id}/,20.34,ok,
2026-10-04T22:34:08.439391+05:30,GET,GET /health/,19.78,ok,
2026-10-04T22:34:08.470860+05:30,GET,GET /jobs/{id}/,19.22,ok,
2026-10-04T22:34:08.543263+05:30,POST,POST /jobs/,28.06,ok,
2026-10-04T22:34:08.543688+05:30,POST,POST /jobs/,27.87,ok,
2026-10-04T22:34:08.546866+05:30,GET,GET /jobs/{id}/,22.71,ok,
2026-10-04T22:34:08.561551+05:30,POST,POST /jobs/,28.33,ok,
2026-10-04T22:34:08.574388+05:30,GET,GET /jobs/{id}/,23.27,ok,
2026-10-04T22:34:08.644331+05:30,GET,GET /jobs/{id}/,19.62,ok,
2026-10-04T22:34:08.665997+05:30,POST,POST /jobs/,22.65,ok,
2026-10-04T22:34:08.693184+05:30,POST,POST /jobs/,21.89,ok,
2026-10-04T22:34:08.736713+05:30,POST,POST /jobs/,27.22,ok,
2026-10-04T22:34:08.748679+05:30,GET,GET /jobs/{id}/,29.59,ok,
2026-10-04T22:34:08.749290+05:30,POST,POST /jobs/,24.04,ok,
2026-10-04T22:34:08.749634+05:30,GET,GET /jobs/stats/,31.1,ok,
2026-10-04T22:34:08.779429+05:30,POST,POST /jobs/,21.57,ok,
2026-10-04T22:34:08.806447+05:30,POST,POST /jobs/,21.73,ok,
2026-10-04T22:34:08.884129+05:30,GET,GET /jobs/stats/,46.42,ok,
2026-10-04T22:34:08.900043+05:30,POST,POST /jobs/,25.35,ok,
2026-10-04T22:34:08.909867+05:30,POST,POST /jobs/,30.06,ok,
2026-10-04T22:34:08.925659+05:30,GET,GET /jobs/stats/,25.48,ok,
2026-10-04T22:34:08.933283+05:30,POST,POST /jobs/,23.26,ok,
2026-10-04T22:34:08.980750+05:30,GET,GET /jobs/{id}/,40.17,ok,
2026-10-04T22:34:09.063385+05:30,GET,GET /jobs/{id}/,47.02,ok,
2026-10-04T22:34:09.065671+05:30,GET,GET /jobs/{id}/,62.6,ok,
2026-10-04T22:34:09.068195+05:30,GET,GET /jobs/{id}/,53.01,ok,
2026-10-04T22:34:09.068601+05:30,GET,GET /jobs/{id}/,60.57,ok,
2026-10-04T22:34:09.177162+05:30,GET,GET /jobs/{id}/,110.16,ok,
2026-10-04T22:34:09.206277+05:30,POST,POST /jobs/,127.13,ok,
2026-10-04T22:34:09.210842+05:30,GET,GET /jobs/{id}/,113.01,ok,
2026-10-04T22:34:09.212070+05:30,POST,POST /jobs/,131.97,ok,
2026-10-04T22:34:09.212635+05:30,GET,GET /jobs/{id}/,115.4,ok,
2026-10-04T22:34:09.212984+05:30,GET,GET /jobs/{id}/,96.09,ok,
2026-10-04T22:34:09.250815+05:30,GET,GET /jobs/{id}/,120.3,ok,
2026-10-04T22:34:09.251330+05:30,GET,GET /jobs/{id}/,133.89,ok,
2026-10-04T22:34:09.317475+05:30,GET,GET /jobs/{id}/,119.91,ok,
2026-10-04T22:34:09.323766+05:30,GET,GET /jobs/{id}/,82.54,ok,
2026-10-04T22:34:09.324232+05:30,POST,POST /jobs/,106.05,ok,
2026-10-04T22:34:09.356704+05:30,POST,POST /jobs/,95.09,ok,
2026-10-04T22:34:09.377123+05:30,GET,GET /jobs/{id}/,63.45,ok,
2026-10-04T22:34:09.382591+05:30,GET,GET /jobs/stats/,102.82,ok,
2026-10-04T22:34:09.396797+05:30,POST,POST /jobs/,89.32,ok,
2026-10-04T22:34:09.417559+05:30,GET,GET /jobs/{id}/,91.09,ok,
2026-10-04T22:34:09.443071+05:30,POST,POST /jobs/,67.04,ok,
2026-10-04T22:34:09.488169+05:30,GET,GET /jobs/{id}/,51.3,ok,
2026-10-04T22:34:09.521303+05:30,GET,GET /health/,75.96,ok,
2026-10-04T22:34:09.580809+05:30,GET,GET /jobs/{id}/,56.19,ok,
2026-10-04T22:34:09.581486+05:30,POST,POST /jobs/,98.24,ok,
2026-10-04T22:34:09.582033+05:30,POST,POST /jobs/,93.71,ok,
2026-10-04T22:34:09.583414+05:30,POST,POST /jobs/,63.87,ok,
2026-10-04T22:34:09.592852+05:30,GET,GET /jobs/{id}/,49.28,ok,
2026-10-04T22:34:09.629714+05:30,GET,GET /jobs/{id}/,21.52,ok,
2026-10-04T22:34:09.640942+05:30,GET,GET /jobs/stats/,22.7,ok,
2026-10-04T22:34:09.680275+05:30,GET,GET /jobs/{id}/,20.01,ok,
2026-10-04T22:34:09.699465+05:30,POST,POST /jobs/,26.13,ok,
2026-10-04T22:34:09.705876+05:30,GET,GET /jobs/{id}/,20.2,ok,
2026-10-04T22:34:09.712812+05:30,POST,POST /jobs/,25.24,ok,
2026-10-04T22:34:09.715051+05:30,POST,POST /jobs/,22.37,ok,
2026-10-04T22:34:09.720139+05:30,GET,GET /jobs/{id}/,22.42,ok,
2026-10-04T22:34:09.763154+05:30,GET,GET /jobs/{id}/,26.63,ok,
2026-10-04T22:34:09.813338+05:30,GET,GET /jobs/{id}/,18.54,ok,
2026-10-04T22:34:09.822034+05:30,GET,GET /jobs/stats/,26.68,ok,
2026-10-04T22:34:09.830231+05:30,GET,GET /jobs/stats/,29.85,ok,
2026-10-04T22:34:09.841757+05:30,GET,GET /jobs/{id}/,28.26,ok,
2026-10-04T22:34:09.847658+05:30,GET,GET /jobs/{id}/,29.13,ok,
2026-10-04T22:34:09.848348+05:30,GET,GET /jobs/{id}/,27.95,ok,
2026-10-04T22:34:09.851479+05:30,POST,POST /jobs/,29.13,ok,
2026-10-04T22:34:09.871621+05:30,GET,GET /jobs/{id}/,41.22,ok,
2026-10-04T22:34:09.899044+05:30,GET,GET /jobs/{id}/,43.31,ok,
2026-10-04T22:34:09.912328+05:30,POST,POST /jobs/,49.79,ok,
2026-10-04T22:34:09.912842+05:30,GET,GET /jobs/stats/,53.18,ok,
2026-10-04T22:34:09.914236+05:30,GET,GET /health/,26.34,ok,
2026-10-04T22:34:09.916062+05:30,GET,GET /jobs/{id}/,22.14,ok,
2026-10-04T22:34:09.949146+05:30,GET,GET /health/,18.82,ok,
2026-10-04T22:34:09.981786+05:30,GET,GET /jobs/{id}/,26.47,ok,
2026-10-04T22:34:09.983606+05:30,GET,GET /jobs/{id}/,33.21,ok,
2026-10-04T22:34:09.990022+05:30,POST,POST /jobs/,29.66,ok,
2026-10-04T22:34:09.995204+05:30,GET,GET /jobs/{id}/,29.19,ok,
2026-10-04T22:34:09.995829+05:30,GET,GET /jobs/stats/,27.85,ok,
2026-10-04T22:34:10.009107+05:30,GET,GET /jobs/{id}/,25.35,ok,
2026-10-04T22:34:10.051443+05:30,POST,POST /jobs/,22.94,ok,
2026-10-04T22:34:10.060533+05:30,POST,POST /jobs/,26.98,ok,
2026-10-04T22:34:10.069488+05:30,POST,POST /jobs/,26.71,ok,
2026-10-04T22:34:10.153025+05:30,GET,GET /jobs/{id}/,18.2,ok,
2026-10-04T22:34:10.181857+05:30,GET,GET /jobs/stats/,21.56,ok,
2026-10-04T22:34:10.195784+05:30,GET,GET /jobs/{id}/,18.46,ok,
2026-10-04T22:34:10.201495+05:30,GET,GET /jobs/{id}/,19.46,ok,
2026-10-04T22:34:10.209597+05:30,POST,POST /jobs/,22.52,ok,
2026-10-04T22:34:10.231455+05:30,POST,POST /jobs/,24.67,ok,
2026-10-04T22:34:10.246089+05:30,GET,GET /jobs/{id}/,19.16,ok,
2026-10-04T22:34:10.322955+05:30,GET,GET /jobs/{id}/,17.52,ok,
2026-10-04T22:34:10.392014+05:30,POST,POST /jobs/,23.75,ok,
2026-10-04T22:34:10.405587+05:30,POST,POST /jobs/,25.08,ok,
2026-10-04T22:34:10.422286+05:30,POST,POST /jobs/,21.97,ok,
2026-10-04T22:34:10.497258+05:30,GET,GET /health/,20.68,ok,
2026-10-04T22:34:10.512175+05:30,POST,POST /jobs/,23.6,ok,
2026-10-04T22:34:10.551965+05:30,GET,GET /jobs/{id}/,20.28,ok,
2026-10-04T22:34:10.561419+05:30,GET,GET /jobs/{id}/,19.67,ok,
2026-10-04T22:34:10.567876+05:30,POST,POST /jobs/,23.15,ok,
2026-10-04T22:34:10.576300+05:30,GET,GET /jobs/{id}/,23.08,ok,
2026-10-04T22:34:10.577463+05:30,GET,GET /health/,21.28,ok,
2026-10-04T22:34:10.587085+05:30,GET,GET /jobs/{id}/,25.51,ok,
2026-10-04T22:34:10.617692+05:30,GET,GET /jobs/{id}/,24.3,ok,
2026-10-04T22:34:10.634358+05:30,POST,POST /jobs/,23.72,ok,
2026-10-04T22:34:10.662110+05:30,GET,GET /jobs/{id}/,29.08,ok,
2026-10-04T22:34:10.720895+05:30,POST,POST /jobs/,27.27,ok,
2026-10-04T22:34:10.721354+05:30,GET,GET /jobs/{id}/,23.68,ok,
2026-10-04T22:34:10.738646+05:30,POST,POST /jobs/,24.93,ok,
2026-10-04T22:34:10.769565+05:30,GET,GET /jobs/{id}/,18.53,ok,
2026-10-04T22:34:10.794024+05:30,POST,POST /jobs/,23.72,ok,
2026-10-04T22:34:10.795920+05:30,POST,POST /jobs/,27.82,ok,
2026-10-04T22:34:10.804060+05:30,GET,GET /jobs/{id}/,17.68,ok,
2026-10-04T22:34:10.855140+05:30,GET,GET /jobs/stats/,21.8,ok,
2026-10-04T22:34:10.980483+05:30,GET,GET /jobs/{id}/,18.9,ok,
2026-10-04T22:34:10.986624+05:30,GET,GET /jobs/{id}/,18.61,ok,
2026-10-04T22:34:11.030453+05:30,POST,POST /jobs/,24.51,ok,
2026-10-04T22:34:11.039338+05:30,POST,POST /jobs/,21.94,ok,
2026-10-04T22:34:11.059491+05:30,POST,POST /jobs/,21.24,ok,
2026-10-04T22:34:11.077972+05:30,GET,GET /jobs/{id}/,18.31,ok,
2026-10-04T22:34:11.096616+05:30,GET,GET /jobs/{id}/,19.89,ok,
2026-10-04T22:34:11.122434+05:30,POST,POST /jobs/,21.54,ok,
2026-10-04T22:34:11.130365+05:30,GET,GET /jobs/{id}/,19.52,ok,
2026-10-04T22:34:11.183712+05:30,GET,GET /health/,18.07,ok,
2026-10-04T22:34:11.224696+05:30,POST,POST /jobs/,22.65,ok,
2026-10-04T22:34:11.231447+05:30,GET,GET /health/,18.37,ok,
2026-10-04T22:34:11.341847+05:30,GET,GET /health/,18.64,ok,
2026-10-04T22:34:11.395000+05:30,GET,GET /jobs/{id}/,18.82,ok,
2026-10-04T22:34:11.403038+05:30,POST,POST /jobs/,26.18,ok,
2026-10-04T22:34:11.424259+05:30,GET,GET /jobs/stats/,21.08,ok,
2026-10-04T22:34:11.475875+05:30,GET,GET /health/,20.3,ok,
2026-10-04T22:34:11.488255+05:30,GET,GET /health/,19.36,ok,
2026-10-04T22:34:11.571208+05:30,GET,GET /jobs/{id}/,24.64,ok,
2026-10-04T22:34:11.581192+05:30,GET,GET /jobs/stats/,25.61,ok,
2026-10-04T22:34:11.588130+05:30,GET,GET /jobs/stats/,22.97,ok,
2026-10-04T22:34:11.605359+05:30,POST,POST /jobs/,21.88,ok,
2026-10-04T22:34:11.622818+05:30,GET,GET /jobs/{id}/,18.61,ok,
2026-10-04T22:34:11.632220+05:30,POST,POST /jobs/,20.29,ok,
2026-10-04T22:34:11.690992+05:30,POST,POST /jobs/,20.48,ok,
2026-10-04T22:34:11.789680+05:30,GET,GET /jobs/{id}/,21.32,ok,
2026-10-04T22:34:11.796822+05:30,GET,GET /jobs/{id}/,22.64,ok,
2026-10-04T22:34:11.800767+05:30,GET,GET /jobs/{id}/,20.48,ok,
2026-10-04T22:34:11.804357+05:30,GET,GET /jobs/{id}/,19.88,ok,
2026-10-04T22:34:11.852056+05:30,GET,GET /jobs/stats/,24.35,ok,
2026-10-04T22:34:11.863805+05:30,GET,GET /health/,22.09,ok,
2026-10-04T22:34:11.865409+05:30,GET,GET /health/,22.4,ok,
2026-10-04T22:34:11.875525+05:30,GET,GET /jobs/{id}/,28.56,ok,
2026-10-04T22:34:11.892112+05:30,GET,GET /jobs/{id}/,36.92,ok,
2026-10-04T22:34:11.892848+05:30,GET,GET /jobs/{id}/,40.57,ok,
2026-10-04T22:34:11.897675+05:30,POST,POST /jobs/,31.05,ok,
2026-10-04T22:34:11.907498+05:30,GET,GET /jobs/{id}/,35.97,ok,
2026-10-04T22:34:11.912198+05:30,GET,GET /jobs/stats/,34.45,ok,
2026-10-04T22:34:11.960812+05:30,POST,POST /jobs/,80.14,ok,
2026-10-04T22:34:11.961787+05:30,GET,GET /jobs/{id}/,62.88,ok,
2026-10-04T22:34:11.968495+05:30,POST,POST /jobs/,69.09,ok,
2026-10-04T22:34:11.973402+05:30,GET,GET /jobs/{id}/,50.94,ok,
2026-10-04T22:34:11.974436+05:30,GET,GET /jobs/stats/,57.02,ok,
2026-10-04T22:34:12.031353+05:30,POST,POST /jobs/,22.49,ok,
2026-10-04T22:34:12.086472+05:30,GET,GET /jobs/stats/,33.74,ok,
2026-10-04T22:34:12.098977+05:30,GET,GET /jobs/{id}/,26.88,ok,
2026-10-04T22:34:12.103016+05:30,GET,GET /jobs/{id}/,30.14,ok,
2026-10-04T22:34:12.106240+05:30,GET,GET /jobs/{id}/,29.99,ok,
2026-10-04T22:34:12.110844+05:30,GET,GET /health/,28.58,ok,
2026-10-04T22:34:12.115217+05:30,GET,GET /jobs/{id}/,38.11,ok,
2026-10-04T22:34:12.152619+05:30,POST,POST /jobs/,25.02,ok,
2026-10-04T22:34:12.180619+05:30,GET,GET /health/,18.7,ok,
2026-10-04T22:34:12.221724+05:30,GET,GET /health/,20.69,ok,
2026-10-04T22:34:12.225875+05:30,GET,GET /jobs/{id}/,19.84,ok,
2026-10-04T22:34:12.234702+05:30,GET,GET /jobs/{id}/,22.72,ok,
2026-10-04T22:34:12.242313+05:30,POST,POST /jobs/,27.25,ok,
2026-10-04T22:34:12.242753+05:30,GET,GET /jobs/{id}/,23.4,ok,
2026-10-04T22:34:12.249723+05:30,GET,GET /jobs/{id}/,22.59,ok,
2026-10-04T22:34:12.277484+05:30,GET,GET /jobs/stats/,22.54,ok,
2026-10-04T22:34:12.323518+05:30,POST,POST /jobs/,30.74,ok,
2026-10-04T22:34:12.324178+05:30,GET,GET /jobs/{id}/,27.77,ok,
2026-10-04T22:34:12.324589+05:30,POST,POST /jobs/,31.31,ok,
2026-10-04T22:34:12.332898+05:30,GET,GET /jobs/{id}/,22.37,ok,
2026-10-04T22:34:12.339429+05:30,GET,GET /jobs/{id}/,25.63,ok,
2026-10-04T22:34:12.346864+05:30,POST,POST /jobs/,22.16,ok,
2026-10-04T22:34:12.366282+05:30,POST,POST /jobs/,24.62,ok,
2026-10-04T22:34:12.423504+05:30,GET,GET /health/,21.95,ok,
2026-10-04T22:34:12.432949+05:30,GET,GET /jobs/{id}/,19.25,ok,
2026-10-04T22:34:12.439024+05:30,GET,GET /jobs/{id}/,19.24,ok,
2026-10-04T22:34:12.464578+05:30,POST,POST /jobs/,22.28,ok,
2026-10-04T22:34:12.472697+05:30,GET,GET /jobs/{id}/,20.35,ok,
2026-10-04T22:34:12.474455+05:30,POST,POST /jobs/,24.12,ok,
2026-10-04T22:34:12.529576+05:30,GET,GET /jobs/{id}/,17.82,ok,
2026-10-04T22:34:12.566749+05:30,POST,POST /jobs/,20.88,ok,
2026-10-04T22:34:12.632066+05:30,GET,GET /jobs/{id}/,19.98,ok,
2026-10-04T22:34:12.653029+05:30,POST,POST /jobs/,22.52,ok,
2026-10-04T22:34:12.704952+05:30,POST,POST /jobs/,22.59,ok,
2026-10-04T22:34:12.717523+05:30,GET,GET /jobs/stats/,28.17,ok,
2026-10-04T22:34:12.744275+05:30,GET,GET /jobs/{id}/,17.28,ok,
2026-10-04T22:34:12.779456+05:30,GET,GET /jobs/{id}/,18.83,ok,
2026-10-04T22:34:12.803472+05:30,GET,GET /jobs/{id}/,17.74,ok,
2026-10-04T22:34:12.842599+05:30,GET,GET /health/,19.85,ok,
2026-10-04T22:34:12.849921+05:30,GET,GET /jobs/{id}/,19.22,ok,
2026-10-04T22:34:12.851281+05:30,GET,GET /health/,20.09,ok,
2026-10-04T22:34:12.857035+05:30,GET,GET /jobs/{id}/,19.71,ok,
2026-10-04T22:34:12.916420+05:30,POST,POST /jobs/,19.88,ok,
2026-10-04T22:34:12.958511+05:30,GET,GET /health/,18.79,ok,
2026-10-04T22:34:12.967734+05:30,GET,GET /jobs/{id}/,18.87,ok,
2026-10-04T22:34:13.030262+05:30,GET,GET /jobs/{id}/,19.21,ok,
2026-10-04T22:34:13.050008+05:30,GET,GET /health/,18.47,ok,
2026-10-04T22:34:13.075434+05:30,POST,POST /jobs/,26.39,ok,
2026-10-04T22:34:13.086064+05:30,GET,GET /jobs/{id}/,20.42,ok,
2026-10-04T22:34:13.096086+05:30,GET,GET /jobs/{id}/,23.01,ok,
2026-10-04T22:34:13.112976+05:30,GET,GET /health/,28.09,ok,
2026-10-04T22:34:13.121904+05:30,GET,GET /jobs/{id}/,21.03,ok,
2026-10-04T22:34:13.122623+05:30,GET,GET /jobs/stats/,26.33,ok,
2026-10-04T22:34:13.163586+05:30,GET,GET /jobs/{id}/,22.66,ok,
2026-10-04T22:34:13.182228+05:30,GET,GET /jobs/{id}/,27.12,ok,
2026-10-04T22:34:13.188905+05:30,GET,GET /health/,30.12,ok,
2026-10-04T22:34:13.192727+05:30,POST,POST /jobs/,34.59,ok,
2026-10-04T22:34:13.212794+05:30,GET,GET /jobs/{id}/,25.25,ok,
2026-10-04T22:34:13.215669+05:30,GET,GET /jobs/{id}/,37.78,ok,
2026-10-04T22:34:13.248826+05:30,POST,POST /jobs/,26.89,ok,
2026-10-04T22:34:13.318933+05:30,POST,POST /jobs/,21.75,ok,
2026-10-04T22:34:13.399850+05:30,POST,POST /jobs/,20.6,ok,
2026-10-04T22:34:13.411188+05:30,GET,GET /jobs/{id}/,17.9,ok,
2026-10-04T22:34:13.437853+05:30,GET,GET /jobs/stats/,21.25,ok,
2026-10-04T22:34:13.489495+05:30,GET,GET /jobs/{id}/,20.05,ok,
2026-10-04T22:34:13.491184+05:30,GET,GET /jobs/{id}/,23.89,ok,
2026-10-04T22:34:13.492632+05:30,POST,POST /jobs/,27.45,ok,
2026-10-04T22:34:13.497472+05:30,GET,GET /health/,23.98,ok,
2026-10-04T22:34:13.535090+05:30,POST,POST /jobs/,22.32,ok,
2026-10-04T22:34:13.549488+05:30,GET,GET /jobs/{id}/,18.69,ok,
2026-10-04T22:34:13.560074+05:30,POST,POST /jobs/,19.71,ok,
2026-10-04T22:34:13.582412+05:30,GET,GET /jobs/{id}/,21.1,ok,
2026-10-04T22:34:13.610203+05:30,GET,GET /jobs/{id}/,28.89,ok,
2026-10-04T22:34:13.610773+05:30,GET,GET /jobs/{id}/,25.81,ok,
2026-10-04T22:34:13.626550+05:30,GET,GET /jobs/stats/,25.43,ok,
2026-10-04T22:34:13.662269+05:30,GET,GET /jobs/stats/,22.46,ok,
2026-10-04T22:34:13.682068+05:30,POST,POST /jobs/,26.16,ok,
2026-10-04T22:34:13.723286+05:30,GET,GET /jobs/{id}/,18.88,ok,
2026-10-04T22:34:13.724013+05:30,GET,GET /jobs/stats/,22.64,ok,
2026-10-04T22:34:13.754965+05:30,POST,POST /jobs/,20.68,ok,
2026-10-04T22:34:13.784479+05:30,GET,GET /jobs/{id}/,18.13,ok,
2026-10-04T22:34:13.822500+05:30,POST,POST /jobs/,21.69,ok,
2026-10-04T22:34:13.825610+05:30,GET,GET /jobs/{id}/,20.75,ok,
2026-10-04T22:34:13.872302+05:30,GET,GET /jobs/stats/,33.31,ok,
2026-10-04T22:34:13.897894+05:30,GET,GET /jobs/stats/,50.97,ok,
2026-10-04T22:34:13.898484+05:30,POST,POST /jobs/,46.31,ok,
2026-10-04T22:34:13.898859+05:30,POST,POST /jobs/,48.94,ok,
2026-10-04T22:34:13.915510+05:30,POST,POST /jobs/,33.83,ok,
2026-10-04T22:34:13.964519+05:30,POST,POST /jobs/,22.57,ok,
2026-10-04T22:34:13.974583+05:30,GET,GET /jobs/stats/,23.73,ok,
2026-10-04T22:34:14.002067+05:30,GET,GET /jobs/{id}/,20.17,ok,
2026-10-04T22:34:14.021195+05:30,GET,GET /jobs/stats/,30.28,ok,
2026-10-04T22:34:14.028934+05:30,POST,POST /jobs/,27.94,ok,
2026-10-04T22:34:14.060804+05:30,POST,POST /jobs/,22.54,ok,
2026-10-04T22:34:14.086063+05:30,POST,POST /jobs/,20.97,ok,
2026-10-04T22:34:14.120159+05:30,POST,POST /jobs/,25.8,ok,
2026-10-04T22:34:14.128304+05:30,GET,GET /jobs/stats/,26.9,ok,
2026-10-04T22:34:14.133490+05:30,GET,GET /jobs/{id}/,26.4,ok,
2026-10-04T22:34:14.133951+05:30,GET,GET /jobs/{id}/,27.57,ok,
2026-10-04T22:34:14.188333+05:30,POST,POST /jobs/,21.92,ok,
2026-10-04T22:34:14.232917+05:30,GET,GET /jobs/{id}/,18.27,ok,
2026-10-04T22:34:14.254151+05:30,POST,POST /jobs/,22.31,ok,
2026-10-04T22:34:14.254771+05:30,GET,GET /health/,20.32,ok,
2026-10-04T22:34:14.278374+05:30,GET,GET /health/,19.34,ok,
2026-10-04T22:34:14.296918+05:30,POST,POST /jobs/,23.96,ok,
2026-10-04T22:34:14.323021+05:30,POST,POST /jobs/,29.32,ok,
2026-10-04T22:34:14.330128+05:30,GET,GET /jobs/{id}/,24.51,ok,
2026-10-04T22:34:14.332549+05:30,POST,POST /jobs/,30.71,ok,
2026-10-04T22:34:14.333530+05:30,GET,GET /jobs/stats/,32.37,ok,
2026-10-04T22:34:14.344592+05:30,GET,GET /health/,25.96,ok,
2026-10-04T22:34:14.357775+05:30,GET,GET /jobs/stats/,25.01,ok,
2026-10-04T22:34:14.408780+05:30,POST,POST /jobs/,23.67,ok,
2026-10-04T22:34:14.434227+05:30,GET,GET /jobs/{id}/,20.11,ok,
2026-10-04T22:34:14.458712+05:30,GET,GET /jobs/{id}/,25.6,ok,
2026-10-04T22:34:14.470354+05:30,POST,POST /jobs/,22.39,ok,
2026-10-04T22:34:14.477882+05:30,GET,GET /jobs/{id}/,24.78,ok,
2026-10-04T22:34:14.478380+05:30,GET,GET /jobs/{id}/,21.68,ok,
2026-10-04T22:34:14.530730+05:30,GET,GET /jobs/{id}/,20.07,ok,
2026-10-04T22:34:14.550483+05:30,GET,GET /jobs/{id}/,17.49,ok,
2026-10-04T22:34:14.583735+05:30,GET,GET /jobs/{id}/,17.95,ok,
2026-10-04T22:34:14.627160+05:30,GET,GET /jobs/{id}/,18.12,ok,
2026-10-04T22:34:14.652142+05:30,GET,GET /jobs/{id}/,23.67,ok,
2026-10-04T22:34:14.654041+05:30,GET,GET /jobs/stats/,23.65,ok,
2026-10-04T22:34:14.670275+05:30,POST,POST /jobs/,23.74,ok,
2026-10-04T22:34:14.682692+05:30,GET,GET /jobs/{id}/,19.09,ok,
2026-10-04T22:34:14.696868+05:30,POST,POST /jobs/,24.46,ok,
2026-10-04T22:34:14.697115+05:30,GET,GET /jobs/{id}/,26.65,ok,
2026-10-04T22:34:14.720203+05:30,POST,POST /jobs/,32.2,ok,
2026-10-04T22:34:14.761439+05:30,GET,GET /health/,65.81,ok,
2026-10-04T22:34:14.769329+05:30,GET,GET /jobs/{id}/,58.62,ok,
2026-10-04T22:34:14.827591+05:30,GET,GET /jobs/{id}/,26.76,ok,
2026-10-04T22:34:14.836017+05:30,GET,GET /jobs/{id}/,30.93,ok,
2026-10-04T22:34:14.853342+05:30,POST,POST /jobs/,31.91,ok,
2026-10-04T22:34:14.858839+05:30,GET,GET /jobs/{id}/,19.56,ok,
2026-10-04T22:34:14.866899+05:30,GET,GET /jobs/stats/,25.74,ok,
2026-10-04T22:34:14.873004+05:30,GET,GET /jobs/{id}/,20.92,ok,
2026-10-04T22:34:14.888465+05:30,POST,POST /jobs/,20.24,ok,
2026-10-04T22:34:14.916309+05:30,GET,GET /jobs/{id}/,17.55,ok,
2026-10-04T22:34:14.944300+05:30,GET,GET /jobs/stats/,22.65,ok,
2026-10-04T22:34:15.016794+05:30,GET,GET /health/,22.12,ok,
2026-10-04T22:34:15.028234+05:30,POST,POST /jobs/,23.7,ok,
2026-10-04T22:34:15.031059+05:30,GET,GET /health/,27.2,ok,
2026-10-04T22:34:15.083555+05:30,GET,GET /jobs/{id}/,19.16,ok,
2026-10-04T22:34:15.107337+05:30,POST,POST /jobs/,20.48,ok,
2026-10-04T22:34:15.173285+05:30,POST,POST /jobs/,20.65,ok,
2026-10-04T22:34:15.232285+05:30,GET,GET /jobs/{id}/,18.7,ok,
2026-10-04T22:34:15.260743+05:30,GET,GET /jobs/{id}/,19.11,ok,
2026-10-04T22:34:15.292310+05:30,POST,POST /jobs/,21.29,ok,
2026-10-04T22:34:15.340344+05:30,POST,POST /jobs/,26.66,ok,
2026-10-04T22:34:15.347500+05:30,GET,GET /jobs/stats/,32.33,ok,
2026-10-04T22:34:15.349751+05:30,GET,GET /jobs/{id}/,22.2,ok,
2026-10-04T22:34:15.351787+05:30,GET,GET /jobs/stats/,35.86,ok,
2026-10-04T22:34:15.359256+05:30,GET,GET /jobs/stats/,44.62,ok,
2026-10-04T22:34:15.395807+05:30,POST,POST /jobs/,21.26,ok,
2026-10-04T22:34:15.421566+05:30,GET,GET /jobs/{id}/,18.42,ok,
2026-10-04T22:34:15.496627+05:30,GET,GET /jobs/{id}/,18.73,ok,
2026-10-04T22:34:15.559313+05:30,GET,GET /jobs/{id}/,21.38,ok,
2026-10-04T22:34:15.567372+05:30,GET,GET /jobs/{id}/,26.45,ok,
2026-10-04T22:34:15.574610+05:30,POST,POST /jobs/,28.79,ok,
2026-10-04T22:34:15.584567+05:30,GET,GET /jobs/{id}/,22.95,ok,
2026-10-04T22:34:15.595552+05:30,POST,POST /jobs/,20.74,ok,
2026-10-04T22:34:15.703277+05:30,GET,GET /health/,21.4,ok,
2026-10-04T22:34:15.713226+05:30,GET,GET /jobs/stats/,23.38,ok,
2026-10-04T22:34:15.714379+05:30,GET,GET /health/,18.58,ok,
2026-10-04T22:34:15.776993+05:30,GET,GET /health/,19.34,ok,
2026-10-04T22:34:15.818489+05:30,POST,POST /jobs/,28.16,ok,
2026-10-04T22:34:15.819244+05:30,POST,POST /jobs/,26.91,ok,
2026-10-04T22:34:15.837285+05:30,GET,GET /jobs/{id}/,29.48,ok,
2026-10-04T22:34:15.837711+05:30,GET,GET /jobs/stats/,35.92,ok,
2026-10-04T22:34:15.866333+05:30,GET,GET /jobs/{id}/,41.79,ok,
2026-10-04T22:34:15.880977+05:30,POST,POST /jobs/,52.39,ok,
2026-10-04T22:34:15.895295+05:30,GET,GET /jobs/{id}/,34.36,ok,
2026-10-04T22:34:15.897999+05:30,POST,POST /jobs/,54.03,ok,
2026-10-04T22:34:15.909335+05:30,GET,GET /jobs/{id}/,26.08,ok,
2026-10-04T22:34:15.909860+05:30,GET,GET /jobs/{id}/,35.81,ok,
2026-10-04T22:34:15.910029+05:30,GET,GET /jobs/{id}/,35.27,ok,
2026-10-04T22:34:15.944727+05:30,GET,GET /jobs/{id}/,30.43,ok,
2026-10-04T22:34:15.968947+05:30,POST,POST /jobs/,46.71,ok,
2026-10-04T22:34:15.972735+05:30,GET,GET /jobs/{id}/,38.19,ok,
2026-10-04T22:34:15.976900+05:30,POST,POST /jobs/,42.92,ok,
2026-10-04T22:34:15.996325+05:30,GET,GET /health/,49.3,ok,
2026-10-04T22:34:16.003134+05:30,GET,GET /jobs/{id}/,41.66,ok,
2026-10-04T22:34:16.003615+05:30,GET,GET /jobs/{id}/,28.58,ok,
2026-10-04T22:34:16.017482+05:30,POST,POST /jobs/,41.57,ok,
2026-10-04T22:34:16.050623+05:30,GET,GET /jobs/{id}/,17.82,ok,
2026-10-04T22:34:16.090124+05:30,GET,GET /jobs/{id}/,19.19,ok,
2026-10-04T22:34:16.135917+05:30,GET,GET /jobs/stats/,27.44,ok,
2026-10-04T22:34:16.160082+05:30,GET,GET /jobs/{id}/,19.83,ok,
2026-10-04T22:34:16.240130+05:30,GET,GET /jobs/stats/,30.63,ok,
2026-10-04T22:34:16.247556+05:30,GET,GET /jobs/{id}/,24.16,ok,
2026-10-04T22:34:16.256252+05:30,GET,GET /jobs/{id}/,26.46,ok,
2026-10-04T22:34:16.257195+05:30,GET,GET /jobs/stats/,29.75,ok,
2026-10-04T22:34:16.306738+05:30,POST,POST /jobs/,22.14,ok,
2026-10-04T22:34:16.315148+05:30,POST,POST /jobs/,25.39,ok,
2026-10-04T22:34:16.325852+05:30,GET,GET /health/,20.43,ok,
2026-10-04T22:34:16.332278+05:30,POST,POST /jobs/,23.98,ok,
2026-10-04T22:34:16.355547+05:30,GET,GET /jobs/{id}/,20.02,ok,
2026-10-04T22:34:16.381466+05:30,GET,GET /jobs/stats/,24.71,ok,
2026-10-04T22:34:16.381852+05:30,GET,GET /jobs/{id}/,19.22,ok,
2026-10-04T22:34:16.404350+05:30,POST,POST /jobs/,24.09,ok,
2026-10-04T22:34:16.436121+05:30,GET,GET /jobs/{id}/,18.42,ok,
2026-10-04T22:34:16.448661+05:30,POST,POST /jobs/,21.97,ok,
2026-10-04T22:34:16.458349+05:30,GET,GET /jobs/{id}/,18.97,ok,
2026-10-04T22:34:16.499848+05:30,GET,GET /jobs/{id}/,21.18,ok,
2026-10-04T22:34:16.510450+05:30,GET,GET /jobs/stats/,27.53,ok,
2026-10-04T22:34:16.514171+05:30,GET,GET /jobs/{id}/,22.13,ok,
2026-10-04T22:34:16.517349+05:30,POST,POST /jobs/,24.36,ok,
2026-10-04T22:34:16.589172+05:30,GET,GET /jobs/{id}/,23.24,ok,
2026-10-04T22:34:16.589653+05:30,POST,POST /jobs/,27.02,ok,
2026-10-04T22:34:16.615980+05:30,GET,GET /jobs/{id}/,21.03,ok,
2026-10-04T22:34:16.634907+05:30,GET,GET /jobs/{id}/,19.85,ok,
2026-10-04T22:34:16.659261+05:30,GET,GET /jobs/{id}/,18.04,ok,
2026-10-04T22:34:16.677930+05:30,GET,GET /health/,19.73,ok,
2026-10-04T22:34:16.695222+05:30,GET,GET /jobs/{id}/,22.37,ok,
2026-10-04T22:34:16.710392+05:30,GET,GET /health/,24.2,ok,
2026-10-04T22:34:16.710982+05:30,POST,POST /jobs/,24.22,ok,
2026-10-04T22:34:16.716961+05:30,GET,GET /jobs/{id}/,23.54,ok,
2026-10-04T22:34:16.731440+05:30,GET,GET /jobs/{id}/,19.17,ok,
2026-10-04T22:34:16.772484+05:30,GET,GET /jobs/{id}/,18.7,ok,
2026-10-04T22:34:16.795683+05:30,GET,GET /jobs/{id}/,20.9,ok,
2026-10-04T22:34:16.811464+05:30,GET,GET /jobs/stats/,30.7,ok,
2026-10-04T22:34:16.826444+05:30,POST,POST /jobs/,36.7,ok,
2026-10-04T22:34:16.833748+05:30,GET,GET /jobs/stats/,32.11,ok,
2026-10-04T22:34:16.838462+05:30,GET,GET /jobs/{id}/,24.71,ok,
2026-10-04T22:34:16.877414+05:30,GET,GET /jobs/{id}/,38.75,ok,
2026-10-04T22:34:16.880589+05:30,POST,POST /jobs/,26.84,ok,
2026-10-04T22:34:16.930405+05:30,GET,GET /jobs/stats/,26.53,ok,
2026-10-04T22:34:16.944239+05:30,POST,POST /jobs/,25.26,ok,
2026-10-04T22:34:17.000140+05:30,GET,GET /jobs/{id}/,18.58,ok,
2026-10-04T22:34:17.021644+05:30,POST,POST /jobs/,22.51,ok,
2026-10-04T22:34:17.044792+05:30,GET,GET /jobs/stats/,21.92,ok,
2026-10-04T22:34:17.071729+05:30,GET,GET /jobs/{id}/,17.61,ok,
2026-10-04T22:34:17.102739+05:30,GET,GET /health/,18.71,ok,
2026-10-04T22:34:17.109871+05:30,GET,GET /jobs/{id}/,18.79,ok,
2026-10-04T22:34:17.115563+05:30,GET,GET /jobs/{id}/,21.54,ok,
2026-10-04T22:34:17.139520+05:30,GET,GET /jobs/{id}/,18.65,ok,
2026-10-04T22:34:17.156527+05:30,GET,GET /jobs/{id}/,21.61,ok,
2026-10-04T22:34:17.169842+05:30,GET,GET /jobs/{id}/,19.04,ok,
2026-10-04T22:34:17.177779+05:30,POST,POST /jobs/,23.01,ok,
2026-10-04T22:34:17.216287+05:30,GET,GET /jobs/stats/,24.22,ok,
2026-10-04T22:34:17.227407+05:30,POST,POST /jobs/,23.28,ok,
2026-10-04T22:34:17.345849+05:30,POST,POST /jobs/,20.93,ok,
2026-10-04T22:34:17.350183+05:30,GET,GET /jobs/{id}/,19.16,ok,
2026-10-04T22:34:17.389711+05:30,GET,GET /jobs/{id}/,19.22,ok,
2026-10-04T22:34:17.413904+05:30,POST,POST /jobs/,25.27,ok,
2026-10-04T22:34:17.417452+05:30,POST,POST /jobs/,27.27,ok,
2026-10-04T22:34:17.448051+05:30,GET,GET /jobs/{id}/,23.24,ok,
2026-10-04T22:34:17.458525+05:30,GET,GET /jobs/stats/,22.35,ok,
2026-10-04T22:34:17.469249+05:30,GET,GET /jobs/{id}/,17.93,ok,
2026-10-04T22:34:17.495647+05:30,POST,POST /jobs/,21.09,ok,
2026-10-04T22:34:17.499530+05:30,POST,POST /jobs/,20.91,ok,
2026-10-04T22:34:17.560338+05:30,GET,GET /jobs/{id}/,19.35,ok,
2026-10-04T22:34:17.572405+05:30,POST,POST /jobs/,25.25,ok,
2026-10-04T22:34:17.573494+05:30,POST,POST /jobs/,27.53,ok,
2026-10-04T22:34:17.580184+05:30,GET,GET /jobs/{id}/,25.0,ok,
2026-10-04T22:34:17.605443+05:30,GET,GET /health/,20.04,ok,
2026-10-04T22:34:17.616723+05:30,GET,GET /jobs/{id}/,19.35,ok,
2026-10-04T22:34:17.624816+05:30,GET,GET /jobs/{id}/,17.11,ok,
2026-10-04T22:34:17.662552+05:30,POST,POST /jobs/,20.45,ok,
2026-10-04T22:34:17.744885+05:30,GET,GET /health/,18.65,ok,
2026-10-04T22:34:17.761319+05:30,GET,GET /jobs/{id}/,18.05,ok,
2026-10-04T22:34:17.832503+05:30,GET,GET /health/,19.34,ok,
2026-10-04T22:34:17.833398+05:30,GET,GET /jobs/{id}/,20.75,ok,
2026-10-04T22:34:17.867997+05:30,GET,GET /jobs/{id}/,18.29,ok,
2026-10-04T22:34:17.875734+05:30,GET,GET /jobs/{id}/,17.98,ok,
2026-10-04T22:34:17.921203+05:30,GET,GET /jobs/{id}/,18.13,ok,
2026-10-04T22:34:17.976088+05:30,POST,POST /jobs/,20.56,ok,
2026-10-04T22:34:18.002965+05:30,GET,GET /jobs/{id}/,17.55,ok,
2026-10-04T22:34:18.026148+05:30,GET,GET /jobs/{id}/,18.86,ok,
2026-10-04T22:34:18.050501+05:30,POST,POST /jobs/,21.05,ok,
2026-10-04T22:34:18.102446+05:30,POST,POST /jobs/,20.99,ok,
2026-10-04T22:34:18.105077+05:30,GET,GET /jobs/{id}/,20.52,ok,
2026-10-04T22:34:18.139615+05:30,GET,GET /jobs/{id}/,18.9,ok,
2026-10-04T22:34:18.164509+05:30,GET,GET /jobs/{id}/,18.59,ok,
2026-10-04T22:34:18.181007+05:30,POST,POST /jobs/,23.08,ok,
2026-10-04T22:34:18.197474+05:30,GET,GET /jobs/{id}/,20.65,ok,
2026-10-04T22:34:18.206264+05:30,POST,POST /jobs/,28.7,ok,
2026-10-04T22:34:18.213130+05:30,GET,GET /jobs/{id}/,26.81,ok,
2026-10-04T22:34:18.218758+05:30,GET,GET /health/,31.96,ok,
2026-10-04T22:34:18.236793+05:30,GET,GET /jobs/{id}/,31.66,ok,
2026-10-04T22:34:18.237263+05:30,GET,GET /health/,38.52,ok,
2026-10-04T22:34:18.277347+05:30,GET,GET /health/,20.77,ok,
2026-10-04T22:34:18.305076+05:30,GET,GET /jobs/{id}/,19.43,ok,
2026-10-04T22:34:18.315898+05:30,POST,POST /jobs/,21.27,ok,
2026-10-04T22:34:18.335526+05:30,POST,POST /jobs/,19.47,ok,
2026-10-04T22:34:18.453181+05:30,GET,GET /health/,19.33,ok,
2026-10-04T22:34:18.460072+05:30,POST,POST /jobs/,21.16,ok,
2026-10-04T22:34:18.474685+05:30,POST,POST /jobs/,22.77,ok,
2026-10-04T22:34:18.513359+05:30,POST,POST /jobs/,23.34,ok,
2026-10-04T22:34:18.531834+05:30,GET,GET /jobs/{id}/,20.46,ok,
2026-10-04T22:34:18.551123+05:30,POST,POST /jobs/,20.94,ok,
2026-10-04T22:34:18.579348+05:30,GET,GET /jobs/{id}/,21.9,ok,
2026-10-04T22:34:18.589390+05:30,GET,GET /jobs/{id}/,18.94,ok,
2026-10-04T22:34:18.597271+05:30,GET,GET /jobs/stats/,24.74,ok,
2026-10-04T22:34:18.622863+05:30,GET,GET /jobs/stats/,22.33,ok,
2026-10-04T22:34:18.640551+05:30,GET,GET /jobs/{id}/,17.52,ok,
2026-10-04T22:34:18.685608+05:30,POST,POST /jobs/,21.76,ok,
2026-10-04T22:34:18.737192+05:30,GET,GET /jobs/{id}/,18.21,ok,
2026-10-04T22:34:18.781581+05:30,POST,POST /jobs/,23.08,ok,
2026-10-04T22:34:18.788535+05:30,GET,GET /health/,21.04,ok,
2026-10-04T22:34:18.794436+05:30,GET,GET /jobs/{id}/,20.39,ok,
2026-10-04T22:34:18.846959+05:30,GET,GET /jobs/{id}/,21.09,ok,
2026-10-04T22:34:18.855678+05:30,GET,GET /jobs/stats/,22.81,ok,
2026-10-04T22:34:18.927310+05:30,POST,POST /jobs/,21.1,ok,
2026-10-04T22:34:18.933080+05:30,POST,POST /jobs/,21.55,ok,
2026-10-04T22:34:18.981009+05:30,GET,GET /jobs/{id}/,18.63,ok,
2026-10-04T22:34:19.012419+05:30,GET,GET /jobs/{id}/,18.06,ok,
2026-10-04T22:34:19.054997+05:30,POST,POST /jobs/,27.2,ok,
2026-10-04T22:34:19.055786+05:30,POST,POST /jobs/,23.09,ok,
2026-10-04T22:34:19.056318+05:30,GET,GET /jobs/stats/,30.61,ok,
2026-10-04T22:34:19.074313+05:30,GET,GET /jobs/{id}/,17.83,ok,
2026-10-04T22:34:19.080410+05:30,GET,GET /jobs/{id}/,21.13,ok,
2026-10-04T22:34:19.096489+05:30,GET,GET /jobs/{id}/,19.9,ok,
2026-10-04T22:34:19.103021+05:30,POST,POST /jobs/,21.39,ok,
2026-10-04T22:34:19.109285+05:30,POST,POST /jobs/,22.82,ok,
2026-10-04T22:34:19.155547+05:30,GET,GET /jobs/stats/,22.01,ok,
2026-10-04T22:34:19.176549+05:30,POST,POST /jobs/,22.07,ok,
2026-10-04T22:34:19.183420+05:30,GET,GET /jobs/{id}/,18.28,ok,
2026-10-04T22:34:19.212495+05:30,POST,POST /jobs/,30.06,ok,
2026-10-04T22:34:19.229226+05:30,POST,POST /jobs/,29.19,ok,
2026-10-04T22:34:19.235842+05:30,GET,GET /jobs/stats/,29.65,ok,
2026-10-04T22:34:19.268919+05:30,GET,GET /jobs/{id}/,20.66,ok,
2026-10-04T22:34:19.269400+05:30,POST,POST /jobs/,24.25,ok,
2026-10-04T22:34:19.346958+05:30,POST,POST /jobs/,20.28,ok,
2026-10-04T22:34:19.358495+05:30,POST,POST /jobs/,21.74,ok,
2026-10-04T22:34:19.408728+05:30,GET,GET /jobs/{id}/,18.89,ok,
2026-10-04T22:34:19.425149+05:30,GET,GET /jobs/{id}/,18.29,ok,
2026-10-04T22:34:19.479237+05:30,GET,GET /jobs/{id}/,20.78,ok,
2026-10-04T22:34:19.494108+05:30,GET,GET /jobs/{id}/,19.99,ok,
2026-10-04T22:34:19.514511+05:30,GET,GET /jobs/stats/,21.42,ok,
2026-10-04T22:34:19.542254+05:30,GET,GET /jobs/stats/,23.48,ok,
2026-10-04T22:34:19.551440+05:30,POST,POST /jobs/,25.54,ok,
2026-10-04T22:34:19.572189+05:30,GET,GET /jobs/{id}/,21.94,ok,
2026-10-04T22:34:19.589111+05:30,GET,GET /jobs/{id}/,25.5,ok,
2026-10-04T22:34:19.589815+05:30,GET,GET /jobs/stats/,26.84,ok,
2026-10-04T22:34:19.603769+05:30,POST,POST /jobs/,25.26,ok,
2026-10-04T22:34:19.618498+05:30,POST,POST /jobs/,21.43,ok,
2026-10-04T22:34:19.622313+05:30,GET,GET /jobs/{id}/,19.63,ok,
2026-10-04T22:34:19.639077+05:30,GET,GET /health/,21.65,ok,
2026-10-04T22:34:19.647789+05:30,GET,GET /jobs/{id}/,23.19,ok,
2026-10-04T22:34:19.657223+05:30,GET,GET /jobs/stats/,25.66,ok,
2026-10-04T22:34:19.671486+05:30,GET,GET /health/,17.42,ok,
2026-10-04T22:34:19.707977+05:30,POST,POST /jobs/,22.17,ok,
2026-10-04T22:34:19.748543+05:30,GET,GET /jobs/stats/,28.28,ok,
2026-10-04T22:34:19.757222+05:30,POST,POST /jobs/,24.86,ok,
2026-10-04T22:34:19.763143+05:30,POST,POST /jobs/,30.18,ok,
2026-10-04T22:34:19.771127+05:30,GET,GET /jobs/{id}/,27.44,ok,
2026-10-04T22:34:19.779781+05:30,POST,POST /jobs/,31.03,ok,
2026-10-04T22:34:19.794326+05:30,POST,POST /jobs/,38.53,ok,
2026-10-04T22:34:19.803000+05:30,GET,GET /health/,34.42,ok,
2026-10-04T22:34:19.804076+05:30,GET,GET /jobs/{id}/,32.74,ok,
2026-10-04T22:34:19.845533+05:30,GET,GET /health/,29.2,ok,
2026-10-04T22:34:19.848696+05:30,GET,GET /jobs/{id}/,25.34,ok,
2026-10-04T22:34:19.853632+05:30,GET,GET /health/,23.27,ok,
2026-10-04T22:34:19.869693+05:30,GET,GET /jobs/stats/,33.19,ok,
2026-10-04T22:34:19.873947+05:30,POST,POST /jobs/,33.05,ok,
2026-10-04T22:34:19.916075+05:30,POST,POST /jobs/,20.79,ok,
2026-10-04T22:34:19.988701+05:30,POST,POST /jobs/,22.14,ok,
2026-10-04T22:34:19.994532+05:30,POST,POST /jobs/,22.89,ok,
2026-10-04T22:34:20.025571+05:30,POST,POST /jobs/,26.77,ok,
2026-10-04T22:34:20.035186+05:30,GET,GET /jobs/stats/,31.25,ok,
2026-10-04T22:34:20.047093+05:30,GET,GET /jobs/{id}/,22.8,ok,
2026-10-04T22:34:20.073137+05:30,POST,POST /jobs/,21.71,ok,
2026-10-04T22:34:20.101552+05:30,GET,GET /jobs/{id}/,19.12,ok,
2026-10-04T22:34:20.122079+05:30,GET,GET /health/,25.57,ok,
2026-10-04T22:34:20.132521+05:30,POST,POST /jobs/,24.93,ok,
2026-10-04T22:34:20.135598+05:30,POST,POST /jobs/,28.66,ok,
2026-10-04T22:34:20.184597+05:30,GET,GET /jobs/{id}/,18.71,ok,
2026-10-04T22:34:20.219856+05:30,GET,GET /jobs/{id}/,23.93,ok,
2026-10-04T22:34:20.231696+05:30,GET,GET /jobs/{id}/,23.65,ok,
2026-10-04T22:34:20.232455+05:30,GET,GET /jobs/{id}/,23.71,ok,
2026-10-04T22:34:20.238958+05:30,GET,GET /jobs/{id}/,24.23,ok,
2026-10-04T22:34:20.243044+05:30,GET,GET /jobs/{id}/,21.92,ok,
2026-10-04T22:34:20.250691+05:30,GET,GET /jobs/{id}/,20.3,ok,
2026-10-04T22:34:20.303768+05:30,GET,GET /jobs/{id}/,17.77,ok,
2026-10-04T22:34:20.367691+05:30,POST,POST /jobs/,20.6,ok,
2026-10-04T22:34:20.421870+05:30,POST,POST /jobs/,20.87,ok,
2026-10-04T22:34:20.450280+05:30,POST,POST /jobs/,22.12,ok,
2026-10-04T22:34:20.537053+05:30,POST,POST /jobs/,23.41,ok,
2026-10-04T22:34:20.539048+05:30,POST,POST /jobs/,24.5,ok,
2026-10-04T22:34:20.641231+05:30,POST,POST /jobs/,22.62,ok,
2026-10-04T22:34:20.662314+05:30,GET,GET /jobs/{id}/,20.89,ok,
2026-10-04T22:34:20.667187+05:30,GET,GET /jobs/{id}/,22.91,ok,
2026-10-04T22:34:20.683795+05:30,GET,GET /jobs/stats/,29.27,ok,
2026-10-04T22:34:20.703352+05:30,POST,POST /jobs/,25.76,ok,
2026-10-04T22:34:20.880054+05:30,GET,GET /health/,19.29,ok,
2026-10-04T22:34:20.905145+05:30,POST,POST /jobs/,29.33,ok,
2026-10-04T22:34:20.913463+05:30,GET,GET /jobs/{id}/,28.08,ok,
2026-10-04T22:34:20.927250+05:30,POST,POST /jobs/,26.92,ok,
2026-10-04T22:34:20.950574+05:30,GET,GET /jobs/{id}/,21.02,ok,
2026-10-04T22:34:21.018496+05:30,GET,GET /jobs/{id}/,33.73,ok,
2026-10-04T22:34:21.019044+05:30,GET,GET /jobs/stats/,67.72,ok,
2026-10-04T22:34:21.019470+05:30,GET,GET /jobs/stats/,68.73,ok,
2026-10-04T22:34:21.021899+05:30,GET,GET /jobs/{id}/,54.5,ok,
2026-10-04T22:34:21.031376+05:30,GET,GET /jobs/{id}/,27.31,ok,
2026-10-04T22:34:21.031837+05:30,GET,GET /jobs/{id}/,44.02,ok,
2026-10-04T22:34:21.108021+05:30,GET,GET /health/,17.96,ok,
2026-10-04T22:34:21.135138+05:30,GET,GET /jobs/{id}/,20.79,ok,
2026-10-04T22:34:21.178605+05:30,GET,GET /jobs/{id}/,25.15,ok,
2026-10-04T22:34:21.185959+05:30,GET,GET /jobs/{id}/,21.41,ok,
2026-10-04T22:34:21.186341+05:30,GET,GET /health/,23.9,ok,
2026-10-04T22:34:21.208490+05:30,POST,POST /jobs/,24.02,ok,
2026-10-04T22:34:21.273449+05:30,GET,GET /jobs/{id}/,18.63,ok,
2026-10-04T22:34:21.311154+05:30,GET,GET /jobs/{id}/,18.39,ok,
2026-10-04T22:34:21.337003+05:30,POST,POST /jobs/,20.54,ok,
2026-10-04T22:34:21.357209+05:30,POST,POST /jobs/,21.66,ok,
2026-10-04T22:34:21.387207+05:30,GET,GET /jobs/stats/,22.68,ok,
2026-10-04T22:34:21.387838+05:30,GET,GET /jobs/{id}/,19.23,ok,
2026-10-04T22:34:21.404533+05:30,GET,GET /health/,18.97,ok,
2026-10-04T22:34:21.420716+05:30,GET,GET /jobs/{id}/,20.59,ok,
2026-10-04T22:34:21.460823+05:30,GET,GET /jobs/{id}/,20.73,ok,
2026-10-04T22:34:21.470193+05:30,GET,GET /jobs/stats/,23.04,ok,
2026-10-04T22:34:21.472180+05:30,GET,GET /jobs/{id}/,20.99,ok,
2026-10-04T22:34:21.495570+05:30,POST,POST /jobs/,21.07,ok,
2026-10-04T22:34:21.502012+05:30,GET,GET /jobs/{id}/,19.5,ok,
2026-10-04T22:34:21.514662+05:30,GET,GET /jobs/{id}/,18.94,ok,
2026-10-04T22:34:21.538111+05:30,GET,GET /jobs/{id}/,24.49,ok,
2026-10-04T22:34:21.552858+05:30,GET,GET /jobs/{id}/,18.59,ok,
2026-10-04T22:34:21.556665+05:30,GET,GET /jobs/{id}/,19.48,ok,
2026-10-04T22:34:21.586994+05:30,GET,GET /jobs/stats/,23.09,ok,
2026-10-04T22:34:21.595222+05:30,POST,POST /jobs/,23.79,ok,
2026-10-04T22:34:21.628711+05:30,GET,GET /jobs/{id}/,18.77,ok,
2026-10-04T22:34:21.690036+05:30,POST,POST /jobs/,21.99,ok,
2026-10-04T22:34:21.696019+05:30,GET,GET /health/,21.74,ok,
2026-10-04T22:34:21.709712+05:30,GET,GET /jobs/{id}/,19.48,ok,
2026-10-04T22:34:21.717353+05:30,GET,GET /jobs/{id}/,20.08,ok,
2026-10-04T22:34:21.724553+05:30,GET,GET /jobs/{id}/,22.43,ok,
2026-10-04T22:34:21.732615+05:30,GET,GET /jobs/{id}/,19.62,ok,
2026-10-04T22:34:21.738636+05:30,GET,GET /jobs/{id}/,19.03,ok,
2026-10-04T22:34:21.756299+05:30,GET,GET /health/,19.38,ok,
2026-10-04T22:34:21.767653+05:30,POST,POST /jobs/,20.7,ok,
2026-10-04T22:34:21.792061+05:30,POST,POST /jobs/,22.14,ok,
2026-10-04T22:34:21.798044+05:30,GET,GET /jobs/stats/,26.18,ok,
2026-10-04T22:34:21.804123+05:30,GET,GET /health/,23.21,ok,
2026-10-04T22:34:21.815521+05:30,GET,GET /jobs/{id}/,19.13,ok,
2026-10-04T22:34:21.824238+05:30,GET,GET /jobs/{id}/,17.87,ok,
2026-10-04T22:34:21.854247+05:30,GET,GET /jobs/{id}/,20.69,ok,
2026-10-04T22:34:21.858956+05:30,POST,POST /jobs/,23.4,ok,
2026-10-04T22:34:21.878178+05:30,GET,GET /health/,26.39,ok,
2026-10-04T22:34:21.899585+05:30,POST,POST /jobs/,25.32,ok,
2026-10-04T22:34:21.916810+05:30,GET,GET /jobs/{id}/,23.33,ok,
2026-10-04T22:34:21.925699+05:30,POST,POST /jobs/,29.74,ok,
2026-10-04T22:34:21.927025+05:30,GET,GET /health/,21.16,ok,
2026-10-04T22:34:21.941956+05:30,GET,GET /jobs/{id}/,19.78,ok,
2026-10-04T22:34:21.997221+05:30,POST,POST /jobs/,44.94,ok,
2026-10-04T22:34:22.005206+05:30,GET,GET /jobs/{id}/,42.75,ok,
2026-10-04T22:34:22.012283+05:30,GET,GET /jobs/{id}/,44.81,ok,
2026-10-04T22:34:22.017435+05:30,GET,GET /jobs/{id}/,28.81,ok,
2026-10-04T22:34:22.027792+05:30,GET,GET /jobs/stats/,29.32,ok,
2026-10-04T22:34:22.058033+05:30,GET,GET /jobs/{id}/,19.9,ok,
2026-10-04T22:34:22.066318+05:30,GET,GET /jobs/{id}/,22.19,ok,
2026-10-04T22:34:22.104720+05:30,GET,GET /jobs/{id}/,19.08,ok,
2026-10-04T22:34:22.145739+05:30,POST,POST /jobs/,25.7,ok,
2026-10-04T22:34:22.163358+05:30,GET,GET /jobs/{id}/,23.55,ok,
2026-10-04T22:34:22.171446+05:30,POST,POST /jobs/,27.76,ok,
2026-10-04T22:34:22.181539+05:30,GET,GET /jobs/{id}/,21.69,ok,
2026-10-04T22:34:22.199701+05:30,POST,POST /jobs/,22.89,ok,
2026-10-04T22:34:22.248894+05:30,GET,GET /jobs/{id}/,18.67,ok,
2026-10-04T22:34:22.298261+05:30,GET,GET /jobs/{id}/,18.06,ok,
2026-10-04T22:34:22.315628+05:30,GET,GET /jobs/{id}/,18.4,ok,
2026-10-04T22:34:22.351016+05:30,POST,POST /jobs/,23.06,ok,
2026-10-04T22:34:22.364516+05:30,GET,GET /jobs/{id}/,19.48,ok,
2026-10-04T22:34:22.420817+05:30,GET,GET /jobs/stats/,23.02,ok,
2026-10-04T22:34:22.440598+05:30,POST,POST /jobs/,23.73,ok,
2026-10-04T22:34:22.447703+05:30,GET,GET /jobs/{id}/,19.62,ok,
2026-10-04T22:34:22.487149+05:30,POST,POST /jobs/,20.17,ok,
2026-10-04T22:34:22.554003+05:30,POST,POST /jobs/,20.54,ok,
2026-10-04T22:34:22.591776+05:30,GET,GET /health/,19.5,ok,
2026-10-04T22:34:22.601937+05:30,GET,GET /jobs/{id}/,18.59,ok,
2026-10-04T22:34:22.628887+05:30,GET,GET /jobs/{id}/,20.67,ok,
2026-10-04T22:34:22.648425+05:30,GET,GET /health/,18.26,ok,
2026-10-04T22:34:22.723506+05:30,GET,GET /jobs/{id}/,17.76,ok,
2026-10-04T22:34:22.747798+05:30,GET,GET /jobs/{id}/,21.53,ok,
2026-10-04T22:34:22.748665+05:30,GET,GET /jobs/stats/,22.89,ok,
2026-10-04T22:34:22.754058+05:30,GET,GET /health/,19.7,ok,
2026-10-04T22:34:22.797247+05:30,GET,GET /jobs/stats/,23.28,ok,
2026-10-04T22:34:22.801269+05:30,GET,GET /jobs/{id}/,20.15,ok,
2026-10-04T22:34:22.833469+05:30,GET,GET /jobs/{id}/,17.88,ok,
2026-10-04T22:34:22.895357+05:30,GET,GET /jobs/{id}/,20.58,ok,
2026-10-04T22:34:22.913515+05:30,POST,POST /jobs/,22.58,ok,
2026-10-04T22:34:22.958883+05:30,POST,POST /jobs/,24.04,ok,
2026-10-04T22:34:22.972727+05:30,GET,GET /jobs/{id}/,23.84,ok,
2026-10-04T22:34:22.990649+05:30,GET,GET /health/,17.76,ok,
2026-10-04T22:34:23.020927+05:30,GET,GET /jobs/stats/,21.02,ok,
2026-10-04T22:34:23.040932+05:30,GET,GET /jobs/{id}/,17.69,ok,
2026-10-04T22:34:23.086635+05:30,GET,GET /jobs/{id}/,22.39,ok,
2026-10-04T22:34:23.098346+05:30,GET,GET /jobs/stats/,23.04,ok,
2026-10-04T22:34:23.109177+05:30,GET,GET /jobs/{id}/,20.28,ok,
2026-10-04T22:34:23.126323+05:30,POST,POST /jobs/,21.68,ok,
2026-10-04T22:34:23.183893+05:30,GET,GET /jobs/stats/,28.26,ok,
2026-10-04T22:34:23.193078+05:30,GET,GET /jobs/{id}/,21.17,ok,
2026-10-04T22:34:23.193902+05:30,GET,GET /jobs/stats/,24.07,ok,
2026-10-04T22:34:23.221533+05:30,GET,GET /jobs/{id}/,25.34,ok,
2026-10-04T22:34:23.223966+05:30,GET,GET /jobs/{id}/,24.81,ok,
2026-10-04T22:34:23.239635+05:30,GET,GET /jobs/{id}/,23.64,ok,
2026-10-04T22:34:23.281452+05:30,GET,GET /jobs/{id}/,33.74,ok,
2026-10-04T22:34:23.282375+05:30,GET,GET /jobs/{id}/,43.75,ok,
2026-10-04T22:34:23.290445+05:30,GET,GET /health/,37.52,ok,
2026-10-04T22:34:23.305710+05:30,GET,GET /jobs/{id}/,55.91,ok,
2026-10-04T22:34:23.307565+05:30,POST,POST /jobs/,60.39,ok,
2026-10-04T22:34:23.307977+05:30,GET,GET /jobs/{id}/,47.23,ok,
2026-10-04T22:34:23.308242+05:30,GET,GET /jobs/stats/,51.35,ok,
2026-10-04T22:34:23.323100+05:30,POST,POST /jobs/,41.45,ok,
2026-10-04T22:34:23.331382+05:30,GET,GET /jobs/stats/,47.21,ok,
2026-10-04T22:34:23.333112+05:30,GET,GET /jobs/stats/,40.43,ok,
2026-10-04T22:34:23.370335+05:30,GET,GET /jobs/{id}/,17.97,ok,
2026-10-04T22:34:23.370772+05:30,GET,GET /health/,19.4,ok,
2026-10-04T22:34:23.397273+05:30,GET,GET /jobs/{id}/,18.1,ok,
2026-10-04T22:34:23.448852+05:30,GET,GET /jobs/{id}/,18.27,ok,
2026-10-04T22:34:23.501979+05:30,POST,POST /jobs/,20.64,ok,
2026-10-04T22:34:23.560962+05:30,GET,GET /jobs/{id}/,20.66,ok,
2026-10-04T22:34:23.578858+05:30,POST,POST /jobs/,23.42,ok,
2026-10-04T22:34:23.614065+05:30,GET,GET /jobs/{id}/,17.88,ok,
2026-10-04T22:34:23.659220+05:30,POST,POST /jobs/,21.86,ok,
2026-10-04T22:34:23.670103+05:30,POST,POST /jobs/,22.12,ok,
2026-10-04T22:34:23.680013+05:30,POST,POST /jobs/,21.99,ok,
2026-10-04T22:34:23.833781+05:30,POST,POST /jobs/,21.31,ok,
2026-10-04T22:34:23.839793+05:30,GET,GET /jobs/{id}/,18.27,ok,
2026-10-04T22:34:23.870193+05:30,GET,GET /jobs/{id}/,19.09,ok,
2026-10-04T22:34:23.883642+05:30,GET,GET /jobs/{id}/,18.26,ok,
2026-10-04T22:34:23.906440+05:30,POST,POST /jobs/,30.96,ok,
2026-10-04T22:34:23.913507+05:30,GET,GET /jobs/{id}/,29.21,ok,
2026-10-04T22:34:23.914041+05:30,GET,GET /jobs/{id}/,30.24,ok,
2026-10-04T22:34:23.925783+05:30,GET,GET /jobs/stats/,34.41,ok,
2026-10-04T22:34:23.929299+05:30,GET,GET /jobs/{id}/,24.09,ok,
2026-10-04T22:34:23.929731+05:30,POST,POST /jobs/,33.92,ok,
2026-10-04T22:34:23.971980+05:30,POST,POST /jobs/,32.98,ok,
2026-10-04T22:34:23.975105+05:30,GET,GET /jobs/stats/,32.17,ok,
2026-10-04T22:34:23.996687+05:30,GET,GET /jobs/{id}/,37.79,ok,
2026-10-04T22:34:23.997364+05:30,GET,GET /jobs/{id}/,39.43,ok,
2026-10-04T22:34:24.015816+05:30,POST,POST /jobs/,32.41,ok,
2026-10-04T22:34:24.024329+05:30,GET,GET /health/,25.74,ok,
2026-10-04T22:34:24.074870+05:30,POST,POST /jobs/,63.83,ok,
2026-10-04T22:34:24.102031+05:30,POST,POST /jobs/,74.81,ok,
2026-10-04T22:34:24.107789+05:30,GET,GET /jobs/{id}/,62.39,ok,
2026-10-04T22:34:24.108516+05:30,GET,GET /jobs/{id}/,41.07,ok,
2026-10-04T22:34:24.111900+05:30,GET,GET /jobs/{id}/,57.46,ok,
2026-10-04T22:34:24.112450+05:30,GET,GET /jobs/{id}/,85.76,ok,
2026-10-04T22:34:24.127109+05:30,POST,POST /jobs/,55.55,ok,
2026-10-04T22:34:24.127748+05:30,GET,GET /jobs/{id}/,33.49,ok,
2026-10-04T22:34:24.157417+05:30,GET,GET /jobs/{id}/,19.25,ok,
2026-10-04T22:34:24.166220+05:30,GET,GET /jobs/{id}/,18.05,ok,
2026-10-04T22:34:24.187373+05:30,POST,POST /jobs/,21.0,ok,
2026-10-04T22:34:24.226714+05:30,GET,GET /jobs/stats/,21.09,ok,
2026-10-04T22:34:24.256280+05:30,GET,GET /jobs/{id}/,18.24,ok,
2026-10-04T22:34:24.264176+05:30,POST,POST /jobs/,21.17,ok,
2026-10-04T22:34:24.278836+05:30,GET,GET /jobs/stats/,22.31,ok,
2026-10-04T22:34:24.300318+05:30,GET,GET /jobs/{id}/,18.18,ok,
2026-10-04T22:34:24.335022+05:30,POST,POST /jobs/,20.26,ok,
2026-10-04T22:34:24.390583+05:30,GET,GET /jobs/stats/,22.28,ok,
2026-10-04T22:34:24.462956+05:30,POST,POST /jobs/,21.05,ok,
2026-10-04T22:34:24.496698+05:30,GET,GET /jobs/{id}/,19.41,ok,
2026-10-04T22:34:24.511830+05:30,POST,POST /jobs/,23.66,ok,
2026-10-04T22:34:24.579504+05:30,GET,GET /jobs/{id}/,20.31,ok,
2026-10-04T22:34:24.582852+05:30,POST,POST /jobs/,25.73,ok,
2026-10-04T22:34:24.591592+05:30,GET,GET /jobs/{id}/,22.33,ok,
2026-10-04T22:34:24.622860+05:30,GET,GET /jobs/{id}/,18.99,ok,
2026-10-04T22:34:24.631073+05:30,POST,POST /jobs/,21.14,ok,
2026-10-04T22:34:24.659046+05:30,POST,POST /jobs/,21.64,ok,
2026-10-04T22:34:24.667246+05:30,GET,GET /jobs/stats/,26.98,ok,
2026-10-04T22:34:24.691287+05:30,GET,GET /jobs/{id}/,29.42,ok,
2026-10-04T22:34:24.691941+05:30,POST,POST /jobs/,30.57,ok,
2026-10-04T22:34:24.695536+05:30,GET,GET /jobs/{id}/,25.97,ok,
2026-10-04T22:34:24.696572+05:30,GET,GET /health/,24.52,ok,
2026-10-04T22:34:24.702502+05:30,POST,POST /jobs/,31.09,ok,
2026-10-04T22:34:24.734790+05:30,GET,GET /jobs/{id}/,17.98,ok,
2026-10-04T22:34:24.783366+05:30,GET,GET /health/,18.85,ok,
2026-10-04T22:34:24.833557+05:30,POST,POST /jobs/,20.89,ok,
2026-10-04T22:34:24.855546+05:30,GET,GET /jobs/{id}/,18.71,ok,
2026-10-04T22:34:24.872532+05:30,GET,GET /jobs/{id}/,18.75,ok,
2026-10-04T22:34:24.914125+05:30,GET,GET /jobs/stats/,22.35,ok,
2026-10-04T22:34:24.930806+05:30,GET,GET /jobs/{id}/,17.7,ok,
2026-10-04T22:34:24.980301+05:30,GET,GET /jobs/{id}/,18.21,ok,
2026-10-04T22:34:24.987726+05:30,GET,GET /jobs/{id}/,20.66,ok,
2026-10-04T22:34:25.074007+05:30,GET,GET /health/,18.99,ok,
2026-10-04T22:34:25.084867+05:30,POST,POST /jobs/,20.82,ok,
2026-10-04T22:34:25.106434+05:30,GET,GET /jobs/{id}/,19.28,ok,
2026-10-04T22:34:25.112016+05:30,GET,GET /jobs/{id}/,18.98,ok,
2026-10-04T22:34:25.138980+05:30,GET,GET /jobs/{id}/,18.67,ok,
2026-10-04T22:34:25.144748+05:30,POST,POST /jobs/,22.39,ok,
2026-10-04T22:34:25.222990+05:30,GET,GET /jobs/{id}/,18.7,ok,
2026-10-04T22:34:25.267339+05:30,POST,POST /jobs/,21.89,ok,
2026-10-04T22:34:25.287108+05:30,POST,POST /jobs/,26.56,ok,
2026-10-04T22:34:25.297419+05:30,POST,POST /jobs/,23.8,ok,
2026-10-04T22:34:25.306964+05:30,GET,GET /jobs/{id}/,19.68,ok,
2026-10-04T22:34:25.367007+05:30,GET,GET /jobs/{id}/,19.32,ok,
2026-10-04T22:34:25.373169+05:30,GET,GET /jobs/{id}/,24.93,ok,
2026-10-04T22:34:25.374596+05:30,POST,POST /jobs/,24.27,ok,
2026-10-04T22:34:25.401060+05:30,GET,GET /jobs/{id}/,18.16,ok,
2026-10-04T22:34:25.502821+05:30,GET,GET /jobs/{id}/,19.08,ok,
2026-10-04T22:34:25.529165+05:30,GET,GET /jobs/{id}/,19.03,ok,
2026-10-04T22:34:25.535050+05:30,GET,GET /jobs/{id}/,20.87,ok,
2026-10-04T22:34:25.549203+05:30,GET,GET /jobs/{id}/,18.77,ok,
2026-10-04T22:34:25.571268+05:30,GET,GET /health/,17.81,ok,
2026-10-04T22:34:25.638450+05:30,POST,POST /jobs/,21.83,ok,
2026-10-04T22:34:25.642270+05:30,GET,GET /jobs/{id}/,20.6,ok,
2026-10-04T22:34:25.647056+05:30,POST,POST /jobs/,24.78,ok,
2026-10-04T22:34:25.690187+05:30,GET,GET /jobs/{id}/,20.81,ok,
2026-10-04T22:34:25.701451+05:30,GET,GET /jobs/{id}/,25.89,ok,
2026-10-04T22:34:25.702033+05:30,POST,POST /jobs/,30.7,ok,
2026-10-04T22:34:25.753841+05:30,POST,POST /jobs/,23.54,ok,
2026-10-04T22:34:25.766852+05:30,POST,POST /jobs/,25.51,ok,
2026-10-04T22:34:25.767346+05:30,GET,GET /jobs/{id}/,25.5,ok,
2026-10-04T22:34:25.794338+05:30,POST,POST /jobs/,20.55,ok,
2026-10-04T22:34:25.925615+05:30,GET,GET /jobs/{id}/,106.67,ok,
2026-10-04T22:34:25.926222+05:30,GET,GET /jobs/{id}/,124.55,ok,
2026-10-04T22:34:25.936640+05:30,POST,POST /jobs/,131.94,ok,
2026-10-04T22:34:25.967345+05:30,POST,POST /jobs/,90.8,ok,
2026-10-04T22:34:26.010494+05:30,POST,POST /jobs/,107.28,ok,
2026-10-04T22:34:26.013640+05:30,POST,POST /jobs/,96.91,ok,
2026-10-04T22:34:26.017781+05:30,GET,GET /jobs/{id}/,94.66,ok,
2026-10-04T22:34:26.021601+05:30,POST,POST /jobs/,97.77,ok,
2026-10-04T22:34:26.023520+05:30,POST,POST /jobs/,102.61,ok,
2026-10-04T22:34:26.024809+05:30,GET,GET /jobs/stats/,73.63,ok,
2026-10-04T22:34:26.032804+05:30,GET,GET /jobs/{id}/,30.79,ok,
2026-10-04T22:34:26.042711+05:30,GET,GET /jobs/stats/,49.08,ok,
2026-10-04T22:34:26.115864+05:30,GET,GET /jobs/{id}/,69.83,ok,
2026-10-04T22:34:26.116375+05:30,GET,GET /jobs/{id}/,26.52,ok,
2026-10-04T22:34:26.116527+05:30,POST,POST /jobs/,63.63,ok,
2026-10-04T22:34:26.130369+05:30,POST,POST /jobs/,31.5,ok,
2026-10-04T22:34:26.159796+05:30,POST,POST /jobs/,26.08,ok,
2026-10-04T22:34:26.167846+05:30,GET,GET /jobs/stats/,22.89,ok,
2026-10-04T22:34:26.188693+05:30,POST,POST /jobs/,22.59,ok,
2026-10-04T22:34:26.285182+05:30,GET,GET /jobs/{id}/,18.13,ok,
2026-10-04T22:34:26.326910+05:30,POST,POST /jobs/,27.28,ok,
2026-10-04T22:34:26.343238+05:30,GET,GET /jobs/stats/,30.28,ok,
2026-10-04T22:34:26.350842+05:30,POST,POST /jobs/,27.84,ok,
2026-10-04T22:34:26.351379+05:30,GET,GET /jobs/{id}/,26.05,ok,
2026-10-04T22:34:26.483082+05:30,GET,GET /jobs/{id}/,20.37,ok,
2026-10-04T22:34:26.485081+05:30,GET,GET /jobs/{id}/,18.43,ok,
2026-10-04T22:34:26.499201+05:30,POST,POST /jobs/,21.47,ok,
2026-10-04T22:34:26.526366+05:30,POST,POST /jobs/,21.75,ok,
2026-10-04T22:34:26.565034+05:30,GET,GET /jobs/{id}/,20.35,ok,
2026-10-04T22:34:26.576779+05:30,POST,POST /jobs/,22.04,ok,
2026-10-04T22:34:26.600210+05:30,GET,GET /jobs/{id}/,22.15,ok,
2026-10-04T22:34:26.611773+05:30,POST,POST /jobs/,28.48,ok,
2026-10-04T22:34:26.614056+05:30,GET,GET /jobs/{id}/,23.76,ok,
2026-10-04T22:34:26.627629+05:30,GET,GET /jobs/{id}/,24.13,ok,
2026-10-04T22:34:26.639146+05:30,GET,GET /health/,23.9,ok,
2026-10-04T22:34:26.668575+05:30,GET,GET /jobs/{id}/,19.07,ok,
2026-10-04T22:34:26.670448+05:30,GET,GET /jobs/{id}/,18.91,ok,
2026-10-04T22:34:26.684914+05:30,POST,POST /jobs/,22.07,ok,
2026-10-04T22:34:26.713382+05:30,GET,GET /jobs/{id}/,18.16,ok,
2026-10-04T22:34:26.736210+05:30,GET,GET /jobs/{id}/,19.55,ok,
2026-10-04T22:34:26.749381+05:30,GET,GET /jobs/{id}/,20.73,ok,
2026-10-04T22:34:26.750473+05:30,GET,GET /health/,21.34,ok,
2026-10-04T22:34:26.771525+05:30,GET,GET /jobs/stats/,21.96,ok,
2026-10-04T22:34:26.802541+05:30,POST,POST /jobs/,21.7,ok,
2026-10-04T22:34:26.819491+05:30,GET,GET /health/,22.63,ok,
2026-10-04T22:34:26.830801+05:30,GET,GET /health/,19.01,ok,
2026-10-04T22:34:26.898181+05:30,GET,GET /health/,20.11,ok,
2026-10-04T22:34:26.956599+05:30,GET,GET /jobs/{id}/,33.08,ok,
2026-10-04T22:34:26.960203+05:30,GET,GET /jobs/stats/,36.2,ok,
2026-10-04T22:34:26.967624+05:30,POST,POST /jobs/,28.37,ok,
2026-10-04T22:34:26.970298+05:30,POST,POST /jobs/,30.33,ok,
2026-10-04T22:34:26.979512+05:30,POST,POST /jobs/,25.06,ok,
2026-10-04T22:34:27.032643+05:30,GET,GET /health/,17.85,ok,
2026-10-04T22:34:27.069666+05:30,GET,GET /jobs/{id}/,19.03,ok,
2026-10-04T22:34:27.074798+05:30,GET,GET /jobs/{id}/,18.9,ok,
2026-10-04T22:34:27.101286+05:30,POST,POST /jobs/,24.17,ok,
2026-10-04T22:34:27.109736+05:30,POST,POST /jobs/,25.49,ok,
2026-10-04T22:34:27.113815+05:30,GET,GET /jobs/{id}/,21.11,ok,
2026-10-04T22:34:27.118643+05:30,GET,GET /jobs/{id}/,25.42,ok,
2026-10-04T22:34:27.131748+05:30,GET,GET /jobs/{id}/,29.17,ok,
2026-10-04T22:34:27.179567+05:30,GET,GET /jobs/stats/,40.56,ok,
2026-10-04T22:34:27.181675+05:30,POST,POST /jobs/,29.65,ok,
2026-10-04T22:34:27.199522+05:30,POST,POST /jobs/,25.36,ok,
2026-10-04T22:34:27.216283+05:30,POST,POST /jobs/,24.32,ok,
2026-10-04T22:34:27.224083+05:30,GET,GET /jobs/{id}/,19.25,ok,
2026-10-04T22:34:27.277134+05:30,GET,GET /health/,18.78,ok,
2026-10-04T22:34:27.317589+05:30,GET,GET /health/,18.18,ok,
2026-10-04T22:34:27.334596+05:30,GET,GET /jobs/{id}/,18.08,ok,
2026-10-04T22:34:27.356609+05:30,GET,GET /health/,17.76,ok,
2026-10-04T22:34:27.387500+05:30,POST,POST /jobs/,22.59,ok,
2026-10-04T22:34:27.424804+05:30,GET,GET /jobs/{id}/,19.02,ok,
2026-10-04T22:34:27.430484+05:30,POST,POST /jobs/,20.68,ok,
2026-10-04T22:34:27.489604+05:30,GET,GET /jobs/{id}/,19.8,ok,
2026-10-04T22:34:27.510394+05:30,GET,GET /jobs/{id}/,18.5,ok,
2026-10-04T22:34:27.519837+05:30,GET,GET /jobs/{id}/,18.84,ok,
2026-10-04T22:34:27.551110+05:30,GET,GET /jobs/{id}/,17.95,ok,
2026-10-04T22:34:27.593629+05:30,GET,GET /jobs/{id}/,19.0,ok,
2026-10-04T22:34:27.599636+05:30,GET,GET /health/,20.02,ok,
2026-10-04T22:34:27.604317+05:30,POST,POST /jobs/,21.05,ok,
2026-10-04T22:34:27.652651+05:30,GET,GET /jobs/{id}/,20.95,ok,
2026-10-04T22:34:27.669360+05:30,POST,POST /jobs/,21.5,ok,
2026-10-04T22:34:27.684574+05:30,POST,POST /jobs/,22.66,ok,
2026-10-04T22:34:27.762065+05:30,GET,GET /health/,20.19,ok,
2026-10-04T22:34:27.763963+05:30,GET,GET /health/,21.58,ok,
2026-10-04T22:34:27.818226+05:30,GET,GET /jobs/{id}/,20.96,ok,
2026-10-04T22:34:27.819856+05:30,GET,GET /health/,19.8,ok,
2026-10-04T22:34:27.826447+05:30,GET,GET /jobs/{id}/,21.37,ok,
2026-10-04T22:34:27.832963+05:30,GET,GET /jobs/{id}/,20.91,ok,
2026-10-04T22:34:27.869217+05:30,GET,GET /health/,17.99,ok,
2026-10-04T22:34:27.887584+05:30,GET,GET /jobs/{id}/,18.18,ok,
2026-10-04T22:34:27.918375+05:30,GET,GET /jobs/{id}/,27.23,ok,
2026-10-04T22:34:27.919180+05:30,POST,POST /jobs/,30.33,ok,
2026-10-04T22:34:27.931893+05:30,GET,GET /jobs/{id}/,23.72,ok,
2026-10-04T22:34:27.941154+05:30,GET,GET /jobs/{id}/,22.61,ok,
2026-10-04T22:34:27.944210+05:30,POST,POST /jobs/,26.99,ok,
2026-10-04T22:34:27.975578+05:30,GET,GET /health/,18.09,ok,
2026-10-04T22:34:27.988917+05:30,GET,GET /health/,18.48,ok,
2026-10-04T22:34:28.009032+05:30,GET,GET /jobs/{id}/,17.83,ok,
2026-10-04T22:34:28.045660+05:30,GET,GET /health/,18.29,ok,
2026-10-04T22:34:28.062605+05:30,GET,GET /jobs/{id}/,21.2,ok,
2026-10-04T22:34:28.067005+05:30,GET,GET /health/,22.42,ok,
2026-10-04T22:34:28.118885+05:30,GET,GET /health/,18.31,ok,
2026-10-04T22:34:28.159711+05:30,GET,GET /jobs/{id}/,17.52,ok,
2026-10-04T22:34:28.180428+05:30,GET,GET /jobs/{id}/,18.36,ok,
2026-10-04T22:34:28.192657+05:30,GET,GET /jobs/{id}/,17.68,ok,
2026-10-04T22:34:28.218458+05:30,POST,POST /jobs/,21.53,ok,
2026-10-04T22:34:28.245619+05:30,POST,POST /jobs/,21.96,ok,
2026-10-04T22:34:28.251097+05:30,GET,GET /health/,20.23,ok,
2026-10-04T22:34:28.252995+05:30,GET,GET /jobs/{id}/,20.18,ok,
2026-10-04T22:34:28.326650+05:30,GET,GET /jobs/{id}/,23.81,ok,
2026-10-04T22:34:28.327230+05:30,POST,POST /jobs/,27.96,ok,
2026-10-04T22:34:28.327565+05:30,GET,GET /health/,25.27,ok,
2026-10-04T22:34:28.371014+05:30,GET,GET /jobs/{id}/,18.07,ok,
2026-10-04T22:34:28.401247+05:30,POST,POST /jobs/,20.9,ok,
2026-10-04T22:34:28.447708+05:30,POST,POST /jobs/,25.14,ok,
2026-10-04T22:34:28.451426+05:30,GET,GET /jobs/{id}/,19.04,ok,
2026-10-04T22:34:28.457234+05:30,GET,GET /jobs/{id}/,21.86,ok,
2026-10-04T22:34:28.479695+05:30,GET,GET /jobs/stats/,22.34,ok,
2026-10-04T22:34:28.487015+05:30,GET,GET /jobs/stats/,21.91,ok,
2026-10-04T22:34:28.498864+05:30,POST,POST /jobs/,20.8,ok,
2026-10-04T22:34:28.530628+05:30,GET,GET /jobs/{id}/,17.48,ok,
2026-10-04T22:34:28.550603+05:30,GET,GET /jobs/{id}/,17.71,ok,
2026-10-04T22:34:28.577871+05:30,GET,GET /jobs/{id}/,17.98,ok,
2026-10-04T22:34:28.586974+05:30,POST,POST /jobs/,22.03,ok,
2026-10-04T22:34:28.605125+05:30,GET,GET /health/,17.99,ok,
2026-10-04T22:34:28.658408+05:30,POST,POST /jobs/,20.98,ok,
2026-10-04T22:34:28.699031+05:30,GET,GET /jobs/{id}/,18.32,ok,
2026-10-04T22:34:28.729017+05:30,GET,GET /health/,17.73,ok,
2026-10-04T22:34:28.755010+05:30,GET,GET /health/,17.74,ok,
2026-10-04T22:34:28.812325+05:30,POST,POST /jobs/,20.83,ok,
2026-10-04T22:34:28.860088+05:30,GET,GET /jobs/stats/,22.42,ok,
2026-10-04T22:34:28.895731+05:30,GET,GET /jobs/stats/,34.3,ok,
2026-10-04T22:34:28.914717+05:30,GET,GET /jobs/{id}/,20.14,ok,
2026-10-04T22:34:28.931701+05:30,GET,GET /health/,18.93,ok,
2026-10-04T22:34:28.963752+05:30,POST,POST /jobs/,21.74,ok,
2026-10-04T22:34:28.965695+05:30,GET,GET /jobs/{id}/,19.69,ok,
2026-10-04T22:34:29.003041+05:30,GET,GET /jobs/{id}/,20.03,ok,
2026-10-04T22:34:29.009879+05:30,GET,GET /jobs/stats/,25.94,ok,
2026-10-04T22:34:29.014957+05:30,GET,GET /jobs/{id}/,19.53,ok,
2026-10-04T22:34:29.044938+05:30,GET,GET /jobs/{id}/,22.04,ok,
2026-10-04T22:34:29.100949+05:30,GET,GET /jobs/{id}/,22.67,ok,
2026-10-04T22:34:29.115662+05:30,GET,GET /jobs/{id}/,22.33,ok,
2026-10-04T22:34:29.123127+05:30,POST,POST /jobs/,28.88,ok,
2026-10-04T22:34:29.124134+05:30,GET,GET /jobs/{id}/,21.92,ok,
2026-10-04T22:34:29.130749+05:30,GET,GET /jobs/{id}/,21.49,ok,
2026-10-04T22:34:29.229468+05:30,POST,POST /jobs/,21.19,ok,
2026-10-04T22:34:29.260925+05:30,POST,POST /jobs/,33.43,ok,
2026-10-04T22:34:29.263187+05:30,GET,GET /health/,33.57,ok,
2026-10-04T22:34:29.281667+05:30,GET,GET /health/,31.7,ok,
2026-10-04T22:34:29.282323+05:30,GET,GET /jobs/{id}/,26.16,ok,
2026-10-04T22:34:29.282742+05:30,GET,GET /jobs/{id}/,23.13,ok,
2026-10-04T22:34:29.293204+05:30,POST,POST /jobs/,24.67,ok,
2026-10-04T22:34:29.321074+05:30,POST,POST /jobs/,20.47,ok,
2026-10-04T22:34:29.347549+05:30,POST,POST /jobs/,25.18,ok,
2026-10-04T22:34:29.359475+05:30,GET,GET /jobs/stats/,27.92,ok,
2026-10-04T22:34:29.364751+05:30,POST,POST /jobs/,22.89,ok,
2026-10-04T22:34:29.382064+05:30,POST,POST /jobs/,27.23,ok,
2026-10-04T22:34:29.392114+05:30,GET,GET /jobs/{id}/,24.09,ok,
2026-10-04T22:34:29.408107+05:30,GET,GET /jobs/stats/,24.85,ok,
2026-10-04T22:34:29.416267+05:30,GET,GET /jobs/{id}/,17.83,ok,
2026-10-04T22:34:29.526557+05:30,GET,GET /jobs/{id}/,17.93,ok,
2026-10-04T22:34:29.568160+05:30,GET,GET /jobs/{id}/,18.26,ok,
2026-10-04T22:34:29.604995+05:30,POST,POST /jobs/,24.45,ok,
2026-10-04T22:34:29.620329+05:30,GET,GET /jobs/{id}/,23.13,ok,
2026-10-04T22:34:29.639233+05:30,GET,GET /jobs/{id}/,20.18,ok,
2026-10-04T22:34:29.647367+05:30,GET,GET /jobs/stats/,25.17,ok,
2026-10-04T22:34:29.685564+05:30,GET,GET /health/,21.92,ok,
2026-10-04T22:34:29.693411+05:30,GET,GET /jobs/{id}/,18.63,ok,
2026-10-04T22:34:29.701449+05:30,GET,GET /jobs/stats/,21.51,ok,
2026-10-04T22:34:29.736251+05:30,GET,GET /jobs/{id}/,17.51,ok,
2026-10-04T22:34:29.804001+05:30,POST,POST /jobs/,23.39,ok,
2026-10-04T22:34:29.838674+05:30,GET,GET /jobs/{id}/,20.36,ok,
2026-10-04T22:34:29.853302+05:30,GET,GET /jobs/{id}/,17.92,ok,
2026-10-04T22:34:29.863967+05:30,GET,GET /health/,19.07,ok,
2026-10-04T22:34:29.880009+05:30,POST,POST /jobs/,25.47,ok,
2026-10-04T22:34:29.889845+05:30,POST,POST /jobs/,26.85,ok,
2026-10-04T22:34:29.900062+05:30,GET,GET /jobs/stats/,25.43,ok,
2026-10-04T22:34:29.935916+05:30,POST,POST /jobs/,21.57,ok,
2026-10-04T22:34:29.955229+05:30,GET,GET /jobs/{id}/,20.61,ok,
2026-10-04T22:34:29.960410+05:30,GET,GET /jobs/{id}/,20.87,ok,
2026-10-04T22:34:29.966385+05:30,GET,GET /jobs/{id}/,25.01,ok,
2026-10-04T22:34:29.968520+05:30,POST,POST /jobs/,24.19,ok,
2026-10-04T22:34:29.974807+05:30,GET,GET /jobs/{id}/,20.59,ok,
2026-10-04T22:34:29.988807+05:30,GET,GET /health/,18.08,ok,
2026-10-04T22:34:30.055118+05:30,GET,GET /health/,23.62,ok,
2026-10-04T22:34:30.057310+05:30,POST,POST /jobs/,25.29,ok,
2026-10-04T22:34:30.071542+05:30,GET,GET /jobs/{id}/,22.99,ok,
2026-10-04T22:34:30.088315+05:30,GET,GET /jobs/{id}/,21.71,ok,
2026-10-04T22:34:30.098833+05:30,POST,POST /jobs/,23.89,ok,
2026-10-04T22:34:30.136285+05:30,GET,GET /health/,19.24,ok,
2026-10-04T22:34:30.139041+05:30,GET,GET /jobs/stats/,25.93,ok,
2026-10-04T22:34:30.155519+05:30,GET,GET /jobs/{id}/,25.18,ok,
2026-10-04T22:34:30.163307+05:30,POST,POST /jobs/,21.52,ok,
2026-10-04T22:34:30.196243+05:30,POST,POST /jobs/,27.65,ok,
2026-10-04T22:34:30.204720+05:30,GET,GET /health/,26.21,ok,
2026-10-04T22:34:30.214255+05:30,POST,POST /jobs/,29.66,ok,
2026-10-04T22:34:30.222688+05:30,GET,GET /jobs/{id}/,22.07,ok,
2026-10-04T22:34:30.231558+05:30,GET,GET /jobs/{id}/,19.53,ok,
2026-10-04T22:34:30.302822+05:30,GET,GET /jobs/stats/,23.97,ok,
2026-10-04T22:34:30.325465+05:30,GET,GET /health/,20.37,ok,
2026-10-04T22:34:30.340178+05:30,POST,POST /jobs/,22.94,ok,
2026-10-04T22:34:30.349040+05:30,POST,POST /jobs/,22.33,ok,
2026-10-04T22:34:30.395919+05:30,GET,GET /health/,19.59,ok,
2026-10-04T22:34:30.414880+05:30,POST,POST /jobs/,29.42,ok,
2026-10-04T22:34:30.429115+05:30,GET,GET /jobs/stats/,25.92,ok,
2026-10-04T22:34:30.437060+05:30,GET,GET /jobs/{id}/,25.44,ok,
2026-10-04T22:34:30.437554+05:30,POST,POST /jobs/,30.14,ok,
2026-10-04T22:34:30.443241+05:30,GET,GET /health/,22.09,ok,
2026-10-04T22:34:30.496097+05:30,POST,POST /jobs/,21.56,ok,
2026-10-04T22:34:30.499989+05:30,POST,POST /jobs/,20.08,ok,
2026-10-04T22:34:30.569446+05:30,GET,GET /jobs/stats/,21.18,ok,
2026-10-04T22:34:30.608228+05:30,POST,POST /jobs/,23.42,ok,
2026-10-04T22:34:30.608821+05:30,GET,GET /jobs/{id}/,21.04,ok,
2026-10-04T22:34:30.642964+05:30,POST,POST /jobs/,22.87,ok,
2026-10-04T22:34:30.654713+05:30,POST,POST /jobs/,22.48,ok,
2026-10-04T22:34:30.663184+05:30,POST,POST /jobs/,20.07,ok,
2026-10-04T22:34:30.704671+05:30,GET,GET /jobs/{id}/,18.17,ok,
2026-10-04T22:34:30.729855+05:30,POST,POST /jobs/,20.83,ok,
2026-10-04T22:34:30.749700+05:30,GET,GET /health/,20.89,ok,
2026-10-04T22:34:30.758171+05:30,POST,POST /jobs/,24.72,ok,
2026-10-04T22:34:30.805791+05:30,GET,GET /jobs/{id}/,18.31,ok,
2026-10-04T22:34:30.841547+05:30,POST,POST /jobs/,21.47,ok,
2026-10-04T22:34:30.852192+05:30,GET,GET /health/,18.92,ok,
2026-10-04T22:34:31.042963+05:30,POST,POST /jobs/,22.22,ok,
2026-10-04T22:34:31.053895+05:30,GET,GET /jobs/stats/,24.2,ok,
2026-10-04T22:34:31.070009+05:30,GET,GET /jobs/{id}/,19.72,ok,
2026-10-04T22:34:31.111895+05:30,POST,POST /jobs/,26.48,ok,
2026-10-04T22:34:31.115512+05:30,POST,POST /jobs/,27.0,ok,
2026-10-04T22:34:31.121581+05:30,GET,GET /jobs/{id}/,20.8,ok,
2026-10-04T22:34:31.145000+05:30,POST,POST /jobs/,24.5,ok,
2026-10-04T22:34:31.153650+05:30,GET,GET /jobs/{id}/,19.45,ok,
2026-10-04T22:34:31.161750+05:30,POST,POST /jobs/,23.34,ok,
2026-10-04T22:34:31.184817+05:30,GET,GET /jobs/{id}/,17.76,ok,
2026-10-04T22:34:31.249883+05:30,GET,GET /jobs/stats/,28.55,ok,
2026-10-04T22:34:31.250520+05:30,POST,POST /jobs/,25.11,ok,
2026-10-04T22:34:31.258352+05:30,GET,GET /jobs/{id}/,26.16,ok,
2026-10-04T22:34:31.259791+05:30,POST,POST /jobs/,28.31,ok,
2026-10-04T22:34:31.306594+05:30,GET,GET /jobs/stats/,35.5,ok,
2026-10-04T22:34:31.313050+05:30,GET,GET /jobs/stats/,32.73,ok,
2026-10-04T22:34:31.320759+05:30,POST,POST /jobs/,26.25,ok,
2026-10-04T22:34:31.353890+05:30,GET,GET /health/,17.87,ok,
2026-10-04T22:34:31.387836+05:30,GET,GET /jobs/stats/,22.48,ok,
2026-10-04T22:34:31.395694+05:30,GET,GET /jobs/{id}/,22.34,ok,
2026-10-04T22:34:31.412854+05:30,GET,GET /jobs/stats/,23.81,ok,
2026-10-04T22:34:31.432581+05:30,GET,GET /jobs/{id}/,23.5,ok,
2026-10-04T22:34:31.437386+05:30,GET,GET /jobs/{id}/,24.02,ok,
2026-10-04T22:34:31.439746+05:30,POST,POST /jobs/,29.94,ok,
2026-10-04T22:34:31.440172+05:30,GET,GET /health/,29.87,ok,
2026-10-04T22:34:31.466329+05:30,GET,GET /jobs/stats/,20.98,ok,
2026-10-04T22:34:31.525500+05:30,GET,GET /jobs/{id}/,19.86,ok,
2026-10-04T22:34:31.536635+05:30,GET,GET /jobs/stats/,24.97,ok,
2026-10-04T22:34:31.563692+05:30,POST,POST /jobs/,20.75,ok,
2026-10-04T22:34:31.590624+05:30,GET,GET /jobs/{id}/,19.64,ok,
2026-10-04T22:34:31.603332+05:30,GET,GET /jobs/stats/,21.37,ok,
2026-10-04T22:34:31.643432+05:30,GET,GET /health/,17.84,ok,
2026-10-04T22:34:31.678504+05:30,POST,POST /jobs/,21.74,ok,
2026-10-04T22:34:31.699294+05:30,GET,GET /jobs/{id}/,18.49,ok,
2026-10-04T22:34:31.727277+05:30,POST,POST /jobs/,21.71,ok,
2026-10-04T22:34:31.754515+05:30,GET,GET /health/,19.0,ok,
2026-10-04T22:34:31.774465+05:30,POST,POST /jobs/,23.96,ok,
2026-10-04T22:34:31.779891+05:30,POST,POST /jobs/,24.09,ok,
2026-10-04T22:34:31.787144+05:30,POST,POST /jobs/,27.39,ok,
2026-10-04T22:34:31.799092+05:30,GET,GET /jobs/{id}/,21.12,ok,
2026-10-04T22:34:31.852947+05:30,POST,POST /jobs/,22.54,ok,
2026-10-04T22:34:31.862273+05:30,GET,GET /health/,17.81,ok,
2026-10-04T22:34:31.894058+05:30,GET,GET /jobs/{id}/,20.46,ok,
2026-10-04T22:34:31.909829+05:30,GET,GET /jobs/{id}/,22.24,ok,
2026-10-04T22:34:31.926868+05:30,POST,POST /jobs/,23.5,ok,
2026-10-04T22:34:31.935484+05:30,POST,POST /jobs/,22.35,ok,
2026-10-04T22:34:31.971908+05:30,POST,POST /jobs/,23.09,ok,
2026-10-04T22:34:31.975656+05:30,GET,GET /health/,21.9,ok,
2026-10-04T22:34:31.980634+05:30,GET,GET /jobs/{id}/,19.99,ok,
2026-10-04T22:34:32.000001+05:30,POST,POST /jobs/,21.06,ok,
2026-10-04T22:34:32.038676+05:30,GET,GET /jobs/{id}/,26.36,ok,
2026-10-04T22:34:32.041756+05:30,POST,POST /jobs/,30.39,ok,
2026-10-04T22:34:32.062096+05:30,GET,GET /jobs/{id}/,31.1,ok,
2026-10-04T22:34:32.077513+05:30,GET,GET /jobs/stats/,25.49,ok,
2026-10-04T22:34:32.113587+05:30,POST,POST /jobs/,21.66,ok,
2026-10-04T22:34:32.125887+05:30,GET,GET /jobs/{id}/,18.84,ok,
2026-10-04T22:34:32.141484+05:30,POST,POST /jobs/,23.61,ok,
2026-10-04T22:34:32.156303+05:30,GET,GET /health/,24.13,ok,
2026-10-04T22:34:32.162350+05:30,GET,GET /jobs/{id}/,28.72,ok,
2026-10-04T22:34:32.177876+05:30,GET,GET /jobs/stats/,21.36,ok,
2026-10-04T22:34:32.191246+05:30,GET,GET /jobs/{id}/,19.59,ok,
2026-10-04T22:34:32.217904+05:30,GET,GET /jobs/{id}/,20.35,ok,
2026-10-04T22:34:32.271270+05:30,GET,GET /jobs/{id}/,21.07,ok,
2026-10-04T22:34:32.271718+05:30,GET,GET /health/,24.54,ok,
2026-10-04T22:34:32.278339+05:30,GET,GET /jobs/{id}/,22.21,ok,
2026-10-04T22:34:32.306784+05:30,GET,GET /jobs/{id}/,18.14,ok,
2026-10-04T22:34:32.360222+05:30,GET,GET /jobs/{id}/,21.13,ok,
2026-10-04T22:34:32.364719+05:30,GET,GET /jobs/{id}/,20.63,ok,
2026-10-04T22:34:32.387089+05:30,GET,GET /jobs/{id}/,18.1,ok,
2026-10-04T22:34:32.423710+05:30,POST,POST /jobs/,20.31,ok,
2026-10-04T22:34:32.468197+05:30,POST,POST /jobs/,22.19,ok,
2026-10-04T22:34:32.479353+05:30,POST,POST /jobs/,22.28,ok,
2026-10-04T22:34:32.511702+05:30,POST,POST /jobs/,22.03,ok,
2026-10-04T22:34:32.522518+05:30,GET,GET /health/,18.85,ok,
2026-10-04T22:34:32.525777+05:30,GET,GET /jobs/{id}/,19.07,ok,
2026-10-04T22:34:32.611510+05:30,POST,POST /jobs/,30.38,ok,
2026-10-04T22:34:32.612043+05:30,POST,POST /jobs/,30.43,ok,
2026-10-04T22:34:32.618935+05:30,GET,GET /jobs/{id}/,30.72,ok,
2026-10-04T22:34:32.632681+05:30,POST,POST /jobs/,31.68,ok,
2026-10-04T22:34:32.633206+05:30,POST,POST /jobs/,33.02,ok,
2026-10-04T22:34:32.644790+05:30,GET,GET /jobs/{id}/,21.58,ok,
2026-10-04T22:34:32.678815+05:30,GET,GET /jobs/{id}/,24.73,ok,
2026-10-04T22:34:32.691430+05:30,GET,GET /jobs/{id}/,22.34,ok,
2026-10-04T22:34:32.696535+05:30,GET,GET /jobs/{id}/,24.56,ok,
2026-10-04T22:34:32.706396+05:30,GET,GET /jobs/stats/,24.3,ok,
2026-10-04T22:34:32.744108+05:30,POST,POST /jobs/,22.41,ok,
2026-10-04T22:34:32.749852+05:30,GET,GET /jobs/stats/,25.97,ok,
2026-10-04T22:34:32.792709+05:30,POST,POST /jobs/,24.53,ok,
2026-10-04T22:34:32.804005+05:30,GET,GET /jobs/{id}/,20.5,ok,
2026-10-04T22:34:32.859749+05:30,GET,GET /jobs/{id}/,22.22,ok,
2026-10-04T22:34:32.870173+05:30,POST,POST /jobs/,29.55,ok,
2026-10-04T22:34:32.870828+05:30,POST,POST /jobs/,27.31,ok,
2026-10-04T22:34:32.928528+05:30,GET,GET /jobs/{id}/,28.39,ok,
2026-10-04T22:34:32.963733+05:30,GET,GET /jobs/{id}/,17.9,ok,
2026-10-04T22:34:33.032097+05:30,POST,POST /jobs/,24.01,ok,
2026-10-04T22:34:33.113680+05:30,GET,GET /jobs/{id}/,18.02,ok,
2026-10-04T22:34:33.141328+05:30,GET,GET /jobs/{id}/,20.32,ok,
2026-10-04T22:34:33.148394+05:30,GET,GET /jobs/stats/,23.69,ok,
2026-10-04T22:34:33.178037+05:30,POST,POST /jobs/,38.45,ok,
2026-10-04T22:34:33.187165+05:30,POST,POST /jobs/,25.43,ok,
2026-10-04T22:34:33.195970+05:30,GET,GET /jobs/{id}/,22.44,ok,
2026-10-04T22:34:33.197888+05:30,POST,POST /jobs/,26.1,ok,
2026-10-04T22:34:33.293215+05:30,GET,GET /health/,20.04,ok,
2026-10-04T22:34:33.307936+05:30,GET,GET /jobs/{id}/,18.68,ok,
2026-10-04T22:34:33.329547+05:30,GET,GET /jobs/{id}/,18.34,ok,
2026-10-04T22:34:33.382453+05:30,GET,GET /jobs/{id}/,19.57,ok,
2026-10-04T22:34:33.391174+05:30,POST,POST /jobs/,22.12,ok,
2026-10-04T22:34:33.405384+05:30,GET,GET /jobs/stats/,21.69,ok,
2026-10-04T22:34:33.431110+05:30,GET,GET /jobs/{id}/,19.39,ok,
2026-10-04T22:34:33.475492+05:30,POST,POST /jobs/,22.97,ok,
2026-10-04T22:34:33.482047+05:30,GET,GET /jobs/{id}/,20.49,ok,
2026-10-04T22:34:33.489212+05:30,GET,GET /jobs/{id}/,19.71,ok,
2026-10-04T22:34:33.538021+05:30,GET,GET /jobs/{id}/,18.52,ok,
2026-10-04T22:34:33.559497+05:30,GET,GET /health/,18.23,ok,
2026-10-04T22:34:33.579564+05:30,GET,GET /health/,17.83,ok,
2026-10-04T22:34:33.685690+05:30,GET,GET /jobs/{id}/,20.77,ok,
2026-10-04T22:34:33.697693+05:30,POST,POST /jobs/,22.91,ok,
2026-10-04T22:34:33.701353+05:30,GET,GET /health/,20.48,ok,
2026-10-04T22:34:33.729887+05:30,GET,GET /jobs/{id}/,18.06,ok,
2026-10-04T22:34:33.754672+05:30,GET,GET /jobs/{id}/,18.46,ok,
2026-10-04T22:34:33.770167+05:30,GET,GET /jobs/{id}/,20.8,ok,
2026-10-04T22:34:33.783059+05:30,GET,GET /jobs/{id}/,20.09,ok,
2026-10-04T22:34:33.789808+05:30,POST,POST /jobs/,24.88,ok,
2026-10-04T22:34:33.818865+05:30,POST,POST /jobs/,22.78,ok,
2026-10-04T22:34:33.825459+05:30,GET,GET /jobs/stats/,24.35,ok,
2026-10-04T22:34:33.832235+05:30,GET,GET /jobs/{id}/,21.0,ok,
2026-10-04T22:34:33.845654+05:30,GET,GET /health/,20.01,ok,
2026-10-04T22:34:33.857033+05:30,POST,POST /jobs/,21.55,ok,
2026-10-04T22:34:33.869484+05:30,GET,GET /jobs/{id}/,21.57,ok,
2026-10-04T22:34:33.879841+05:30,POST,POST /jobs/,24.0,ok,
2026-10-04T22:34:33.884307+05:30,POST,POST /jobs/,23.67,ok,
2026-10-04T22:34:33.893403+05:30,POST,POST /jobs/,28.89,ok,
2026-10-04T22:34:33.928673+05:30,POST,POST /jobs/,27.98,ok,
2026-10-04T22:34:33.929175+05:30,POST,POST /jobs/,28.02,ok,
2026-10-04T22:34:33.937879+05:30,POST,POST /jobs/,24.66,ok,
2026-10-04T22:34:33.958491+05:30,GET,GET /jobs/{id}/,20.41,ok,
2026-10-04T22:34:33.976209+05:30,GET,GET /health/,17.59,ok,
2026-10-04T22:34:34.017088+05:30,POST,POST /jobs/,26.51,ok,
2026-10-04T22:34:34.020586+05:30,GET,GET /jobs/stats/,27.0,ok,
2026-10-04T22:34:34.034259+05:30,GET,GET /jobs/{id}/,33.64,ok,
2026-10-04T22:34:34.034696+05:30,GET,GET /jobs/stats/,38.02,ok,
2026-10-04T22:34:34.044892+05:30,GET,GET /jobs/{id}/,23.03,ok,
2026-10-04T22:34:34.059459+05:30,GET,GET /jobs/stats/,24.66,ok,
2026-10-04T22:34:34.076678+05:30,GET,GET /jobs/{id}/,22.44,ok,
2026-10-04T22:34:34.077172+05:30,GET,GET /jobs/{id}/,21.39,ok,
2026-10-04T22:34:34.097623+05:30,POST,POST /jobs/,31.86,ok,
2026-10-04T22:34:34.121986+05:30,POST,POST /jobs/,28.54,ok,
2026-10-04T22:34:34.122485+05:30,POST,POST /jobs/,33.09,ok,
2026-10-04T22:34:34.133283+05:30,POST,POST /jobs/,25.36,ok,
2026-10-04T22:34:34.143761+05:30,GET,GET /health/,21.18,ok,
2026-10-04T22:34:34.154162+05:30,GET,GET /health/,21.99,ok,
2026-10-04T22:34:34.157239+05:30,GET,GET /jobs/{id}/,22.25,ok,
2026-10-04T22:34:34.191493+05:30,POST,POST /jobs/,20.92,ok,
2026-10-04T22:34:34.224136+05:30,GET,GET /jobs/{id}/,18.34,ok,
2026-10-04T22:34:34.251777+05:30,POST,POST /jobs/,22.3,ok,
2026-10-04T22:34:34.263834+05:30,GET,GET /jobs/stats/,26.01,ok,
2026-10-04T22:34:34.285390+05:30,GET,GET /jobs/{id}/,25.3,ok,
2026-10-04T22:34:34.287750+05:30,GET,GET /health/,23.79,ok,
2026-10-04T22:34:34.305681+05:30,GET,GET /jobs/{id}/,30.58,ok,
2026-10-04T22:34:34.313950+05:30,GET,GET /jobs/{id}/,38.14,ok,
2026-10-04T22:34:34.316297+05:30,GET,GET /jobs/{id}/,29.68,ok,
2026-10-04T22:34:34.319820+05:30,POST,POST /jobs/,30.48,ok,
2026-10-04T22:34:34.326263+05:30,GET,GET /jobs/{id}/,31.42,ok,
2026-10-04T22:34:34.328729+05:30,GET,GET /jobs/{id}/,34.59,ok,
2026-10-04T22:34:34.361391+05:30,GET,GET /jobs/stats/,71.4,ok,
2026-10-04T22:34:34.369004+05:30,POST,POST /jobs/,49.04,ok,
2026-10-04T22:34:34.408521+05:30,GET,GET /jobs/{id}/,18.2,ok,
2026-10-04T22:34:34.457840+05:30,GET,GET /jobs/{id}/,20.0,ok,
2026-10-04T22:34:34.461871+05:30,GET,GET /jobs/{id}/,20.03,ok,
2026-10-04T22:34:34.516648+05:30,GET,GET /jobs/{id}/,18.3,ok,
2026-10-04T22:34:34.671202+05:30,POST,POST /jobs/,21.35,ok,
2026-10-04T22:34:34.675998+05:30,POST,POST /jobs/,21.02,ok,
2026-10-04T22:34:34.692951+05:30,GET,GET /jobs/{id}/,19.47,ok,
2026-10-04T22:34:34.701218+05:30,GET,GET /jobs/{id}/,20.91,ok,
2026-10-04T22:34:34.723700+05:30,GET,GET /health/,18.24,ok,
2026-10-04T22:34:34.730327+05:30,POST,POST /jobs/,21.94,ok,
2026-10-04T22:34:34.745580+05:30,GET,GET /health/,18.62,ok,
2026-10-04T22:34:34.796783+05:30,GET,GET /jobs/stats/,22.82,ok,
2026-10-04T22:34:34.815529+05:30,GET,GET /jobs/{id}/,20.52,ok,
2026-10-04T22:34:34.820506+05:30,GET,GET /jobs/{id}/,21.42,ok,
2026-10-04T22:34:34.833878+05:30,GET,GET /jobs/{id}/,22.75,ok,
2026-10-04T22:34:34.851876+05:30,POST,POST /jobs/,28.1,ok,
2026-10-04T22:34:34.919675+05:30,GET,GET /jobs/{id}/,21.44,ok,
2026-10-04T22:34:34.931595+05:30,GET,GET /jobs/stats/,22.31,ok,
2026-10-04T22:34:34.968819+05:30,GET,GET /jobs/{id}/,17.85,ok,
2026-10-04T22:34:35.017722+05:30,GET,GET /jobs/stats/,21.63,ok,
2026-10-04T22:34:35.043685+05:30,GET,GET /jobs/{id}/,18.61,ok,
2026-10-04T22:34:35.056774+05:30,POST,POST /jobs/,21.65,ok,
2026-10-04T22:34:35.065067+05:30,POST,POST /jobs/,21.21,ok,
2026-10-04T22:34:35.077718+05:30,GET,GET /jobs/{id}/,20.76,ok,
2026-10-04T22:34:35.090719+05:30,GET,GET /jobs/stats/,27.8,ok,
2026-10-04T22:34:35.111841+05:30,POST,POST /jobs/,22.82,ok,
2026-10-04T22:34:35.133908+05:30,GET,GET /jobs/{id}/,24.45,ok,
2026-10-04T22:34:35.136343+05:30,POST,POST /jobs/,26.11,ok,
2026-10-04T22:34:35.219079+05:30,POST,POST /jobs/,21.35,ok,
2026-10-04T22:34:35.269132+05:30,GET,GET /jobs/{id}/,20.5,ok,
2026-10-04T22:34:35.280759+05:30,POST,POST /jobs/,26.13,ok,
2026-10-04T22:34:35.287551+05:30,GET,GET /jobs/{id}/,22.61,ok,
2026-10-04T22:34:35.293329+05:30,GET,GET /jobs/{id}/,19.64,ok,
2026-10-04T22:34:35.339776+05:30,POST,POST /jobs/,22.17,ok,
2026-10-04T22:34:35.345450+05:30,GET,GET /jobs/{id}/,18.81,ok,
2026-10-04T22:34:35.382855+05:30,GET,GET /jobs/{id}/,18.11,ok,
2026-10-04T22:34:35.422531+05:30,POST,POST /jobs/,24.33,ok,
2026-10-04T22:34:35.423510+05:30,GET,GET /jobs/{id}/,21.26,ok,
2026-10-04T22:34:35.447093+05:30,GET,GET /jobs/stats/,25.79,ok,
2026-10-04T22:34:35.461587+05:30,GET,GET /jobs/{id}/,18.78,ok,
2026-10-04T22:34:35.479705+05:30,GET,GET /jobs/{id}/,19.15,ok,
2026-10-04T22:34:35.515475+05:30,POST,POST /jobs/,22.47,ok,
2026-10-04T22:34:35.540805+05:30,POST,POST /jobs/,20.04,ok,
2026-10-04T22:34:35.594560+05:30,GET,GET /jobs/{id}/,19.42,ok,
2026-10-04T22:34:35.602683+05:30,GET,GET /jobs/stats/,24.54,ok,
2026-10-04T22:34:35.625833+05:30,POST,POST /jobs/,20.9,ok,
2026-10-04T22:34:35.639469+05:30,GET,GET /health/,19.54,ok,
2026-10-04T22:34:35.685038+05:30,GET,GET /jobs/{id}/,19.16,ok,
2026-10-04T22:34:35.691875+05:30,GET,GET /health/,21.08,ok,
2026-10-04T22:34:35.706250+05:30,GET,GET /jobs/{id}/,17.92,ok,
2026-10-04T22:34:35.757951+05:30,POST,POST /jobs/,21.19,ok,
2026-10-04T22:34:35.784722+05:30,GET,GET /jobs/{id}/,19.46,ok,
2026-10-04T22:34:35.819847+05:30,GET,GET /health/,17.84,ok,
2026-10-04T22:34:35.844641+05:30,GET,GET /jobs/stats/,21.55,ok,
2026-10-04T22:34:35.886166+05:30,POST,POST /jobs/,27.21,ok,
2026-10-04T22:34:35.889857+05:30,POST,POST /jobs/,26.39,ok,
2026-10-04T22:34:35.917422+05:30,POST,POST /jobs/,29.97,ok,
2026-10-04T22:34:35.958563+05:30,GET,GET /health/,20.71,ok,
2026-10-04T22:34:36.014070+05:30,GET,GET /jobs/{id}/,27.91,ok,
2026-10-04T22:34:36.014704+05:30,POST,POST /jobs/,27.62,ok,
2026-10-04T22:34:36.018843+05:30,POST,POST /jobs/,34.84,ok,
2026-10-04T22:34:36.032425+05:30,GET,GET /jobs/{id}/,21.23,ok,
2026-10-04T22:34:36.057967+05:30,GET,GET /jobs/{id}/,21.23,ok,
2026-10-04T22:34:36.073623+05:30,GET,GET /health/,19.23,ok,
2026-10-04T22:34:36.123581+05:30,GET,GET /jobs/{id}/,19.6,ok,
2026-10-04T22:34:36.150484+05:30,GET,GET /jobs/{id}/,36.39,ok,
2026-10-04T22:34:36.151196+05:30,GET,GET /jobs/{id}/,29.04,ok,
2026-10-04T22:34:36.159191+05:30,POST,POST /jobs/,31.89,ok,
2026-10-04T22:34:36.163544+05:30,GET,GET /jobs/{id}/,38.18,ok,
2026-10-04T22:34:36.168677+05:30,GET,GET /health/,42.72,ok,
2026-10-04T22:34:36.175572+05:30,GET,GET /jobs/{id}/,24.18,ok,
2026-10-04T22:34:36.190339+05:30,GET,GET /jobs/{id}/,32.45,ok,
2026-10-04T22:34:36.201269+05:30,GET,GET /jobs/{id}/,23.43,ok,
2026-10-04T22:34:36.235117+05:30,GET,GET /health/,19.55,ok,
2026-10-04T22:34:36.250641+05:30,GET,GET /jobs/{id}/,26.05,ok,
2026-10-04T22:34:36.251217+05:30,GET,GET /health/,29.7,ok,
2026-10-04T22:34:36.266888+05:30,POST,POST /jobs/,27.35,ok,
2026-10-04T22:34:36.338369+05:30,GET,GET /jobs/{id}/,19.12,ok,
2026-10-04T22:34:36.347372+05:30,GET,GET /jobs/{id}/,18.08,ok,
2026-10-04T22:34:36.379206+05:30,GET,GET /jobs/{id}/,21.44,ok,
2026-10-04T22:34:36.379656+05:30,POST,POST /jobs/,29.0,ok,
2026-10-04T22:34:36.388263+05:30,GET,GET /jobs/stats/,25.57,ok,
2026-10-04T22:34:36.393852+05:30,GET,GET /health/,23.65,ok,
2026-10-04T22:34:36.404356+05:30,GET,GET /jobs/stats/,21.49,ok,
2026-10-04T22:34:36.442797+05:30,GET,GET /health/,19.09,ok,
2026-10-04T22:34:36.452559+05:30,GET,GET /jobs/{id}/,19.69,ok,
2026-10-04T22:34:36.465082+05:30,GET,GET /health/,21.06,ok,
2026-10-04T22:34:36.482058+05:30,GET,GET /jobs/{id}/,18.14,ok,
2026-10-04T22:34:36.542522+05:30,POST,POST /jobs/,21.15,ok,
2026-10-04T22:34:36.557329+05:30,GET,GET /jobs/{id}/,20.92,ok,
2026-10-04T22:34:36.571156+05:30,GET,GET /jobs/{id}/,21.36,ok,
2026-10-04T22:34:36.589101+05:30,POST,POST /jobs/,23.42,ok,
2026-10-04T22:34:36.610230+05:30,GET,GET /health/,22.53,ok,
2026-10-04T22:34:36.644258+05:30,GET,GET /jobs/{id}/,18.73,ok,
2026-10-04T22:34:36.703497+05:30,POST,POST /jobs/,28.34,ok,
2026-10-04T22:34:36.704000+05:30,POST,POST /jobs/,29.44,ok,
2026-10-04T22:34:36.715446+05:30,GET,GET /jobs/{id}/,28.19,ok,
2026-10-04T22:34:36.715940+05:30,GET,GET /health/,24.66,ok,
2026-10-04T22:34:36.723591+05:30,GET,GET /jobs/{id}/,21.59,ok,
2026-10-04T22:34:36.856200+05:30,POST,POST /jobs/,21.22,ok,
2026-10-04T22:34:36.889051+05:30,GET,GET /jobs/{id}/,20.78,ok,
2026-10-04T22:34:36.889709+05:30,GET,GET /jobs/stats/,24.03,ok,
2026-10-04T22:34:36.912064+05:30,POST,POST /jobs/,20.12,ok,
2026-10-04T22:34:36.935951+05:30,POST,POST /jobs/,20.58,ok,
2026-10-04T22:34:36.967397+05:30,GET,GET /jobs/{id}/,18.14,ok,
2026-10-04T22:34:36.994719+05:30,GET,GET /jobs/{id}/,19.01,ok,
2026-10-04T22:34:37.046651+05:30,GET,GET /jobs/{id}/,20.59,ok,
2026-10-04T22:34:37.061134+05:30,GET,GET /jobs/{id}/,17.99,ok,
2026-10-04T22:34:37.087235+05:30,GET,GET /jobs/{id}/,18.0,ok,
2026-10-04T22:34:37.109429+05:30,GET,GET /jobs/{id}/,17.91,ok,
2026-10-04T22:34:37.130435+05:30,POST,POST /jobs/,20.83,ok,
2026-10-04T22:34:37.184017+05:30,GET,GET /jobs/stats/,24.3,ok,
2026-10-04T22:34:37.187837+05:30,GET,GET /health/,19.1,ok,
2026-10-04T22:34:37.204590+05:30,POST,POST /jobs/,20.38,ok,
2026-10-04T22:34:37.214976+05:30,POST,POST /jobs/,22.89,ok,
2026-10-04T22:34:37.235671+05:30,GET,GET /health/,19.41,ok,
2026-10-04T22:34:37.246872+05:30,GET,GET /health/,18.06,ok,
2026-10-04T22:34:37.286721+05:30,GET,GET /jobs/stats/,23.56,ok,
2026-10-04T22:34:37.303601+05:30,GET,GET /health/,18.44,ok,
2026-10-04T22:34:37.331823+05:30,GET,GET /jobs/{id}/,18.88,ok,
2026-10-04T22:34:37.349716+05:30,GET,GET /jobs/{id}/,17.7,ok,
2026-10-04T22:34:37.369731+05:30,GET,GET /jobs/{id}/,18.74,ok,
2026-10-04T22:34:37.370166+05:30,GET,GET /jobs/{id}/,22.22,ok,
2026-10-04T22:34:37.435869+05:30,GET,GET /jobs/{id}/,20.38,ok,
2026-10-04T22:34:37.439865+05:30,POST,POST /jobs/,23.88,ok,
2026-10-04T22:34:37.444170+05:30,GET,GET /jobs/{id}/,21.69,ok,
2026-10-04T22:34:37.446005+05:30,POST,POST /jobs/,26.81,ok,
2026-10-04T22:34:37.470827+05:30,GET,GET /jobs/{id}/,20.57,ok,
2026-10-04T22:34:37.491078+05:30,POST,POST /jobs/,20.1,ok,
2026-10-04T22:34:37.513875+05:30,GET,GET /jobs/stats/,24.05,ok,
2026-10-04T22:34:37.514331+05:30,GET,GET /jobs/{id}/,20.69,ok,
2026-10-04T22:34:37.546706+05:30,GET,GET /jobs/{id}/,17.98,ok,
2026-10-04T22:34:37.596920+05:30,GET,GET /health/,21.95,ok,
2026-10-04T22:34:37.614268+05:30,POST,POST /jobs/,27.17,ok,
2026-10-04T22:34:37.618231+05:30,POST,POST /jobs/,28.1,ok,
2026-10-04T22:34:37.633907+05:30,POST,POST /jobs/,24.68,ok,
2026-10-04T22:34:37.648166+05:30,GET,GET /jobs/{id}/,18.62,ok,
2026-10-04T22:34:37.676925+05:30,POST,POST /jobs/,21.46,ok,
2026-10-04T22:34:37.756203+05:30,GET,GET /jobs/{id}/,18.9,ok,
2026-10-04T22:34:37.760223+05:30,GET,GET /jobs/{id}/,19.3,ok,
2026-10-04T22:34:37.836085+05:30,GET,GET /jobs/{id}/,18.53,ok,
2026-10-04T22:34:37.844298+05:30,GET,GET /jobs/{id}/,19.69,ok,
2026-10-04T22:34:37.926111+05:30,POST,POST /jobs/,28.42,ok,
2026-10-04T22:34:37.937630+05:30,GET,GET /health/,22.91,ok,
2026-10-04T22:34:37.946394+05:30,POST,POST /jobs/,30.89,ok,
2026-10-04T22:34:37.965101+05:30,GET,GET /health/,19.92,ok,
2026-10-04T22:34:37.975096+05:30,GET,GET /jobs/{id}/,23.06,ok,
2026-10-04T22:34:37.991614+05:30,POST,POST /jobs/,28.34,ok,
2026-10-04T22:34:37.992671+05:30,GET,GET /jobs/stats/,28.47,ok,
2026-10-04T22:34:38.003330+05:30,GET,GET /jobs/stats/,22.85,ok,
2026-10-04T22:34:38.030689+05:30,POST,POST /jobs/,24.02,ok,
2026-10-04T22:34:38.043146+05:30,GET,GET /jobs/{id}/,20.41,ok,
2026-10-04T22:34:38.044056+05:30,GET,GET /health/,19.39,ok,
2026-10-04T22:34:38.053292+05:30,GET,GET /jobs/{id}/,20.26,ok,
2026-10-04T22:34:38.080486+05:30,GET,GET /jobs/{id}/,18.77,ok,
2026-10-04T22:34:38.102870+05:30,GET,GET /jobs/stats/,24.19,ok,
2026-10-04T22:34:38.151433+05:30,GET,GET /jobs/{id}/,21.22,ok,
2026-10-04T22:34:38.156305+05:30,GET,GET /jobs/{id}/,24.36,ok,
2026-10-04T22:34:38.163658+05:30,POST,POST /jobs/,32.89,ok,
2026-10-04T22:34:38.185049+05:30,GET,GET /jobs/{id}/,20.08,ok,
2026-10-04T22:34:38.201936+05:30,POST,POST /jobs/,26.86,ok,
2026-10-04T22:34:38.243210+05:30,POST,POST /jobs/,27.93,ok,
2026-10-04T22:34:38.268916+05:30,POST,POST /jobs/,30.48,ok,
2026-10-04T22:34:38.327532+05:30,GET,GET /jobs/stats/,39.28,ok,
2026-10-04T22:34:38.359203+05:30,GET,GET /jobs/{id}/,26.32,ok,
2026-10-04T22:34:38.368353+05:30,GET,GET /jobs/{id}/,30.35,ok,
2026-10-04T22:34:38.368975+05:30,GET,GET /jobs/{id}/,31.6,ok,
2026-10-04T22:34:38.380870+05:30,GET,GET /jobs/{id}/,19.38,ok,
2026-10-04T22:34:38.425205+05:30,GET,GET /jobs/{id}/,20.03,ok,
2026-10-04T22:34:38.455491+05:30,GET,GET /jobs/stats/,37.26,ok,
2026-10-04T22:34:38.482153+05:30,GET,GET /jobs/{id}/,25.37,ok,
2026-10-04T22:34:38.487778+05:30,GET,GET /jobs/stats/,29.05,ok,
2026-10-04T22:34:38.502601+05:30,POST,POST /jobs/,27.72,ok,
2026-10-04T22:34:38.516847+05:30,GET,GET /health/,30.05,ok,
2026-10-04T22:34:38.549619+05:30,GET,GET /jobs/{id}/,43.76,ok,
2026-10-04T22:34:38.556923+05:30,GET,GET /jobs/{id}/,33.78,ok,
2026-10-04T22:34:38.561442+05:30,GET,GET /jobs/{id}/,49.33,ok,
2026-10-04T22:34:38.563469+05:30,GET,GET /jobs/{id}/,39.75,ok,
2026-10-04T22:34:38.567157+05:30,POST,POST /jobs/,58.34,ok,
2026-10-04T22:34:38.613687+05:30,POST,POST /jobs/,24.22,ok,
2026-10-04T22:34:38.623597+05:30,POST,POST /jobs/,27.01,ok,
2026-10-04T22:34:38.641964+05:30,POST,POST /jobs/,27.02,ok,
2026-10-04T22:34:38.716008+05:30,GET,GET /jobs/stats/,28.76,ok,
2026-10-04T22:34:38.717479+05:30,POST,POST /jobs/,25.25,ok,
2026-10-04T22:34:38.720527+05:30,GET,GET /health/,20.97,ok,
2026-10-04T22:34:38.779633+05:30,GET,GET /health/,18.86,ok,
2026-10-04T22:34:38.796678+05:30,POST,POST /jobs/,21.92,ok,
2026-10-04T22:34:38.825582+05:30,GET,GET /jobs/{id}/,18.57,ok,
2026-10-04T22:34:38.919481+05:30,GET,GET /health/,19.6,ok,
2026-10-04T22:34:38.930799+05:30,GET,GET /jobs/{id}/,19.78,ok,
2026-10-04T22:34:38.935938+05:30,GET,GET /health/,22.05,ok,
2026-10-04T22:34:38.952740+05:30,GET,GET /health/,23.29,ok,
2026-10-04T22:34:38.966662+05:30,POST,POST /jobs/,22.39,ok,
2026-10-04T22:34:39.027413+05:30,GET,GET /jobs/{id}/,18.39,ok,
2026-10-04T22:34:39.051800+05:30,POST,POST /jobs/,24.17,ok,
2026-10-04T22:34:39.075530+05:30,POST,POST /jobs/,33.91,ok,
2026-10-04T22:34:39.078309+05:30,GET,GET /jobs/{id}/,32.65,ok,
2026-10-04T22:34:39.087778+05:30,GET,GET /health/,30.65,ok,
2026-10-04T22:34:39.099030+05:30,GET,GET /health/,28.36,ok,
2026-10-04T22:34:39.102985+05:30,GET,GET /jobs/stats/,41.77,ok,
2026-10-04T22:34:39.109259+05:30,GET,GET /jobs/{id}/,37.85,ok,
2026-10-04T22:34:39.110237+05:30,POST,POST /jobs/,42.58,ok,
2026-10-04T22:34:39.132673+05:30,POST,POST /jobs/,23.25,ok,
2026-10-04T22:34:39.146390+05:30,GET,GET /jobs/{id}/,19.56,ok,
2026-10-04T22:34:39.162632+05:30,GET,GET /jobs/{id}/,27.66,ok,
2026-10-04T22:34:39.174856+05:30,GET,GET /jobs/{id}/,28.3,ok,
2026-10-04T22:34:39.188348+05:30,GET,GET /jobs/{id}/,19.42,ok,
2026-10-04T22:34:39.196480+05:30,GET,GET /jobs/{id}/,22.66,ok,
2026-10-04T22:34:39.207501+05:30,POST,POST /jobs/,26.08,ok,
2026-10-04T22:34:39.213909+05:30,GET,GET /jobs/{id}/,21.13,ok,
2026-10-04T22:34:39.222548+05:30,POST,POST /jobs/,22.82,ok,
2026-10-04T22:34:39.247025+05:30,GET,GET /jobs/{id}/,20.15,ok,
2026-10-04T22:34:39.260427+05:30,GET,GET /jobs/{id}/,19.78,ok,
2026-10-04T22:34:39.260890+05:30,GET,GET /health/,21.04,ok,
2026-10-04T22:34:39.314761+05:30,GET,GET /jobs/{id}/,18.59,ok,
2026-10-04T22:34:39.366519+05:30,GET,GET /jobs/{id}/,20.42,ok,
2026-10-04T22:34:39.367152+05:30,GET,GET /health/,19.14,ok,
2026-10-04T22:34:39.376667+05:30,POST,POST /jobs/,29.82,ok,
2026-10-04T22:34:39.398049+05:30,POST,POST /jobs/,25.56,ok,
2026-10-04T22:34:39.404193+05:30,POST,POST /jobs/,26.29,ok,
2026-10-04T22:34:39.411639+05:30,GET,GET /jobs/{id}/,21.79,ok,
2026-10-04T22:34:39.434993+05:30,POST,POST /jobs/,20.0,ok,
2026-10-04T22:34:39.490012+05:30,GET,GET /jobs/{id}/,21.65,ok,
2026-10-04T22:34:39.499645+05:30,POST,POST /jobs/,25.19,ok,
2026-10-04T22:34:39.503887+05:30,GET,GET /jobs/{id}/,23.33,ok,
2026-10-04T22:34:39.510646+05:30,GET,GET /jobs/{id}/,22.09,ok,
2026-10-04T22:34:39.516975+05:30,POST,POST /jobs/,24.41,ok,
2026-10-04T22:34:39.542956+05:30,POST,POST /jobs/,24.74,ok,
2026-10-04T22:34:39.551990+05:30,GET,GET /jobs/stats/,27.8,ok,
2026-10-04T22:34:39.560486+05:30,GET,GET /jobs/stats/,22.95,ok,
2026-10-04T22:34:39.607163+05:30,POST,POST /jobs/,30.39,ok,
2026-10-04T22:34:39.619829+05:30,POST,POST /jobs/,24.39,ok,
2026-10-04T22:34:39.628025+05:30,GET,GET /jobs/{id}/,30.31,ok,
2026-10-04T22:34:39.645386+05:30,POST,POST /jobs/,25.36,ok,
2026-10-04T22:34:39.690885+05:30,POST,POST /jobs/,21.19,ok,
2026-10-04T22:34:39.773863+05:30,GET,GET /jobs/stats/,23.45,ok,
2026-10-04T22:34:39.776671+05:30,GET,GET /jobs/{id}/,19.3,ok,
2026-10-04T22:34:39.787263+05:30,POST,POST /jobs/,22.9,ok,
2026-10-04T22:34:39.803759+05:30,POST,POST /jobs/,25.81,ok,
2026-10-04T22:34:39.824957+05:30,GET,GET /jobs/{id}/,36.36,ok,
2026-10-04T22:34:39.833578+05:30,POST,POST /jobs/,44.07,ok,
2026-10-04T22:34:39.841377+05:30,GET,GET /jobs/{id}/,27.56,ok,
2026-10-04T22:34:39.845200+05:30,GET,GET /jobs/{id}/,21.9,ok,
2026-10-04T22:34:39.897998+05:30,POST,POST /jobs/,27.46,ok,
2026-10-04T22:34:39.906311+05:30,POST,POST /jobs/,22.71,ok,
2026-10-04T22:34:39.911988+05:30,GET,GET /jobs/{id}/,21.48,ok,
2026-10-04T22:34:39.991369+05:30,POST,POST /jobs/,27.05,ok,
2026-10-04T22:34:40.000334+05:30,GET,GET /jobs/{id}/,26.78,ok,
2026-10-04T22:34:40.008525+05:30,GET,GET /jobs/{id}/,23.64,ok,
2026-10-04T22:34:40.020915+05:30,POST,POST /jobs/,26.25,ok,
2026-10-04T22:34:40.029203+05:30,POST,POST /jobs/,25.42,ok,
2026-10-04T22:34:40.087762+05:30,GET,GET /jobs/{id}/,18.24,ok,
2026-10-04T22:34:40.092348+05:30,GET,GET /jobs/{id}/,19.72,ok,
2026-10-04T22:34:40.127733+05:30,GET,GET /jobs/{id}/,19.9,ok,
2026-10-04T22:34:40.153197+05:30,GET,GET /jobs/{id}/,18.09,ok,
2026-10-04T22:34:40.229556+05:30,GET,GET /jobs/{id}/,18.04,ok,
2026-10-04T22:34:40.282014+05:30,GET,GET /jobs/{id}/,20.17,ok,
2026-10-04T22:34:40.325191+05:30,POST,POST /jobs/,20.85,ok,
2026-10-04T22:34:40.357965+05:30,GET,GET /jobs/{id}/,20.25,ok,
2026-10-04T22:34:40.398603+05:30,POST,POST /jobs/,21.33,ok,
2026-10-04T22:34:40.437135+05:30,GET,GET /jobs/stats/,27.24,ok,
2026-10-04T22:34:40.442457+05:30,GET,GET /health/,20.63,ok,
2026-10-04T22:34:40.444358+05:30,GET,GET /jobs/{id}/,22.01,ok,
2026-10-04T22:34:40.463564+05:30,GET,GET /health/,17.92,ok,
2026-10-04T22:34:40.471460+05:30,POST,POST /jobs/,21.01,ok,
2026-10-04T22:34:40.498229+05:30,GET,GET /jobs/stats/,21.48,ok,
2026-10-04T22:34:40.523311+05:30,GET,GET /health/,17.77,ok,
2026-10-04T22:34:40.599500+05:30,GET,GET /jobs/{id}/,17.85,ok,
2026-10-04T22:34:40.627142+05:30,GET,GET /health/,18.35,ok,
2026-10-04T22:34:40.662007+05:30,POST,POST /jobs/,22.56,ok,
2026-10-04T22:34:40.670303+05:30,GET,GET /health/,18.84,ok,
2026-10-04T22:34:40.702428+05:30,GET,GET /jobs/{id}/,17.82,ok,
2026-10-04T22:34:40.734233+05:30,GET,GET /jobs/{id}/,18.49,ok,
2026-10-04T22:34:40.738752+05:30,GET,GET /jobs/{id}/,19.99,ok,
2026-10-04T22:34:40.756066+05:30,GET,GET /health/,23.43,ok,
2026-10-04T22:34:40.767692+05:30,GET,GET /jobs/{id}/,21.47,ok,
2026-10-04T22:34:40.781037+05:30,POST,POST /jobs/,22.71,ok,
2026-10-04T22:34:40.814635+05:30,GET,GET /jobs/{id}/,18.28,ok,
2026-10-04T22:34:40.825799+05:30,GET,GET /health/,21.27,ok,
2026-10-04T22:34:40.831359+05:30,GET,GET /health/,20.95,ok,
2026-10-04T22:34:40.857518+05:30,GET,GET /health/,17.89,ok,
2026-10-04T22:34:40.862441+05:30,GET,GET /jobs/{id}/,18.73,ok,
2026-10-04T22:34:40.894251+05:30,POST,POST /jobs/,21.51,ok,
2026-10-04T22:34:40.900147+05:30,GET,GET /health/,19.38,ok,
2026-10-04T22:34:40.920982+05:30,POST,POST /jobs/,20.68,ok,
2026-10-04T22:34:40.967028+05:30,POST,POST /jobs/,27.74,ok,
2026-10-04T22:34:40.976915+05:30,POST,POST /jobs/,28.59,ok,
2026-10-04T22:34:40.984454+05:30,POST,POST /jobs/,28.96,ok,
2026-10-04T22:34:40.987948+05:30,GET,GET /health/,28.04,ok,
2026-10-04T22:34:41.001406+05:30,POST,POST /jobs/,22.18,ok,
2026-10-04T22:34:41.032715+05:30,GET,GET /jobs/{id}/,25.98,ok,
2026-10-04T22:34:41.038931+05:30,GET,GET /jobs/{id}/,25.48,ok,
2026-10-04T22:34:41.043628+05:30,GET,GET /jobs/stats/,30.94,ok,
2026-10-04T22:34:41.049697+05:30,POST,POST /jobs/,25.09,ok,
2026-10-04T22:34:41.098751+05:30,GET,GET /jobs/{id}/,23.66,ok,
2026-10-04T22:34:41.105106+05:30,POST,POST /jobs/,22.63,ok,
2026-10-04T22:34:41.118173+05:30,GET,GET /jobs/stats/,31.71,ok,
2026-10-04T22:34:41.118732+05:30,GET,GET /jobs/{id}/,21.18,ok,
2026-10-04T22:34:41.139226+05:30,POST,POST /jobs/,26.85,ok,
2026-10-04T22:34:41.176820+05:30,GET,GET /jobs/{id}/,20.8,ok,
2026-10-04T22:34:41.178635+05:30,GET,GET /jobs/stats/,23.14,ok,
2026-10-04T22:34:41.218546+05:30,GET,GET /jobs/{id}/,19.61,ok,
2026-10-04T22:34:41.225348+05:30,GET,GET /health/,19.14,ok,
2026-10-04T22:34:41.250670+05:30,POST,POST /jobs/,24.08,ok,
2026-10-04T22:34:41.260981+05:30,GET,GET /jobs/stats/,26.42,ok,
2026-10-04T22:34:41.269412+05:30,GET,GET /jobs/{id}/,19.96,ok,
2026-10-04T22:34:41.301026+05:30,POST,POST /jobs/,28.32,ok,
2026-10-04T22:34:41.317164+05:30,POST,POST /jobs/,25.02,ok,
2026-10-04T22:34:41.323206+05:30,GET,GET /jobs/{id}/,21.91,ok,
2026-10-04T22:34:41.356007+05:30,GET,GET /jobs/{id}/,20.48,ok,
2026-10-04T22:34:41.359165+05:30,POST,POST /jobs/,23.12,ok,
2026-10-04T22:34:41.393121+05:30,POST,POST /jobs/,21.63,ok,
2026-10-04T22:34:41.447151+05:30,GET,GET /jobs/stats/,33.73,ok,
2026-10-04T22:34:41.447754+05:30,POST,POST /jobs/,33.2,ok,
2026-10-04T22:34:41.448095+05:30,POST,POST /jobs/,34.17,ok,
2026-10-04T22:34:41.476313+05:30,GET,GET /jobs/stats/,24.04,ok,
2026-10-04T22:34:41.483629+05:30,GET,GET /jobs/stats/,30.91,ok,
2026-10-04T22:34:41.501010+05:30,GET,GET /jobs/stats/,22.43,ok,
2026-10-04T22:34:41.522243+05:30,POST,POST /jobs/,22.32,ok,
2026-10-04T22:34:41.532545+05:30,POST,POST /jobs/,20.96,ok,
2026-10-04T22:34:41.559710+05:30,POST,POST /jobs/,20.89,ok,
2026-10-04T22:34:41.602736+05:30,GET,GET /jobs/{id}/,17.74,ok,
2026-10-04T22:34:41.631256+05:30,POST,POST /jobs/,23.23,ok,
2026-10-04T22:34:41.639674+05:30,POST,POST /jobs/,23.64,ok,
2026-10-04T22:34:41.646006+05:30,GET,GET /jobs/{id}/,19.93,ok,
2026-10-04T22:34:41.689906+05:30,POST,POST /jobs/,21.62,ok,
2026-10-04T22:34:41.777935+05:30,POST,POST /jobs/,21.54,ok,
2026-10-04T22:34:41.786360+05:30,GET,GET /health/,21.8,ok,
2026-10-04T22:34:41.786866+05:30,POST,POST /jobs/,21.49,ok,
2026-10-04T22:34:41.841287+05:30,GET,GET /jobs/{id}/,20.05,ok,
2026-10-04T22:34:41.843293+05:30,POST,POST /jobs/,25.17,ok,
2026-10-04T22:34:41.850760+05:30,GET,GET /jobs/stats/,26.68,ok,
2026-10-04T22:34:41.871394+05:30,GET,GET /jobs/{id}/,18.33,ok,
2026-10-04T22:34:41.878106+05:30,GET,GET /health/,21.09,ok,
2026-10-04T22:34:41.899225+05:30,GET,GET /jobs/{id}/,24.53,ok,
2026-10-04T22:34:41.951964+05:30,GET,GET /jobs/{id}/,18.4,ok,
2026-10-04T22:34:42.001104+05:30,GET,GET /jobs/{id}/,19.83,ok,
2026-10-04T22:34:42.010088+05:30,GET,GET /jobs/stats/,25.84,ok,
2026-10-04T22:34:42.044672+05:30,GET,GET /jobs/{id}/,21.92,ok,
2026-10-04T22:34:42.053578+05:30,GET,GET /jobs/{id}/,21.06,ok,
2026-10-04T22:34:42.054036+05:30,GET,GET /jobs/{id}/,22.17,ok,
2026-10-04T22:34:42.085952+05:30,GET,GET /health/,25.66,ok,
2026-10-04T22:34:42.113383+05:30,POST,POST /jobs/,22.04,ok,
2026-10-04T22:34:42.131915+05:30,GET,GET /jobs/{id}/,24.55,ok,
2026-10-04T22:34:42.157554+05:30,GET,GET /jobs/{id}/,22.36,ok,
2026-10-04T22:34:42.236942+05:30,POST,POST /jobs/,25.06,ok,
2026-10-04T22:34:42.258111+05:30,POST,POST /jobs/,24.38,ok,
2026-10-04T22:34:42.276261+05:30,GET,GET /jobs/{id}/,19.11,ok,
2026-10-04T22:34:42.300317+05:30,POST,POST /jobs/,23.83,ok,
2026-10-04T22:34:42.317533+05:30,GET,GET /health/,18.33,ok,
2026-10-04T22:34:42.342845+05:30,GET,GET /jobs/{id}/,19.01,ok,
2026-10-04T22:34:42.357411+05:30,POST,POST /jobs/,21.54,ok,
2026-10-04T22:34:42.374887+05:30,GET,GET /health/,17.34,ok,
2026-10-04T22:34:42.429187+05:30,GET,GET /jobs/stats/,22.96,ok,
2026-10-04T22:34:42.445240+05:30,GET,GET /health/,19.66,ok,
2026-10-04T22:34:42.455761+05:30,GET,GET /jobs/{id}/,18.26,ok,
2026-10-04T22:34:42.478119+05:30,GET,GET /health/,19.1,ok,
2026-10-04T22:34:42.483723+05:30,POST,POST /jobs/,24.24,ok,
2026-10-04T22:34:42.494437+05:30,POST,POST /jobs/,21.76,ok,
2026-10-04T22:34:42.518073+05:30,POST,POST /jobs/,22.36,ok,
2026-10-04T22:34:42.524320+05:30,GET,GET /jobs/{id}/,20.41,ok,
2026-10-04T22:34:42.531241+05:30,GET,GET /jobs/{id}/,23.2,ok,
2026-10-04T22:34:42.541124+05:30,POST,POST /jobs/,27.96,ok,
2026-10-04T22:34:42.570900+05:30,GET,GET /jobs/stats/,22.39,ok,
2026-10-04T22:34:42.587141+05:30,POST,POST /jobs/,20.69,ok,
2026-10-04T22:34:42.612823+05:30,POST,POST /jobs/,24.82,ok,
2026-10-04T22:34:42.619025+05:30,GET,GET /jobs/stats/,31.75,ok,
2026-10-04T22:34:42.619479+05:30,GET,GET /jobs/{id}/,23.25,ok,
2026-10-04T22:34:42.626005+05:30,GET,GET /jobs/{id}/,25.59,ok,
2026-10-04T22:34:42.636335+05:30,GET,GET /jobs/stats/,26.88,ok,
2026-10-04T22:34:42.678396+05:30,GET,GET /jobs/{id}/,19.67,ok,
2026-10-04T22:34:42.685780+05:30,GET,GET /jobs/{id}/,26.5,ok,
2026-10-04T22:34:42.687576+05:30,GET,GET /jobs/{id}/,25.25,ok,
2026-10-04T22:34:42.747085+05:30,POST,POST /jobs/,21.23,ok,
2026-10-04T22:34:42.815399+05:30,POST,POST /jobs/,22.01,ok,
2026-10-04T22:34:42.843593+05:30,GET,GET /jobs/{id}/,17.88,ok,
2026-10-04T22:34:42.887434+05:30,GET,GET /jobs/{id}/,22.52,ok,
2026-10-04T22:34:42.896239+05:30,GET,GET /jobs/{id}/,26.26,ok,
2026-10-04T22:34:42.899643+05:30,POST,POST /jobs/,29.07,ok,
2026-10-04T22:34:42.909045+05:30,POST,POST /jobs/,26.29,ok,
2026-10-04T22:34:42.926454+05:30,GET,GET /health/,21.57,ok,
2026-10-04T22:34:42.950826+05:30,POST,POST /jobs/,25.61,ok,
2026-10-04T22:34:42.958901+05:30,GET,GET /jobs/{id}/,25.85,ok,
2026-10-04T22:34:42.967415+05:30,GET,GET /jobs/stats/,26.46,ok,
2026-10-04T22:34:42.999200+05:30,POST,POST /jobs/,21.48,ok,
2026-10-04T22:34:43.010740+05:30,GET,GET /jobs/{id}/,23.98,ok,
2026-10-04T22:34:43.023461+05:30,POST,POST /jobs/,25.56,ok,
2026-10-04T22:34:43.030129+05:30,GET,GET /jobs/{id}/,27.26,ok,
2026-10-04T22:34:43.047852+05:30,GET,GET /jobs/stats/,30.83,ok,
2026-10-04T22:34:43.065319+05:30,GET,GET /jobs/{id}/,34.94,ok,
2026-10-04T22:34:43.068498+05:30,GET,GET /jobs/stats/,44.88,ok,
2026-10-04T22:34:43.069162+05:30,POST,POST /jobs/,30.93,ok,
2026-10-04T22:34:43.069639+05:30,POST,POST /jobs/,37.52,ok,
2026-10-04T22:34:43.094643+05:30,GET,GET /jobs/{id}/,20.74,ok,
2026-10-04T22:34:43.194418+05:30,GET,GET /jobs/{id}/,20.4,ok,
2026-10-04T22:34:43.194892+05:30,GET,GET /jobs/{id}/,18.91,ok,
2026-10-04T22:34:43.235361+05:30,GET,GET /jobs/{id}/,26.71,ok,
2026-10-04T22:34:43.251862+05:30,POST,POST /jobs/,33.1,ok,
2026-10-04T22:34:43.282933+05:30,GET,GET /jobs/{id}/,19.76,ok,
2026-10-04T22:34:43.294574+05:30,GET,GET /jobs/{id}/,22.39,ok,
2026-10-04T22:34:43.303995+05:30,GET,GET /jobs/{id}/,17.8,ok,
2026-10-04T22:34:43.352996+05:30,GET,GET /jobs/{id}/,23.2,ok,
2026-10-04T22:34:43.353774+05:30,GET,GET /jobs/stats/,24.53,ok,
2026-10-04T22:34:43.368132+05:30,GET,GET /jobs/{id}/,19.32,ok,
2026-10-04T22:34:43.387905+05:30,POST,POST /jobs/,20.83,ok,
2026-10-04T22:34:43.425712+05:30,GET,GET /jobs/stats/,24.51,ok,
2026-10-04T22:34:43.433766+05:30,GET,GET /jobs/stats/,26.58,ok,
2026-10-04T22:34:43.441325+05:30,GET,GET /jobs/{id}/,22.17,ok,
2026-10-04T22:34:43.450708+05:30,POST,POST /jobs/,22.71,ok,
2026-10-04T22:34:43.500071+05:30,POST,POST /jobs/,50.47,ok,
2026-10-04T22:34:43.504865+05:30,POST,POST /jobs/,38.48,ok,
2026-10-04T22:34:43.521951+05:30,POST,POST /jobs/,47.54,ok,
2026-10-04T22:34:43.522512+05:30,POST,POST /jobs/,28.83,ok,
2026-10-04T22:34:43.522688+05:30,GET,GET /jobs/{id}/,47.59,ok,
2026-10-04T22:34:43.532519+05:30,POST,POST /jobs/,26.38,ok,
2026-10-04T22:34:43.547546+05:30,GET,GET /jobs/{id}/,19.63,ok,
2026-10-04T22:34:43.557091+05:30,GET,GET /health/,19.35,ok,
2026-10-04T22:34:43.572217+05:30,GET,GET /jobs/{id}/,18.41,ok,
2026-10-04T22:34:43.691528+05:30,GET,GET /jobs/{id}/,28.81,ok,
2026-10-04T22:34:43.709400+05:30,POST,POST /jobs/,28.62,ok,
2026-10-04T22:34:43.709856+05:30,POST,POST /jobs/,37.18,ok,
2026-10-04T22:34:43.774868+05:30,POST,POST /jobs/,32.51,ok,
2026-10-04T22:34:43.780589+05:30,GET,GET /jobs/{id}/,33.22,ok,
2026-10-04T22:34:43.798021+05:30,POST,POST /jobs/,34.39,ok,
2026-10-04T22:34:43.806424+05:30,GET,GET /jobs/{id}/,35.27,ok,
2026-10-04T22:34:43.807369+05:30,GET,GET /jobs/{id}/,38.23,ok,
2026-10-04T22:34:43.809490+05:30,GET,GET /jobs/{id}/,39.45,ok,
2026-10-04T22:34:43.824139+05:30,GET,GET /jobs/stats/,25.98,ok,
2026-10-04T22:34:43.830581+05:30,GET,GET /jobs/{id}/,21.98,ok,
2026-10-04T22:34:43.842438+05:30,POST,POST /jobs/,25.45,ok,
2026-10-04T22:34:43.868802+05:30,POST,POST /jobs/,30.9,ok,
2026-10-04T22:34:43.915210+05:30,GET,GET /jobs/{id}/,18.9,ok,
2026-10-04T22:34:43.966764+05:30,GET,GET /jobs/{id}/,21.2,ok,
2026-10-04T22:34:43.985389+05:30,POST,POST /jobs/,24.75,ok,
2026-10-04T22:34:43.985816+05:30,GET,GET /health/,24.49,ok,
2026-10-04T22:34:43.996478+05:30,GET,GET /jobs/{id}/,18.42,ok,
2026-10-04T22:34:44.037641+05:30,GET,GET /health/,34.89,ok,
2026-10-04T22:34:44.043443+05:30,POST,POST /jobs/,27.67,ok,
2026-10-04T22:34:44.049361+05:30,POST,POST /jobs/,30.19,ok,
2026-10-04T22:34:44.062869+05:30,GET,GET /jobs/stats/,41.53,ok,
2026-10-04T22:34:44.085953+05:30,POST,POST /jobs/,20.77,ok,
2026-10-04T22:34:44.098709+05:30,GET,GET /jobs/{id}/,19.42,ok,
2026-10-04T22:34:44.153790+05:30,GET,GET /jobs/{id}/,17.75,ok,
2026-10-04T22:34:44.193878+05:30,POST,POST /jobs/,21.77,ok,
2026-10-04T22:34:44.204043+05:30,GET,GET /jobs/{id}/,19.79,ok,
2026-10-04T22:34:44.285333+05:30,POST,POST /jobs/,20.96,ok,
2026-10-04T22:34:44.311213+05:30,GET,GET /jobs/{id}/,18.55,ok,
2026-10-04T22:34:44.320618+05:30,GET,GET /jobs/{id}/,21.86,ok,
2026-10-04T22:34:44.322571+05:30,POST,POST /jobs/,24.91,ok,
2026-10-04T22:34:44.351356+05:30,POST,POST /jobs/,25.51,ok,
2026-10-04T22:34:44.355394+05:30,POST,POST /jobs/,27.45,ok,
2026-10-04T22:34:44.443567+05:30,GET,GET /health/,21.7,ok,
2026-10-04T22:34:44.444976+05:30,GET,GET /jobs/{id}/,24.54,ok,
2026-10-04T22:34:44.460936+05:30,GET,GET /jobs/{id}/,28.85,ok,
2026-10-04T22:34:44.461839+05:30,POST,POST /jobs/,30.85,ok,
2026-10-04T22:34:44.475826+05:30,POST,POST /jobs/,25.55,ok,
2026-10-04T22:34:44.488352+05:30,GET,GET /jobs/{id}/,19.2,ok,
2026-10-04T22:34:44.509656+05:30,GET,GET /jobs/{id}/,17.97,ok,
2026-10-04T22:34:44.552198+05:30,GET,GET /jobs/{id}/,24.21,ok,
2026-10-04T22:34:44.570871+05:30,POST,POST /jobs/,29.79,ok,
2026-10-04T22:34:44.572464+05:30,GET,GET /jobs/stats/,29.22,ok,
2026-10-04T22:34:44.580985+05:30,POST,POST /jobs/,22.29,ok,
2026-10-04T22:34:44.658075+05:30,POST,POST /jobs/,26.13,ok,
2026-10-04T22:34:44.660310+05:30,POST,POST /jobs/,27.69,ok,
2026-10-04T22:34:44.673547+05:30,GET,GET /jobs/{id}/,21.7,ok,
2026-10-04T22:34:44.688815+05:30,POST,POST /jobs/,24.16,ok,
2026-10-04T22:34:44.717853+05:30,GET,GET /jobs/stats/,30.9,ok,
2026-10-04T22:34:44.728908+05:30,GET,GET /jobs/{id}/,23.72,ok,
2026-10-04T22:34:44.744949+05:30,POST,POST /jobs/,21.81,ok,
2026-10-04T22:34:44.838583+05:30,POST,POST /jobs/,20.3,ok,
2026-10-04T22:34:44.876175+05:30,POST,POST /jobs/,28.23,ok,
2026-10-04T22:34:44.878501+05:30,POST,POST /jobs/,26.37,ok,
2026-10-04T22:34:44.888757+05:30,POST,POST /jobs/,28.86,ok,
2026-10-04T22:34:44.892595+05:30,GET,GET /jobs/{id}/,22.66,ok,
2026-10-04T22:34:44.916689+05:30,GET,GET /jobs/{id}/,18.81,ok,
2026-10-04T22:34:44.920744+05:30,POST,POST /jobs/,21.99,ok,
2026-10-04T22:34:44.926197+05:30,GET,GET /jobs/stats/,22.46,ok,
2026-10-04T22:34:44.965856+05:30,GET,GET /jobs/{id}/,20.35,ok,
2026-10-04T22:34:45.057452+05:30,GET,GET /jobs/{id}/,21.08,ok,
2026-10-04T22:34:45.074642+05:30,GET,GET /health/,21.11,ok,
2026-10-04T22:34:45.123119+05:30,GET,GET /jobs/stats/,24.17,ok,
2026-10-04T22:34:45.125149+05:30,GET,GET /health/,20.19,ok,
2026-10-04T22:34:45.179099+05:30,GET,GET /jobs/{id}/,18.61,ok,
2026-10-04T22:34:45.212267+05:30,POST,POST /jobs/,23.84,ok,
2026-10-04T22:34:45.214778+05:30,GET,GET /jobs/{id}/,20.3,ok,
2026-10-04T22:34:45.223151+05:30,GET,GET /jobs/{id}/,19.57,ok,
2026-10-04T22:34:45.240812+05:30,GET,GET /jobs/{id}/,18.71,ok,
2026-10-04T22:34:45.271759+05:30,GET,GET /health/,18.66,ok,
2026-10-04T22:34:45.290081+05:30,GET,GET /jobs/{id}/,21.95,ok,
2026-10-04T22:34:45.304840+05:30,GET,GET /jobs/{id}/,19.79,ok,
2026-10-04T22:34:45.333930+05:30,POST,POST /jobs/,21.74,ok,
2026-10-04T22:34:45.341914+05:30,POST,POST /jobs/,24.52,ok,
2026-10-04T22:34:45.362773+05:30,GET,GET /jobs/{id}/,26.59,ok,
2026-10-04T22:34:45.382327+05:30,GET,GET /jobs/{id}/,25.25,ok,
2026-10-04T22:34:45.383095+05:30,POST,POST /jobs/,28.86,ok,
2026-10-04T22:34:45.393660+05:30,GET,GET /jobs/{id}/,29.6,ok,
2026-10-04T22:34:45.394151+05:30,POST,POST /jobs/,27.9,ok,
2026-10-04T22:34:45.428033+05:30,GET,GET /jobs/{id}/,19.61,ok,
2026-10-04T22:34:45.434159+05:30,GET,GET /jobs/{id}/,23.5,ok,
2026-10-04T22:34:45.442482+05:30,GET,GET /health/,19.61,ok,
2026-10-04T22:34:45.449564+05:30,GET,GET /jobs/{id}/,22.82,ok,
2026-10-04T22:34:45.450356+05:30,GET,GET /health/,18.79,ok,
2026-10-04T22:34:45.504489+05:30,GET,GET /jobs/{id}/,25.68,ok,
2026-10-04T22:34:45.510771+05:30,GET,GET /jobs/{id}/,20.78,ok,
2026-10-04T22:34:45.518870+05:30,POST,POST /jobs/,22.21,ok,
2026-10-04T22:34:45.601041+05:30,GET,GET /jobs/{id}/,20.83,ok,
2026-10-04T22:34:45.611081+05:30,POST,POST /jobs/,21.7,ok,
2026-10-04T22:34:45.617020+05:30,GET,GET /jobs/{id}/,19.56,ok,
2026-10-04T22:34:45.662628+05:30,GET,GET /jobs/{id}/,24.22,ok,
2026-10-04T22:34:45.664997+05:30,GET,GET /jobs/{id}/,27.42,ok,
2026-10-04T22:34:45.674726+05:30,GET,GET /jobs/stats/,36.67,ok,
2026-10-04T22:34:45.675221+05:30,POST,POST /jobs/,30.63,ok,
2026-10-04T22:34:45.684329+05:30,GET,GET /jobs/{id}/,25.1,ok,
2026-10-04T22:34:45.687323+05:30,POST,POST /jobs/,30.49,ok,
2026-10-04T22:34:45.744338+05:30,POST,POST /jobs/,20.7,ok,
2026-10-04T22:34:45.771045+05:30,POST,POST /jobs/,22.33,ok,
2026-10-04T22:34:45.779004+05:30,GET,GET /jobs/{id}/,18.28,ok,
2026-10-04T22:34:45.838226+05:30,POST,POST /jobs/,20.93,ok,
2026-10-04T22:34:45.890830+05:30,GET,GET /jobs/{id}/,19.28,ok,
2026-10-04T22:34:45.923060+05:30,GET,GET /jobs/{id}/,18.87,ok,
2026-10-04T22:34:45.959651+05:30,POST,POST /jobs/,33.21,ok,
2026-10-04T22:34:45.964488+05:30,POST,POST /jobs/,34.01,ok,
2026-10-04T22:34:45.971841+05:30,GET,GET /health/,23.92,ok,
2026-10-04T22:34:46.014473+05:30,GET,GET /jobs/{id}/,21.29,ok,
2026-10-04T22:34:46.065619+05:30,GET,GET /health/,18.78,ok,
2026-10-04T22:34:46.070393+05:30,GET,GET /health/,18.57,ok,
2026-10-04T22:34:46.096163+05:30,GET,GET /jobs/{id}/,19.48,ok,
2026-10-04T22:34:46.115102+05:30,GET,GET /jobs/{id}/,17.68,ok,
2026-10-04T22:34:46.209601+05:30,POST,POST /jobs/,24.04,ok,
2026-10-04T22:34:46.232736+05:30,POST,POST /jobs/,25.76,ok,
2026-10-04T22:34:46.234703+05:30,POST,POST /jobs/,24.9,ok,
2026-10-04T22:34:46.269090+05:30,POST,POST /jobs/,20.12,ok,
2026-10-04T22:34:46.293766+05:30,GET,GET /jobs/{id}/,20.49,ok,
2026-10-04T22:34:46.299376+05:30,POST,POST /jobs/,28.02,ok,
2026-10-04T22:34:46.316242+05:30,GET,GET /jobs/stats/,23.87,ok,
2026-10-04T22:34:46.438099+05:30,GET,GET /jobs/stats/,25.49,ok,
2026-10-04T22:34:46.438632+05:30,POST,POST /jobs/,21.94,ok,
2026-10-04T22:34:46.461096+05:30,GET,GET /jobs/{id}/,18.2,ok,
2026-10-04T22:34:46.493848+05:30,GET,GET /jobs/{id}/,23.42,ok,
2026-10-04T22:34:46.502723+05:30,GET,GET /jobs/{id}/,24.21,ok,
2026-10-04T22:34:46.503344+05:30,GET,GET /jobs/{id}/,19.74,ok,
2026-10-04T22:34:46.512329+05:30,POST,POST /jobs/,22.67,ok,
2026-10-04T22:34:46.534202+05:30,GET,GET /jobs/{id}/,18.47,ok,
2026-10-04T22:34:46.561687+05:30,GET,GET /jobs/{id}/,18.18,ok,
2026-10-04T22:34:46.585365+05:30,POST,POST /jobs/,20.39,ok,
2026-10-04T22:34:46.637572+05:30,GET,GET /jobs/{id}/,18.87,ok,
2026-10-04T22:34:46.676745+05:30,GET,GET /jobs/stats/,25.87,ok,
2026-10-04T22:34:46.730551+05:30,GET,GET /jobs/{id}/,18.35,ok,
2026-10-04T22:34:46.759931+05:30,GET,GET /jobs/{id}/,19.06,ok,
2026-10-04T22:34:46.812988+05:30,GET,GET /health/,21.77,ok,
2026-10-04T22:34:46.820014+05:30,GET,GET /jobs/{id}/,20.78,ok,
2026-10-04T22:34:46.829613+05:30,GET,GET /jobs/{id}/,28.38,ok,
2026-10-04T22:34:46.830079+05:30,GET,GET /jobs/{id}/,25.73,ok,
2026-10-04T22:34:46.840700+05:30,GET,GET /jobs/{id}/,21.66,ok,
2026-10-04T22:34:46.845086+05:30,GET,GET /jobs/stats/,24.62,ok,
2026-10-04T22:34:46.896538+05:30,GET,GET /jobs/{id}/,20.92,ok,
2026-10-04T22:34:46.898487+05:30,GET,GET /jobs/{id}/,19.78,ok,
2026-10-04T22:34:46.914423+05:30,POST,POST /jobs/,22.8,ok,
2026-10-04T22:34:46.926406+05:30,GET,GET /jobs/{id}/,18.6,ok,
2026-10-04T22:34:46.956011+05:30,GET,GET /jobs/{id}/,23.29,ok,
2026-10-04T22:34:46.967427+05:30,POST,POST /jobs/,32.74,ok,
2026-10-04T22:34:46.974278+05:30,GET,GET /jobs/{id}/,28.69,ok,
2026-10-04T22:34:47.003560+05:30,GET,GET /jobs/{id}/,58.88,ok,
2026-10-04T22:34:47.004777+05:30,GET,GET /jobs/stats/,66.01,ok,
2026-10-04T22:34:47.008153+05:30,GET,GET /jobs/stats/,60.5,ok,
2026-10-04T22:34:47.008899+05:30,POST,POST /jobs/,54.23,ok,
2026-10-04T22:34:47.016716+05:30,GET,GET /health/,54.69,ok,
2026-10-04T22:34:47.026803+05:30,GET,GET /jobs/stats/,59.25,ok,
2026-10-04T22:34:47.032152+05:30,POST,POST /jobs/,62.8,ok,
2026-10-04T22:34:47.032904+05:30,GET,GET /jobs/{id}/,48.28,ok,
2026-10-04T22:34:47.033401+05:30,POST,POST /jobs/,48.25,ok,
2026-10-04T22:34:47.047567+05:30,GET,GET /jobs/{id}/,26.82,ok,
2026-10-04T22:34:47.065401+05:30,GET,GET /jobs/{id}/,45.42,ok,
2026-10-04T22:34:47.093556+05:30,GET,GET /jobs/{id}/,54.94,ok,
2026-10-04T22:34:47.109362+05:30,POST,POST /jobs/,39.67,ok,
2026-10-04T22:34:47.126513+05:30,GET,GET /jobs/{id}/,23.64,ok,
2026-10-04T22:34:47.134669+05:30,GET,GET /jobs/{id}/,23.05,ok,
2026-10-04T22:34:47.157752+05:30,GET,GET /health/,21.87,ok,
2026-10-04T22:34:47.170967+05:30,GET,GET /jobs/{id}/,24.08,ok,
2026-10-04T22:34:47.171477+05:30,POST,POST /jobs/,26.65,ok,
2026-10-04T22:34:47.186504+05:30,GET,GET /jobs/{id}/,22.45,ok,
2026-10-04T22:34:47.242992+05:30,POST,POST /jobs/,23.19,ok,
2026-10-04T22:34:47.246377+05:30,GET,GET /jobs/{id}/,20.43,ok,
2026-10-04T22:34:47.282318+05:30,GET,GET /health/,25.55,ok,
2026-10-04T22:34:47.282879+05:30,POST,POST /jobs/,29.16,ok,
2026-10-04T22:34:47.289365+05:30,GET,GET /jobs/{id}/,30.5,ok,
2026-10-04T22:34:47.300523+05:30,POST,POST /jobs/,29.8,ok,
2026-10-04T22:34:47.302875+05:30,POST,POST /jobs/,27.47,ok,
2026-10-04T22:34:47.310620+05:30,GET,GET /jobs/{id}/,20.02,ok,
2026-10-04T22:34:47.316088+05:30,GET,GET /jobs/{id}/,22.62,ok,
2026-10-04T22:34:47.348907+05:30,POST,POST /jobs/,21.51,ok,
2026-10-04T22:34:47.366088+05:30,GET,GET /jobs/{id}/,18.35,ok,
2026-10-04T22:34:47.388598+05:30,GET,GET /health/,18.24,ok,
2026-10-04T22:34:47.419012+05:30,POST,POST /jobs/,20.11,ok,
2026-10-04T22:34:47.456228+05:30,GET,GET /health/,17.92,ok,
2026-10-04T22:34:47.496233+05:30,GET,GET /jobs/{id}/,17.69,ok,
2026-10-04T22:34:47.502096+05:30,GET,GET /jobs/{id}/,18.53,ok,
2026-10-04T22:34:47.537958+05:30,GET,GET /jobs/{id}/,19.53,ok,
2026-10-04T22:34:47.570360+05:30,GET,GET /jobs/{id}/,18.09,ok,
2026-10-04T22:34:47.600654+05:30,POST,POST /jobs/,23.02,ok,
2026-10-04T22:34:47.626577+05:30,POST,POST /jobs/,21.64,ok,
2026-10-04T22:34:47.677981+05:30,GET,GET /health/,18.14,ok,
2026-10-04T22:34:47.724348+05:30,GET,GET /jobs/stats/,23.09,ok,
2026-10-04T22:34:47.726664+05:30,GET,GET /jobs/{id}/,18.37,ok,
2026-10-04T22:34:47.736237+05:30,POST,POST /jobs/,21.53,ok,
2026-10-04T22:34:47.755139+05:30,GET,GET /jobs/{id}/,17.62,ok,
2026-10-04T22:34:47.763453+05:30,GET,GET /health/,18.01,ok,
2026-10-04T22:34:47.842044+05:30,POST,POST /jobs/,25.3,ok,
2026-10-04T22:34:47.858982+05:30,GET,GET /jobs/{id}/,21.86,ok,
2026-10-04T22:34:47.859461+05:30,POST,POST /jobs/,24.69,ok,
2026-10-04T22:34:47.931874+05:30,GET,GET /jobs/{id}/,19.14,ok,
2026-10-04T22:34:48.018043+05:30,POST,POST /jobs/,28.84,ok,
2026-10-04T22:34:48.027892+05:30,GET,GET /jobs/stats/,22.65,ok,
2026-10-04T22:34:48.035342+05:30,GET,GET /jobs/stats/,26.08,ok,
2026-10-04T22:34:48.070251+05:30,POST,POST /jobs/,20.59,ok,
2026-10-04T22:34:48.077576+05:30,GET,GET /jobs/{id}/,19.87,ok,
2026-10-04T22:34:48.113528+05:30,GET,GET /jobs/{id}/,21.62,ok,
2026-10-04T22:34:48.130350+05:30,GET,GET /health/,21.26,ok,
2026-10-04T22:34:48.143459+05:30,POST,POST /jobs/,27.65,ok,
2026-10-04T22:34:48.143961+05:30,GET,GET /jobs/{id}/,25.17,ok,
2026-10-04T22:34:48.195626+05:30,GET,GET /jobs/{id}/,18.39,ok,
2026-10-04T22:34:48.233151+05:30,GET,GET /jobs/{id}/,25.19,ok,
2026-10-04T22:34:48.238185+05:30,GET,GET /health/,22.18,ok,
2026-10-04T22:34:48.240921+05:30,GET,GET /jobs/{id}/,18.97,ok,
2026-10-04T22:34:48.248956+05:30,GET,GET /health/,20.14,ok,
2026-10-04T22:34:48.306391+05:30,POST,POST /jobs/,22.09,ok,
2026-10-04T22:34:48.313828+05:30,GET,GET /jobs/{id}/,19.42,ok,
2026-10-04T22:34:48.316105+05:30,POST,POST /jobs/,23.68,ok,
2026-10-04T22:34:48.352147+05:30,GET,GET /jobs/{id}/,20.74,ok,
2026-10-04T22:34:48.363827+05:30,POST,POST /jobs/,27.42,ok,
2026-10-04T22:34:48.374941+05:30,POST,POST /jobs/,23.92,ok,
2026-10-04T22:34:48.381380+05:30,GET,GET /jobs/{id}/,23.98,ok,
2026-10-04T22:34:48.389736+05:30,GET,GET /jobs/{id}/,22.99,ok,
2026-10-04T22:34:48.393520+05:30,GET,GET /jobs/{id}/,27.42,ok,
2026-10-04T22:34:48.399515+05:30,GET,GET /jobs/{id}/,23.28,ok,
2026-10-04T22:34:48.436797+05:30,GET,GET /jobs/stats/,21.98,ok,
2026-10-04T22:34:48.461298+05:30,POST,POST /jobs/,20.22,ok,
2026-10-04T22:34:48.517935+05:30,GET,GET /jobs/{id}/,19.35,ok,
2026-10-04T22:34:48.523873+05:30,GET,GET /jobs/{id}/,19.2,ok,
2026-10-04T22:34:48.566721+05:30,POST,POST /jobs/,25.51,ok,
2026-10-04T22:34:48.570598+05:30,POST,POST /jobs/,27.3,ok,
2026-10-04T22:34:48.602137+05:30,GET,GET /jobs/{id}/,20.74,ok,
2026-10-04T22:34:48.606545+05:30,GET,GET /jobs/{id}/,21.52,ok,
2026-10-04T22:34:48.612033+05:30,POST,POST /jobs/,23.03,ok,
2026-10-04T22:34:48.644048+05:30,GET,GET /jobs/{id}/,17.72,ok,
2026-10-04T22:34:48.670599+05:30,GET,GET /health/,20.3,ok,
2026-10-04T22:34:48.679649+05:30,GET,GET /jobs/{id}/,18.39,ok,
2026-10-04T22:34:48.685302+05:30,GET,GET /jobs/{id}/,18.04,ok,
2026-10-04T22:34:48.729044+05:30,POST,POST /jobs/,22.44,ok,
2026-10-04T22:34:48.744265+05:30,GET,GET /jobs/{id}/,21.61,ok,
2026-10-04T22:34:48.754616+05:30,POST,POST /jobs/,21.27,ok,
2026-10-04T22:34:48.762956+05:30,GET,GET /jobs/{id}/,23.68,ok,
2026-10-04T22:34:48.765610+05:30,POST,POST /jobs/,22.9,ok,
2026-10-04T22:34:48.786587+05:30,GET,GET /jobs/stats/,20.86,ok,
2026-10-04T22:34:48.836985+05:30,POST,POST /jobs/,20.11,ok,
2026-10-04T22:34:48.867220+05:30,POST,POST /jobs/,23.95,ok,
2026-10-04T22:34:48.876430+05:30,GET,GET /jobs/{id}/,21.12,ok,
2026-10-04T22:34:48.927916+05:30,POST,POST /jobs/,30.17,ok,
2026-10-04T22:34:48.930944+05:30,GET,GET /jobs/{id}/,28.15,ok,
2026-10-04T22:34:48.943388+05:30,POST,POST /jobs/,28.5,ok,
2026-10-04T22:34:48.944024+05:30,GET,GET /health/,26.1,ok,
2026-10-04T22:34:48.953290+05:30,GET,GET /jobs/{id}/,27.04,ok,
2026-10-04T22:34:48.956286+05:30,POST,POST /jobs/,34.6,ok,
2026-10-04T22:34:48.975879+05:30,GET,GET /jobs/{id}/,23.91,ok,
2026-10-04T22:34:49.001597+05:30,GET,GET /jobs/{id}/,19.39,ok,
2026-10-04T22:34:49.006422+05:30,GET,GET /health/,20.3,ok,
2026-10-04T22:34:49.044924+05:30,GET,GET /jobs/{id}/,18.16,ok,
2026-10-04T22:34:49.074338+05:30,GET,GET /jobs/{id}/,20.07,ok,
2026-10-04T22:34:49.090815+05:30,GET,GET /jobs/{id}/,21.25,ok,
2026-10-04T22:34:49.113697+05:30,GET,GET /jobs/{id}/,21.51,ok,
2026-10-04T22:34:49.122649+05:30,GET,GET /jobs/{id}/,20.52,ok,
2026-10-04T22:34:49.126341+05:30,GET,GET /jobs/{id}/,23.38,ok,
2026-10-04T22:34:49.144461+05:30,GET,GET /jobs/{id}/,19.21,ok,
2026-10-04T22:34:49.173558+05:30,GET,GET /jobs/{id}/,17.81,ok,
2026-10-04T22:34:49.196240+05:30,GET,GET /jobs/stats/,21.46,ok,
2026-10-04T22:34:49.260668+05:30,GET,GET /jobs/stats/,23.15,ok,
2026-10-04T22:34:49.278026+05:30,GET,GET /health/,17.22,ok,
2026-10-04T22:34:49.302245+05:30,GET,GET /jobs/stats/,23.0,ok,
2026-10-04T22:34:49.304111+05:30,POST,POST /jobs/,21.01,ok,
2026-10-04T22:34:49.363403+05:30,GET,GET /jobs/{id}/,18.96,ok,
2026-10-04T22:34:49.408941+05:30,POST,POST /jobs/,20.24,ok,
2026-10-04T22:34:49.427357+05:30,GET,GET /jobs/{id}/,17.17,ok,
2026-10-04T22:34:49.444077+05:30,GET,GET /jobs/{id}/,17.97,ok,
2026-10-04T22:34:49.453710+05:30,POST,POST /jobs/,20.78,ok,
2026-10-04T22:34:49.494593+05:30,POST,POST /jobs/,23.59,ok,
2026-10-04T22:34:49.523014+05:30,GET,GET /jobs/{id}/,18.1,ok,
2026-10-04T22:34:49.540437+05:30,GET,GET /jobs/{id}/,17.2,ok,
2026-10-04T22:34:49.546612+05:30,GET,GET /jobs/{id}/,20.58,ok,
2026-10-04T22:34:49.560908+05:30,GET,GET /jobs/{id}/,18.17,ok,
2026-10-04T22:34:49.610497+05:30,GET,GET /jobs/{id}/,20.4,ok,
2026-10-04T22:34:49.620627+05:30,GET,GET /jobs/{id}/,20.53,ok,
2026-10-04T22:34:49.626810+05:30,GET,GET /health/,19.63,ok,
2026-10-04T22:34:49.653583+05:30,POST,POST /jobs/,21.47,ok,
2026-10-04T22:34:49.655549+05:30,GET,GET /jobs/{id}/,19.38,ok,
2026-10-04T22:34:49.659858+05:30,POST,POST /jobs/,22.77,ok,
2026-10-04T22:34:49.686739+05:30,POST,POST /jobs/,22.62,ok,
2026-10-04T22:34:49.712754+05:30,GET,GET /jobs/{id}/,22.65,ok,
2026-10-04T22:34:49.733555+05:30,GET,GET /jobs/{id}/,29.47,ok,
2026-10-04T22:34:49.739177+05:30,GET,GET /jobs/{id}/,25.11,ok,
2026-10-04T22:34:49.750529+05:30,POST,POST /jobs/,29.23,ok,
2026-10-04T22:34:49.757932+05:30,GET,GET /jobs/{id}/,20.07,ok,
2026-10-04T22:34:49.805933+05:30,GET,GET /jobs/{id}/,22.69,ok,
2026-10-04T22:34:49.806395+05:30,GET,GET /jobs/{id}/,20.11,ok,
2026-10-04T22:34:49.827815+05:30,POST,POST /jobs/,21.31,ok,
2026-10-04T22:34:49.852868+05:30,POST,POST /jobs/,25.7,ok,
2026-10-04T22:34:49.853455+05:30,GET,GET /jobs/stats/,26.98,ok,
2026-10-04T22:34:49.883120+05:30,GET,GET /jobs/stats/,21.45,ok,
2026-10-04T22:34:49.931352+05:30,GET,GET /jobs/{id}/,19.91,ok,
2026-10-04T22:34:49.947082+05:30,POST,POST /jobs/,21.67,ok,
2026-10-04T22:34:49.970787+05:30,GET,GET /jobs/{id}/,21.41,ok,
2026-10-04T22:34:49.977236+05:30,GET,GET /health/,22.94,ok,
2026-10-04T22:34:49.991557+05:30,POST,POST /jobs/,27.25,ok,
2026-10-04T22:34:49.995920+05:30,GET,GET /jobs/{id}/,20.79,ok,
2026-10-04T22:34:50.005632+05:30,GET,GET /jobs/stats/,29.78,ok,
2026-10-04T22:34:50.019295+05:30,GET,GET /jobs/stats/,24.49,ok,
2026-10-04T22:34:50.056193+05:30,GET,GET /jobs/{id}/,25.58,ok,
2026-10-04T22:34:50.065056+05:30,GET,GET /jobs/{id}/,21.39,ok,
2026-10-04T22:34:50.069511+05:30,GET,GET /jobs/{id}/,20.54,ok,
2026-10-04T22:34:50.087258+05:30,POST,POST /jobs/,23.29,ok,
2026-10-04T22:34:50.096023+05:30,GET,GET /health/,19.29,ok,
2026-10-04T22:34:50.118653+05:30,POST,POST /jobs/,20.33,ok,
2026-10-04T22:34:50.143905+05:30,GET,GET /jobs/{id}/,17.97,ok,
2026-10-04T22:34:50.168149+05:30,GET,GET /jobs/{id}/,18.94,ok,
2026-10-04T22:34:50.192228+05:30,POST,POST /jobs/,25.2,ok,
2026-10-04T22:34:50.240706+05:30,POST,POST /jobs/,23.13,ok,
2026-10-04T22:34:50.241397+05:30,GET,GET /jobs/stats/,23.33,ok,
2026-10-04T22:34:50.247358+05:30,POST,POST /jobs/,23.17,ok,
2026-10-04T22:34:50.304842+05:30,GET,GET /jobs/{id}/,18.13,ok,
2026-10-04T22:34:50.366500+05:30,GET,GET /jobs/stats/,23.37,ok,
2026-10-04T22:34:50.370869+05:30,GET,GET /jobs/{id}/,19.73,ok,
2026-10-04T22:34:50.381227+05:30,GET,GET /jobs/{id}/,19.06,ok,
2026-10-04T22:34:50.433134+05:30,POST,POST /jobs/,21.57,ok,
2026-10-04T22:34:50.444467+05:30,GET,GET /jobs/{id}/,22.69,ok,
2026-10-04T22:34:50.467765+05:30,GET,GET /jobs/stats/,29.34,ok,
2026-10-04T22:34:50.477267+05:30,POST,POST /jobs/,22.52,ok,
2026-10-04T22:34:50.533380+05:30,GET,GET /jobs/stats/,26.85,ok,
2026-10-04T22:34:50.541811+05:30,GET,GET /jobs/stats/,23.78,ok,
2026-10-04T22:34:50.568984+05:30,GET,GET /jobs/{id}/,17.85,ok,
2026-10-04T22:34:50.710913+05:30,GET,GET /health/,17.57,ok,
2026-10-04T22:34:50.741737+05:30,GET,GET /health/,18.54,ok,
2026-10-04T22:34:50.813982+05:30,GET,GET /jobs/{id}/,76.77,ok,
2026-10-04T22:34:50.873881+05:30,GET,GET /jobs/{id}/,123.87,ok,
2026-10-04T22:34:50.878632+05:30,GET,GET /jobs/{id}/,115.55,ok,
2026-10-04T22:34:50.879213+05:30,GET,GET /jobs/{id}/,84.87,ok,
2026-10-04T22:34:50.887981+05:30,GET,GET /jobs/{id}/,56.69,ok,
2026-10-04T22:34:50.897232+05:30,POST,POST /jobs/,117.9,ok,
2026-10-04T22:34:50.897977+05:30,GET,GET /jobs/{id}/,66.09,ok,
2026-10-04T22:34:50.900068+05:30,GET,GET /jobs/{id}/,54.22,ok,
2026-10-04T22:34:50.909127+05:30,POST,POST /jobs/,60.31,ok,
2026-10-04T22:34:50.914168+05:30,GET,GET /jobs/{id}/,37.2,ok,
2026-10-04T22:34:50.916111+05:30,GET,GET /jobs/{id}/,30.62,ok,
2026-10-04T22:34:50.963671+05:30,POST,POST /jobs/,54.37,ok,
2026-10-04T22:34:50.980250+05:30,GET,GET /jobs/{id}/,39.51,ok,
2026-10-04T22:34:50.984811+05:30,GET,GET /jobs/{id}/,46.2,ok,
2026-10-04T22:34:50.985486+05:30,GET,GET /jobs/{id}/,23.41,ok,
2026-10-04T22:34:51.010146+05:30,GET,GET /jobs/{id}/,59.85,ok,
2026-10-04T22:34:51.011014+05:30,POST,POST /jobs/,58.73,ok,
2026-10-04T22:34:51.017854+05:30,GET,GET /jobs/{id}/,32.24,ok,
2026-10-04T22:34:51.019878+05:30,GET,GET /jobs/stats/,66.76,ok,
2026-10-04T22:34:51.027474+05:30,GET,GET /jobs/{id}/,31.91,ok,
2026-10-04T22:34:51.067819+05:30,GET,GET /jobs/{id}/,73.48,ok,
2026-10-04T22:34:51.070806+05:30,GET,GET /jobs/{id}/,81.39,ok,
2026-10-04T22:34:51.102151+05:30,POST,POST /jobs/,63.51,ok,
2026-10-04T22:34:51.102813+05:30,GET,GET /jobs/{id}/,38.09,ok,
2026-10-04T22:34:51.103445+05:30,GET,GET /jobs/stats/,71.76,ok,
2026-10-04T22:34:51.105532+05:30,GET,GET /jobs/{id}/,30.05,ok,
2026-10-04T22:34:51.117800+05:30,GET,GET /jobs/{id}/,37.99,ok,
2026-10-04T22:34:51.119380+05:30,GET,GET /jobs/stats/,51.4,ok,
2026-10-04T22:34:51.138841+05:30,GET,GET /jobs/stats/,26.07,ok,
2026-10-04T22:34:51.207091+05:30,GET,GET /health/,18.96,ok,
2026-10-04T22:34:51.214604+05:30,GET,GET /jobs/{id}/,19.32,ok,
2026-10-04T22:34:51.248546+05:30,GET,GET /jobs/{id}/,26.63,ok,
2026-10-04T22:34:51.251523+05:30,GET,GET /health/,25.68,ok,
2026-10-04T22:34:51.263367+05:30,GET,GET /jobs/{id}/,25.46,ok,
2026-10-04T22:34:51.294682+05:30,POST,POST /jobs/,25.01,ok,
2026-10-04T22:34:51.306622+05:30,GET,GET /jobs/stats/,25.89,ok,
2026-10-04T22:34:51.313279+05:30,GET,GET /jobs/{id}/,25.41,ok,
2026-10-04T22:34:51.317912+05:30,POST,POST /jobs/,24.6,ok,
2026-10-04T22:34:51.327157+05:30,GET,GET /jobs/{id}/,19.26,ok,
2026-10-04T22:34:51.366900+05:30,GET,GET /jobs/{id}/,18.38,ok,
2026-10-04T22:34:51.440810+05:30,GET,GET /jobs/stats/,21.63,ok,
2026-10-04T22:34:51.619344+05:30,GET,GET /jobs/stats/,22.96,ok,
2026-10-04T22:34:51.647649+05:30,POST,POST /jobs/,20.98,ok,
2026-10-04T22:34:51.738394+05:30,GET,GET /jobs/{id}/,21.08,ok,
2026-10-04T22:34:51.740121+05:30,POST,POST /jobs/,24.95,ok,
2026-10-04T22:34:51.774777+05:30,POST,POST /jobs/,26.39,ok,
2026-10-04T22:34:51.793401+05:30,POST,POST /jobs/,27.88,ok,
2026-10-04T22:34:51.794538+05:30,GET,GET /jobs/{id}/,28.33,ok,
2026-10-04T22:34:51.822971+05:30,POST,POST /jobs/,22.17,ok,
2026-10-04T22:34:51.842390+05:30,GET,GET /jobs/{id}/,19.24,ok,
2026-10-04T22:34:51.851394+05:30,GET,GET /jobs/{id}/,20.38,ok,
2026-10-04T22:34:51.874841+05:30,POST,POST /jobs/,25.13,ok,
2026-10-04T22:34:51.890608+05:30,GET,GET /jobs/{id}/,23.2,ok,
2026-10-04T22:34:51.898233+05:30,GET,GET /jobs/{id}/,23.22,ok,
2026-10-04T22:34:51.915347+05:30,POST,POST /jobs/,24.42,ok,
2026-10-04T22:34:51.922410+05:30,GET,GET /jobs/{id}/,24.0,ok,
2026-10-04T22:34:51.932141+05:30,GET,GET /health/,23.24,ok,
2026-10-04T22:34:51.945494+05:30,GET,GET /jobs/stats/,22.93,ok,
2026-10-04T22:34:51.976104+05:30,POST,POST /jobs/,20.32,ok,
2026-10-04T22:34:52.053914+05:30,GET,GET /jobs/{id}/,19.47,ok,
2026-10-04T22:34:52.080742+05:30,GET,GET /jobs/{id}/,22.29,ok,
2026-10-04T22:34:52.136139+05:30,GET,GET /jobs/{id}/,21.04,ok,
2026-10-04T22:34:52.153270+05:30,POST,POST /jobs/,21.83,ok,
2026-10-04T22:34:52.164948+05:30,GET,GET /jobs/{id}/,18.5,ok,
2026-10-04T22:34:52.190194+05:30,POST,POST /jobs/,20.85,ok,
2026-10-04T22:34:52.254105+05:30,POST,POST /jobs/,22.6,ok,
2026-10-04T22:34:52.259542+05:30,GET,GET /jobs/{id}/,19.62,ok,
2026-10-04T22:34:52.260064+05:30,GET,GET /jobs/{id}/,23.35,ok,
2026-10-04T22:34:52.298136+05:30,GET,GET /jobs/{id}/,18.8,ok,
2026-10-04T22:34:52.306701+05:30,POST,POST /jobs/,21.26,ok,
2026-10-04T22:34:52.312248+05:30,GET,GET /jobs/{id}/,19.84,ok,
2026-10-04T22:34:52.341243+05:30,POST,POST /jobs/,24.72,ok,
2026-10-04T22:34:52.365653+05:30,GET,GET /health/,28.99,ok,
2026-10-04T22:34:52.373008+05:30,POST,POST /jobs/,29.53,ok,
2026-10-04T22:34:52.380100+05:30,POST,POST /jobs/,30.7,ok,
2026-10-04T22:34:52.383011+05:30,GET,GET /jobs/{id}/,31.58,ok,
2026-10-04T22:34:52.394050+05:30,GET,GET /jobs/{id}/,40.53,ok,
2026-10-04T22:34:52.400039+05:30,GET,GET /health/,37.44,ok,
2026-10-04T22:34:52.407219+05:30,GET,GET /health/,38.1,ok,
2026-10-04T22:34:52.411130+05:30,GET,GET /health/,33.47,ok,
2026-10-04T22:34:52.415926+05:30,GET,GET /health/,19.38,ok,
2026-10-04T22:34:52.433131+05:30,GET,GET /jobs/{id}/,18.08,ok,
2026-10-04T22:34:52.450219+05:30,GET,GET /jobs/{id}/,18.17,ok,
2026-10-04T22:34:52.477170+05:30,GET,GET /jobs/stats/,21.69,ok,
2026-10-04T22:34:52.504649+05:30,GET,GET /jobs/{id}/,20.12,ok,
2026-10-04T22:34:52.520344+05:30,GET,GET /jobs/stats/,22.17,ok,
2026-10-04T22:34:52.580609+05:30,GET,GET /jobs/{id}/,17.87,ok,
2026-10-04T22:34:52.589053+05:30,POST,POST /jobs/,21.29,ok,
2026-10-04T22:34:52.603995+05:30,GET,GET /jobs/{id}/,23.19,ok,
2026-10-04T22:34:52.617834+05:30,GET,GET /jobs/stats/,22.5,ok,
2026-10-04T22:34:52.648332+05:30,POST,POST /jobs/,22.16,ok,
2026-10-04T22:34:52.652175+05:30,GET,GET /jobs/{id}/,21.65,ok,
2026-10-04T22:34:52.672819+05:30,GET,GET /health/,24.26,ok,
2026-10-04T22:34:52.679892+05:30,POST,POST /jobs/,21.43,ok,
2026-10-04T22:34:52.705899+05:30,POST,POST /jobs/,37.34,ok,
2026-10-04T22:34:52.716009+05:30,GET,GET /jobs/{id}/,18.87,ok,
2026-10-04T22:34:52.717700+05:30,GET,GET /jobs/stats/,26.54,ok,
2026-10-04T22:34:52.721708+05:30,GET,GET /jobs/{id}/,22.54,ok,
2026-10-04T22:34:52.728699+05:30,GET,GET /jobs/{id}/,17.54,ok,
2026-10-04T22:34:52.780100+05:30,POST,POST /jobs/,23.08,ok,
2026-10-04T22:34:52.780686+05:30,GET,GET /jobs/{id}/,19.61,ok,
2026-10-04T22:34:52.798233+05:30,GET,GET /jobs/{id}/,17.41,ok,
2026-10-04T22:34:52.822471+05:30,POST,POST /jobs/,20.97,ok,
2026-10-04T22:34:52.899003+05:30,POST,POST /jobs/,22.22,ok,
2026-10-04T22:34:52.918559+05:30,POST,POST /jobs/,26.71,ok,
2026-10-04T22:34:52.935528+05:30,GET,GET /jobs/stats/,34.22,ok,
2026-10-04T22:34:52.939477+05:30,GET,GET /jobs/{id}/,28.09,ok,
2026-10-04T22:34:52.950531+05:30,POST,POST /jobs/,38.42,ok,
2026-10-04T22:34:52.960948+05:30,POST,POST /jobs/,30.08,ok,
2026-10-04T22:34:52.972028+05:30,GET,GET /jobs/stats/,30.32,ok,
2026-10-04T22:34:52.996764+05:30,GET,GET /jobs/{id}/,17.41,ok,
2026-10-04T22:34:53.035312+05:30,GET,GET /jobs/{id}/,19.19,ok,
2026-10-04T22:34:53.048092+05:30,GET,GET /health/,25.88,ok,
2026-10-04T22:34:53.064070+05:30,POST,POST /jobs/,24.67,ok,
2026-10-04T22:34:53.064828+05:30,GET,GET /jobs/stats/,29.35,ok,
2026-10-04T22:34:53.083547+05:30,POST,POST /jobs/,24.03,ok,
2026-10-04T22:34:53.110623+05:30,GET,GET /health/,20.8,ok,
2026-10-04T22:34:53.114340+05:30,POST,POST /jobs/,23.69,ok,
2026-10-04T22:34:53.123149+05:30,POST,POST /jobs/,24.47,ok,
2026-10-04T22:34:53.127066+05:30,POST,POST /jobs/,21.3,ok,
2026-10-04T22:34:53.188114+05:30,GET,GET /jobs/{id}/,20.75,ok,
2026-10-04T22:34:53.201038+05:30,GET,GET /jobs/{id}/,18.49,ok,
2026-10-04T22:34:53.254100+05:30,GET,GET /jobs/{id}/,19.72,ok,
2026-10-04T22:34:53.328571+05:30,GET,GET /jobs/stats/,31.19,ok,
2026-10-04T22:34:53.329208+05:30,POST,POST /jobs/,28.8,ok,
2026-10-04T22:34:53.347840+05:30,POST,POST /jobs/,32.11,ok,
2026-10-04T22:34:53.355121+05:30,GET,GET /jobs/{id}/,33.24,ok,
2026-10-04T22:34:53.357885+05:30,GET,GET /jobs/stats/,41.67,ok,
2026-10-04T22:34:53.363007+05:30,POST,POST /jobs/,30.53,ok,
2026-10-04T22:34:53.388638+05:30,GET,GET /jobs/{id}/,17.35,ok,
2026-10-04T22:34:53.421230+05:30,GET,GET /jobs/{id}/,18.28,ok,
2026-10-04T22:34:53.436077+05:30,POST,POST /jobs/,25.08,ok,
2026-10-04T22:34:53.450299+05:30,POST,POST /jobs/,22.79,ok,
2026-10-04T22:34:53.474075+05:30,GET,GET /jobs/{id}/,20.49,ok,
2026-10-04T22:34:53.480878+05:30,POST,POST /jobs/,25.31,ok,
2026-10-04T22:34:53.502124+05:30,GET,GET /jobs/{id}/,19.99,ok,
2026-10-04T22:34:53.543447+05:30,POST,POST /jobs/,21.02,ok,
2026-10-04T22:34:53.631688+05:30,POST,POST /jobs/,27.84,ok,
2026-10-04T22:34:53.637119+05:30,GET,GET /jobs/stats/,32.47,ok,
2026-10-04T22:34:53.640944+05:30,GET,GET /jobs/{id}/,24.94,ok,
2026-10-04T22:34:53.647308+05:30,GET,GET /jobs/{id}/,27.02,ok,
2026-10-04T22:34:53.660892+05:30,POST,POST /jobs/,21.0,ok,
2026-10-04T22:34:53.736528+05:30,POST,POST /jobs/,20.31,ok,
2026-10-04T22:34:53.771819+05:30,GET,GET /jobs/{id}/,20.93,ok,
2026-10-04T22:34:53.783257+05:30,POST,POST /jobs/,22.4,ok,
2026-10-04T22:34:53.787187+05:30,GET,GET /jobs/{id}/,21.32,ok,
2026-10-04T22:34:53.829075+05:30,GET,GET /jobs/stats/,22.64,ok,
2026-10-04T22:34:53.852838+05:30,GET,GET /jobs/{id}/,18.47,ok,
2026-10-04T22:34:53.862926+05:30,POST,POST /jobs/,23.47,ok,
2026-10-04T22:34:53.876834+05:30,GET,GET /health/,18.74,ok,
2026-10-04T22:34:53.968980+05:30,GET,GET /jobs/{id}/,17.83,ok,
2026-10-04T22:34:53.987295+05:30,GET,GET /jobs/{id}/,18.15,ok,
2026-10-04T22:34:53.993505+05:30,POST,POST /jobs/,22.51,ok,
2026-10-04T22:34:54.021649+05:30,POST,POST /jobs/,20.82,ok,
2026-10-04T22:34:54.074764+05:30,GET,GET /jobs/{id}/,22.77,ok,
2026-10-04T22:34:54.090348+05:30,GET,GET /jobs/{id}/,21.07,ok,
2026-10-04T22:34:54.102919+05:30,POST,POST /jobs/,20.85,ok,
2026-10-04T22:34:54.160113+05:30,GET,GET /jobs/stats/,25.88,ok,
2026-10-04T22:34:54.162315+05:30,GET,GET /jobs/{id}/,20.04,ok,
2026-10-04T22:34:54.185807+05:30,GET,GET /jobs/{id}/,23.33,ok,
2026-10-04T22:34:54.202755+05:30,GET,GET /jobs/stats/,22.43,ok,
2026-10-04T22:34:54.222161+05:30,POST,POST /jobs/,23.85,ok,
2026-10-04T22:34:54.239159+05:30,POST,POST /jobs/,32.12,ok,
2026-10-04T22:34:54.242934+05:30,POST,POST /jobs/,32.98,ok,
2026-10-04T22:34:54.245968+05:30,GET,GET /health/,29.33,ok,
2026-10-04T22:34:54.306482+05:30,GET,GET /health/,73.81,ok,
2026-10-04T22:34:54.307169+05:30,POST,POST /jobs/,79.72,ok,
2026-10-04T22:34:54.307648+05:30,POST,POST /jobs/,71.57,ok,
2026-10-04T22:34:54.311868+05:30,GET,GET /jobs/{id}/,54.22,ok,
2026-10-04T22:34:54.320658+05:30,GET,GET /jobs/stats/,62.47,ok,
2026-10-04T22:34:54.327593+05:30,POST,POST /jobs/,55.78,ok,
2026-10-04T22:34:54.328178+05:30,GET,GET /jobs/stats/,75.93,ok,
2026-10-04T22:34:54.328654+05:30,POST,POST /jobs/,52.68,ok,
2026-10-04T22:34:54.337156+05:30,GET,GET /jobs/{id}/,57.02,ok,
2026-10-04T22:34:54.362798+05:30,GET,GET /jobs/{id}/,31.94,ok,
2026-10-04T22:34:54.379513+05:30,POST,POST /jobs/,23.03,ok,
2026-10-04T22:34:54.415305+05:30,GET,GET /jobs/{id}/,18.45,ok,
2026-10-04T22:34:54.460669+05:30,POST,POST /jobs/,21.07,ok,
2026-10-04T22:34:54.497466+05:30,GET,GET /jobs/{id}/,22.3,ok,
2026-10-04T22:34:54.498077+05:30,POST,POST /jobs/,26.09,ok,
2026-10-04T22:34:54.504913+05:30,POST,POST /jobs/,29.2,ok,
2026-10-04T22:34:54.518333+05:30,POST,POST /jobs/,22.92,ok,
2026-10-04T22:34:54.536837+05:30,POST,POST /jobs/,33.63,ok,
2026-10-04T22:34:54.537389+05:30,POST,POST /jobs/,30.87,ok,
2026-10-04T22:34:54.550312+05:30,GET,GET /jobs/{id}/,25.46,ok,
2026-10-04T22:34:54.562380+05:30,GET,GET /jobs/{id}/,33.58,ok,
2026-10-04T22:34:54.562847+05:30,POST,POST /jobs/,39.26,ok,
2026-10-04T22:34:54.583698+05:30,GET,GET /jobs/{id}/,17.63,ok,
2026-10-04T22:34:54.608753+05:30,POST,POST /jobs/,22.43,ok,
2026-10-04T22:34:54.655304+05:30,GET,GET /jobs/{id}/,25.2,ok,
2026-10-04T22:34:54.667183+05:30,POST,POST /jobs/,27.08,ok,
2026-10-04T22:34:54.667685+05:30,POST,POST /jobs/,26.95,ok,
2026-10-04T22:34:54.717819+05:30,POST,POST /jobs/,20.87,ok,
2026-10-04T22:34:54.724361+05:30,GET,GET /jobs/{id}/,19.32,ok,
2026-10-04T22:34:54.851232+05:30,POST,POST /jobs/,20.3,ok,
2026-10-04T22:34:54.891666+05:30,POST,POST /jobs/,26.12,ok,
2026-10-04T22:34:54.901564+05:30,GET,GET /jobs/stats/,28.93,ok,
2026-10-04T22:34:54.920077+05:30,GET,GET /jobs/{id}/,19.44,ok,
2026-10-04T22:34:54.920579+05:30,GET,GET /health/,22.63,ok,
2026-10-04T22:34:54.937306+05:30,GET,GET /jobs/{id}/,16.59,ok,
2026-10-04T22:34:54.972250+05:30,GET,GET /jobs/{id}/,19.61,ok,
2026-10-04T22:34:54.982373+05:30,GET,GET /health/,18.77,ok,
2026-10-04T22:34:55.011917+05:30,GET,GET /jobs/{id}/,18.25,ok,
2026-10-04T22:34:55.049139+05:30,POST,POST /jobs/,20.87,ok,
2026-10-04T22:34:55.070715+05:30,POST,POST /jobs/,24.27,ok,
2026-10-04T22:34:55.077135+05:30,GET,GET /health/,22.73,ok,
2026-10-04T22:34:55.083881+05:30,POST,POST /jobs/,26.61,ok,
2026-10-04T22:34:55.099463+05:30,POST,POST /jobs/,28.54,ok,
2026-10-04T22:34:55.110848+05:30,POST,POST /jobs/,35.61,ok,
2026-10-04T22:34:55.136727+05:30,GET,GET /jobs/{id}/,18.54,ok,
2026-10-04T22:34:55.269315+05:30,GET,GET /jobs/{id}/,27.25,ok,
2026-10-04T22:34:55.269881+05:30,GET,GET /jobs/{id}/,24.83,ok,
2026-10-04T22:34:55.280436+05:30,POST,POST /jobs/,30.46,ok,
2026-10-04T22:34:55.287875+05:30,POST,POST /jobs/,27.81,ok,
2026-10-04T22:34:55.288333+05:30,GET,GET /jobs/{id}/,25.3,ok,
2026-10-04T22:34:55.299188+05:30,GET,GET /jobs/{id}/,19.8,ok,
2026-10-04T22:34:55.312763+05:30,GET,GET /jobs/{id}/,23.19,ok,
2026-10-04T22:34:55.343212+05:30,POST,POST /jobs/,24.16,ok,
2026-10-04T22:34:55.358695+05:30,POST,POST /jobs/,22.56,ok,
2026-10-04T22:34:55.407183+05:30,GET,GET /jobs/{id}/,21.17,ok,
2026-10-04T22:34:55.409114+05:30,GET,GET /jobs/{id}/,18.55,ok,
2026-10-04T22:34:55.423041+05:30,GET,GET /jobs/{id}/,19.5,ok,
2026-10-04T22:34:55.436950+05:30,GET,GET /jobs/{id}/,18.55,ok,
2026-10-04T22:34:55.458397+05:30,GET,GET /jobs/{id}/,18.18,ok,
2026-10-04T22:34:55.480639+05:30,GET,GET /jobs/{id}/,17.98,ok,
2026-10-04T22:34:55.508818+05:30,POST,POST /jobs/,20.9,ok,
2026-10-04T22:34:55.543397+05:30,GET,GET /jobs/{id}/,19.29,ok,
2026-10-04T22:34:55.571259+05:30,GET,GET /jobs/{id}/,18.56,ok,
2026-10-04T22:34:55.584236+05:30,GET,GET /jobs/{id}/,20.26,ok,
2026-10-04T22:34:55.603329+05:30,POST,POST /jobs/,20.77,ok,
2026-10-04T22:34:55.636778+05:30,GET,GET /jobs/{id}/,22.1,ok,
2026-10-04T22:34:55.638635+05:30,POST,POST /jobs/,22.99,ok,
2026-10-04T22:34:55.685609+05:30,POST,POST /jobs/,24.66,ok,
2026-10-04T22:34:55.698526+05:30,GET,GET /jobs/{id}/,21.51,ok,
2026-10-04T22:34:55.704200+05:30,POST,POST /jobs/,26.59,ok,
2026-10-04T22:34:55.712339+05:30,GET,GET /jobs/{id}/,23.39,ok,
2026-10-04T22:34:55.718938+05:30,GET,GET /health/,23.07,ok,
2026-10-04T22:34:55.767355+05:30,POST,POST /jobs/,37.11,ok,
2026-10-04T22:34:55.775588+05:30,GET,GET /jobs/{id}/,41.94,ok,
2026-10-04T22:34:55.782219+05:30,GET,GET /jobs/{id}/,27.73,ok,
2026-10-04T22:34:55.809710+05:30,GET,GET /jobs/{id}/,28.81,ok,
2026-10-04T22:34:55.821083+05:30,GET,GET /jobs/{id}/,35.85,ok,
2026-10-04T22:34:55.821964+05:30,POST,POST /jobs/,36.17,ok,
2026-10-04T22:34:55.828242+05:30,POST,POST /jobs/,44.39,ok,
2026-10-04T22:34:55.828890+05:30,GET,GET /jobs/{id}/,37.77,ok,
2026-10-04T22:34:55.864997+05:30,POST,POST /jobs/,80.18,ok,
2026-10-04T22:34:55.872971+05:30,GET,GET /jobs/{id}/,50.85,ok,
2026-10-04T22:34:55.881449+05:30,POST,POST /jobs/,51.34,ok,
2026-10-04T22:34:55.907622+05:30,GET,GET /jobs/{id}/,24.83,ok,
2026-10-04T22:34:55.916260+05:30,GET,GET /jobs/{id}/,25.46,ok,
2026-10-04T22:34:55.919181+05:30,GET,GET /jobs/{id}/,31.48,ok,
2026-10-04T22:34:55.919797+05:30,POST,POST /jobs/,24.93,ok,
2026-10-04T22:34:55.923756+05:30,GET,GET /jobs/{id}/,21.81,ok,
2026-10-04T22:34:55.966412+05:30,GET,GET /jobs/stats/,25.39,ok,
2026-10-04T22:34:55.987358+05:30,POST,POST /jobs/,20.73,ok,
2026-10-04T22:34:55.989230+05:30,GET,GET /jobs/{id}/,17.77,ok,
2026-10-04T22:34:56.014978+05:30,POST,POST /jobs/,21.49,ok,
2026-10-04T22:34:56.081484+05:30,POST,POST /jobs/,22.13,ok,
2026-10-04T22:34:56.117872+05:30,POST,POST /jobs/,27.07,ok,
2026-10-04T22:34:56.122021+05:30,GET,GET /health/,24.24,ok,
2026-10-04T22:34:56.145161+05:30,GET,GET /jobs/{id}/,41.21,ok,
2026-10-04T22:34:56.146401+05:30,GET,GET /jobs/{id}/,41.73,ok,
2026-10-04T22:34:56.155942+05:30,POST,POST /jobs/,42.98,ok,
2026-10-04T22:34:56.162791+05:30,GET,GET /jobs/stats/,42.47,ok,
2026-10-04T22:34:56.198463+05:30,POST,POST /jobs/,64.9,ok,
2026-10-04T22:34:56.198919+05:30,GET,GET /jobs/{id}/,44.18,ok,
2026-10-04T22:34:56.213500+05:30,GET,GET /jobs/{id}/,19.42,ok,
2026-10-04T22:34:56.290147+05:30,GET,GET /jobs/{id}/,17.32,ok,
2026-10-04T22:34:56.325805+05:30,GET,GET /jobs/{id}/,18.25,ok,
2026-10-04T22:34:56.335060+05:30,GET,GET /jobs/{id}/,18.46,ok,
2026-10-04T22:34:56.415744+05:30,GET,GET /jobs/{id}/,20.16,ok,
2026-10-04T22:34:56.419683+05:30,GET,GET /jobs/{id}/,19.95,ok,
2026-10-04T22:34:56.445442+05:30,GET,GET /health/,18.49,ok,
2026-10-04T22:34:56.472547+05:30,GET,GET /health/,17.83,ok,
2026-10-04T22:34:56.497000+05:30,GET,GET /jobs/stats/,22.24,ok,
2026-10-04T22:34:56.537963+05:30,POST,POST /jobs/,20.66,ok,
2026-10-04T22:34:56.562432+05:30,GET,GET /health/,23.23,ok,
2026-10-04T22:34:56.573588+05:30,GET,GET /jobs/{id}/,19.36,ok,
2026-10-04T22:34:56.591721+05:30,GET,GET /jobs/{id}/,17.95,ok,
2026-10-04T22:34:56.623311+05:30,POST,POST /jobs/,21.31,ok,
2026-10-04T22:34:56.644507+05:30,GET,GET /jobs/{id}/,22.24,ok,
2026-10-04T22:34:56.653114+05:30,GET,GET /health/,19.12,ok,
2026-10-04T22:34:56.656965+05:30,GET,GET /jobs/{id}/,19.95,ok,
2026-10-04T22:34:56.671515+05:30,GET,GET /jobs/{id}/,19.66,ok,
2026-10-04T22:34:56.686885+05:30,GET,GET /jobs/{id}/,20.64,ok,
2026-10-04T22:34:56.700831+05:30,GET,GET /health/,25.03,ok,
2026-10-04T22:34:56.769721+05:30,GET,GET /jobs/{id}/,19.56,ok,
2026-10-04T22:34:56.778625+05:30,GET,GET /jobs/stats/,27.58,ok,
2026-10-04T22:34:56.782521+05:30,POST,POST /jobs/,27.51,ok,
2026-10-04T22:34:56.795606+05:30,GET,GET /jobs/{id}/,18.58,ok,
2026-10-04T22:34:56.836348+05:30,GET,GET /jobs/stats/,26.45,ok,
2026-10-04T22:34:56.846205+05:30,GET,GET /jobs/{id}/,26.06,ok,
2026-10-04T22:34:56.927010+05:30,GET,GET /jobs/stats/,21.52,ok,
2026-10-04T22:34:56.953471+05:30,GET,GET /jobs/stats/,21.2,ok,
2026-10-04T22:34:56.984123+05:30,GET,GET /jobs/stats/,26.39,ok,
2026-10-04T22:34:56.986951+05:30,POST,POST /jobs/,28.7,ok,
2026-10-04T22:34:57.022985+05:30,GET,GET /health/,17.77,ok,
2026-10-04T22:34:57.044177+05:30,GET,GET /jobs/{id}/,17.88,ok,
2026-10-04T22:34:57.095751+05:30,POST,POST /jobs/,22.23,ok,
2026-10-04T22:34:57.129605+05:30,GET,GET /jobs/stats/,22.53,ok,
2026-10-04T22:34:57.131793+05:30,GET,GET /health/,17.71,ok,
2026-10-04T22:34:57.177902+05:30,GET,GET /jobs/{id}/,20.79,ok,
2026-10-04T22:34:57.192176+05:30,POST,POST /jobs/,24.03,ok,
2026-10-04T22:34:57.192826+05:30,GET,GET /jobs/{id}/,20.49,ok,
2026-10-04T22:34:57.254651+05:30,GET,GET /health/,26.59,ok,
2026-10-04T22:34:57.255105+05:30,POST,POST /jobs/,26.42,ok,
2026-10-04T22:34:57.268030+05:30,GET,GET /jobs/{id}/,22.14,ok,
2026-10-04T22:34:57.277755+05:30,POST,POST /jobs/,24.26,ok,
2026-10-04T22:34:57.281162+05:30,GET,GET /health/,21.49,ok,
2026-10-04T22:34:57.341071+05:30,POST,POST /jobs/,24.49,ok,
2026-10-04T22:34:57.341479+05:30,POST,POST /jobs/,27.02,ok,
2026-10-04T22:34:57.351731+05:30,POST,POST /jobs/,24.04,ok,
2026-10-04T22:34:57.374634+05:30,GET,GET /jobs/stats/,21.69,ok,
2026-10-04T22:34:57.414576+05:30,GET,GET /jobs/stats/,29.08,ok,
2026-10-04T22:34:57.415188+05:30,GET,GET /jobs/{id}/,26.09,ok,
2026-10-04T22:34:57.415604+05:30,POST,POST /jobs/,30.67,ok,
2026-10-04T22:34:57.446996+05:30,GET,GET /jobs/{id}/,19.12,ok,
2026-10-04T22:34:57.514938+05:30,GET,GET /jobs/{id}/,22.36,ok,
2026-10-04T22:34:57.519969+05:30,POST,POST /jobs/,25.39,ok,
2026-10-04T22:34:57.520493+05:30,GET,GET /health/,25.33,ok,
2026-10-04T22:34:57.534528+05:30,POST,POST /jobs/,21.39,ok,
2026-10-04T22:34:57.598052+05:30,GET,GET /jobs/{id}/,18.2,ok,
2026-10-04T22:34:57.624726+05:30,POST,POST /jobs/,22.37,ok,
2026-10-04T22:34:57.630162+05:30,POST,POST /jobs/,25.87,ok,
2026-10-04T22:34:57.669520+05:30,POST,POST /jobs/,23.05,ok,
2026-10-04T22:34:57.675159+05:30,GET,GET /health/,24.5,ok,
2026-10-04T22:34:57.684124+05:30,POST,POST /jobs/,32.94,ok,
2026-10-04T22:34:57.688909+05:30,GET,GET /jobs/stats/,40.42,ok,
2026-10-04T22:34:57.692477+05:30,GET,GET /jobs/{id}/,30.85,ok,
2026-10-04T22:34:57.693347+05:30,GET,GET /jobs/{id}/,34.87,ok,
2026-10-04T22:34:57.701675+05:30,GET,GET /jobs/{id}/,27.5,ok,
2026-10-04T22:34:57.729413+05:30,POST,POST /jobs/,20.48,ok,
2026-10-04T22:34:57.775312+05:30,POST,POST /jobs/,21.55,ok,
2026-10-04T22:34:57.784275+05:30,GET,GET /health/,19.22,ok,
2026-10-04T22:34:57.825677+05:30,GET,GET /jobs/{id}/,19.09,ok,
2026-10-04T22:34:57.831130+05:30,POST,POST /jobs/,21.99,ok,
2026-10-04T22:34:57.835521+05:30,GET,GET /health/,20.13,ok,
2026-10-04T22:34:57.849546+05:30,GET,GET /health/,17.17,ok,
2026-10-04T22:34:57.878863+05:30,POST,POST /jobs/,25.03,ok,
2026-10-04T22:34:57.884085+05:30,POST,POST /jobs/,25.29,ok,
2026-10-04T22:34:57.884719+05:30,GET,GET /jobs/{id}/,28.98,ok,
2026-10-04T22:34:57.909723+05:30,GET,GET /jobs/stats/,33.75,ok,
2026-10-04T22:34:57.935447+05:30,POST,POST /jobs/,27.38,ok,
2026-10-04T22:34:57.936131+05:30,POST,POST /jobs/,26.23,ok,
2026-10-04T22:34:57.945290+05:30,GET,GET /jobs/{id}/,27.4,ok,
2026-10-04T22:34:57.946999+05:30,POST,POST /jobs/,27.3,ok,
2026-10-04T22:34:57.957563+05:30,GET,GET /health/,20.08,ok,
2026-10-04T22:34:58.055165+05:30,GET,GET /health/,56.34,ok,
2026-10-04T22:34:58.055655+05:30,GET,GET /jobs/stats/,46.88,ok,
2026-10-04T22:34:58.055982+05:30,GET,GET /health/,46.7,ok,
2026-10-04T22:34:58.056296+05:30,POST,POST /jobs/,56.62,ok,
2026-10-04T22:34:58.076304+05:30,POST,POST /jobs/,51.43,ok,
2026-10-04T22:34:58.110617+05:30,GET,GET /jobs/stats/,23.96,ok,
2026-10-04T22:34:58.121910+05:30,GET,GET /health/,18.25,ok,
2026-10-04T22:34:58.156147+05:30,GET,GET /health/,17.96,ok,
2026-10-04T22:34:58.162472+05:30,GET,GET /jobs/{id}/,18.28,ok,
2026-10-04T22:34:58.227044+05:30,POST,POST /jobs/,26.26,ok,
2026-10-04T22:34:58.234779+05:30,GET,GET /jobs/{id}/,31.01,ok,
2026-10-04T22:34:58.258716+05:30,GET,GET /health/,19.8,ok,
2026-10-04T22:34:58.259475+05:30,GET,GET /jobs/stats/,23.49,ok,
2026-10-04T22:34:58.301188+05:30,POST,POST /jobs/,31.94,ok,
2026-10-04T22:34:58.301829+05:30,GET,GET /health/,33.12,ok,
2026-10-04T22:34:58.304058+05:30,POST,POST /jobs/,32.38,ok,
2026-10-04T22:34:58.346817+05:30,GET,GET /jobs/{id}/,38.5,ok,
2026-10-04T22:34:58.347527+05:30,POST,POST /jobs/,44.97,ok,
2026-10-04T22:34:58.348414+05:30,GET,GET /jobs/stats/,46.46,ok,
2026-10-04T22:34:58.366252+05:30,GET,GET /health/,18.6,ok,
2026-10-04T22:34:58.369806+05:30,GET,GET /health/,18.94,ok,
2026-10-04T22:34:58.416783+05:30,GET,GET /jobs/{id}/,17.67,ok,
2026-10-04T22:34:58.468117+05:30,POST,POST /jobs/,23.0,ok,
2026-10-04T22:34:58.468796+05:30,GET,GET /jobs/{id}/,23.07,ok,
2026-10-04T22:34:58.470340+05:30,GET,GET /jobs/{id}/,19.53,ok,
2026-10-04T22:34:58.496152+05:30,GET,GET /jobs/{id}/,17.52,ok,
2026-10-04T22:34:58.521011+05:30,GET,GET /jobs/{id}/,18.55,ok,
2026-10-04T22:34:58.548488+05:30,GET,GET /jobs/{id}/,18.09,ok,
2026-10-04T22:34:58.568963+05:30,GET,GET /health/,18.24,ok,
2026-10-04T22:34:58.586396+05:30,GET,GET /jobs/{id}/,18.71,ok,
2026-10-04T22:34:58.594298+05:30,POST,POST /jobs/,20.76,ok,
2026-10-04T22:34:58.638938+05:30,GET,GET /jobs/{id}/,17.32,ok,
2026-10-04T22:34:58.677426+05:30,POST,POST /jobs/,22.16,ok,
2026-10-04T22:34:58.684060+05:30,GET,GET /jobs/{id}/,18.19,ok,
2026-10-04T22:34:58.704226+05:30,GET,GET /jobs/{id}/,18.89,ok,
2026-10-04T22:34:58.721131+05:30,POST,POST /jobs/,21.9,ok,
2026-10-04T22:34:58.727371+05:30,GET,GET /jobs/{id}/,20.9,ok,
2026-10-04T22:34:58.733264+05:30,POST,POST /jobs/,22.9,ok,
2026-10-04T22:34:58.801918+05:30,GET,GET /jobs/{id}/,18.3,ok,
2026-10-04T22:34:58.822615+05:30,GET,GET /jobs/{id}/,18.45,ok,
2026-10-04T22:34:58.841171+05:30,GET,GET /jobs/{id}/,17.32,ok,
2026-10-04T22:34:58.889755+05:30,POST,POST /jobs/,32.02,ok,
2026-10-04T22:34:58.912937+05:30,POST,POST /jobs/,37.47,ok,
2026-10-04T22:34:58.930908+05:30,GET,GET /health/,28.82,ok,
2026-10-04T22:34:58.937357+05:30,GET,GET /jobs/{id}/,18.13,ok,
2026-10-04T22:34:58.942541+05:30,GET,GET /jobs/{id}/,20.42,ok,
2026-10-04T22:34:58.964557+05:30,GET,GET /jobs/{id}/,18.77,ok,
2026-10-04T22:34:58.974730+05:30,GET,GET /jobs/{id}/,19.05,ok,
2026-10-04T22:34:59.006818+05:30,POST,POST /jobs/,20.8,ok,
2026-10-04T22:34:59.016310+05:30,POST,POST /jobs/,20.26,ok,
2026-10-04T22:34:59.071724+05:30,GET,GET /health/,18.05,ok,
2026-10-04T22:34:59.112604+05:30,GET,GET /jobs/stats/,23.55,ok,
2026-10-04T22:34:59.125770+05:30,GET,GET /jobs/{id}/,18.21,ok,
2026-10-04T22:34:59.150800+05:30,POST,POST /jobs/,26.07,ok,
2026-10-04T22:34:59.158872+05:30,GET,GET /jobs/{id}/,23.43,ok,
2026-10-04T22:34:59.170811+05:30,GET,GET /health/,26.45,ok,
2026-10-04T22:34:59.197233+05:30,POST,POST /jobs/,21.13,ok,
2026-10-04T22:34:59.288561+05:30,GET,GET /jobs/stats/,23.01,ok,
2026-10-04T22:34:59.294414+05:30,GET,GET /jobs/{id}/,18.83,ok,
2026-10-04T22:34:59.365635+05:30,POST,POST /jobs/,21.92,ok,
2026-10-04T22:34:59.376873+05:30,POST,POST /jobs/,20.96,ok,
2026-10-04T22:34:59.408285+05:30,POST,POST /jobs/,22.1,ok,
2026-10-04T22:34:59.414989+05:30,GET,GET /jobs/{id}/,18.76,ok,
2026-10-04T22:34:59.423622+05:30,POST,POST /jobs/,22.27,ok,
2026-10-04T22:34:59.444099+05:30,GET,GET /jobs/{id}/,17.23,ok,
2026-10-04T22:34:59.497750+05:30,GET,GET /jobs/{id}/,19.27,ok,
2026-10-04T22:34:59.499627+05:30,POST,POST /jobs/,23.23,ok,
2026-10-04T22:34:59.507917+05:30,GET,GET /jobs/{id}/,22.33,ok,
2026-10-04T22:34:59.551399+05:30,GET,GET /jobs/{id}/,18.16,ok,
2026-10-04T22:34:59.581560+05:30,GET,GET /health/,18.87,ok,
2026-10-04T22:34:59.607913+05:30,GET,GET /jobs/{id}/,24.06,ok,
2026-10-04T22:34:59.616442+05:30,GET,GET /jobs/{id}/,24.2,ok,
2026-10-04T22:34:59.622564+05:30,GET,GET /health/,21.13,ok,
2026-10-04T22:34:59.626273+05:30,GET,GET /jobs/{id}/,22.75,ok,
2026-10-04T22:34:59.639106+05:30,POST,POST /jobs/,26.84,ok,
2026-10-04T22:34:59.646020+05:30,POST,POST /jobs/,27.31,ok,
2026-10-04T22:34:59.712651+05:30,GET,GET /health/,20.37,ok,
2026-10-04T22:34:59.715740+05:30,GET,GET /health/,20.42,ok,
2026-10-04T22:34:59.734302+05:30,POST,POST /jobs/,27.96,ok,
2026-10-04T22:34:59.743141+05:30,POST,POST /jobs/,24.13,ok,
2026-10-04T22:34:59.750424+05:30,POST,POST /jobs/,25.46,ok,
2026-10-04T22:34:59.753540+05:30,GET,GET /health/,24.52,ok,
2026-10-04T22:34:59.780569+05:30,POST,POST /jobs/,22.77,ok,
2026-10-04T22:34:59.799618+05:30,GET,GET /jobs/{id}/,18.84,ok,
2026-10-04T22:34:59.824935+05:30,GET,GET /jobs/{id}/,19.02,ok,
2026-10-04T22:34:59.923779+05:30,GET,GET /jobs/{id}/,18.59,ok,
2026-10-04T22:34:59.940482+05:30,GET,GET /health/,24.21,ok,
2026-10-04T22:34:59.951940+05:30,GET,GET /jobs/{id}/,26.86,ok,
2026-10-04T22:34:59.957384+05:30,GET,GET /jobs/stats/,31.18,ok,
2026-10-04T22:34:59.973945+05:30,GET,GET /jobs/{id}/,28.12,ok,
2026-10-04T22:34:59.974446+05:30,GET,GET /jobs/{id}/,25.48,ok,
2026-10-04T22:34:59.983118+05:30,GET,GET /jobs/{id}/,24.81,ok,
2026-10-04T22:34:59.983543+05:30,GET,GET /jobs/{id}/,27.36,ok,
2026-10-04T22:35:00.114413+05:30,GET,GET /jobs/{id}/,124.61,ok,
2026-10-04T22:35:00.130218+05:30,GET,GET /jobs/{id}/,93.28,ok,
2026-10-04T22:35:00.133243+05:30,POST,POST /jobs/,134.44,ok,
2026-10-04T22:35:00.138341+05:30,POST,POST /jobs/,108.11,ok,
2026-10-04T22:35:00.145490+05:30,POST,POST /jobs/,57.82,ok,
2026-10-04T22:35:00.193585+05:30,GET,GET /jobs/stats/,101.64,ok,
2026-10-04T22:35:00.194751+05:30,POST,POST /jobs/,110.28,ok,
2026-10-04T22:35:00.201072+05:30,POST,POST /jobs/,127.12,ok,
2026-10-04T22:35:00.209193+05:30,GET,GET /jobs/{id}/,54.9,ok,
2026-10-04T22:35:00.215023+05:30,GET,GET /jobs/{id}/,52.32,ok,
2026-10-04T22:35:00.243368+05:30,GET,GET /jobs/{id}/,25.05,ok,
2026-10-04T22:35:00.243794+05:30,GET,GET /jobs/{id}/,24.55,ok,
2026-10-04T22:35:00.274753+05:30,GET,GET /jobs/{id}/,28.68,ok,
2026-10-04T22:35:00.289678+05:30,POST,POST /jobs/,37.42,ok,
2026-10-04T22:35:00.302164+05:30,GET,GET /jobs/{id}/,35.03,ok,
2026-10-04T22:35:00.312244+05:30,POST,POST /jobs/,41.03,ok,
2026-10-04T22:35:00.317232+05:30,POST,POST /jobs/,39.1,ok,
2026-10-04T22:35:00.317869+05:30,POST,POST /jobs/,52.39,ok,
2026-10-04T22:35:00.330669+05:30,GET,GET /jobs/stats/,39.73,ok,
2026-10-04T22:35:00.367798+05:30,POST,POST /jobs/,21.81,ok,
2026-10-04T22:35:00.390700+05:30,GET,GET /jobs/{id}/,18.59,ok,
2026-10-04T22:35:00.399356+05:30,POST,POST /jobs/,20.16,ok,
2026-10-04T22:35:00.422898+05:30,GET,GET /jobs/{id}/,18.22,ok,
2026-10-04T22:35:00.461845+05:30,POST,POST /jobs/,22.59,ok,
2026-10-04T22:35:00.497607+05:30,GET,GET /jobs/{id}/,18.27,ok,
2026-10-04T22:35:00.498060+05:30,GET,GET /jobs/{id}/,20.86,ok,
2026-10-04T22:35:00.530521+05:30,GET,GET /jobs/{id}/,23.21,ok,
2026-10-04T22:35:00.538780+05:30,GET,GET /jobs/{id}/,18.44,ok,
2026-10-04T22:35:00.547241+05:30,POST,POST /jobs/,20.72,ok,
2026-10-04T22:35:00.617090+05:30,GET,GET /jobs/{id}/,19.5,ok,
2026-10-04T22:35:00.631375+05:30,GET,GET /jobs/stats/,26.77,ok,
2026-10-04T22:35:00.644602+05:30,GET,GET /jobs/{id}/,19.15,ok,
2026-10-04T22:35:00.666023+05:30,GET,GET /jobs/{id}/,18.12,ok,
2026-10-04T22:35:00.719158+05:30,GET,GET /jobs/{id}/,20.81,ok,
2026-10-04T22:35:00.765638+05:30,GET,GET /jobs/{id}/,20.18,ok,
2026-10-04T22:35:00.776871+05:30,GET,GET /jobs/stats/,26.42,ok,
2026-10-04T22:35:00.793447+05:30,GET,GET /jobs/{id}/,23.51,ok,
2026-10-04T22:35:00.800989+05:30,GET,GET /jobs/{id}/,20.83,ok,
2026-10-04T22:35:00.811144+05:30,GET,GET /jobs/{id}/,21.13,ok,
2026-10-04T22:35:00.811566+05:30,GET,GET /jobs/{id}/,25.24,ok,
2026-10-04T22:35:00.818529+05:30,GET,GET /jobs/{id}/,23.79,ok,
2026-10-04T22:35:00.869210+05:30,GET,GET /jobs/{id}/,19.32,ok,
2026-10-04T22:35:00.875459+05:30,GET,GET /jobs/{id}/,23.6,ok,
2026-10-04T22:35:00.880702+05:30,GET,GET /jobs/{id}/,21.5,ok,
2026-10-04T22:35:00.903034+05:30,POST,POST /jobs/,33.65,ok,
2026-10-04T22:35:00.908264+05:30,GET,GET /jobs/{id}/,32.64,ok,
2026-10-04T22:35:00.914692+05:30,GET,GET /jobs/{id}/,24.7,ok,
2026-10-04T22:35:00.964631+05:30,GET,GET /jobs/{id}/,23.59,ok,
2026-10-04T22:35:00.970647+05:30,GET,GET /jobs/{id}/,24.11,ok,
2026-10-04T22:35:01.016437+05:30,GET,GET /jobs/{id}/,23.39,ok,
2026-10-04T22:35:01.028767+05:30,POST,POST /jobs/,31.58,ok,
2026-10-04T22:35:01.037004+05:30,GET,GET /health/,27.69,ok,
2026-10-04T22:35:01.037469+05:30,POST,POST /jobs/,27.52,ok,
2026-10-04T22:35:01.045792+05:30,GET,GET /jobs/stats/,27.1,ok,
2026-10-04T22:35:01.075048+05:30,GET,GET /jobs/stats/,23.95,ok,
2026-10-04T22:35:01.087789+05:30,POST,POST /jobs/,22.67,ok,
2026-10-04T22:35:01.109667+05:30,POST,POST /jobs/,23.29,ok,
2026-10-04T22:35:01.138887+05:30,POST,POST /jobs/,25.51,ok,
2026-10-04T22:35:01.170124+05:30,GET,GET /jobs/{id}/,29.68,ok,
2026-10-04T22:35:01.234014+05:30,POST,POST /jobs/,65.45,ok,
2026-10-04T22:35:01.324016+05:30,POST,POST /jobs/,59.42,ok,
2026-10-04T22:35:01.328018+05:30,GET,GET /jobs/{id}/,47.39,ok,
2026-10-04T22:35:01.368428+05:30,POST,POST /jobs/,54.64,ok,
2026-10-04T22:35:01.389482+05:30,GET,GET /jobs/{id}/,44.53,ok,
2026-10-04T22:35:01.390669+05:30,POST,POST /jobs/,52.19,ok,
2026-10-04T22:35:01.438191+05:30,GET,GET /jobs/{id}/,71.52,ok,
2026-10-04T22:35:01.463083+05:30,GET,GET /health/,97.23,ok,
2026-10-04T22:35:01.469881+05:30,GET,GET /jobs/{id}/,115.2,ok,
2026-10-04T22:35:01.473744+05:30,GET,GET /jobs/{id}/,60.68,ok,
2026-10-04T22:35:01.475407+05:30,GET,GET /jobs/{id}/,97.54,ok,
2026-10-04T22:35:01.479297+05:30,GET,GET /jobs/{id}/,58.89,ok,
2026-10-04T22:35:01.676221+05:30,POST,POST /jobs/,166.86,ok,
2026-10-04T22:35:01.787325+05:30,GET,GET /jobs/{id}/,190.16,ok,
2026-10-04T22:35:01.791613+05:30,GET,GET /jobs/{id}/,193.67,ok,
2026-10-04T22:35:01.813340+05:30,POST,POST /jobs/,256.29,ok,
2026-10-04T22:35:01.835032+05:30,POST,POST /jobs/,135.3,ok,
2026-10-04T22:35:01.836760+05:30,GET,GET /jobs/{id}/,135.4,ok,
2026-10-04T22:35:01.873933+05:30,GET,GET /jobs/{id}/,251.64,ok,
2026-10-04T22:35:01.877157+05:30,POST,POST /jobs/,246.24,ok,
2026-10-04T22:35:01.885130+05:30,GET,GET /jobs/{id}/,161.56,ok,
2026-10-04T22:35:01.929654+05:30,GET,GET /jobs/stats/,230.42,ok,
2026-10-04T22:35:01.943543+05:30,POST,POST /jobs/,330.85,ok,
2026-10-04T22:35:01.945651+05:30,GET,GET /jobs/stats/,313.78,ok,
2026-10-04T22:35:01.993415+05:30,GET,GET /jobs/{id}/,176.54,ok,
2026-10-04T22:35:01.997486+05:30,POST,POST /jobs/,197.06,ok,
2026-10-04T22:35:02.026036+05:30,GET,GET /jobs/{id}/,118.6,ok,
2026-10-04T22:35:02.207848+05:30,POST,POST /jobs/,507.79,ok,
2026-10-04T22:35:02.273357+05:30,POST,POST /jobs/,484.45,ok,
2026-10-04T22:35:02.274092+05:30,GET,GET /health/,530.71,ok,
2026-10-04T22:35:02.328860+05:30,GET,GET /jobs/{id}/,474.24,ok,
2026-10-04T22:35:02.392955+05:30,GET,GET /jobs/{id}/,197.94,ok,
2026-10-04T22:35:02.414847+05:30,GET,GET /jobs/{id}/,318.91,ok,
2026-10-04T22:35:02.415238+05:30,GET,GET /jobs/{id}/,482.25,ok,
2026-10-04T22:35:02.418392+05:30,POST,POST /jobs/,503.57,ok,
2026-10-04T22:35:02.421106+05:30,GET,GET /jobs/{id}/,431.14,ok,
2026-10-04T22:35:02.431129+05:30,GET,GET /jobs/{id}/,446.56,ok,
2026-10-04T22:35:02.441870+05:30,POST,POST /jobs/,466.71,ok,
2026-10-04T22:35:02.444885+05:30,GET,GET /jobs/{id}/,404.03,ok,
2026-10-04T22:35:02.462074+05:30,GET,GET /jobs/{id}/,497.43,ok,
2026-10-04T22:35:02.496288+05:30,GET,GET /jobs/{id}/,354.87,ok,
2026-10-04T22:35:02.511130+05:30,GET,GET /health/,286.8,ok,
2026-10-04T22:35:02.515784+05:30,GET,GET /jobs/{id}/,441.92,ok,
2026-10-04T22:35:02.529326+05:30,GET,GET /jobs/stats/,335.31,ok,
2026-10-04T22:35:02.547616+05:30,GET,GET /jobs/{id}/,380.88,ok,
2026-10-04T22:35:02.561040+05:30,GET,GET /jobs/{id}/,474.31,ok,
2026-10-04T22:35:02.575043+05:30,GET,GET /jobs/stats/,281.94,ok,
2026-10-04T22:35:02.594389+05:30,GET,GET /jobs/{id}/,264.06,ok,
2026-10-04T22:35:02.597653+05:30,GET,GET /jobs/{id}/,549.26,ok,
2026-10-04T22:35:02.611410+05:30,POST,POST /jobs/,265.69,ok,
2026-10-04T22:35:02.612300+05:30,GET,GET /jobs/{id}/,366.86,ok,
2026-10-04T22:35:02.622143+05:30,POST,POST /jobs/,402.29,ok,
2026-10-04T22:35:02.623355+05:30,GET,GET /jobs/stats/,340.5,ok,
2026-10-04T22:35:02.623732+05:30,GET,GET /health/,489.21,ok,
2026-10-04T22:35:02.624788+05:30,POST,POST /jobs/,582.57,ok,
2026-10-04T22:35:02.630730+05:30,GET,GET /jobs/{id}/,556.06,ok,
2026-10-04T22:35:02.660772+05:30,POST,POST /jobs/,280.39,ok,
2026-10-04T22:35:02.661586+05:30,GET,GET /health/,185.4,ok,
2026-10-04T22:35:02.662296+05:30,POST,POST /jobs/,152.41,ok,
2026-10-04T22:35:02.664172+05:30,GET,GET /jobs/{id}/,220.64,ok,
2026-10-04T22:35:02.694069+05:30,GET,GET /jobs/{id}/,160.13,ok,
2026-10-04T22:35:02.701648+05:30,GET,GET /jobs/{id}/,142.04,ok,
2026-10-04T22:35:02.702350+05:30,GET,GET /jobs/{id}/,276.91,ok,
2026-10-04T22:35:02.702502+05:30,GET,GET /jobs/{id}/,537.18,ok,
2026-10-04T22:35:02.707988+05:30,POST,POST /jobs/,719.24,ok,
2026-10-04T22:35:02.709211+05:30,GET,GET /jobs/{id}/,270.31,ok,
2026-10-04T22:35:02.714630+05:30,POST,POST /jobs/,192.7,ok,
2026-10-04T22:35:02.800801+05:30,GET,GET /jobs/{id}/,95.94,ok,
2026-10-04T22:35:02.805387+05:30,GET,GET /jobs/{id}/,164.59,ok,
2026-10-04T22:35:02.805640+05:30,GET,GET /jobs/{id}/,135.69,ok,
2026-10-04T22:35:02.812035+05:30,POST,POST /jobs/,124.99,ok,
2026-10-04T22:35:02.817655+05:30,GET,GET /jobs/{id}/,74.05,ok,
2026-10-04T22:35:02.819825+05:30,GET,GET /jobs/stats/,103.92,ok,
2026-10-04T22:35:02.835053+05:30,POST,POST /jobs/,67.74,ok,
2026-10-04T22:35:02.860118+05:30,GET,GET /jobs/stats/,133.92,ok,
2026-10-04T22:35:02.866810+05:30,GET,GET /health/,71.4,ok,
2026-10-04T22:35:02.867282+05:30,GET,GET /health/,83.84,ok,
2026-10-04T22:35:02.897058+05:30,GET,GET /jobs/{id}/,59.12,ok,
2026-10-04T22:35:02.925847+05:30,GET,GET /jobs/stats/,66.87,ok,
2026-10-04T22:35:02.926400+05:30,POST,POST /jobs/,53.7,ok,
2026-10-04T22:35:03.004601+05:30,GET,GET /jobs/{id}/,20.87,ok,
2026-10-04T22:35:03.044752+05:30,GET,GET /jobs/{id}/,19.77,ok,
2026-10-04T22:35:03.045683+05:30,GET,GET /health/,19.78,ok,
2026-10-04T22:35:03.051722+05:30,GET,GET /health/,20.81,ok,
2026-10-04T22:35:03.093795+05:30,POST,POST /jobs/,22.75,ok,
2026-10-04T22:35:03.121476+05:30,POST,POST /jobs/,24.35,ok,
2026-10-04T22:35:03.136569+05:30,GET,GET /jobs/{id}/,22.15,ok,
2026-10-04T22:35:03.147807+05:30,POST,POST /jobs/,22.01,ok,
2026-10-04T22:35:03.185718+05:30,GET,GET /jobs/{id}/,27.59,ok,
2026-10-04T22:35:03.193370+05:30,GET,GET /jobs/{id}/,23.27,ok,
2026-10-04T22:35:03.194183+05:30,GET,GET /jobs/stats/,32.11,ok,
2026-10-04T22:35:03.228786+05:30,POST,POST /jobs/,27.27,ok,
2026-10-04T22:35:03.293780+05:30,GET,GET /health/,22.52,ok,
2026-10-04T22:35:03.295860+05:30,POST,POST /jobs/,27.74,ok,
2026-10-04T22:35:03.407996+05:30,POST,POST /jobs/,22.77,ok,
2026-10-04T22:35:03.446370+05:30,POST,POST /jobs/,23.04,ok,
2026-10-04T22:35:03.475364+05:30,POST,POST /jobs/,22.63,ok,
2026-10-04T22:35:03.503078+05:30,GET,GET /jobs/{id}/,22.39,ok,
2026-10-04T22:35:03.523104+05:30,POST,POST /jobs/,25.37,ok,
2026-10-04T22:35:03.547103+05:30,GET,GET /jobs/{id}/,21.61,ok,
2026-10-04T22:35:03.606044+05:30,GET,GET /health/,20.63,ok,
2026-10-04T22:35:03.644832+05:30,POST,POST /jobs/,23.43,ok,
2026-10-04T22:35:03.667851+05:30,GET,GET /jobs/{id}/,20.73,ok,
2026-10-04T22:35:03.673562+05:30,GET,GET /jobs/stats/,25.94,ok,
2026-10-04T22:35:03.681757+05:30,GET,GET /jobs/stats/,24.95,ok,
2026-10-04T22:35:03.712261+05:30,GET,GET /jobs/{id}/,21.2,ok,
2026-10-04T22:35:03.717817+05:30,POST,POST /jobs/,24.72,ok,
2026-10-04T22:35:03.742327+05:30,GET,GET /jobs/{id}/,22.18,ok,
2026-10-04T22:35:03.758963+05:30,GET,GET /jobs/stats/,24.56,ok,
2026-10-04T22:35:03.777939+05:30,GET,GET /health/,24.11,ok,
2026-10-04T22:35:03.778724+05:30,GET,GET /jobs/{id}/,26.09,ok,
2026-10-04T22:35:03.787129+05:30,GET,GET /jobs/{id}/,20.84,ok,
2026-10-04T22:35:03.812078+05:30,GET,GET /jobs/stats/,24.82,ok,
2026-10-04T22:35:03.831725+05:30,GET,GET /jobs/{id}/,21.18,ok,
2026-10-04T22:35:03.870078+05:30,GET,GET /jobs/{id}/,35.01,ok,
2026-10-04T22:35:03.871398+05:30,POST,POST /jobs/,34.45,ok,
2026-10-04T22:35:03.871591+05:30,GET,GET /jobs/{id}/,27.74,ok,
2026-10-04T22:35:03.877505+05:30,GET,GET /health/,41.71,ok,
2026-10-04T22:35:03.880520+05:30,GET,GET /jobs/{id}/,30.55,ok,
2026-10-04T22:35:03.917941+05:30,GET,GET /jobs/{id}/,32.59,ok,
2026-10-04T22:35:03.926455+05:30,GET,GET /jobs/{id}/,41.66,ok,
2026-10-04T22:35:03.931465+05:30,POST,POST /jobs/,35.04,ok,
2026-10-04T22:35:03.936769+05:30,GET,GET /jobs/{id}/,27.59,ok,
2026-10-04T22:35:03.947073+05:30,POST,POST /jobs/,43.17,ok,
2026-10-04T22:35:03.993023+05:30,GET,GET /health/,20.67,ok,
2026-10-04T22:35:04.007389+05:30,POST,POST /jobs/,24.99,ok,
2026-10-04T22:35:04.021961+05:30,GET,GET /jobs/{id}/,21.59,ok,
2026-10-04T22:35:04.043908+05:30,POST,POST /jobs/,23.15,ok,
2026-10-04T22:35:04.059134+05:30,GET,GET /jobs/stats/,23.58,ok,
2026-10-04T22:35:04.073772+05:30,GET,GET /jobs/{id}/,19.57,ok,
2026-10-04T22:35:04.119251+05:30,GET,GET /jobs/{id}/,23.18,ok,
2026-10-04T22:35:04.132000+05:30,GET,GET /jobs/stats/,28.8,ok,
2026-10-04T22:35:04.134281+05:30,GET,GET /health/,25.4,ok,
