timestamp,method,name,response_time_ms,status,error
2026-10-04T19:20:55.374003+05:30,GET,GET /jobs/stats/,49.56,ok,
2026-10-04T19:20:55.379330+05:30,GET,GET /health/,43.99,ok,
2026-10-04T19:20:55.380092+05:30,GET,GET /jobs/stats/,42.89,ok,
2026-10-04T19:20:55.393522+05:30,GET,GET /health/,55.03,ok,
2026-10-04T19:20:55.396241+05:30,GET,GET /health/,57.17,ok,
2026-10-04T19:20:55.400239+05:30,GET,GET /jobs/stats/,63.57,ok,
2026-10-04T19:20:55.464026+05:30,POST,POST /jobs/,127.91,ok,
2026-10-04T19:20:55.469650+05:30,POST,POST /jobs/,135.12,ok,
2026-10-04T19:20:55.473514+05:30,POST,POST /jobs/,135.56,ok,
2026-10-04T19:20:56.398057+05:30,POST,POST /jobs/,70.64,ok,
2026-10-04T19:20:56.398670+05:30,GET,GET /jobs/stats/,70.88,ok,
2026-10-04T19:20:56.407277+05:30,GET,GET /jobs/stats/,77.17,ok,
2026-10-04T19:20:56.469151+05:30,POST,POST /jobs/,142.7,ok,
2026-10-04T19:20:56.474999+05:30,POST,POST /jobs/,148.06,ok,
2026-10-04T19:20:56.513783+05:30,POST,POST /jobs/,184.06,ok,
2026-10-04T19:20:56.565909+05:30,POST,POST /jobs/,237.09,ok,
2026-10-04T19:20:56.577533+05:30,POST,POST /jobs/,248.21,ok,
2026-10-04T19:20:56.607709+05:30,POST,POST /jobs/,281.91,ok,
2026-10-04T19:20:56.608451+05:30,POST,POST /jobs/,277.76,ok,
2026-10-04T19:20:56.616392+05:30,POST,POST /jobs/,288.04,ok,
2026-10-04T19:20:56.655070+05:30,GET,GET /health/,24.4,ok,
2026-10-04T19:20:56.737858+05:30,POST,POST /jobs/,30.45,ok,
2026-10-04T19:20:56.980838+05:30,GET,GET /jobs/stats/,20.49,ok,
2026-10-04T19:20:57.394211+05:30,GET,GET /health/,45.24,ok,
2026-10-04T19:20:57.462804+05:30,GET,GET /health/,114.28,ok,
2026-10-04T19:20:57.468583+05:30,POST,POST /jobs/,118.74,ok,
2026-10-04T19:20:57.475669+05:30,GET,GET /health/,125.45,ok,
2026-10-04T19:20:57.479147+05:30,GET,GET /health/,127.98,ok,
2026-10-04T19:20:57.494949+05:30,GET,GET /health/,144.28,ok,
2026-10-04T19:20:57.499302+05:30,POST,POST /jobs/,147.64,ok,
2026-10-04T19:20:57.505986+05:30,POST,POST /jobs/,158.67,ok,
2026-10-04T19:20:57.566624+05:30,POST,POST /jobs/,218.45,ok,
2026-10-04T19:20:57.571110+05:30,POST,POST /jobs/,221.72,ok,
2026-10-04T19:20:57.585048+05:30,POST,POST /jobs/,49.39,ok,
2026-10-04T19:20:57.644451+05:30,GET,GET /jobs/stats/,19.02,ok,
2026-10-04T19:20:57.703563+05:30,POST,POST /jobs/,29.78,ok,
2026-10-04T19:20:57.799215+05:30,GET,GET /jobs/{id}/,18.24,ok,
2026-10-04T19:20:57.868650+05:30,GET,GET /health/,22.14,ok,
2026-10-04T19:20:57.904769+05:30,GET,GET /health/,22.85,ok,
2026-10-04T19:20:57.909077+05:30,GET,GET /health/,21.28,ok,
2026-10-04T19:20:57.927977+05:30,GET,GET /jobs/{id}/,17.6,ok,
2026-10-04T19:20:57.979826+05:30,POST,POST /jobs/,21.53,ok,
2026-10-04T19:20:58.017750+05:30,GET,GET /jobs/stats/,20.61,ok,
2026-10-04T19:20:58.025636+05:30,GET,GET /jobs/stats/,24.8,ok,
2026-10-04T19:20:58.039672+05:30,GET,GET /jobs/{id}/,17.6,ok,
2026-10-04T19:20:58.074553+05:30,POST,POST /jobs/,22.55,ok,
2026-10-04T19:20:58.098883+05:30,GET,GET /jobs/{id}/,18.04,ok,
2026-10-04T19:20:58.316774+05:30,POST,POST /jobs/,32.45,ok,
2026-10-04T19:20:58.337700+05:30,POST,POST /jobs/,41.41,ok,
2026-10-04T19:20:58.407141+05:30,GET,GET /health/,76.03,ok,
2026-10-04T19:20:58.409632+05:30,GET,GET /jobs/stats/,92.69,ok,
2026-10-04T19:20:58.427336+05:30,GET,GET /health/,98.84,ok,
2026-10-04T19:20:58.431441+05:30,GET,GET /health/,107.42,ok,
2026-10-04T19:20:58.526946+05:30,GET,GET /health/,193.61,ok,
2026-10-04T19:20:58.530630+05:30,POST,POST /jobs/,201.07,ok,
2026-10-04T19:20:58.600288+05:30,POST,POST /jobs/,233.39,ok,
2026-10-04T19:20:58.600935+05:30,POST,POST /jobs/,268.24,ok,
2026-10-04T19:20:58.602681+05:30,POST,POST /jobs/,270.95,ok,
2026-10-04T19:20:58.640323+05:30,POST,POST /jobs/,276.48,ok,
2026-10-04T19:20:58.698142+05:30,POST,POST /jobs/,364.14,ok,
2026-10-04T19:20:58.800278+05:30,POST,POST /jobs/,392.89,ok,
2026-10-04T19:20:58.801308+05:30,POST,POST /jobs/,471.03,ok,
2026-10-04T19:20:58.808820+05:30,POST,POST /jobs/,220.31,ok,
2026-10-04T19:20:58.815448+05:30,GET,GET /health/,52.7,ok,
2026-10-04T19:20:58.895658+05:30,GET,GET /jobs/{id}/,20.21,ok,
2026-10-04T19:20:59.044221+05:30,GET,GET /jobs/{id}/,19.06,ok,
2026-10-04T19:20:59.071705+05:30,GET,GET /health/,20.19,ok,
2026-10-04T19:20:59.168952+05:30,GET,GET /jobs/{id}/,18.52,ok,
2026-10-04T19:20:59.196574+05:30,POST,POST /jobs/,30.12,ok,
2026-10-04T19:20:59.251541+05:30,GET,GET /health/,21.67,ok,
2026-10-04T19:20:59.267229+05:30,GET,GET /health/,18.38,ok,
2026-10-04T19:20:59.465170+05:30,POST,POST /jobs/,137.05,ok,
2026-10-04T19:20:59.507797+05:30,GET,GET /jobs/{id}/,138.66,ok,
2026-10-04T19:20:59.515182+05:30,POST,POST /jobs/,166.33,ok,
2026-10-04T19:20:59.572236+05:30,POST,POST /jobs/,242.36,ok,
2026-10-04T19:20:59.573166+05:30,GET,GET /jobs/stats/,130.02,ok,
2026-10-04T19:20:59.601693+05:30,GET,GET /health/,214.95,ok,
2026-10-04T19:20:59.602783+05:30,POST,POST /jobs/,193.97,ok,
2026-10-04T19:20:59.608710+05:30,GET,GET /health/,198.9,ok,
2026-10-04T19:20:59.668551+05:30,GET,GET /jobs/stats/,116.85,ok,
2026-10-04T19:20:59.706467+05:30,GET,GET /health/,212.31,ok,
2026-10-04T19:20:59.707209+05:30,POST,POST /jobs/,376.33,ok,
2026-10-04T19:20:59.717215+05:30,POST,POST /jobs/,260.24,ok,
2026-10-04T19:20:59.762571+05:30,GET,GET /jobs/{id}/,195.68,ok,
2026-10-04T19:20:59.773443+05:30,POST,POST /jobs/,442.08,ok,
2026-10-04T19:20:59.799553+05:30,POST,POST /jobs/,470.11,ok,
2026-10-04T19:20:59.822972+05:30,POST,POST /jobs/,494.07,ok,
2026-10-04T19:20:59.862928+05:30,GET,GET /jobs/stats/,67.01,ok,
2026-10-04T19:20:59.865393+05:30,POST,POST /jobs/,383.36,ok,
2026-10-04T19:20:59.878738+05:30,POST,POST /jobs/,493.95,ok,
2026-10-04T19:20:59.879869+05:30,GET,GET /jobs/stats/,218.93,ok,
2026-10-04T19:20:59.909088+05:30,GET,GET /jobs/stats/,198.67,ok,
2026-10-04T19:20:59.918875+05:30,GET,GET /jobs/{id}/,50.73,ok,
2026-10-04T19:20:59.921059+05:30,POST,POST /jobs/,589.29,ok,
2026-10-04T19:20:59.980687+05:30,POST,POST /jobs/,56.83,ok,
2026-10-04T19:20:59.994161+05:30,POST,POST /jobs/,82.19,ok,
2026-10-04T19:20:59.995336+05:30,GET,GET /jobs/{id}/,104.94,ok,
2026-10-04T19:20:59.999573+05:30,POST,POST /jobs/,669.25,ok,
2026-10-04T19:21:00.005206+05:30,POST,POST /jobs/,379.99,ok,
2026-10-04T19:21:00.015079+05:30,GET,GET /jobs/{id}/,64.72,ok,
2026-10-04T19:21:00.074122+05:30,POST,POST /jobs/,433.0,ok,
2026-10-04T19:21:00.097589+05:30,GET,GET /jobs/{id}/,95.56,ok,
2026-10-04T19:21:00.116264+05:30,GET,GET /health/,86.15,ok,
2026-10-04T19:21:00.161849+05:30,GET,GET /jobs/stats/,86.29,ok,
2026-10-04T19:21:00.171313+05:30,POST,POST /jobs/,154.75,ok,
2026-10-04T19:21:00.178802+05:30,GET,GET /health/,60.77,ok,
2026-10-04T19:21:00.221788+05:30,POST,POST /jobs/,22.68,ok,
2026-10-04T19:21:00.230905+05:30,GET,GET /health/,22.59,ok,
2026-10-04T19:21:00.318934+05:30,GET,GET /health/,20.33,ok,
2026-10-04T19:21:00.329473+05:30,GET,GET /jobs/{id}/,19.2,ok,
2026-10-04T19:21:00.424600+05:30,POST,POST /jobs/,28.6,ok,
2026-10-04T19:21:00.433538+05:30,POST,POST /jobs/,32.34,ok,
2026-10-04T19:21:00.443107+05:30,POST,POST /jobs/,55.3,ok,
2026-10-04T19:21:00.448070+05:30,GET,GET /jobs/stats/,30.22,ok,
2026-10-04T19:21:00.499197+05:30,POST,POST /jobs/,94.04,ok,
2026-10-04T19:21:00.518214+05:30,GET,GET /jobs/stats/,56.93,ok,
2026-10-04T19:21:00.519072+05:30,GET,GET /health/,18.58,ok,
2026-10-04T19:21:00.548268+05:30,POST,POST /jobs/,36.79,ok,
2026-10-04T19:21:00.555425+05:30,GET,GET /jobs/{id}/,19.99,ok,
2026-10-04T19:21:00.593844+05:30,POST,POST /jobs/,52.05,ok,
2026-10-04T19:21:00.855557+05:30,GET,GET /jobs/stats/,22.1,ok,
2026-10-04T19:21:00.882990+05:30,POST,POST /jobs/,21.11,ok,
2026-10-04T19:21:00.885131+05:30,GET,GET /jobs/{id}/,18.2,ok,
2026-10-04T19:21:00.978308+05:30,POST,POST /jobs/,38.67,ok,
2026-10-04T19:21:00.989038+05:30,GET,GET /jobs/{id}/,33.61,ok,
2026-10-04T19:21:00.989667+05:30,GET,GET /jobs/{id}/,27.08,ok,
2026-10-04T19:21:01.007103+05:30,POST,POST /jobs/,60.14,ok,
2026-10-04T19:21:01.023428+05:30,GET,GET /jobs/stats/,29.51,ok,
2026-10-04T19:21:01.063113+05:30,POST,POST /jobs/,55.73,ok,
2026-10-04T19:21:01.071829+05:30,POST,POST /jobs/,43.07,ok,
2026-10-04T19:21:01.079026+05:30,GET,GET /jobs/{id}/,21.24,ok,
2026-10-04T19:21:01.260946+05:30,GET,GET /jobs/{id}/,29.12,ok,
2026-10-04T19:21:01.286019+05:30,GET,GET /health/,45.81,ok,
2026-10-04T19:21:01.286717+05:30,POST,POST /jobs/,60.37,ok,
2026-10-04T19:21:01.348958+05:30,GET,GET /jobs/stats/,25.75,ok,
2026-10-04T19:21:01.361471+05:30,GET,GET /health/,24.31,ok,
2026-10-04T19:21:01.400660+05:30,POST,POST /jobs/,40.6,ok,
2026-10-04T19:21:01.466158+05:30,POST,POST /jobs/,33.43,ok,
2026-10-04T19:21:01.513003+05:30,GET,GET /jobs/{id}/,33.39,ok,
2026-10-04T19:21:01.513515+05:30,POST,POST /jobs/,46.0,ok,
2026-10-04T19:21:01.533103+05:30,GET,GET /jobs/{id}/,33.6,ok,
2026-10-04T19:21:01.600106+05:30,GET,GET /jobs/{id}/,64.62,ok,
2026-10-04T19:21:01.604217+05:30,POST,POST /jobs/,85.25,ok,
2026-10-04T19:21:01.628818+05:30,POST,POST /jobs/,97.43,ok,
2026-10-04T19:21:01.636861+05:30,POST,POST /jobs/,52.75,ok,
2026-10-04T19:21:01.674279+05:30,GET,GET /jobs/{id}/,52.92,ok,
2026-10-04T19:21:01.704966+05:30,POST,POST /jobs/,161.86,ok,
2026-10-04T19:21:01.730780+05:30,GET,GET /jobs/{id}/,103.64,ok,
2026-10-04T19:21:01.731634+05:30,POST,POST /jobs/,62.08,ok,
2026-10-04T19:21:01.737518+05:30,GET,GET /jobs/{id}/,61.81,ok,
2026-10-04T19:21:01.794188+05:30,POST,POST /jobs/,103.94,ok,
2026-10-04T19:21:01.805451+05:30,GET,GET /jobs/{id}/,67.71,ok,
2026-10-04T19:21:01.806524+05:30,POST,POST /jobs/,90.76,ok,
2026-10-04T19:21:01.839255+05:30,GET,GET /health/,30.51,ok,
2026-10-04T19:21:01.851834+05:30,POST,POST /jobs/,40.4,ok,
2026-10-04T19:21:01.943539+05:30,POST,POST /jobs/,53.62,ok,
2026-10-04T19:21:02.087229+05:30,GET,GET /health/,153.19,ok,
2026-10-04T19:21:02.102536+05:30,POST,POST /jobs/,148.98,ok,
2026-10-04T19:21:02.104613+05:30,POST,POST /jobs/,114.38,ok,
2026-10-04T19:21:02.116815+05:30,GET,GET /health/,150.97,ok,
2026-10-04T19:21:02.145452+05:30,GET,GET /jobs/stats/,93.82,ok,
2026-10-04T19:21:02.172192+05:30,GET,GET /jobs/{id}/,102.97,ok,
2026-10-04T19:21:02.208838+05:30,GET,GET /health/,203.06,ok,
2026-10-04T19:21:02.215982+05:30,GET,GET /jobs/stats/,74.51,ok,
2026-10-04T19:21:02.220891+05:30,POST,POST /jobs/,306.49,ok,
2026-10-04T19:21:02.303669+05:30,GET,GET /health/,146.66,ok,
2026-10-04T19:21:02.361681+05:30,POST,POST /jobs/,434.33,ok,
2026-10-04T19:21:02.368774+05:30,POST,POST /jobs/,127.96,ok,
2026-10-04T19:21:02.398317+05:30,GET,GET /jobs/stats/,159.53,ok,
2026-10-04T19:21:02.399785+05:30,POST,POST /jobs/,430.76,ok,
2026-10-04T19:21:02.407309+05:30,POST,POST /jobs/,113.03,ok,
2026-10-04T19:21:02.473463+05:30,POST,POST /jobs/,499.5,ok,
2026-10-04T19:21:02.500866+05:30,POST,POST /jobs/,393.8,ok,
2026-10-04T19:21:02.508794+05:30,GET,GET /health/,219.62,ok,
2026-10-04T19:21:02.521366+05:30,POST,POST /jobs/,122.8,ok,
2026-10-04T19:21:02.563970+05:30,GET,GET /jobs/stats/,138.93,ok,
2026-10-04T19:21:02.566569+05:30,GET,GET /health/,283.35,ok,
2026-10-04T19:21:02.594933+05:30,GET,GET /jobs/{id}/,160.3,ok,
2026-10-04T19:21:02.595671+05:30,GET,GET /health/,134.57,ok,
2026-10-04T19:21:02.600513+05:30,GET,GET /health/,110.73,ok,
2026-10-04T19:21:02.604987+05:30,POST,POST /jobs/,326.77,ok,
2026-10-04T19:21:02.605340+05:30,GET,GET /health/,230.25,ok,
2026-10-04T19:21:02.619696+05:30,GET,GET /health/,57.35,ok,
2026-10-04T19:21:02.620194+05:30,GET,GET /jobs/{id}/,62.84,ok,
2026-10-04T19:21:02.761034+05:30,GET,GET /jobs/stats/,125.42,ok,
2026-10-04T19:21:02.768334+05:30,POST,POST /jobs/,410.2,ok,
2026-10-04T19:21:02.799271+05:30,POST,POST /jobs/,135.69,ok,
2026-10-04T19:21:02.799687+05:30,GET,GET /jobs/{id}/,117.65,ok,
2026-10-04T19:21:02.803492+05:30,POST,POST /jobs/,583.56,ok,
2026-10-04T19:21:02.806076+05:30,GET,GET /jobs/{id}/,91.19,ok,
2026-10-04T19:21:02.809899+05:30,POST,POST /jobs/,393.23,ok,
2026-10-04T19:21:02.861093+05:30,GET,GET /health/,113.27,ok,
2026-10-04T19:21:02.861445+05:30,GET,GET /jobs/{id}/,111.58,ok,
2026-10-04T19:21:02.881429+05:30,POST,POST /jobs/,293.01,ok,
2026-10-04T19:21:02.908755+05:30,POST,POST /jobs/,339.43,ok,
2026-10-04T19:21:02.911155+05:30,GET,GET /jobs/stats/,59.89,ok,
2026-10-04T19:21:02.915738+05:30,GET,GET /jobs/{id}/,21.72,ok,
2026-10-04T19:21:02.917362+05:30,GET,GET /jobs/stats/,46.65,ok,
2026-10-04T19:21:02.921705+05:30,POST,POST /jobs/,33.97,ok,
2026-10-04T19:21:02.987377+05:30,GET,GET /jobs/stats/,46.37,ok,
2026-10-04T19:21:02.989892+05:30,POST,POST /jobs/,33.89,ok,
2026-10-04T19:21:02.993814+05:30,GET,GET /health/,29.62,ok,
2026-10-04T19:21:02.998254+05:30,POST,POST /jobs/,30.72,ok,
2026-10-04T19:21:03.030825+05:30,POST,POST /jobs/,28.24,ok,
2026-10-04T19:21:03.033828+05:30,GET,GET /jobs/stats/,27.23,ok,
2026-10-04T19:21:03.041276+05:30,GET,GET /jobs/{id}/,19.64,ok,
2026-10-04T19:21:03.050776+05:30,POST,POST /jobs/,21.95,ok,
2026-10-04T19:21:03.136226+05:30,POST,POST /jobs/,27.95,ok,
2026-10-04T19:21:03.183355+05:30,GET,GET /health/,25.83,ok,
2026-10-04T19:21:03.198861+05:30,GET,GET /jobs/{id}/,29.27,ok,
2026-10-04T19:21:03.214621+05:30,POST,POST /jobs/,30.0,ok,
2026-10-04T19:21:03.215460+05:30,POST,POST /jobs/,38.16,ok,
2026-10-04T19:21:03.234248+05:30,GET,GET /jobs/{id}/,42.52,ok,
2026-10-04T19:21:03.268655+05:30,GET,GET /jobs/{id}/,20.04,ok,
2026-10-04T19:21:03.280786+05:30,POST,POST /jobs/,26.13,ok,
2026-10-04T19:21:03.360553+05:30,GET,GET /jobs/{id}/,25.2,ok,
2026-10-04T19:21:03.364695+05:30,POST,POST /jobs/,22.23,ok,
2026-10-04T19:21:03.499537+05:30,POST,POST /jobs/,22.45,ok,
2026-10-04T19:21:03.522025+05:30,GET,GET /jobs/{id}/,18.18,ok,
2026-10-04T19:21:03.573758+05:30,POST,POST /jobs/,24.4,ok,
2026-10-04T19:21:03.574187+05:30,POST,POST /jobs/,24.29,ok,
2026-10-04T19:21:03.648418+05:30,GET,GET /jobs/{id}/,25.0,ok,
2026-10-04T19:21:03.652366+05:30,GET,GET /jobs/stats/,28.08,ok,
2026-10-04T19:21:03.652985+05:30,POST,POST /jobs/,46.53,ok,
2026-10-04T19:21:03.672542+05:30,POST,POST /jobs/,36.13,ok,
2026-10-04T19:21:03.693918+05:30,POST,POST /jobs/,49.04,ok,
2026-10-04T19:21:03.756275+05:30,GET,GET /health/,19.74,ok,
2026-10-04T19:21:03.787643+05:30,GET,GET /health/,18.01,ok,
2026-10-04T19:21:03.832690+05:30,GET,GET /health/,29.65,ok,
2026-10-04T19:21:03.835170+05:30,POST,POST /jobs/,37.2,ok,
2026-10-04T19:21:03.837506+05:30,GET,GET /jobs/{id}/,21.37,ok,
2026-10-04T19:21:03.920316+05:30,POST,POST /jobs/,22.48,ok,
2026-10-04T19:21:03.928818+05:30,GET,GET /health/,30.42,ok,
2026-10-04T19:21:03.948362+05:30,GET,GET /jobs/{id}/,19.35,ok,
2026-10-04T19:21:03.960120+05:30,POST,POST /jobs/,36.4,ok,
2026-10-04T19:21:04.012234+05:30,GET,GET /jobs/{id}/,42.77,ok,
2026-10-04T19:21:04.013044+05:30,GET,GET /jobs/{id}/,41.57,ok,
2026-10-04T19:21:04.014533+05:30,GET,GET /jobs/{id}/,42.55,ok,
2026-10-04T19:21:04.104244+05:30,GET,GET /jobs/stats/,60.35,ok,
2026-10-04T19:21:04.109277+05:30,GET,GET /jobs/stats/,68.6,ok,
2026-10-04T19:21:04.113377+05:30,GET,GET /jobs/stats/,74.54,ok,
2026-10-04T19:21:04.114058+05:30,POST,POST /jobs/,93.25,ok,
2026-10-04T19:21:04.117227+05:30,GET,GET /jobs/stats/,68.09,ok,
2026-10-04T19:21:04.117859+05:30,GET,GET /jobs/stats/,29.22,ok,
2026-10-04T19:21:04.118313+05:30,POST,POST /jobs/,78.3,ok,
2026-10-04T19:21:04.118648+05:30,POST,POST /jobs/,67.35,ok,
2026-10-04T19:21:04.225816+05:30,GET,GET /jobs/{id}/,21.53,ok,
2026-10-04T19:21:04.240904+05:30,GET,GET /jobs/stats/,21.53,ok,
2026-10-04T19:21:04.282162+05:30,GET,GET /jobs/stats/,22.8,ok,
2026-10-04T19:21:04.289356+05:30,GET,GET /jobs/stats/,23.97,ok,
2026-10-04T19:21:04.303043+05:30,POST,POST /jobs/,25.09,ok,
2026-10-04T19:21:04.344174+05:30,GET,GET /jobs/{id}/,18.77,ok,
2026-10-04T19:21:04.362158+05:30,GET,GET /jobs/{id}/,19.51,ok,
2026-10-04T19:21:04.399092+05:30,GET,GET /jobs/{id}/,18.53,ok,
2026-10-04T19:21:04.430275+05:30,POST,POST /jobs/,22.88,ok,
2026-10-04T19:21:04.443585+05:30,GET,GET /jobs/{id}/,20.11,ok,
2026-10-04T19:21:04.465081+05:30,GET,GET /health/,27.29,ok,
2026-10-04T19:21:04.473160+05:30,GET,GET /jobs/stats/,21.29,ok,
2026-10-04T19:21:04.501168+05:30,GET,GET /health/,23.74,ok,
2026-10-04T19:21:04.513911+05:30,GET,GET /jobs/stats/,21.52,ok,
2026-10-04T19:21:04.522240+05:30,GET,GET /jobs/{id}/,19.73,ok,
2026-10-04T19:21:04.548006+05:30,POST,POST /jobs/,21.48,ok,
2026-10-04T19:21:04.564112+05:30,GET,GET /health/,23.48,ok,
2026-10-04T19:21:04.571394+05:30,GET,GET /health/,23.14,ok,
2026-10-04T19:21:04.603195+05:30,GET,GET /health/,22.53,ok,
2026-10-04T19:21:04.606037+05:30,GET,GET /jobs/{id}/,18.32,ok,
2026-10-04T19:21:04.609940+05:30,GET,GET /jobs/stats/,21.3,ok,
2026-10-04T19:21:04.661976+05:30,GET,GET /health/,20.77,ok,
2026-10-04T19:21:04.750541+05:30,GET,GET /health/,21.23,ok,
2026-10-04T19:21:04.756484+05:30,GET,GET /jobs/stats/,19.22,ok,
2026-10-04T19:21:04.799867+05:30,GET,GET /jobs/{id}/,19.06,ok,
2026-10-04T19:21:04.807798+05:30,GET,GET /jobs/stats/,21.01,ok,
2026-10-04T19:21:04.813149+05:30,GET,GET /health/,23.37,ok,
2026-10-04T19:21:04.877420+05:30,POST,POST /jobs/,44.88,ok,
2026-10-04T19:21:04.884931+05:30,GET,GET /health/,43.39,ok,
2026-10-04T19:21:04.885470+05:30,GET,GET /health/,36.98,ok,
2026-10-04T19:21:04.894212+05:30,GET,GET /jobs/stats/,25.93,ok,
2026-10-04T19:21:04.894639+05:30,GET,GET /jobs/{id}/,36.09,ok,
2026-10-04T19:21:04.938176+05:30,GET,GET /jobs/{id}/,18.27,ok,
2026-10-04T19:21:04.967677+05:30,GET,GET /jobs/{id}/,23.02,ok,
2026-10-04T19:21:04.973355+05:30,GET,GET /jobs/stats/,27.96,ok,
2026-10-04T19:21:04.973913+05:30,GET,GET /health/,24.29,ok,
2026-10-04T19:21:05.018609+05:30,GET,GET /health/,18.43,ok,
2026-10-04T19:21:05.093885+05:30,GET,GET /health/,18.97,ok,
2026-10-04T19:21:05.147098+05:30,GET,GET /jobs/{id}/,17.9,ok,
2026-10-04T19:21:05.252370+05:30,GET,GET /jobs/stats/,19.41,ok,
2026-10-04T19:21:05.347910+05:30,POST,POST /jobs/,22.21,ok,
2026-10-04T19:21:05.356587+05:30,GET,GET /jobs/{id}/,18.84,ok,
2026-10-04T19:21:05.406184+05:30,GET,GET /health/,20.15,ok,
2026-10-04T19:21:05.440271+05:30,POST,POST /jobs/,20.79,ok,
2026-10-04T19:21:05.471786+05:30,POST,POST /jobs/,22.19,ok,
2026-10-04T19:21:05.526050+05:30,POST,POST /jobs/,23.93,ok,
2026-10-04T19:21:05.550193+05:30,GET,GET /jobs/{id}/,22.8,ok,
2026-10-04T19:21:05.552315+05:30,POST,POST /jobs/,34.14,ok,
2026-10-04T19:21:05.590302+05:30,POST,POST /jobs/,23.61,ok,
2026-10-04T19:21:05.590743+05:30,GET,GET /jobs/{id}/,20.98,ok,
2026-10-04T19:21:05.594670+05:30,GET,GET /jobs/stats/,21.93,ok,
2026-10-04T19:21:05.603783+05:30,POST,POST /jobs/,25.1,ok,
2026-10-04T19:21:05.647718+05:30,GET,GET /health/,23.65,ok,
2026-10-04T19:21:05.660785+05:30,POST,POST /jobs/,25.94,ok,
2026-10-04T19:21:05.667573+05:30,GET,GET /health/,29.66,ok,
2026-10-04T19:21:05.693157+05:30,GET,GET /health/,20.31,ok,
2026-10-04T19:21:05.762998+05:30,GET,GET /jobs/{id}/,18.45,ok,
2026-10-04T19:21:05.793265+05:30,GET,GET /jobs/{id}/,20.93,ok,
2026-10-04T19:21:05.794590+05:30,GET,GET /jobs/stats/,24.34,ok,
2026-10-04T19:21:05.799747+05:30,GET,GET /jobs/stats/,21.2,ok,
2026-10-04T19:21:05.822535+05:30,POST,POST /jobs/,29.11,ok,
2026-10-04T19:21:05.862316+05:30,GET,GET /jobs/stats/,29.94,ok,
2026-10-04T19:21:05.865149+05:30,POST,POST /jobs/,33.29,ok,
2026-10-04T19:21:05.881647+05:30,POST,POST /jobs/,32.94,ok,
2026-10-04T19:21:05.893927+05:30,GET,GET /jobs/stats/,40.03,ok,
2026-10-04T19:21:05.894678+05:30,GET,GET /health/,39.56,ok,
2026-10-04T19:21:05.896484+05:30,GET,GET /jobs/stats/,23.84,ok,
2026-10-04T19:21:05.982086+05:30,POST,POST /jobs/,26.3,ok,
2026-10-04T19:21:06.163460+05:30,GET,GET /jobs/{id}/,94.18,ok,
2026-10-04T19:21:06.164120+05:30,POST,POST /jobs/,102.24,ok,
2026-10-04T19:21:06.168568+05:30,GET,GET /jobs/{id}/,71.67,ok,
2026-10-04T19:21:06.169126+05:30,POST,POST /jobs/,168.09,ok,
2026-10-04T19:21:06.175620+05:30,GET,GET /jobs/{id}/,166.19,ok,
2026-10-04T19:21:06.177001+05:30,GET,GET /jobs/stats/,94.45,ok,
2026-10-04T19:21:06.200263+05:30,POST,POST /jobs/,24.46,ok,
2026-10-04T19:21:06.207168+05:30,GET,GET /health/,19.58,ok,
2026-10-04T19:21:06.224803+05:30,GET,GET /jobs/{id}/,21.23,ok,
2026-10-04T19:21:06.234750+05:30,GET,GET /jobs/stats/,19.19,ok,
2026-10-04T19:21:06.279291+05:30,POST,POST /jobs/,23.17,ok,
2026-10-04T19:21:06.328807+05:30,POST,POST /jobs/,24.13,ok,
2026-10-04T19:21:06.345914+05:30,POST,POST /jobs/,22.81,ok,
2026-10-04T19:21:06.384874+05:30,GET,GET /jobs/{id}/,18.62,ok,
2026-10-04T19:21:06.484716+05:30,GET,GET /jobs/{id}/,20.12,ok,
2026-10-04T19:21:06.485180+05:30,GET,GET /jobs/stats/,23.82,ok,
2026-10-04T19:21:06.547100+05:30,GET,GET /jobs/{id}/,18.47,ok,
2026-10-04T19:21:06.563243+05:30,GET,GET /health/,20.62,ok,
2026-10-04T19:21:06.582701+05:30,GET,GET /jobs/{id}/,19.28,ok,
2026-10-04T19:21:06.588833+05:30,GET,GET /health/,23.59,ok,
2026-10-04T19:21:06.606735+05:30,POST,POST /jobs/,22.73,ok,
2026-10-04T19:21:06.634461+05:30,POST,POST /jobs/,34.29,ok,
2026-10-04T19:21:06.662846+05:30,POST,POST /jobs/,40.75,ok,
2026-10-04T19:21:06.672742+05:30,GET,GET /jobs/{id}/,30.64,ok,
2026-10-04T19:21:06.683638+05:30,POST,POST /jobs/,27.75,ok,
2026-10-04T19:21:06.695107+05:30,GET,GET /jobs/{id}/,18.05,ok,
2026-10-04T19:21:06.805658+05:30,GET,GET /jobs/{id}/,19.2,ok,
2026-10-04T19:21:06.809442+05:30,GET,GET /jobs/{id}/,19.98,ok,
2026-10-04T19:21:06.843899+05:30,GET,GET /jobs/{id}/,18.17,ok,
2026-10-04T19:21:06.852563+05:30,GET,GET /jobs/stats/,19.7,ok,
2026-10-04T19:21:06.882851+05:30,POST,POST /jobs/,23.96,ok,
2026-10-04T19:21:06.884844+05:30,GET,GET /jobs/stats/,25.39,ok,
2026-10-04T19:21:06.920286+05:30,POST,POST /jobs/,23.15,ok,
2026-10-04T19:21:06.924088+05:30,GET,GET /jobs/stats/,24.98,ok,
2026-10-04T19:21:06.926296+05:30,GET,GET /jobs/{id}/,25.15,ok,
2026-10-04T19:21:06.943807+05:30,GET,GET /health/,21.0,ok,
2026-10-04T19:21:07.009142+05:30,GET,GET /jobs/{id}/,20.99,ok,
2026-10-04T19:21:07.009744+05:30,GET,GET /jobs/{id}/,21.03,ok,
2026-10-04T19:21:07.017464+05:30,GET,GET /jobs/{id}/,20.61,ok,
2026-10-04T19:21:07.048526+05:30,GET,GET /jobs/{id}/,18.53,ok,
2026-10-04T19:21:07.156819+05:30,GET,GET /jobs/stats/,18.96,ok,
2026-10-04T19:21:07.200111+05:30,POST,POST /jobs/,41.0,ok,
2026-10-04T19:21:07.264631+05:30,GET,GET /health/,18.83,ok,
2026-10-04T19:21:07.283527+05:30,POST,POST /jobs/,24.69,ok,
2026-10-04T19:21:07.283958+05:30,GET,GET /jobs/stats/,20.92,ok,
2026-10-04T19:21:07.295567+05:30,GET,GET /jobs/{id}/,22.63,ok,
2026-10-04T19:21:07.316112+05:30,GET,GET /jobs/{id}/,21.86,ok,
2026-10-04T19:21:07.330625+05:30,GET,GET /jobs/stats/,20.52,ok,
2026-10-04T19:21:07.369925+05:30,GET,GET /jobs/stats/,20.01,ok,
2026-10-04T19:21:07.387850+05:30,POST,POST /jobs/,24.91,ok,
2026-10-04T19:21:07.407721+05:30,GET,GET /jobs/stats/,26.49,ok,
2026-10-04T19:21:07.425867+05:30,GET,GET /health/,31.01,ok,
2026-10-04T19:21:07.429739+05:30,GET,GET /health/,38.64,ok,
2026-10-04T19:21:07.430560+05:30,POST,POST /jobs/,38.95,ok,
2026-10-04T19:21:07.432992+05:30,POST,POST /jobs/,34.8,ok,
2026-10-04T19:21:07.441789+05:30,POST,POST /jobs/,26.78,ok,
2026-10-04T19:21:07.501397+05:30,GET,GET /jobs/{id}/,19.3,ok,
2026-10-04T19:21:07.514104+05:30,GET,GET /jobs/{id}/,17.99,ok,
2026-10-04T19:21:07.541108+05:30,POST,POST /jobs/,22.63,ok,
2026-10-04T19:21:07.545075+05:30,POST,POST /jobs/,25.71,ok,
2026-10-04T19:21:07.550980+05:30,POST,POST /jobs/,24.6,ok,
2026-10-04T19:21:07.603889+05:30,GET,GET /jobs/{id}/,18.84,ok,
2026-10-04T19:21:07.604703+05:30,GET,GET /health/,20.2,ok,
2026-10-04T19:21:07.612271+05:30,GET,GET /jobs/{id}/,20.53,ok,
2026-10-04T19:21:07.614248+05:30,POST,POST /jobs/,23.06,ok,
2026-10-04T19:21:07.711418+05:30,POST,POST /jobs/,22.69,ok,
2026-10-04T19:21:07.752937+05:30,GET,GET /jobs/{id}/,18.19,ok,
2026-10-04T19:21:07.988086+05:30,POST,POST /jobs/,22.21,ok,
2026-10-04T19:21:08.141350+05:30,GET,GET /health/,18.89,ok,
2026-10-04T19:21:08.154623+05:30,GET,GET /jobs/stats/,19.19,ok,
2026-10-04T19:21:08.194675+05:30,GET,GET /jobs/{id}/,17.75,ok,
2026-10-04T19:21:08.225702+05:30,GET,GET /jobs/{id}/,23.67,ok,
2026-10-04T19:21:08.232855+05:30,POST,POST /jobs/,26.59,ok,
2026-10-04T19:21:08.296664+05:30,POST,POST /jobs/,30.26,ok,
2026-10-04T19:21:08.336269+05:30,GET,GET /jobs/{id}/,18.27,ok,
2026-10-04T19:21:08.397127+05:30,GET,GET /jobs/{id}/,19.36,ok,
2026-10-04T19:21:08.469942+05:30,GET,GET /jobs/{id}/,19.88,ok,
2026-10-04T19:21:08.480710+05:30,GET,GET /jobs/{id}/,19.6,ok,
2026-10-04T19:21:08.484585+05:30,POST,POST /jobs/,22.93,ok,
2026-10-04T19:21:08.492009+05:30,GET,GET /jobs/{id}/,18.77,ok,
2026-10-04T19:21:08.510634+05:30,GET,GET /jobs/{id}/,23.61,ok,
2026-10-04T19:21:08.518046+05:30,GET,GET /jobs/{id}/,18.82,ok,
2026-10-04T19:21:08.519433+05:30,GET,GET /health/,26.14,ok,
2026-10-04T19:21:08.528157+05:30,GET,GET /jobs/{id}/,24.87,ok,
2026-10-04T19:21:08.537286+05:30,GET,GET /health/,27.84,ok,
2026-10-04T19:21:08.550369+05:30,GET,GET /jobs/stats/,18.96,ok,
2026-10-04T19:21:08.583575+05:30,GET,GET /health/,33.07,ok,
2026-10-04T19:21:08.602525+05:30,POST,POST /jobs/,66.52,ok,
2026-10-04T19:21:08.603698+05:30,GET,GET /jobs/stats/,38.31,ok,
2026-10-04T19:21:08.605832+05:30,GET,GET /jobs/{id}/,26.22,ok,
2026-10-04T19:21:08.614621+05:30,GET,GET /jobs/{id}/,32.0,ok,
2026-10-04T19:21:08.618534+05:30,GET,GET /jobs/{id}/,38.14,ok,
2026-10-04T19:21:08.686988+05:30,POST,POST /jobs/,33.94,ok,
2026-10-04T19:21:08.700980+05:30,GET,GET /jobs/stats/,21.66,ok,
2026-10-04T19:21:08.717992+05:30,GET,GET /jobs/{id}/,18.68,ok,
2026-10-04T19:21:08.734707+05:30,POST,POST /jobs/,24.43,ok,
2026-10-04T19:21:08.746693+05:30,POST,POST /jobs/,22.37,ok,
2026-10-04T19:21:08.753018+05:30,GET,GET /health/,21.97,ok,
2026-10-04T19:21:08.771884+05:30,POST,POST /jobs/,22.9,ok,
2026-10-04T19:21:08.794747+05:30,POST,POST /jobs/,24.51,ok,
2026-10-04T19:21:08.815860+05:30,GET,GET /jobs/{id}/,19.85,ok,
2026-10-04T19:21:08.822430+05:30,POST,POST /jobs/,37.93,ok,
2026-10-04T19:21:08.839402+05:30,POST,POST /jobs/,25.24,ok,
2026-10-04T19:21:08.862800+05:30,POST,POST /jobs/,39.08,ok,
2026-10-04T19:21:08.863284+05:30,GET,GET /jobs/{id}/,37.61,ok,
2026-10-04T19:21:08.874972+05:30,POST,POST /jobs/,37.01,ok,
2026-10-04T19:21:08.895664+05:30,POST,POST /jobs/,27.13,ok,
2026-10-04T19:21:08.926553+05:30,POST,POST /jobs/,50.32,ok,
2026-10-04T19:21:08.936795+05:30,GET,GET /health/,24.55,ok,
2026-10-04T19:21:08.939245+05:30,GET,GET /jobs/{id}/,26.16,ok,
2026-10-04T19:21:08.967023+05:30,GET,GET /jobs/{id}/,45.55,ok,
2026-10-04T19:21:09.000813+05:30,GET,GET /health/,70.69,ok,
2026-10-04T19:21:09.002813+05:30,POST,POST /jobs/,77.39,ok,
2026-10-04T19:21:09.007807+05:30,GET,GET /health/,56.03,ok,
2026-10-04T19:21:09.014428+05:30,GET,GET /health/,55.56,ok,
2026-10-04T19:21:09.016889+05:30,POST,POST /jobs/,72.27,ok,
2026-10-04T19:21:09.024674+05:30,POST,POST /jobs/,55.35,ok,
2026-10-04T19:21:09.062337+05:30,POST,POST /jobs/,78.77,ok,
2026-10-04T19:21:09.164325+05:30,GET,GET /jobs/{id}/,20.48,ok,
2026-10-04T19:21:09.172798+05:30,GET,GET /jobs/stats/,18.86,ok,
2026-10-04T19:21:09.244646+05:30,GET,GET /jobs/stats/,22.95,ok,
2026-10-04T19:21:09.252051+05:30,GET,GET /jobs/stats/,18.94,ok,
2026-10-04T19:21:09.322324+05:30,GET,GET /jobs/{id}/,17.93,ok,
2026-10-04T19:21:09.386626+05:30,GET,GET /jobs/{id}/,17.99,ok,
2026-10-04T19:21:09.408060+05:30,GET,GET /jobs/{id}/,20.14,ok,
2026-10-04T19:21:09.489154+05:30,POST,POST /jobs/,20.56,ok,
2026-10-04T19:21:09.541690+05:30,POST,POST /jobs/,23.21,ok,
2026-10-04T19:21:09.583805+05:30,POST,POST /jobs/,21.79,ok,
2026-10-04T19:21:09.612078+05:30,POST,POST /jobs/,24.99,ok,
2026-10-04T19:21:09.623951+05:30,GET,GET /jobs/{id}/,21.26,ok,
2026-10-04T19:21:09.624500+05:30,GET,GET /jobs/stats/,22.39,ok,
2026-10-04T19:21:09.652691+05:30,GET,GET /jobs/stats/,18.94,ok,
2026-10-04T19:21:09.699574+05:30,POST,POST /jobs/,20.52,ok,
2026-10-04T19:21:09.732918+05:30,POST,POST /jobs/,20.89,ok,
2026-10-04T19:21:09.792709+05:30,GET,GET /jobs/{id}/,20.45,ok,
2026-10-04T19:21:09.862544+05:30,POST,POST /jobs/,27.53,ok,
2026-10-04T19:21:09.953145+05:30,GET,GET /jobs/{id}/,18.08,ok,
2026-10-04T19:21:09.980495+05:30,POST,POST /jobs/,21.01,ok,
2026-10-04T19:21:10.008459+05:30,POST,POST /jobs/,27.72,ok,
2026-10-04T19:21:10.014893+05:30,GET,GET /jobs/stats/,22.24,ok,
2026-10-04T19:21:10.037695+05:30,POST,POST /jobs/,38.01,ok,
2026-10-04T19:21:10.053492+05:30,GET,GET /health/,35.32,ok,
2026-10-04T19:21:10.067080+05:30,GET,GET /jobs/{id}/,27.06,ok,
2026-10-04T19:21:10.077231+05:30,POST,POST /jobs/,32.52,ok,
2026-10-04T19:21:10.078672+05:30,POST,POST /jobs/,27.77,ok,
2026-10-04T19:21:10.127175+05:30,GET,GET /jobs/stats/,19.99,ok,
2026-10-04T19:21:10.157724+05:30,GET,GET /health/,18.09,ok,
2026-10-04T19:21:10.160839+05:30,GET,GET /jobs/{id}/,18.1,ok,
2026-10-04T19:21:10.181798+05:30,GET,GET /jobs/stats/,18.73,ok,
2026-10-04T19:21:10.269772+05:30,GET,GET /jobs/{id}/,23.47,ok,
2026-10-04T19:21:10.282771+05:30,GET,GET /jobs/stats/,20.44,ok,
2026-10-04T19:21:10.297661+05:30,POST,POST /jobs/,24.6,ok,
2026-10-04T19:21:10.333037+05:30,POST,POST /jobs/,24.41,ok,
2026-10-04T19:21:10.333999+05:30,POST,POST /jobs/,26.02,ok,
2026-10-04T19:21:10.377923+05:30,POST,POST /jobs/,24.63,ok,
2026-10-04T19:21:10.386775+05:30,GET,GET /jobs/stats/,20.4,ok,
2026-10-04T19:21:10.409342+05:30,POST,POST /jobs/,21.27,ok,
2026-10-04T19:21:10.470971+05:30,POST,POST /jobs/,22.29,ok,
2026-10-04T19:21:10.492983+05:30,POST,POST /jobs/,23.29,ok,
2026-10-04T19:21:10.545647+05:30,GET,GET /jobs/{id}/,18.13,ok,
2026-10-04T19:21:10.579119+05:30,GET,GET /jobs/{id}/,28.18,ok,
2026-10-04T19:21:10.582408+05:30,POST,POST /jobs/,28.47,ok,
2026-10-04T19:21:10.595010+05:30,GET,GET /jobs/{id}/,22.97,ok,
2026-10-04T19:21:10.595519+05:30,GET,GET /jobs/stats/,26.31,ok,
2026-10-04T19:21:10.603637+05:30,GET,GET /jobs/{id}/,19.94,ok,
2026-10-04T19:21:10.648672+05:30,POST,POST /jobs/,21.71,ok,
2026-10-04T19:21:10.723407+05:30,GET,GET /jobs/{id}/,18.39,ok,
2026-10-04T19:21:10.750864+05:30,GET,GET /jobs/{id}/,19.15,ok,
2026-10-04T19:21:10.758341+05:30,GET,GET /jobs/{id}/,21.43,ok,
2026-10-04T19:21:10.762317+05:30,GET,GET /jobs/{id}/,19.28,ok,
2026-10-04T19:21:10.808125+05:30,GET,GET /jobs/{id}/,18.34,ok,
2026-10-04T19:21:10.831281+05:30,GET,GET /jobs/stats/,20.91,ok,
2026-10-04T19:21:10.845889+05:30,GET,GET /jobs/{id}/,18.54,ok,
2026-10-04T19:21:10.846346+05:30,GET,GET /jobs/{id}/,21.07,ok,
2026-10-04T19:21:10.908131+05:30,POST,POST /jobs/,20.33,ok,
2026-10-04T19:21:10.938512+05:30,GET,GET /jobs/stats/,20.09,ok,
2026-10-04T19:21:10.955626+05:30,GET,GET /jobs/{id}/,24.13,ok,
2026-10-04T19:21:10.964195+05:30,POST,POST /jobs/,22.08,ok,
2026-10-04T19:21:11.034574+05:30,POST,POST /jobs/,29.79,ok,
2026-10-04T19:21:11.046020+05:30,GET,GET /jobs/{id}/,26.73,ok,
2026-10-04T19:21:11.096962+05:30,POST,POST /jobs/,21.47,ok,
2026-10-04T19:21:11.134242+05:30,GET,GET /jobs/{id}/,24.95,ok,
2026-10-04T19:21:11.135511+05:30,GET,GET /jobs/{id}/,25.67,ok,
2026-10-04T19:21:11.140357+05:30,GET,GET /jobs/{id}/,28.87,ok,
2026-10-04T19:21:11.150449+05:30,GET,GET /jobs/{id}/,21.1,ok,
2026-10-04T19:21:11.159508+05:30,POST,POST /jobs/,26.53,ok,
2026-10-04T19:21:11.160189+05:30,GET,GET /health/,25.73,ok,
2026-10-04T19:21:11.208055+05:30,POST,POST /jobs/,21.25,ok,
2026-10-04T19:21:11.301156+05:30,GET,GET /jobs/{id}/,18.57,ok,
2026-10-04T19:21:11.350048+05:30,GET,GET /jobs/{id}/,19.56,ok,
2026-10-04T19:21:11.372600+05:30,GET,GET /jobs/{id}/,18.25,ok,
2026-10-04T19:21:11.414621+05:30,POST,POST /jobs/,21.7,ok,
2026-10-04T19:21:11.465529+05:30,POST,POST /jobs/,20.59,ok,
2026-10-04T19:21:11.475663+05:30,POST,POST /jobs/,22.62,ok,
2026-10-04T19:21:11.492771+05:30,GET,GET /jobs/{id}/,18.27,ok,
2026-10-04T19:21:11.526013+05:30,GET,GET /jobs/{id}/,20.9,ok,
2026-10-04T19:21:11.527041+05:30,GET,GET /health/,23.98,ok,
2026-10-04T19:21:11.533557+05:30,GET,GET /jobs/{id}/,20.48,ok,
2026-10-04T19:21:11.617379+05:30,GET,GET /jobs/stats/,19.53,ok,
2026-10-04T19:21:11.629564+05:30,POST,POST /jobs/,22.73,ok,
2026-10-04T19:21:11.638350+05:30,GET,GET /health/,23.28,ok,
2026-10-04T19:21:11.713867+05:30,POST,POST /jobs/,24.92,ok,
2026-10-04T19:21:11.729337+05:30,POST,POST /jobs/,34.31,ok,
2026-10-04T19:21:11.735913+05:30,GET,GET /jobs/{id}/,19.77,ok,
2026-10-04T19:21:11.783809+05:30,POST,POST /jobs/,20.58,ok,
2026-10-04T19:21:11.839005+05:30,GET,GET /jobs/{id}/,17.73,ok,
2026-10-04T19:21:11.874504+05:30,GET,GET /health/,22.23,ok,
2026-10-04T19:21:11.878201+05:30,POST,POST /jobs/,26.89,ok,
2026-10-04T19:21:11.892120+05:30,GET,GET /jobs/{id}/,21.51,ok,
2026-10-04T19:21:11.921798+05:30,GET,GET /jobs/stats/,19.36,ok,
2026-10-04T19:21:12.000876+05:30,POST,POST /jobs/,22.67,ok,
2026-10-04T19:21:12.098682+05:30,GET,GET /jobs/{id}/,23.42,ok,
2026-10-04T19:21:12.110628+05:30,GET,GET /health/,25.22,ok,
2026-10-04T19:21:12.115566+05:30,GET,GET /jobs/{id}/,20.82,ok,
2026-10-04T19:21:12.126422+05:30,GET,GET /health/,24.44,ok,
2026-10-04T19:21:12.135674+05:30,GET,GET /jobs/{id}/,21.0,ok,
2026-10-04T19:21:12.143170+05:30,POST,POST /jobs/,29.24,ok,
2026-10-04T19:21:12.160845+05:30,POST,POST /jobs/,26.38,ok,
2026-10-04T19:21:12.177843+05:30,GET,GET /health/,21.29,ok,
2026-10-04T19:21:12.218806+05:30,POST,POST /jobs/,21.65,ok,
2026-10-04T19:21:12.270957+05:30,GET,GET /jobs/{id}/,17.82,ok,
2026-10-04T19:21:12.321426+05:30,POST,POST /jobs/,21.14,ok,
2026-10-04T19:21:12.341746+05:30,GET,GET /jobs/{id}/,18.03,ok,
2026-10-04T19:21:12.378760+05:30,GET,GET /jobs/stats/,19.4,ok,
2026-10-04T19:21:12.416752+05:30,GET,GET /jobs/{id}/,20.69,ok,
2026-10-04T19:21:12.431932+05:30,GET,GET /jobs/{id}/,19.68,ok,
2026-10-04T19:21:12.445574+05:30,GET,GET /jobs/{id}/,18.37,ok,
2026-10-04T19:21:12.453953+05:30,GET,GET /jobs/{id}/,18.75,ok,
2026-10-04T19:21:12.481952+05:30,GET,GET /jobs/{id}/,18.7,ok,
2026-10-04T19:21:12.519956+05:30,GET,GET /health/,17.71,ok,
2026-10-04T19:21:12.569773+05:30,GET,GET /jobs/{id}/,19.1,ok,
2026-10-04T19:21:12.627427+05:30,GET,GET /jobs/{id}/,18.35,ok,
2026-10-04T19:21:12.652923+05:30,POST,POST /jobs/,20.2,ok,
2026-10-04T19:21:12.691872+05:30,GET,GET /health/,21.66,ok,
2026-10-04T19:21:12.699655+05:30,POST,POST /jobs/,24.41,ok,
2026-10-04T19:21:12.717812+05:30,POST,POST /jobs/,23.63,ok,
2026-10-04T19:21:12.731038+05:30,GET,GET /jobs/{id}/,21.94,ok,
2026-10-04T19:21:12.742312+05:30,POST,POST /jobs/,21.23,ok,
2026-10-04T19:21:12.841658+05:30,POST,POST /jobs/,21.81,ok,
2026-10-04T19:21:12.860625+05:30,POST,POST /jobs/,25.67,ok,
2026-10-04T19:21:12.869017+05:30,GET,GET /jobs/{id}/,26.11,ok,
2026-10-04T19:21:12.883907+05:30,GET,GET /jobs/{id}/,19.85,ok,
2026-10-04T19:21:12.900323+05:30,POST,POST /jobs/,22.03,ok,
2026-10-04T19:21:12.938280+05:30,POST,POST /jobs/,20.58,ok,
2026-10-04T19:21:12.998502+05:30,GET,GET /jobs/stats/,20.75,ok,
2026-10-04T19:21:13.004172+05:30,GET,GET /jobs/stats/,21.45,ok,
2026-10-04T19:21:13.041589+05:30,GET,GET /jobs/{id}/,20.07,ok,
2026-10-04T19:21:13.057222+05:30,GET,GET /health/,18.65,ok,
2026-10-04T19:21:13.125655+05:30,GET,GET /jobs/{id}/,20.46,ok,
2026-10-04T19:21:13.127758+05:30,POST,POST /jobs/,23.14,ok,
2026-10-04T19:21:13.176729+05:30,POST,POST /jobs/,23.65,ok,
2026-10-04T19:21:13.221964+05:30,GET,GET /jobs/{id}/,25.76,ok,
2026-10-04T19:21:13.228320+05:30,GET,GET /health/,29.38,ok,
2026-10-04T19:21:13.251975+05:30,GET,GET /jobs/{id}/,23.44,ok,
2026-10-04T19:21:13.264764+05:30,GET,GET /jobs/{id}/,26.83,ok,
2026-10-04T19:21:13.267982+05:30,POST,POST /jobs/,30.6,ok,
2026-10-04T19:21:13.281064+05:30,GET,GET /jobs/{id}/,26.71,ok,
2026-10-04T19:21:13.299455+05:30,GET,GET /jobs/{id}/,25.17,ok,
2026-10-04T19:21:13.300046+05:30,POST,POST /jobs/,40.9,ok,
2026-10-04T19:21:13.305234+05:30,GET,GET /jobs/stats/,27.37,ok,
2026-10-04T19:21:13.326324+05:30,GET,GET /health/,31.93,ok,
2026-10-04T19:21:13.363578+05:30,POST,POST /jobs/,45.79,ok,
2026-10-04T19:21:13.396173+05:30,GET,GET /health/,18.23,ok,
2026-10-04T19:21:13.410828+05:30,GET,GET /jobs/{id}/,18.69,ok,
2026-10-04T19:21:13.423356+05:30,POST,POST /jobs/,25.9,ok,
2026-10-04T19:21:13.423869+05:30,POST,POST /jobs/,24.54,ok,
2026-10-04T19:21:13.462981+05:30,GET,GET /jobs/{id}/,17.84,ok,
2026-10-04T19:21:13.491125+05:30,GET,GET /jobs/{id}/,18.82,ok,
2026-10-04T19:21:13.521203+05:30,POST,POST /jobs/,22.73,ok,
2026-10-04T19:21:13.526820+05:30,GET,GET /jobs/stats/,18.26,ok,
2026-10-04T19:21:13.598677+05:30,GET,GET /jobs/{id}/,24.52,ok,
2026-10-04T19:21:13.599546+05:30,GET,GET /health/,22.43,ok,
2026-10-04T19:21:13.616557+05:30,GET,GET /jobs/{id}/,25.45,ok,
2026-10-04T19:21:13.623316+05:30,GET,GET /health/,19.55,ok,
2026-10-04T19:21:13.645790+05:30,GET,GET /jobs/{id}/,33.3,ok,
2026-10-04T19:21:13.646257+05:30,POST,POST /jobs/,41.63,ok,
2026-10-04T19:21:13.666413+05:30,GET,GET /jobs/{id}/,34.76,ok,
2026-10-04T19:21:13.693579+05:30,POST,POST /jobs/,61.31,ok,
2026-10-04T19:21:13.707948+05:30,GET,GET /jobs/stats/,23.27,ok,
2026-10-04T19:21:13.721259+05:30,GET,GET /jobs/{id}/,23.39,ok,
2026-10-04T19:21:13.723062+05:30,POST,POST /jobs/,66.41,ok,
2026-10-04T19:21:13.736457+05:30,GET,GET /jobs/{id}/,24.18,ok,
2026-10-04T19:21:13.751521+05:30,GET,GET /jobs/stats/,21.2,ok,
2026-10-04T19:21:13.775284+05:30,POST,POST /jobs/,22.43,ok,
2026-10-04T19:21:13.775817+05:30,GET,GET /jobs/{id}/,21.05,ok,
2026-10-04T19:21:13.831868+05:30,POST,POST /jobs/,20.74,ok,
2026-10-04T19:21:13.836729+05:30,GET,GET /jobs/{id}/,21.6,ok,
2026-10-04T19:21:13.858411+05:30,POST,POST /jobs/,26.33,ok,
2026-10-04T19:21:13.892374+05:30,GET,GET /jobs/stats/,22.66,ok,
2026-10-04T19:21:13.914964+05:30,GET,GET /jobs/{id}/,21.22,ok,
2026-10-04T19:21:13.929429+05:30,GET,GET /jobs/stats/,23.81,ok,
2026-10-04T19:21:13.931481+05:30,POST,POST /jobs/,22.84,ok,
2026-10-04T19:21:13.942337+05:30,POST,POST /jobs/,24.04,ok,
2026-10-04T19:21:13.955633+05:30,GET,GET /jobs/{id}/,19.91,ok,
2026-10-04T19:21:13.972551+05:30,POST,POST /jobs/,21.94,ok,
2026-10-04T19:21:13.994447+05:30,GET,GET /health/,17.62,ok,
2026-10-04T19:21:14.027827+05:30,POST,POST /jobs/,25.05,ok,
2026-10-04T19:21:14.073415+05:30,GET,GET /jobs/{id}/,20.6,ok,
2026-10-04T19:21:14.075148+05:30,POST,POST /jobs/,22.99,ok,
2026-10-04T19:21:14.140985+05:30,POST,POST /jobs/,20.48,ok,
2026-10-04T19:21:14.167207+05:30,GET,GET /jobs/stats/,20.94,ok,
2026-10-04T19:21:14.174494+05:30,POST,POST /jobs/,26.23,ok,
2026-10-04T19:21:14.276248+05:30,POST,POST /jobs/,27.28,ok,
2026-10-04T19:21:14.283017+05:30,GET,GET /jobs/stats/,23.03,ok,
2026-10-04T19:21:14.324000+05:30,GET,GET /health/,18.54,ok,
2026-10-04T19:21:14.404194+05:30,GET,GET /jobs/{id}/,22.69,ok,
2026-10-04T19:21:14.446166+05:30,GET,GET /jobs/{id}/,19.64,ok,
2026-10-04T19:21:14.449476+05:30,POST,POST /jobs/,20.68,ok,
2026-10-04T19:21:14.455114+05:30,GET,GET /jobs/{id}/,19.14,ok,
2026-10-04T19:21:14.487406+05:30,GET,GET /jobs/{id}/,23.98,ok,
2026-10-04T19:21:14.496867+05:30,POST,POST /jobs/,23.96,ok,
2026-10-04T19:21:14.497362+05:30,GET,GET /jobs/stats/,22.44,ok,
2026-10-04T19:21:14.502974+05:30,GET,GET /jobs/{id}/,20.14,ok,
2026-10-04T19:21:14.567036+05:30,POST,POST /jobs/,45.69,ok,
2026-10-04T19:21:14.567572+05:30,POST,POST /jobs/,48.31,ok,
2026-10-04T19:21:14.567717+05:30,GET,GET /jobs/{id}/,45.38,ok,
2026-10-04T19:21:14.574738+05:30,GET,GET /jobs/{id}/,29.35,ok,
2026-10-04T19:21:14.579626+05:30,GET,GET /jobs/{id}/,37.12,ok,
2026-10-04T19:21:14.583622+05:30,GET,GET /jobs/stats/,52.32,ok,
2026-10-04T19:21:14.593521+05:30,POST,POST /jobs/,60.26,ok,
2026-10-04T19:21:14.602270+05:30,POST,POST /jobs/,47.37,ok,
2026-10-04T19:21:14.659110+05:30,POST,POST /jobs/,21.52,ok,
2026-10-04T19:21:14.712745+05:30,GET,GET /jobs/{id}/,18.28,ok,
2026-10-04T19:21:14.777019+05:30,GET,GET /jobs/{id}/,18.94,ok,
2026-10-04T19:21:14.787273+05:30,GET,GET /jobs/{id}/,21.14,ok,
2026-10-04T19:21:14.787878+05:30,GET,GET /health/,21.26,ok,
2026-10-04T19:21:14.816841+05:30,GET,GET /health/,19.73,ok,
2026-10-04T19:21:14.838701+05:30,GET,GET /health/,19.6,ok,
2026-10-04T19:21:14.919409+05:30,GET,GET /jobs/{id}/,18.38,ok,
2026-10-04T19:21:14.940368+05:30,GET,GET /jobs/stats/,19.73,ok,
2026-10-04T19:21:14.951928+05:30,GET,GET /health/,18.37,ok,
2026-10-04T19:21:15.003798+05:30,GET,GET /jobs/{id}/,19.38,ok,
2026-10-04T19:21:15.064068+05:30,POST,POST /jobs/,20.77,ok,
2026-10-04T19:21:15.104135+05:30,GET,GET /jobs/{id}/,21.74,ok,
2026-10-04T19:21:15.106175+05:30,GET,GET /jobs/stats/,18.81,ok,
2026-10-04T19:21:15.120554+05:30,GET,GET /jobs/{id}/,24.14,ok,
2026-10-04T19:21:15.171899+05:30,GET,GET /jobs/{id}/,17.84,ok,
2026-10-04T19:21:15.194867+05:30,GET,GET /jobs/{id}/,18.68,ok,
2026-10-04T19:21:15.198291+05:30,POST,POST /jobs/,21.55,ok,
2026-10-04T19:21:15.262340+05:30,POST,POST /jobs/,20.75,ok,
2026-10-04T19:21:15.304655+05:30,POST,POST /jobs/,36.0,ok,
2026-10-04T19:21:15.305461+05:30,GET,GET /health/,25.79,ok,
2026-10-04T19:21:15.330551+05:30,POST,POST /jobs/,21.82,ok,
2026-10-04T19:21:15.331709+05:30,GET,GET /health/,22.5,ok,
2026-10-04T19:21:15.353279+05:30,GET,GET /jobs/{id}/,22.52,ok,
2026-10-04T19:21:15.354158+05:30,GET,GET /jobs/{id}/,19.98,ok,
2026-10-04T19:21:15.362961+05:30,GET,GET /jobs/{id}/,20.93,ok,
2026-10-04T19:21:15.371743+05:30,GET,GET /health/,18.33,ok,
2026-10-04T19:21:15.404716+05:30,GET,GET /health/,20.2,ok,
2026-10-04T19:21:15.405398+05:30,GET,GET /jobs/{id}/,22.33,ok,
2026-10-04T19:21:15.408315+05:30,GET,GET /jobs/{id}/,19.9,ok,
2026-10-04T19:21:15.413295+05:30,GET,GET /jobs/stats/,21.91,ok,
2026-10-04T19:21:15.450678+05:30,GET,GET /health/,21.12,ok,
2026-10-04T19:21:15.467460+05:30,POST,POST /jobs/,20.9,ok,
2026-10-04T19:21:15.473567+05:30,GET,GET /jobs/{id}/,19.64,ok,
2026-10-04T19:21:15.507788+05:30,GET,GET /jobs/{id}/,18.9,ok,
2026-10-04T19:21:15.511496+05:30,POST,POST /jobs/,20.59,ok,
2026-10-04T19:21:15.533840+05:30,GET,GET /jobs/stats/,22.21,ok,
2026-10-04T19:21:15.545015+05:30,GET,GET /health/,18.54,ok,
2026-10-04T19:21:15.608977+05:30,GET,GET /jobs/{id}/,18.61,ok,
2026-10-04T19:21:15.638031+05:30,GET,GET /jobs/stats/,18.74,ok,
2026-10-04T19:21:15.675849+05:30,POST,POST /jobs/,23.48,ok,
2026-10-04T19:21:15.691210+05:30,GET,GET /jobs/{id}/,21.72,ok,
2026-10-04T19:21:15.703212+05:30,GET,GET /health/,22.05,ok,
2026-10-04T19:21:15.739883+05:30,POST,POST /jobs/,21.28,ok,
2026-10-04T19:21:15.745861+05:30,GET,GET /jobs/stats/,19.23,ok,
2026-10-04T19:21:15.829771+05:30,GET,GET /jobs/{id}/,18.41,ok,
2026-10-04T19:21:15.835017+05:30,GET,GET /jobs/stats/,20.66,ok,
2026-10-04T19:21:15.897880+05:30,POST,POST /jobs/,26.57,ok,
2026-10-04T19:21:15.898396+05:30,GET,GET /jobs/{id}/,22.08,ok,
2026-10-04T19:21:15.910799+05:30,GET,GET /jobs/{id}/,20.78,ok,
2026-10-04T19:21:15.958096+05:30,GET,GET /jobs/{id}/,21.97,ok,
2026-10-04T19:21:15.958790+05:30,GET,GET /jobs/{id}/,22.0,ok,
2026-10-04T19:21:16.007676+05:30,GET,GET /jobs/{id}/,29.98,ok,
2026-10-04T19:21:16.018810+05:30,GET,GET /jobs/stats/,31.85,ok,
2026-10-04T19:21:16.021889+05:30,GET,GET /jobs/stats/,47.82,ok,
2026-10-04T19:21:16.025655+05:30,POST,POST /jobs/,51.06,ok,
2026-10-04T19:21:16.035719+05:30,GET,GET /jobs/{id}/,21.78,ok,
2026-10-04T19:21:16.044519+05:30,POST,POST /jobs/,27.19,ok,
2026-10-04T19:21:16.056706+05:30,POST,POST /jobs/,22.18,ok,
2026-10-04T19:21:16.065027+05:30,GET,GET /health/,26.72,ok,
2026-10-04T19:21:16.084504+05:30,GET,GET /jobs/{id}/,20.54,ok,
2026-10-04T19:21:16.099368+05:30,GET,GET /health/,17.69,ok,
2026-10-04T19:21:16.150515+05:30,GET,GET /jobs/{id}/,20.72,ok,
2026-10-04T19:21:16.174665+05:30,POST,POST /jobs/,32.74,ok,
2026-10-04T19:21:16.178311+05:30,POST,POST /jobs/,27.61,ok,
2026-10-04T19:21:16.223972+05:30,POST,POST /jobs/,23.33,ok,
2026-10-04T19:21:16.232654+05:30,GET,GET /jobs/stats/,21.95,ok,
2026-10-04T19:21:16.254516+05:30,GET,GET /jobs/{id}/,17.58,ok,
2026-10-04T19:21:16.278761+05:30,POST,POST /jobs/,21.98,ok,
2026-10-04T19:21:16.284734+05:30,GET,GET /health/,21.0,ok,
2026-10-04T19:21:16.332538+05:30,GET,GET /jobs/{id}/,18.49,ok,
2026-10-04T19:21:16.341238+05:30,GET,GET /jobs/{id}/,18.17,ok,
2026-10-04T19:21:16.386736+05:30,GET,GET /jobs/{id}/,21.18,ok,
2026-10-04T19:21:16.390164+05:30,GET,GET /health/,21.57,ok,
2026-10-04T19:21:16.401626+05:30,GET,GET /jobs/{id}/,24.98,ok,
2026-10-04T19:21:16.414007+05:30,GET,GET /jobs/{id}/,24.97,ok,
2026-10-04T19:21:16.418908+05:30,GET,GET /health/,28.33,ok,
2026-10-04T19:21:16.456163+05:30,GET,GET /jobs/{id}/,20.9,ok,
2026-10-04T19:21:16.471071+05:30,GET,GET /jobs/{id}/,19.32,ok,
2026-10-04T19:21:16.475406+05:30,POST,POST /jobs/,22.37,ok,
2026-10-04T19:21:16.522903+05:30,GET,GET /health/,18.18,ok,
2026-10-04T19:21:16.557597+05:30,GET,GET /health/,18.4,ok,
2026-10-04T19:21:16.632544+05:30,GET,GET /jobs/{id}/,19.17,ok,
2026-10-04T19:21:16.648727+05:30,POST,POST /jobs/,29.77,ok,
2026-10-04T19:21:16.650347+05:30,POST,POST /jobs/,32.86,ok,
2026-10-04T19:21:16.669990+05:30,GET,GET /jobs/{id}/,19.44,ok,
2026-10-04T19:21:16.681161+05:30,GET,GET /jobs/{id}/,21.44,ok,
2026-10-04T19:21:16.685702+05:30,GET,GET /jobs/{id}/,21.72,ok,
2026-10-04T19:21:16.701826+05:30,GET,GET /health/,23.47,ok,
2026-10-04T19:21:16.706696+05:30,GET,GET /health/,20.85,ok,
2026-10-04T19:21:16.740123+05:30,GET,GET /jobs/{id}/,18.07,ok,
2026-10-04T19:21:16.894760+05:30,POST,POST /jobs/,21.24,ok,
2026-10-04T19:21:16.943281+05:30,POST,POST /jobs/,21.16,ok,
2026-10-04T19:21:16.953573+05:30,POST,POST /jobs/,23.39,ok,
2026-10-04T19:21:17.000702+05:30,GET,GET /jobs/{id}/,22.75,ok,
2026-10-04T19:21:17.001253+05:30,GET,GET /jobs/{id}/,22.41,ok,
2026-10-04T19:21:17.028131+05:30,POST,POST /jobs/,20.59,ok,
2026-10-04T19:21:17.120737+05:30,POST,POST /jobs/,20.86,ok,
2026-10-04T19:21:17.187452+05:30,POST,POST /jobs/,25.19,ok,
2026-10-04T19:21:17.205116+05:30,POST,POST /jobs/,24.62,ok,
2026-10-04T19:21:17.230806+05:30,GET,GET /jobs/{id}/,18.16,ok,
2026-10-04T19:21:17.268027+05:30,POST,POST /jobs/,22.56,ok,
2026-10-04T19:21:17.319460+05:30,GET,GET /jobs/stats/,20.08,ok,
2026-10-04T19:21:17.327523+05:30,GET,GET /jobs/{id}/,19.51,ok,
2026-10-04T19:21:17.345698+05:30,POST,POST /jobs/,22.95,ok,
2026-10-04T19:21:17.357346+05:30,GET,GET /jobs/{id}/,25.55,ok,
2026-10-04T19:21:17.358361+05:30,GET,GET /health/,22.53,ok,
2026-10-04T19:21:17.396200+05:30,POST,POST /jobs/,46.31,ok,
2026-10-04T19:21:17.397641+05:30,POST,POST /jobs/,41.56,ok,
2026-10-04T19:21:17.399773+05:30,GET,GET /jobs/{id}/,29.98,ok,
2026-10-04T19:21:17.402798+05:30,POST,POST /jobs/,30.02,ok,
2026-10-04T19:21:17.405905+05:30,POST,POST /jobs/,41.25,ok,
2026-10-04T19:21:17.411945+05:30,GET,GET /health/,33.05,ok,
2026-10-04T19:21:17.462347+05:30,GET,GET /jobs/{id}/,23.08,ok,
2026-10-04T19:21:17.473106+05:30,POST,POST /jobs/,21.54,ok,
2026-10-04T19:21:17.533132+05:30,GET,GET /jobs/{id}/,19.68,ok,
2026-10-04T19:21:17.548669+05:30,GET,GET /jobs/{id}/,20.09,ok,
2026-10-04T19:21:17.612580+05:30,POST,POST /jobs/,20.56,ok,
2026-10-04T19:21:17.631163+05:30,GET,GET /jobs/{id}/,17.33,ok,
2026-10-04T19:21:17.671203+05:30,POST,POST /jobs/,23.33,ok,
2026-10-04T19:21:17.673188+05:30,POST,POST /jobs/,24.73,ok,
2026-10-04T19:21:17.767210+05:30,GET,GET /jobs/{id}/,23.14,ok,
2026-10-04T19:21:17.771627+05:30,POST,POST /jobs/,28.1,ok,
2026-10-04T19:21:17.827954+05:30,GET,GET /jobs/{id}/,19.78,ok,
2026-10-04T19:21:17.828449+05:30,GET,GET /jobs/{id}/,19.6,ok,
2026-10-04T19:21:17.854850+05:30,GET,GET /jobs/stats/,21.18,ok,
2026-10-04T19:21:17.861149+05:30,GET,GET /jobs/{id}/,23.58,ok,
2026-10-04T19:21:17.869680+05:30,GET,GET /health/,25.08,ok,
2026-10-04T19:21:17.878790+05:30,GET,GET /jobs/{id}/,23.49,ok,
2026-10-04T19:21:17.879469+05:30,GET,GET /jobs/{id}/,25.9,ok,
2026-10-04T19:21:17.885843+05:30,GET,GET /health/,21.48,ok,
2026-10-04T19:21:17.886545+05:30,GET,GET /jobs/{id}/,21.66,ok,
2026-10-04T19:21:17.934728+05:30,GET,GET /jobs/{id}/,17.91,ok,
2026-10-04T19:21:17.954918+05:30,GET,GET /jobs/stats/,20.05,ok,
2026-10-04T19:21:17.958917+05:30,GET,GET /jobs/stats/,20.17,ok,
2026-10-04T19:21:18.005799+05:30,GET,GET /health/,21.59,ok,
2026-10-04T19:21:18.028919+05:30,GET,GET /jobs/{id}/,22.9,ok,
2026-10-04T19:21:18.029268+05:30,POST,POST /jobs/,29.84,ok,
2026-10-04T19:21:18.032735+05:30,POST,POST /jobs/,28.85,ok,
2026-10-04T19:21:18.066998+05:30,POST,POST /jobs/,20.95,ok,
2026-10-04T19:21:18.113827+05:30,GET,GET /jobs/stats/,19.56,ok,
2026-10-04T19:21:18.177389+05:30,GET,GET /jobs/{id}/,18.92,ok,
2026-10-04T19:21:18.221369+05:30,GET,GET /jobs/stats/,22.66,ok,
2026-10-04T19:21:18.239676+05:30,GET,GET /health/,22.97,ok,
2026-10-04T19:21:18.367512+05:30,GET,GET /health/,21.16,ok,
2026-10-04T19:21:18.387658+05:30,POST,POST /jobs/,24.31,ok,
2026-10-04T19:21:18.394966+05:30,GET,GET /jobs/{id}/,19.17,ok,
2026-10-04T19:21:18.396133+05:30,GET,GET /health/,19.81,ok,
2026-10-04T19:21:18.415898+05:30,GET,GET /jobs/{id}/,17.49,ok,
2026-10-04T19:21:18.459905+05:30,GET,GET /jobs/{id}/,18.61,ok,
2026-10-04T19:21:18.473161+05:30,POST,POST /jobs/,21.84,ok,
2026-10-04T19:21:18.516752+05:30,GET,GET /health/,23.23,ok,
2026-10-04T19:21:18.518434+05:30,GET,GET /health/,20.92,ok,
2026-10-04T19:21:18.527060+05:30,GET,GET /jobs/{id}/,20.48,ok,
2026-10-04T19:21:18.537066+05:30,GET,GET /jobs/stats/,19.5,ok,
2026-10-04T19:21:18.567281+05:30,GET,GET /jobs/{id}/,19.91,ok,
2026-10-04T19:21:18.581357+05:30,GET,GET /jobs/{id}/,17.94,ok,
2026-10-04T19:21:18.645887+05:30,POST,POST /jobs/,22.2,ok,
2026-10-04T19:21:18.659380+05:30,GET,GET /health/,25.45,ok,
2026-10-04T19:21:18.661467+05:30,POST,POST /jobs/,29.66,ok,
2026-10-04T19:21:18.681170+05:30,GET,GET /jobs/stats/,33.05,ok,
2026-10-04T19:21:18.696843+05:30,POST,POST /jobs/,29.09,ok,
2026-10-04T19:21:18.715532+05:30,POST,POST /jobs/,25.03,ok,
2026-10-04T19:21:18.726287+05:30,GET,GET /health/,23.18,ok,
2026-10-04T19:21:18.742545+05:30,GET,GET /jobs/{id}/,20.71,ok,
2026-10-04T19:21:18.760891+05:30,GET,GET /health/,19.22,ok,
2026-10-04T19:21:18.765109+05:30,GET,GET /health/,26.55,ok,
2026-10-04T19:21:18.781110+05:30,GET,GET /jobs/stats/,20.09,ok,
2026-10-04T19:21:18.797683+05:30,POST,POST /jobs/,20.3,ok,
2026-10-04T19:21:18.866369+05:30,GET,GET /health/,18.4,ok,
2026-10-04T19:21:18.887017+05:30,POST,POST /jobs/,25.9,ok,
2026-10-04T19:21:18.899925+05:30,GET,GET /jobs/stats/,20.28,ok,
2026-10-04T19:21:18.909402+05:30,GET,GET /jobs/{id}/,21.09,ok,
2026-10-04T19:21:18.915925+05:30,GET,GET /jobs/{id}/,19.69,ok,
2026-10-04T19:21:18.943200+05:30,GET,GET /jobs/{id}/,23.93,ok,
2026-10-04T19:21:18.943615+05:30,POST,POST /jobs/,37.29,ok,
2026-10-04T19:21:18.974274+05:30,GET,GET /jobs/{id}/,39.82,ok,
2026-10-04T19:21:18.996918+05:30,GET,GET /jobs/{id}/,51.52,ok,
2026-10-04T19:21:18.997481+05:30,GET,GET /jobs/stats/,55.52,ok,
2026-10-04T19:21:18.997841+05:30,POST,POST /jobs/,53.86,ok,
2026-10-04T19:21:19.007131+05:30,GET,GET /jobs/{id}/,27.55,ok,
2026-10-04T19:21:19.051234+05:30,POST,POST /jobs/,20.8,ok,
2026-10-04T19:21:19.057468+05:30,GET,GET /health/,19.03,ok,
2026-10-04T19:21:19.091282+05:30,POST,POST /jobs/,22.47,ok,
2026-10-04T19:21:19.100826+05:30,GET,GET /health/,24.95,ok,
2026-10-04T19:21:19.113959+05:30,GET,GET /jobs/{id}/,21.32,ok,
2026-10-04T19:21:19.162743+05:30,POST,POST /jobs/,22.19,ok,
2026-10-04T19:21:19.170636+05:30,GET,GET /health/,20.85,ok,
2026-10-04T19:21:19.206574+05:30,GET,GET /jobs/stats/,18.67,ok,
2026-10-04T19:21:19.226633+05:30,GET,GET /health/,17.79,ok,
2026-10-04T19:21:19.264059+05:30,POST,POST /jobs/,23.12,ok,
2026-10-04T19:21:19.284218+05:30,POST,POST /jobs/,24.18,ok,
2026-10-04T19:21:19.303236+05:30,GET,GET /jobs/{id}/,18.82,ok,
2026-10-04T19:21:19.415779+05:30,GET,GET /jobs/stats/,19.05,ok,
2026-10-04T19:21:19.467424+05:30,GET,GET /jobs/stats/,19.12,ok,
2026-10-04T19:21:19.487758+05:30,GET,GET /jobs/{id}/,18.04,ok,
2026-10-04T19:21:19.524063+05:30,GET,GET /health/,18.03,ok,
2026-10-04T19:21:19.550123+05:30,GET,GET /jobs/{id}/,18.74,ok,
2026-10-04T19:21:19.565563+05:30,GET,GET /jobs/{id}/,20.44,ok,
2026-10-04T19:21:19.577612+05:30,GET,GET /jobs/stats/,19.21,ok,
2026-10-04T19:21:19.618720+05:30,GET,GET /health/,18.62,ok,
2026-10-04T19:21:19.631103+05:30,POST,POST /jobs/,20.9,ok,
2026-10-04T19:21:19.677841+05:30,GET,GET /jobs/{id}/,19.41,ok,
2026-10-04T19:21:19.690575+05:30,POST,POST /jobs/,26.02,ok,
2026-10-04T19:21:19.704967+05:30,POST,POST /jobs/,21.82,ok,
2026-10-04T19:21:19.751016+05:30,POST,POST /jobs/,23.68,ok,
2026-10-04T19:21:19.763955+05:30,GET,GET /health/,21.23,ok,
2026-10-04T19:21:19.770860+05:30,GET,GET /health/,24.21,ok,
2026-10-04T19:21:19.779160+05:30,GET,GET /jobs/{id}/,19.85,ok,
2026-10-04T19:21:19.836053+05:30,GET,GET /jobs/stats/,25.61,ok,
2026-10-04T19:21:19.852358+05:30,GET,GET /jobs/{id}/,18.2,ok,
2026-10-04T19:21:19.863521+05:30,GET,GET /health/,18.16,ok,
2026-10-04T19:21:19.872027+05:30,GET,GET /jobs/{id}/,18.36,ok,
2026-10-04T19:21:19.901217+05:30,GET,GET /jobs/{id}/,17.87,ok,
2026-10-04T19:21:19.914110+05:30,GET,GET /jobs/{id}/,17.75,ok,
2026-10-04T19:21:20.004782+05:30,POST,POST /jobs/,30.78,ok,
2026-10-04T19:21:20.008586+05:30,POST,POST /jobs/,35.15,ok,
2026-10-04T19:21:20.013075+05:30,POST,POST /jobs/,30.44,ok,
2026-10-04T19:21:20.023255+05:30,GET,GET /jobs/{id}/,31.49,ok,
2026-10-04T19:21:20.036790+05:30,GET,GET /health/,29.34,ok,
2026-10-04T19:21:20.046800+05:30,GET,GET /jobs/{id}/,19.22,ok,
2026-10-04T19:21:20.103607+05:30,GET,GET /jobs/{id}/,19.46,ok,
2026-10-04T19:21:20.141040+05:30,GET,GET /jobs/{id}/,18.1,ok,
2026-10-04T19:21:20.161540+05:30,GET,GET /jobs/{id}/,20.33,ok,
2026-10-04T19:21:20.171104+05:30,GET,GET /jobs/{id}/,21.01,ok,
2026-10-04T19:21:20.171918+05:30,GET,GET /health/,18.93,ok,
2026-10-04T19:21:20.181232+05:30,POST,POST /jobs/,27.77,ok,
2026-10-04T19:21:20.195850+05:30,GET,GET /jobs/{id}/,20.68,ok,
2026-10-04T19:21:20.214396+05:30,GET,GET /jobs/{id}/,19.83,ok,
2026-10-04T19:21:20.217925+05:30,POST,POST /jobs/,21.65,ok,
2026-10-04T19:21:20.243916+05:30,GET,GET /jobs/{id}/,18.69,ok,
2026-10-04T19:21:20.292703+05:30,POST,POST /jobs/,26.47,ok,
2026-10-04T19:21:20.312813+05:30,GET,GET /jobs/stats/,22.2,ok,
2026-10-04T19:21:20.323406+05:30,GET,GET /jobs/{id}/,18.28,ok,
2026-10-04T19:21:20.371514+05:30,GET,GET /health/,17.99,ok,
2026-10-04T19:21:20.399124+05:30,POST,POST /jobs/,22.28,ok,
2026-10-04T19:21:20.409665+05:30,GET,GET /jobs/{id}/,18.18,ok,
2026-10-04T19:21:20.435851+05:30,GET,GET /jobs/{id}/,20.87,ok,
2026-10-04T19:21:20.436349+05:30,GET,GET /jobs/{id}/,20.75,ok,
2026-10-04T19:21:20.448767+05:30,GET,GET /jobs/{id}/,20.05,ok,
2026-10-04T19:21:20.459133+05:30,GET,GET /jobs/{id}/,17.45,ok,
2026-10-04T19:21:20.513820+05:30,POST,POST /jobs/,30.24,ok,
2026-10-04T19:21:20.518972+05:30,GET,GET /jobs/stats/,25.47,ok,
2026-10-04T19:21:20.521885+05:30,GET,GET /jobs/{id}/,25.83,ok,
2026-10-04T19:21:20.580467+05:30,GET,GET /jobs/stats/,21.07,ok,
2026-10-04T19:21:20.597092+05:30,POST,POST /jobs/,22.78,ok,
2026-10-04T19:21:20.612098+05:30,POST,POST /jobs/,25.21,ok,
2026-10-04T19:21:20.629991+05:30,GET,GET /jobs/{id}/,20.56,ok,
2026-10-04T19:21:20.648769+05:30,GET,GET /jobs/{id}/,20.35,ok,
2026-10-04T19:21:20.652943+05:30,GET,GET /jobs/stats/,23.69,ok,
2026-10-04T19:21:20.686977+05:30,GET,GET /jobs/{id}/,18.74,ok,
2026-10-04T19:21:20.743495+05:30,POST,POST /jobs/,21.99,ok,
2026-10-04T19:21:20.765730+05:30,GET,GET /jobs/{id}/,18.95,ok,
2026-10-04T19:21:20.775416+05:30,POST,POST /jobs/,24.61,ok,
2026-10-04T19:21:20.785542+05:30,GET,GET /jobs/{id}/,21.73,ok,
2026-10-04T19:21:20.794100+05:30,GET,GET /jobs/stats/,19.88,ok,
2026-10-04T19:21:20.822088+05:30,GET,GET /jobs/{id}/,17.69,ok,
2026-10-04T19:21:20.840021+05:30,GET,GET /jobs/{id}/,17.75,ok,
2026-10-04T19:21:20.891227+05:30,GET,GET /jobs/{id}/,17.88,ok,
2026-10-04T19:21:20.924715+05:30,POST,POST /jobs/,22.17,ok,
2026-10-04T19:21:20.949327+05:30,GET,GET /jobs/{id}/,23.31,ok,
2026-10-04T19:21:20.993765+05:30,POST,POST /jobs/,31.13,ok,
2026-10-04T19:21:21.011778+05:30,POST,POST /jobs/,47.09,ok,
2026-10-04T19:21:21.012311+05:30,GET,GET /jobs/{id}/,37.44,ok,
2026-10-04T19:21:21.014292+05:30,GET,GET /jobs/stats/,35.24,ok,
2026-10-04T19:21:21.027050+05:30,POST,POST /jobs/,45.06,ok,
2026-10-04T19:21:21.027543+05:30,GET,GET /jobs/stats/,36.46,ok,
2026-10-04T19:21:21.067781+05:30,POST,POST /jobs/,48.21,ok,
2026-10-04T19:21:21.070823+05:30,POST,POST /jobs/,41.05,ok,
2026-10-04T19:21:21.083274+05:30,GET,GET /jobs/stats/,34.64,ok,
2026-10-04T19:21:21.112630+05:30,GET,GET /jobs/{id}/,18.02,ok,
2026-10-04T19:21:21.120500+05:30,GET,GET /jobs/{id}/,17.71,ok,
2026-10-04T19:21:21.161337+05:30,POST,POST /jobs/,21.52,ok,
2026-10-04T19:21:21.192726+05:30,GET,GET /health/,19.09,ok,
2026-10-04T19:21:21.197363+05:30,GET,GET /jobs/{id}/,18.16,ok,
2026-10-04T19:21:21.241210+05:30,GET,GET /jobs/{id}/,18.54,ok,
2026-10-04T19:21:21.323752+05:30,GET,GET /jobs/{id}/,18.06,ok,
2026-10-04T19:21:21.330070+05:30,GET,GET /jobs/stats/,18.42,ok,
2026-10-04T19:21:21.389798+05:30,GET,GET /jobs/{id}/,18.2,ok,
2026-10-04T19:21:21.483438+05:30,POST,POST /jobs/,21.3,ok,
2026-10-04T19:21:21.543370+05:30,POST,POST /jobs/,30.19,ok,
2026-10-04T19:21:21.562175+05:30,POST,POST /jobs/,28.87,ok,
2026-10-04T19:21:21.577032+05:30,GET,GET /health/,19.74,ok,
2026-10-04T19:21:21.629157+05:30,GET,GET /jobs/{id}/,18.44,ok,
2026-10-04T19:21:21.634896+05:30,POST,POST /jobs/,23.64,ok,
2026-10-04T19:21:21.650895+05:30,GET,GET /jobs/{id}/,20.43,ok,
2026-10-04T19:21:21.701069+05:30,POST,POST /jobs/,22.86,ok,
2026-10-04T19:21:21.705216+05:30,GET,GET /jobs/{id}/,19.93,ok,
2026-10-04T19:21:21.743035+05:30,POST,POST /jobs/,22.37,ok,
2026-10-04T19:21:21.754829+05:30,POST,POST /jobs/,26.1,ok,
2026-10-04T19:21:21.765953+05:30,GET,GET /jobs/stats/,24.18,ok,
2026-10-04T19:21:21.801107+05:30,POST,POST /jobs/,22.82,ok,
2026-10-04T19:21:21.822592+05:30,POST,POST /jobs/,23.23,ok,
2026-10-04T19:21:21.828345+05:30,GET,GET /jobs/stats/,21.64,ok,
2026-10-04T19:21:21.868163+05:30,POST,POST /jobs/,21.4,ok,
2026-10-04T19:21:21.874958+05:30,GET,GET /health/,20.12,ok,
2026-10-04T19:21:21.896509+05:30,POST,POST /jobs/,26.03,ok,
2026-10-04T19:21:21.902215+05:30,GET,GET /jobs/{id}/,22.92,ok,
2026-10-04T19:21:21.942123+05:30,POST,POST /jobs/,20.6,ok,
2026-10-04T19:21:21.966429+05:30,POST,POST /jobs/,25.39,ok,
2026-10-04T19:21:21.974758+05:30,GET,GET /jobs/{id}/,19.04,ok,
2026-10-04T19:21:22.001367+05:30,POST,POST /jobs/,24.34,ok,
2026-10-04T19:21:22.009707+05:30,GET,GET /jobs/stats/,24.81,ok,
2026-10-04T19:21:22.052130+05:30,POST,POST /jobs/,22.91,ok,
2026-10-04T19:21:22.087219+05:30,POST,POST /jobs/,24.72,ok,
2026-10-04T19:21:22.092304+05:30,GET,GET /jobs/{id}/,24.37,ok,
2026-10-04T19:21:22.180234+05:30,GET,GET /jobs/{id}/,19.32,ok,
2026-10-04T19:21:22.196890+05:30,POST,POST /jobs/,21.92,ok,
2026-10-04T19:21:22.221638+05:30,POST,POST /jobs/,24.59,ok,
2026-10-04T19:21:22.241373+05:30,POST,POST /jobs/,28.42,ok,
2026-10-04T19:21:22.255032+05:30,GET,GET /jobs/{id}/,19.05,ok,
2026-10-04T19:21:22.328221+05:30,GET,GET /jobs/stats/,20.92,ok,
2026-10-04T19:21:22.358665+05:30,POST,POST /jobs/,24.12,ok,
2026-10-04T19:21:22.359246+05:30,GET,GET /jobs/{id}/,19.63,ok,
2026-10-04T19:21:22.373452+05:30,POST,POST /jobs/,26.66,ok,
2026-10-04T19:21:22.404113+05:30,POST,POST /jobs/,23.35,ok,
2026-10-04T19:21:22.413630+05:30,POST,POST /jobs/,26.77,ok,
2026-10-04T19:21:22.430206+05:30,GET,GET /jobs/stats/,24.85,ok,
2026-10-04T19:21:22.478883+05:30,POST,POST /jobs/,20.39,ok,
2026-10-04T19:21:22.554245+05:30,POST,POST /jobs/,22.06,ok,
2026-10-04T19:21:22.565805+05:30,GET,GET /jobs/stats/,19.52,ok,
2026-10-04T19:21:22.634468+05:30,GET,GET /jobs/{id}/,24.23,ok,
2026-10-04T19:21:22.634921+05:30,POST,POST /jobs/,27.81,ok,
2026-10-04T19:21:22.642709+05:30,GET,GET /jobs/{id}/,21.46,ok,
2026-10-04T19:21:22.643216+05:30,GET,GET /jobs/{id}/,20.83,ok,
2026-10-04T19:21:22.671293+05:30,POST,POST /jobs/,23.85,ok,
2026-10-04T19:21:22.677423+05:30,POST,POST /jobs/,23.07,ok,
2026-10-04T19:21:22.707545+05:30,POST,POST /jobs/,31.21,ok,
2026-10-04T19:21:22.708118+05:30,POST,POST /jobs/,28.12,ok,
2026-10-04T19:21:22.718979+05:30,POST,POST /jobs/,27.71,ok,
2026-10-04T19:21:22.725092+05:30,GET,GET /jobs/stats/,24.47,ok,
2026-10-04T19:21:22.774414+05:30,GET,GET /jobs/{id}/,18.98,ok,
2026-10-04T19:21:22.780045+05:30,GET,GET /jobs/stats/,24.08,ok,
2026-10-04T19:21:22.809465+05:30,POST,POST /jobs/,23.12,ok,
2026-10-04T19:21:22.826633+05:30,GET,GET /jobs/{id}/,22.25,ok,
2026-10-04T19:21:22.827083+05:30,GET,GET /jobs/{id}/,18.58,ok,
2026-10-04T19:21:22.854513+05:30,POST,POST /jobs/,22.19,ok,
2026-10-04T19:21:22.864341+05:30,GET,GET /jobs/stats/,24.05,ok,
2026-10-04T19:21:22.867080+05:30,POST,POST /jobs/,23.82,ok,
2026-10-04T19:21:22.878992+05:30,POST,POST /jobs/,20.16,ok,
2026-10-04T19:21:22.906407+05:30,GET,GET /health/,18.18,ok,
2026-10-04T19:21:23.061443+05:30,GET,GET /jobs/{id}/,20.98,ok,
2026-10-04T19:21:23.063269+05:30,POST,POST /jobs/,23.44,ok,
2026-10-04T19:21:23.115513+05:30,GET,GET /jobs/stats/,20.91,ok,
2026-10-04T19:21:23.120364+05:30,GET,GET /jobs/{id}/,20.7,ok,
2026-10-04T19:21:23.130769+05:30,GET,GET /jobs/{id}/,19.01,ok,
2026-10-04T19:21:23.138782+05:30,POST,POST /jobs/,23.07,ok,
2026-10-04T19:21:23.149779+05:30,GET,GET /health/,18.89,ok,
2026-10-04T19:21:23.159736+05:30,GET,GET /jobs/{id}/,20.79,ok,
2026-10-04T19:21:23.192540+05:30,POST,POST /jobs/,23.48,ok,
2026-10-04T19:21:23.194343+05:30,POST,POST /jobs/,24.78,ok,
2026-10-04T19:21:23.267385+05:30,POST,POST /jobs/,22.76,ok,
2026-10-04T19:21:23.292665+05:30,GET,GET /jobs/{id}/,22.98,ok,
2026-10-04T19:21:23.310812+05:30,GET,GET /jobs/{id}/,27.1,ok,
2026-10-04T19:21:23.329986+05:30,POST,POST /jobs/,22.96,ok,
2026-10-04T19:21:23.363288+05:30,GET,GET /health/,20.98,ok,
2026-10-04T19:21:23.412920+05:30,POST,POST /jobs/,24.12,ok,
2026-10-04T19:21:23.420956+05:30,GET,GET /jobs/stats/,24.05,ok,
2026-10-04T19:21:23.436757+05:30,GET,GET /health/,20.57,ok,
2026-10-04T19:21:23.440239+05:30,POST,POST /jobs/,22.06,ok,
2026-10-04T19:21:23.464631+05:30,GET,GET /jobs/{id}/,19.12,ok,
2026-10-04T19:21:23.470807+05:30,GET,GET /jobs/stats/,21.4,ok,
2026-10-04T19:21:23.488242+05:30,GET,GET /jobs/{id}/,17.25,ok,
2026-10-04T19:21:23.553720+05:30,POST,POST /jobs/,23.98,ok,
2026-10-04T19:21:23.567105+05:30,GET,GET /jobs/{id}/,22.22,ok,
2026-10-04T19:21:23.570888+05:30,GET,GET /jobs/{id}/,22.81,ok,
2026-10-04T19:21:23.591872+05:30,GET,GET /jobs/stats/,20.84,ok,
2026-10-04T19:21:23.621098+05:30,GET,GET /jobs/stats/,19.92,ok,
2026-10-04T19:21:23.642316+05:30,POST,POST /jobs/,22.37,ok,
2026-10-04T19:21:23.647277+05:30,GET,GET /health/,19.51,ok,
2026-10-04T19:21:23.770413+05:30,POST,POST /jobs/,23.63,ok,
2026-10-04T19:21:23.805690+05:30,POST,POST /jobs/,23.91,ok,
2026-10-04T19:21:23.816648+05:30,POST,POST /jobs/,22.33,ok,
2026-10-04T19:21:23.832972+05:30,POST,POST /jobs/,24.94,ok,
2026-10-04T19:21:23.863998+05:30,GET,GET /jobs/stats/,20.56,ok,
2026-10-04T19:21:23.966332+05:30,GET,GET /jobs/{id}/,18.84,ok,
2026-10-04T19:21:24.055232+05:30,GET,GET /jobs/{id}/,19.58,ok,
2026-10-04T19:21:24.061505+05:30,GET,GET /jobs/stats/,19.74,ok,
2026-10-04T19:21:24.096482+05:30,GET,GET /jobs/{id}/,28.55,ok,
2026-10-04T19:21:24.108003+05:30,GET,GET /jobs/{id}/,25.67,ok,
2026-10-04T19:21:24.108736+05:30,GET,GET /jobs/stats/,31.64,ok,
2026-10-04T19:21:24.110165+05:30,GET,GET /jobs/{id}/,29.01,ok,
2026-10-04T19:21:24.154671+05:30,GET,GET /jobs/{id}/,18.25,ok,
2026-10-04T19:21:24.320360+05:30,POST,POST /jobs/,26.2,ok,
2026-10-04T19:21:24.342411+05:30,GET,GET /jobs/{id}/,26.78,ok,
2026-10-04T19:21:24.350313+05:30,GET,GET /jobs/{id}/,29.59,ok,
2026-10-04T19:21:24.354553+05:30,GET,GET /jobs/{id}/,30.88,ok,
2026-10-04T19:21:24.361005+05:30,POST,POST /jobs/,25.06,ok,
2026-10-04T19:21:24.370778+05:30,GET,GET /jobs/{id}/,21.75,ok,
2026-10-04T19:21:24.377782+05:30,GET,GET /health/,27.31,ok,
2026-10-04T19:21:24.394725+05:30,GET,GET /health/,17.95,ok,
2026-10-04T19:21:24.405394+05:30,POST,POST /jobs/,21.05,ok,
2026-10-04T19:21:24.438361+05:30,GET,GET /jobs/{id}/,17.66,ok,
2026-10-04T19:21:24.489101+05:30,POST,POST /jobs/,25.38,ok,
2026-10-04T19:21:24.507056+05:30,GET,GET /jobs/{id}/,24.06,ok,
2026-10-04T19:21:24.528876+05:30,POST,POST /jobs/,21.66,ok,
2026-10-04T19:21:24.550701+05:30,POST,POST /jobs/,28.56,ok,
2026-10-04T19:21:24.561071+05:30,POST,POST /jobs/,22.77,ok,
2026-10-04T19:21:24.565426+05:30,GET,GET /jobs/{id}/,23.13,ok,
2026-10-04T19:21:24.571694+05:30,GET,GET /jobs/stats/,28.69,ok,
2026-10-04T19:21:24.591163+05:30,GET,GET /jobs/{id}/,18.21,ok,
2026-10-04T19:21:24.601255+05:30,GET,GET /jobs/{id}/,23.38,ok,
2026-10-04T19:21:24.612616+05:30,POST,POST /jobs/,29.67,ok,
2026-10-04T19:21:24.618742+05:30,POST,POST /jobs/,24.31,ok,
2026-10-04T19:21:24.666449+05:30,GET,GET /jobs/stats/,29.43,ok,
2026-10-04T19:21:24.677247+05:30,GET,GET /jobs/{id}/,24.64,ok,
2026-10-04T19:21:24.713016+05:30,GET,GET /jobs/{id}/,19.44,ok,
2026-10-04T19:21:24.728181+05:30,GET,GET /jobs/{id}/,20.31,ok,
2026-10-04T19:21:24.732302+05:30,GET,GET /jobs/{id}/,19.12,ok,
2026-10-04T19:21:24.759568+05:30,POST,POST /jobs/,21.79,ok,
2026-10-04T19:21:24.777392+05:30,GET,GET /health/,23.57,ok,
2026-10-04T19:21:24.785305+05:30,GET,GET /jobs/stats/,24.38,ok,
2026-10-04T19:21:24.794561+05:30,GET,GET /health/,18.81,ok,
2026-10-04T19:21:24.819306+05:30,POST,POST /jobs/,20.4,ok,
2026-10-04T19:21:24.851829+05:30,GET,GET /jobs/stats/,21.25,ok,
2026-10-04T19:21:24.866151+05:30,GET,GET /jobs/{id}/,19.59,ok,
2026-10-04T19:21:24.866856+05:30,GET,GET /health/,19.8,ok,
2026-10-04T19:21:24.893117+05:30,GET,GET /health/,21.06,ok,
2026-10-04T19:21:24.901090+05:30,GET,GET /jobs/stats/,25.13,ok,
2026-10-04T19:21:24.909335+05:30,GET,GET /jobs/{id}/,24.3,ok,
2026-10-04T19:21:24.914931+05:30,GET,GET /jobs/{id}/,20.96,ok,
2026-10-04T19:21:24.917205+05:30,GET,GET /jobs/stats/,23.94,ok,
2026-10-04T19:21:24.921116+05:30,GET,GET /jobs/{id}/,21.18,ok,
2026-10-04T19:21:24.928528+05:30,POST,POST /jobs/,26.51,ok,
2026-10-04T19:21:24.968274+05:30,GET,GET /jobs/{id}/,18.43,ok,
2026-10-04T19:21:24.993177+05:30,GET,GET /health/,18.57,ok,
2026-10-04T19:21:25.062245+05:30,POST,POST /jobs/,20.71,ok,
2026-10-04T19:21:25.075695+05:30,GET,GET /jobs/{id}/,21.06,ok,
2026-10-04T19:21:25.107660+05:30,POST,POST /jobs/,20.66,ok,
2026-10-04T19:21:25.146592+05:30,GET,GET /jobs/{id}/,17.62,ok,
2026-10-04T19:21:25.176478+05:30,GET,GET /jobs/{id}/,18.53,ok,
2026-10-04T19:21:25.253403+05:30,POST,POST /jobs/,22.62,ok,
2026-10-04T19:21:25.278993+05:30,GET,GET /jobs/{id}/,21.05,ok,
2026-10-04T19:21:25.279413+05:30,POST,POST /jobs/,27.35,ok,
2026-10-04T19:21:25.303937+05:30,POST,POST /jobs/,23.33,ok,
2026-10-04T19:21:25.320895+05:30,GET,GET /jobs/stats/,22.25,ok,
2026-10-04T19:21:25.329116+05:30,GET,GET /health/,18.85,ok,
2026-10-04T19:21:25.381403+05:30,GET,GET /jobs/stats/,19.99,ok,
2026-10-04T19:21:25.463534+05:30,GET,GET /health/,19.86,ok,
2026-10-04T19:21:25.504835+05:30,GET,GET /jobs/{id}/,17.84,ok,
2026-10-04T19:21:25.555144+05:30,GET,GET /jobs/{id}/,19.01,ok,
2026-10-04T19:21:25.555620+05:30,GET,GET /health/,21.51,ok,
2026-10-04T19:21:25.566593+05:30,GET,GET /jobs/{id}/,19.89,ok,
2026-10-04T19:21:25.586422+05:30,GET,GET /jobs/{id}/,18.58,ok,
2026-10-04T19:21:25.587362+05:30,GET,GET /health/,19.09,ok,
2026-10-04T19:21:25.594021+05:30,GET,GET /jobs/stats/,22.78,ok,
2026-10-04T19:21:25.600948+05:30,POST,POST /jobs/,27.65,ok,
2026-10-04T19:21:25.613432+05:30,GET,GET /jobs/{id}/,19.23,ok,
2026-10-04T19:21:25.642128+05:30,GET,GET /jobs/{id}/,18.39,ok,
2026-10-04T19:21:25.706608+05:30,GET,GET /jobs/{id}/,19.13,ok,
2026-10-04T19:21:25.715585+05:30,GET,GET /jobs/{id}/,18.97,ok,
2026-10-04T19:21:25.747411+05:30,GET,GET /jobs/{id}/,18.51,ok,
2026-10-04T19:21:25.795181+05:30,POST,POST /jobs/,25.46,ok,
2026-10-04T19:21:25.815870+05:30,POST,POST /jobs/,26.36,ok,
2026-10-04T19:21:25.823689+05:30,GET,GET /jobs/{id}/,26.98,ok,
2026-10-04T19:21:25.837342+05:30,GET,GET /jobs/{id}/,28.42,ok,
2026-10-04T19:21:25.845236+05:30,POST,POST /jobs/,26.66,ok,
2026-10-04T19:21:25.845867+05:30,GET,GET /jobs/{id}/,28.7,ok,
2026-10-04T19:21:25.860500+05:30,POST,POST /jobs/,35.53,ok,
2026-10-04T19:21:25.861168+05:30,POST,POST /jobs/,35.53,ok,
2026-10-04T19:21:25.947177+05:30,GET,GET /jobs/stats/,20.67,ok,
2026-10-04T19:21:25.989517+05:30,POST,POST /jobs/,24.84,ok,
2026-10-04T19:21:26.006126+05:30,POST,POST /jobs/,23.21,ok,
2026-10-04T19:21:26.035705+05:30,GET,GET /jobs/{id}/,20.24,ok,
2026-10-04T19:21:26.062516+05:30,GET,GET /jobs/{id}/,20.48,ok,
2026-10-04T19:21:26.066620+05:30,GET,GET /jobs/stats/,24.09,ok,
2026-10-04T19:21:26.090264+05:30,GET,GET /health/,18.38,ok,
2026-10-04T19:21:26.110440+05:30,GET,GET /jobs/{id}/,21.29,ok,
2026-10-04T19:21:26.120603+05:30,POST,POST /jobs/,23.75,ok,
2026-10-04T19:21:26.129130+05:30,GET,GET /jobs/stats/,28.23,ok,
2026-10-04T19:21:26.145919+05:30,POST,POST /jobs/,35.3,ok,
2026-10-04T19:21:26.166649+05:30,POST,POST /jobs/,42.79,ok,
2026-10-04T19:21:26.172067+05:30,POST,POST /jobs/,24.88,ok,
2026-10-04T19:21:26.216011+05:30,GET,GET /jobs/{id}/,18.31,ok,
2026-10-04T19:21:26.221498+05:30,GET,GET /jobs/{id}/,19.8,ok,
2026-10-04T19:21:26.250472+05:30,POST,POST /jobs/,21.64,ok,
2026-10-04T19:21:26.297647+05:30,GET,GET /jobs/{id}/,23.85,ok,
2026-10-04T19:21:26.303075+05:30,POST,POST /jobs/,28.76,ok,
2026-10-04T19:21:26.306997+05:30,POST,POST /jobs/,26.83,ok,
2026-10-04T19:21:26.315624+05:30,GET,GET /jobs/{id}/,24.52,ok,
2026-10-04T19:21:26.336641+05:30,POST,POST /jobs/,38.8,ok,
2026-10-04T19:21:26.337332+05:30,GET,GET /jobs/{id}/,27.08,ok,
2026-10-04T19:21:26.369118+05:30,GET,GET /health/,49.24,ok,
2026-10-04T19:21:26.378001+05:30,GET,GET /jobs/{id}/,40.51,ok,
2026-10-04T19:21:26.414935+05:30,POST,POST /jobs/,64.41,ok,
2026-10-04T19:21:26.415685+05:30,GET,GET /jobs/{id}/,43.29,ok,
2026-10-04T19:21:26.418306+05:30,GET,GET /health/,67.25,ok,
2026-10-04T19:21:26.422417+05:30,POST,POST /jobs/,45.84,ok,
2026-10-04T19:21:26.423947+05:30,GET,GET /jobs/stats/,37.34,ok,
2026-10-04T19:21:26.431940+05:30,GET,GET /jobs/{id}/,42.34,ok,
2026-10-04T19:21:26.462540+05:30,POST,POST /jobs/,72.43,ok,
2026-10-04T19:21:26.472998+05:30,GET,GET /jobs/{id}/,49.9,ok,
2026-10-04T19:21:26.478248+05:30,GET,GET /jobs/{id}/,30.0,ok,
2026-10-04T19:21:26.517793+05:30,GET,GET /jobs/{id}/,20.22,ok,
2026-10-04T19:21:26.586615+05:30,POST,POST /jobs/,22.36,ok,
2026-10-04T19:21:26.638106+05:30,GET,GET /health/,19.06,ok,
2026-10-04T19:21:26.684371+05:30,GET,GET /jobs/stats/,19.75,ok,
2026-10-04T19:21:26.698095+05:30,GET,GET /health/,18.25,ok,
2026-10-04T19:21:26.782732+05:30,GET,GET /jobs/{id}/,21.29,ok,
2026-10-04T19:21:26.787229+05:30,GET,GET /jobs/stats/,23.81,ok,
2026-10-04T19:21:26.791934+05:30,POST,POST /jobs/,26.34,ok,
2026-10-04T19:21:26.823049+05:30,GET,GET /jobs/{id}/,18.74,ok,
2026-10-04T19:21:26.829678+05:30,POST,POST /jobs/,22.29,ok,
2026-10-04T19:21:26.854881+05:30,GET,GET /jobs/{id}/,18.87,ok,
2026-10-04T19:21:26.865630+05:30,GET,GET /jobs/{id}/,18.47,ok,
2026-10-04T19:21:26.899430+05:30,POST,POST /jobs/,25.49,ok,
2026-10-04T19:21:26.910447+05:30,GET,GET /health/,20.74,ok,
2026-10-04T19:21:26.914013+05:30,GET,GET /jobs/stats/,23.75,ok,
2026-10-04T19:21:26.933241+05:30,POST,POST /jobs/,20.25,ok,
2026-10-04T19:21:26.979259+05:30,POST,POST /jobs/,21.7,ok,
2026-10-04T19:21:27.083902+05:30,GET,GET /jobs/{id}/,18.29,ok,
2026-10-04T19:21:27.084372+05:30,GET,GET /jobs/stats/,23.8,ok,
2026-10-04T19:21:27.109004+05:30,GET,GET /jobs/{id}/,18.27,ok,
2026-10-04T19:21:27.114712+05:30,GET,GET /jobs/stats/,20.0,ok,
2026-10-04T19:21:27.132723+05:30,GET,GET /jobs/stats/,19.47,ok,
2026-10-04T19:21:27.223870+05:30,GET,GET /jobs/{id}/,19.67,ok,
2026-10-04T19:21:27.230485+05:30,POST,POST /jobs/,23.66,ok,
2026-10-04T19:21:27.263518+05:30,POST,POST /jobs/,20.72,ok,
2026-10-04T19:21:27.291407+05:30,GET,GET /jobs/{id}/,18.57,ok,
2026-10-04T19:21:27.293380+05:30,GET,GET /jobs/{id}/,18.21,ok,
2026-10-04T19:21:27.341927+05:30,GET,GET /jobs/{id}/,24.23,ok,
2026-10-04T19:21:27.342495+05:30,GET,GET /health/,19.93,ok,
2026-10-04T19:21:27.342967+05:30,GET,GET /jobs/{id}/,24.41,ok,
2026-10-04T19:21:27.353500+05:30,GET,GET /health/,23.93,ok,
2026-10-04T19:21:27.355563+05:30,GET,GET /health/,20.16,ok,
2026-10-04T19:21:27.383436+05:30,GET,GET /health/,17.63,ok,
2026-10-04T19:21:27.419869+05:30,GET,GET /jobs/{id}/,19.12,ok,
2026-10-04T19:21:27.435671+05:30,POST,POST /jobs/,21.86,ok,
2026-10-04T19:21:27.440557+05:30,POST,POST /jobs/,21.78,ok,
2026-10-04T19:21:27.485671+05:30,GET,GET /health/,22.82,ok,
2026-10-04T19:21:27.501943+05:30,POST,POST /jobs/,24.06,ok,
2026-10-04T19:21:27.503896+05:30,POST,POST /jobs/,22.81,ok,
2026-10-04T19:21:27.537081+05:30,GET,GET /health/,21.87,ok,
2026-10-04T19:21:27.537912+05:30,GET,GET /jobs/stats/,22.15,ok,
2026-10-04T19:21:27.544117+05:30,POST,POST /jobs/,25.19,ok,
2026-10-04T19:21:27.546277+05:30,GET,GET /jobs/{id}/,19.82,ok,
2026-10-04T19:21:27.613484+05:30,POST,POST /jobs/,20.76,ok,
2026-10-04T19:21:27.621000+05:30,GET,GET /jobs/{id}/,23.31,ok,
2026-10-04T19:21:27.636071+05:30,GET,GET /jobs/stats/,22.42,ok,
2026-10-04T19:21:27.650297+05:30,GET,GET /jobs/{id}/,18.01,ok,
2026-10-04T19:21:27.708087+05:30,GET,GET /jobs/{id}/,21.32,ok,
2026-10-04T19:21:27.718382+05:30,GET,GET /jobs/stats/,20.64,ok,
2026-10-04T19:21:27.727180+05:30,GET,GET /jobs/{id}/,17.84,ok,
2026-10-04T19:21:27.733401+05:30,GET,GET /jobs/{id}/,19.13,ok,
2026-10-04T19:21:27.744896+05:30,POST,POST /jobs/,23.23,ok,
2026-10-04T19:21:27.812837+05:30,GET,GET /jobs/{id}/,19.63,ok,
2026-10-04T19:21:27.845409+05:30,GET,GET /health/,23.31,ok,
2026-10-04T19:21:27.857914+05:30,GET,GET /jobs/{id}/,24.83,ok,
2026-10-04T19:21:27.858628+05:30,POST,POST /jobs/,27.58,ok,
2026-10-04T19:21:27.861750+05:30,GET,GET /jobs/{id}/,24.65,ok,
2026-10-04T19:21:27.875985+05:30,GET,GET /health/,26.33,ok,
2026-10-04T19:21:27.918409+05:30,GET,GET /health/,19.18,ok,
2026-10-04T19:21:27.923360+05:30,POST,POST /jobs/,21.14,ok,
2026-10-04T19:21:27.957791+05:30,POST,POST /jobs/,22.11,ok,
2026-10-04T19:21:28.030832+05:30,GET,GET /jobs/{id}/,17.71,ok,
2026-10-04T19:21:28.161734+05:30,GET,GET /jobs/{id}/,18.74,ok,
2026-10-04T19:21:28.162728+05:30,GET,GET /jobs/{id}/,23.32,ok,
2026-10-04T19:21:28.163071+05:30,GET,GET /health/,20.63,ok,
2026-10-04T19:21:28.189688+05:30,GET,GET /jobs/{id}/,18.3,ok,
2026-10-04T19:21:28.190395+05:30,GET,GET /health/,18.44,ok,
2026-10-04T19:21:28.199202+05:30,GET,GET /jobs/{id}/,19.07,ok,
2026-10-04T19:21:28.245287+05:30,POST,POST /jobs/,21.72,ok,
2026-10-04T19:21:28.258488+05:30,POST,POST /jobs/,24.84,ok,
2026-10-04T19:21:28.299269+05:30,GET,GET /jobs/{id}/,26.48,ok,
2026-10-04T19:21:28.315227+05:30,GET,GET /jobs/{id}/,28.34,ok,
2026-10-04T19:21:28.315777+05:30,POST,POST /jobs/,31.98,ok,
2026-10-04T19:21:28.324902+05:30,GET,GET /jobs/{id}/,23.39,ok,
2026-10-04T19:21:28.338864+05:30,GET,GET /jobs/stats/,19.84,ok,
2026-10-04T19:21:28.362453+05:30,POST,POST /jobs/,22.33,ok,
2026-10-04T19:21:28.372982+05:30,GET,GET /jobs/{id}/,17.72,ok,
2026-10-04T19:21:28.397116+05:30,POST,POST /jobs/,23.95,ok,
2026-10-04T19:21:28.399135+05:30,GET,GET /jobs/{id}/,21.13,ok,
2026-10-04T19:21:28.410729+05:30,GET,GET /jobs/stats/,22.68,ok,
2026-10-04T19:21:28.433577+05:30,GET,GET /jobs/{id}/,20.57,ok,
2026-10-04T19:21:28.440301+05:30,GET,GET /jobs/{id}/,19.35,ok,
2026-10-04T19:21:28.444284+05:30,GET,GET /jobs/{id}/,20.4,ok,
2026-10-04T19:21:28.454040+05:30,POST,POST /jobs/,26.13,ok,
2026-10-04T19:21:28.472435+05:30,GET,GET /jobs/{id}/,22.78,ok,
2026-10-04T19:21:28.506191+05:30,GET,GET /health/,20.49,ok,
2026-10-04T19:21:28.516153+05:30,GET,GET /health/,18.53,ok,
2026-10-04T19:21:28.556138+05:30,GET,GET /health/,17.71,ok,
2026-10-04T19:21:28.632728+05:30,POST,POST /jobs/,22.28,ok,
2026-10-04T19:21:28.794839+05:30,GET,GET /jobs/{id}/,138.8,ok,
2026-10-04T19:21:28.805215+05:30,GET,GET /jobs/{id}/,88.22,ok,
2026-10-04T19:21:28.807855+05:30,POST,POST /jobs/,106.51,ok,
2026-10-04T19:21:28.814613+05:30,GET,GET /jobs/stats/,102.04,ok,
2026-10-04T19:21:28.818040+05:30,POST,POST /jobs/,93.86,ok,
2026-10-04T19:21:28.818994+05:30,GET,GET /jobs/stats/,72.83,ok,
2026-10-04T19:21:28.825489+05:30,GET,GET /jobs/{id}/,72.31,ok,
2026-10-04T19:21:28.866263+05:30,GET,GET /health/,98.12,ok,
2026-10-04T19:21:28.876192+05:30,GET,GET /jobs/{id}/,64.67,ok,
2026-10-04T19:21:28.902139+05:30,POST,POST /jobs/,66.37,ok,
2026-10-04T19:21:28.915001+05:30,GET,GET /jobs/stats/,34.47,ok,
2026-10-04T19:21:28.921452+05:30,GET,GET /jobs/{id}/,19.15,ok,
2026-10-04T19:21:28.941242+05:30,GET,GET /jobs/stats/,20.95,ok,
2026-10-04T19:21:28.952650+05:30,POST,POST /jobs/,22.64,ok,
2026-10-04T19:21:28.971994+05:30,POST,POST /jobs/,20.75,ok,
2026-10-04T19:21:28.982869+05:30,GET,GET /health/,19.65,ok,
2026-10-04T19:21:29.022447+05:30,GET,GET /jobs/{id}/,22.29,ok,
2026-10-04T19:21:29.047897+05:30,POST,POST /jobs/,31.62,ok,
2026-10-04T19:21:29.054113+05:30,POST,POST /jobs/,24.34,ok,
2026-10-04T19:21:29.193634+05:30,POST,POST /jobs/,22.14,ok,
2026-10-04T19:21:29.207282+05:30,POST,POST /jobs/,21.62,ok,
2026-10-04T19:21:29.253775+05:30,GET,GET /health/,18.01,ok,
2026-10-04T19:21:29.280811+05:30,GET,GET /jobs/{id}/,17.71,ok,
2026-10-04T19:21:29.337533+05:30,GET,GET /jobs/{id}/,18.38,ok,
2026-10-04T19:21:29.351983+05:30,GET,GET /jobs/{id}/,19.64,ok,
2026-10-04T19:21:29.369925+05:30,GET,GET /jobs/{id}/,20.07,ok,
2026-10-04T19:21:29.403409+05:30,GET,GET /jobs/{id}/,18.19,ok,
2026-10-04T19:21:29.507975+05:30,POST,POST /jobs/,21.99,ok,
2026-10-04T19:21:29.524454+05:30,POST,POST /jobs/,26.18,ok,
2026-10-04T19:21:29.546849+05:30,GET,GET /jobs/{id}/,29.9,ok,
2026-10-04T19:21:29.547288+05:30,GET,GET /jobs/{id}/,31.03,ok,
2026-10-04T19:21:29.553977+05:30,GET,GET /jobs/{id}/,26.24,ok,
2026-10-04T19:21:29.574021+05:30,GET,GET /jobs/{id}/,17.81,ok,
2026-10-04T19:21:29.589246+05:30,GET,GET /health/,20.07,ok,
2026-10-04T19:21:29.602265+05:30,POST,POST /jobs/,21.92,ok,
2026-10-04T19:21:29.623942+05:30,GET,GET /jobs/{id}/,19.34,ok,
2026-10-04T19:21:29.630481+05:30,POST,POST /jobs/,23.9,ok,
2026-10-04T19:21:29.652452+05:30,GET,GET /health/,18.73,ok,
2026-10-04T19:21:29.693219+05:30,GET,GET /jobs/stats/,20.46,ok,
2026-10-04T19:21:29.702370+05:30,GET,GET /jobs/{id}/,18.6,ok,
2026-10-04T19:21:29.713080+05:30,POST,POST /jobs/,25.11,ok,
2026-10-04T19:21:29.733717+05:30,GET,GET /jobs/{id}/,18.29,ok,
2026-10-04T19:21:29.763441+05:30,POST,POST /jobs/,21.42,ok,
2026-10-04T19:21:29.807074+05:30,GET,GET /jobs/{id}/,22.31,ok,
2026-10-04T19:21:29.815065+05:30,GET,GET /jobs/stats/,20.27,ok,
2026-10-04T19:21:29.835906+05:30,GET,GET /jobs/{id}/,18.55,ok,
2026-10-04T19:21:29.885661+05:30,POST,POST /jobs/,23.41,ok,
2026-10-04T19:21:29.894470+05:30,GET,GET /jobs/{id}/,23.68,ok,
2026-10-04T19:21:29.920235+05:30,POST,POST /jobs/,21.42,ok,
2026-10-04T19:21:29.949839+05:30,POST,POST /jobs/,20.3,ok,
2026-10-04T19:21:29.969588+05:30,GET,GET /jobs/{id}/,17.49,ok,
2026-10-04T19:21:30.038244+05:30,GET,GET /jobs/{id}/,19.15,ok,
2026-10-04T19:21:30.051260+05:30,POST,POST /jobs/,24.12,ok,
2026-10-04T19:21:30.056004+05:30,GET,GET /health/,22.84,ok,
2026-10-04T19:21:30.091488+05:30,GET,GET /jobs/{id}/,20.96,ok,
2026-10-04T19:21:30.096636+05:30,POST,POST /jobs/,33.31,ok,
2026-10-04T19:21:30.103943+05:30,GET,GET /health/,27.21,ok,
2026-10-04T19:21:30.123392+05:30,GET,GET /jobs/{id}/,25.44,ok,
2026-10-04T19:21:30.124119+05:30,POST,POST /jobs/,24.32,ok,
2026-10-04T19:21:30.130425+05:30,GET,GET /jobs/{id}/,19.21,ok,
2026-10-04T19:21:30.165841+05:30,GET,GET /jobs/{id}/,24.08,ok,
2026-10-04T19:21:30.167727+05:30,POST,POST /jobs/,25.43,ok,
2026-10-04T19:21:30.178586+05:30,GET,GET /health/,23.17,ok,
2026-10-04T19:21:30.204798+05:30,GET,GET /jobs/{id}/,23.91,ok,
2026-10-04T19:21:30.214361+05:30,GET,GET /jobs/{id}/,21.49,ok,
2026-10-04T19:21:30.218518+05:30,GET,GET /jobs/stats/,21.47,ok,
2026-10-04T19:21:30.255616+05:30,POST,POST /jobs/,20.78,ok,
2026-10-04T19:21:30.256130+05:30,GET,GET /health/,19.3,ok,
2026-10-04T19:21:30.315932+05:30,POST,POST /jobs/,21.53,ok,
2026-10-04T19:21:30.329316+05:30,POST,POST /jobs/,21.87,ok,
2026-10-04T19:21:30.356582+05:30,GET,GET /jobs/{id}/,17.97,ok,
2026-10-04T19:21:30.372008+05:30,POST,POST /jobs/,26.42,ok,
2026-10-04T19:21:30.389109+05:30,GET,GET /jobs/{id}/,18.86,ok,
2026-10-04T19:21:30.389593+05:30,GET,GET /jobs/stats/,23.74,ok,
2026-10-04T19:21:30.402172+05:30,POST,POST /jobs/,23.85,ok,
2026-10-04T19:21:30.432843+05:30,POST,POST /jobs/,21.33,ok,
2026-10-04T19:21:30.454367+05:30,GET,GET /health/,21.39,ok,
2026-10-04T19:21:30.462586+05:30,GET,GET /jobs/{id}/,18.75,ok,
2026-10-04T19:21:30.504701+05:30,POST,POST /jobs/,26.76,ok,
2026-10-04T19:21:30.510660+05:30,GET,GET /health/,22.75,ok,
2026-10-04T19:21:30.515770+05:30,GET,GET /jobs/{id}/,19.99,ok,
2026-10-04T19:21:30.523884+05:30,POST,POST /jobs/,29.79,ok,
2026-10-04T19:21:30.536080+05:30,GET,GET /jobs/{id}/,19.07,ok,
2026-10-04T19:21:30.543274+05:30,GET,GET /health/,19.21,ok,
2026-10-04T19:21:30.605290+05:30,GET,GET /jobs/{id}/,20.62,ok,
2026-10-04T19:21:30.623354+05:30,POST,POST /jobs/,22.58,ok,
2026-10-04T19:21:30.626890+05:30,GET,GET /jobs/{id}/,19.33,ok,
2026-10-04T19:21:30.661408+05:30,GET,GET /jobs/stats/,19.22,ok,
2026-10-04T19:21:30.736119+05:30,GET,GET /jobs/{id}/,18.38,ok,
2026-10-04T19:21:30.799147+05:30,POST,POST /jobs/,23.26,ok,
2026-10-04T19:21:30.799626+05:30,GET,GET /health/,23.29,ok,
2026-10-04T19:21:30.805615+05:30,GET,GET /health/,18.02,ok,
2026-10-04T19:21:30.868472+05:30,GET,GET /jobs/stats/,19.49,ok,
2026-10-04T19:21:30.893451+05:30,POST,POST /jobs/,20.63,ok,
2026-10-04T19:21:30.923822+05:30,GET,GET /jobs/{id}/,18.07,ok,
2026-10-04T19:21:30.952810+05:30,GET,GET /jobs/stats/,20.71,ok,
2026-10-04T19:21:30.959104+05:30,GET,GET /jobs/{id}/,22.93,ok,
2026-10-04T19:21:30.972716+05:30,GET,GET /jobs/{id}/,19.7,ok,
2026-10-04T19:21:31.019808+05:30,GET,GET /jobs/stats/,20.45,ok,
2026-10-04T19:21:31.050079+05:30,GET,GET /jobs/{id}/,18.92,ok,
2026-10-04T19:21:31.075181+05:30,POST,POST /jobs/,20.79,ok,
2026-10-04T19:21:31.106097+05:30,GET,GET /jobs/{id}/,20.54,ok,
2026-10-04T19:21:31.119367+05:30,GET,GET /jobs/{id}/,22.6,ok,
2026-10-04T19:21:31.122562+05:30,POST,POST /jobs/,29.95,ok,
2026-10-04T19:21:31.214214+05:30,GET,GET /jobs/stats/,20.16,ok,
2026-10-04T19:21:31.221246+05:30,POST,POST /jobs/,22.22,ok,
2026-10-04T19:21:31.232015+05:30,POST,POST /jobs/,23.0,ok,
2026-10-04T19:21:31.264534+05:30,GET,GET /jobs/{id}/,20.16,ok,
2026-10-04T19:21:31.273745+05:30,GET,GET /health/,21.19,ok,
2026-10-04T19:21:31.275387+05:30,POST,POST /jobs/,27.74,ok,
2026-10-04T19:21:31.279382+05:30,POST,POST /jobs/,22.85,ok,
2026-10-04T19:21:31.326174+05:30,POST,POST /jobs/,20.52,ok,
2026-10-04T19:21:31.362897+05:30,GET,GET /health/,20.45,ok,
2026-10-04T19:21:31.403739+05:30,POST,POST /jobs/,21.45,ok,
2026-10-04T19:21:31.425422+05:30,GET,GET /jobs/{id}/,27.77,ok,
2026-10-04T19:21:31.465234+05:30,GET,GET /jobs/{id}/,19.32,ok,
2026-10-04T19:21:31.543856+05:30,POST,POST /jobs/,20.19,ok,
2026-10-04T19:21:31.573308+05:30,POST,POST /jobs/,22.14,ok,
2026-10-04T19:21:31.582725+05:30,GET,GET /jobs/{id}/,22.57,ok,
2026-10-04T19:21:31.597856+05:30,GET,GET /jobs/{id}/,19.18,ok,
2026-10-04T19:21:31.614837+05:30,GET,GET /jobs/{id}/,19.68,ok,
2026-10-04T19:21:31.656950+05:30,POST,POST /jobs/,20.81,ok,
2026-10-04T19:21:31.693923+05:30,GET,GET /jobs/{id}/,18.67,ok,
2026-10-04T19:21:31.717313+05:30,POST,POST /jobs/,24.38,ok,
2026-10-04T19:21:31.780691+05:30,GET,GET /jobs/stats/,20.08,ok,
2026-10-04T19:21:31.805777+05:30,POST,POST /jobs/,22.83,ok,
2026-10-04T19:21:31.823292+05:30,GET,GET /health/,21.57,ok,
2026-10-04T19:21:31.887043+05:30,POST,POST /jobs/,21.24,ok,
2026-10-04T19:21:31.896196+05:30,POST,POST /jobs/,23.33,ok,
2026-10-04T19:21:31.915811+05:30,POST,POST /jobs/,27.5,ok,
2026-10-04T19:21:32.004215+05:30,GET,GET /jobs/{id}/,19.97,ok,
2026-10-04T19:21:32.010641+05:30,POST,POST /jobs/,28.45,ok,
2026-10-04T19:21:32.050091+05:30,POST,POST /jobs/,30.03,ok,
2026-10-04T19:21:32.050809+05:30,POST,POST /jobs/,24.55,ok,
2026-10-04T19:21:32.082164+05:30,POST,POST /jobs/,40.8,ok,
2026-10-04T19:21:32.082768+05:30,GET,GET /jobs/stats/,30.75,ok,
2026-10-04T19:21:32.093143+05:30,POST,POST /jobs/,37.14,ok,
2026-10-04T19:21:32.093751+05:30,POST,POST /jobs/,39.78,ok,
2026-10-04T19:21:32.122424+05:30,GET,GET /jobs/{id}/,19.37,ok,
2026-10-04T19:21:32.144547+05:30,GET,GET /jobs/{id}/,17.81,ok,
2026-10-04T19:21:32.184868+05:30,GET,GET /jobs/{id}/,18.0,ok,
2026-10-04T19:21:32.210480+05:30,POST,POST /jobs/,21.31,ok,
2026-10-04T19:21:32.234323+05:30,GET,GET /jobs/{id}/,19.57,ok,
2026-10-04T19:21:32.247441+05:30,GET,GET /jobs/stats/,19.74,ok,
2026-10-04T19:21:32.260714+05:30,GET,GET /jobs/{id}/,20.1,ok,
2026-10-04T19:21:32.318075+05:30,GET,GET /jobs/{id}/,20.06,ok,
2026-10-04T19:21:32.326380+05:30,GET,GET /jobs/{id}/,18.33,ok,
2026-10-04T19:21:32.346701+05:30,GET,GET /jobs/stats/,19.07,ok,
2026-10-04T19:21:32.405344+05:30,POST,POST /jobs/,22.25,ok,
2026-10-04T19:21:32.419805+05:30,GET,GET /jobs/stats/,22.73,ok,
2026-10-04T19:21:32.439641+05:30,POST,POST /jobs/,23.97,ok,
2026-10-04T19:21:32.477718+05:30,GET,GET /jobs/{id}/,18.76,ok,
2026-10-04T19:21:32.490258+05:30,POST,POST /jobs/,23.87,ok,
2026-10-04T19:21:32.501371+05:30,GET,GET /jobs/stats/,23.52,ok,
2026-10-04T19:21:32.515343+05:30,GET,GET /jobs/{id}/,21.77,ok,
2026-10-04T19:21:32.528174+05:30,GET,GET /jobs/stats/,19.54,ok,
2026-10-04T19:21:32.570511+05:30,POST,POST /jobs/,23.02,ok,
2026-10-04T19:21:32.576505+05:30,GET,GET /jobs/{id}/,20.9,ok,
2026-10-04T19:21:32.606068+05:30,GET,GET /jobs/{id}/,19.07,ok,
2026-10-04T19:21:32.622878+05:30,POST,POST /jobs/,21.85,ok,
2026-10-04T19:21:32.629029+05:30,GET,GET /jobs/{id}/,17.7,ok,
2026-10-04T19:21:32.656256+05:30,POST,POST /jobs/,19.9,ok,
2026-10-04T19:21:32.659591+05:30,POST,POST /jobs/,20.2,ok,
2026-10-04T19:21:32.684928+05:30,POST,POST /jobs/,24.06,ok,
2026-10-04T19:21:32.694209+05:30,POST,POST /jobs/,24.43,ok,
2026-10-04T19:21:32.722043+05:30,GET,GET /jobs/{id}/,24.56,ok,
2026-10-04T19:21:32.727880+05:30,GET,GET /jobs/{id}/,19.38,ok,
2026-10-04T19:21:32.733609+05:30,GET,GET /jobs/stats/,24.42,ok,
2026-10-04T19:21:32.738809+05:30,GET,GET /jobs/stats/,24.64,ok,
2026-10-04T19:21:32.756631+05:30,GET,GET /jobs/{id}/,19.71,ok,
2026-10-04T19:21:32.760258+05:30,POST,POST /jobs/,22.77,ok,
2026-10-04T19:21:32.769211+05:30,POST,POST /jobs/,25.8,ok,
2026-10-04T19:21:32.786997+05:30,GET,GET /jobs/{id}/,23.47,ok,
2026-10-04T19:21:32.805435+05:30,GET,GET /health/,18.3,ok,
2026-10-04T19:21:32.838896+05:30,GET,GET /jobs/{id}/,20.15,ok,
2026-10-04T19:21:32.860435+05:30,POST,POST /jobs/,27.63,ok,
2026-10-04T19:21:32.861012+05:30,POST,POST /jobs/,26.27,ok,
2026-10-04T19:21:32.868467+05:30,GET,GET /jobs/stats/,25.32,ok,
2026-10-04T19:21:32.884521+05:30,POST,POST /jobs/,20.28,ok,
2026-10-04T19:21:32.942898+05:30,GET,GET /jobs/{id}/,17.85,ok,
2026-10-04T19:21:32.988735+05:30,GET,GET /jobs/{id}/,20.24,ok,
2026-10-04T19:21:33.000584+05:30,GET,GET /jobs/{id}/,28.13,ok,
2026-10-04T19:21:33.001367+05:30,POST,POST /jobs/,30.89,ok,
2026-10-04T19:21:33.006285+05:30,POST,POST /jobs/,34.74,ok,
2026-10-04T19:21:33.006901+05:30,POST,POST /jobs/,35.81,ok,
2026-10-04T19:21:33.079220+05:30,POST,POST /jobs/,21.02,ok,
2026-10-04T19:21:33.108194+05:30,POST,POST /jobs/,26.89,ok,
2026-10-04T19:21:33.108884+05:30,POST,POST /jobs/,29.5,ok,
2026-10-04T19:21:33.113770+05:30,GET,GET /health/,24.47,ok,
2026-10-04T19:21:33.177080+05:30,GET,GET /jobs/{id}/,26.95,ok,
2026-10-04T19:21:33.195989+05:30,POST,POST /jobs/,26.89,ok,
2026-10-04T19:21:33.201953+05:30,GET,GET /jobs/stats/,24.69,ok,
2026-10-04T19:21:33.227787+05:30,POST,POST /jobs/,30.52,ok,
2026-10-04T19:21:33.299919+05:30,POST,POST /jobs/,21.84,ok,
2026-10-04T19:21:33.332704+05:30,GET,GET /jobs/{id}/,18.48,ok,
2026-10-04T19:21:33.350425+05:30,GET,GET /jobs/{id}/,21.07,ok,
2026-10-04T19:21:33.355630+05:30,POST,POST /jobs/,24.16,ok,
2026-10-04T19:21:33.383361+05:30,GET,GET /health/,21.45,ok,
2026-10-04T19:21:33.398890+05:30,GET,GET /jobs/stats/,23.02,ok,
2026-10-04T19:21:33.407555+05:30,GET,GET /jobs/stats/,18.95,ok,
2026-10-04T19:21:33.447858+05:30,GET,GET /jobs/{id}/,17.96,ok,
2026-10-04T19:21:33.448305+05:30,GET,GET /jobs/{id}/,20.48,ok,
2026-10-04T19:21:33.480493+05:30,GET,GET /jobs/{id}/,23.15,ok,
2026-10-04T19:21:33.483606+05:30,POST,POST /jobs/,26.91,ok,
2026-10-04T19:21:33.491565+05:30,GET,GET /jobs/{id}/,27.23,ok,
2026-10-04T19:21:33.501232+05:30,POST,POST /jobs/,26.77,ok,
2026-10-04T19:21:33.509007+05:30,POST,POST /jobs/,23.13,ok,
2026-10-04T19:21:33.536892+05:30,GET,GET /jobs/{id}/,23.61,ok,
2026-10-04T19:21:33.620745+05:30,POST,POST /jobs/,20.52,ok,
2026-10-04T19:21:33.630994+05:30,GET,GET /health/,17.67,ok,
2026-10-04T19:21:33.649333+05:30,GET,GET /jobs/{id}/,18.13,ok,
2026-10-04T19:21:33.655674+05:30,GET,GET /jobs/{id}/,17.2,ok,
2026-10-04T19:21:33.689632+05:30,POST,POST /jobs/,20.64,ok,
2026-10-04T19:21:33.712581+05:30,GET,GET /jobs/{id}/,18.66,ok,
2026-10-04T19:21:33.724195+05:30,GET,GET /jobs/{id}/,19.35,ok,
2026-10-04T19:21:33.752704+05:30,GET,GET /jobs/{id}/,18.18,ok,
2026-10-04T19:21:33.755907+05:30,POST,POST /jobs/,20.85,ok,
2026-10-04T19:21:33.779524+05:30,GET,GET /jobs/stats/,21.39,ok,
2026-10-04T19:21:33.781256+05:30,GET,GET /jobs/stats/,20.27,ok,
2026-10-04T19:21:33.788066+05:30,GET,GET /health/,18.99,ok,
2026-10-04T19:21:33.810846+05:30,POST,POST /jobs/,24.32,ok,
2026-10-04T19:21:33.816193+05:30,GET,GET /jobs/{id}/,18.81,ok,
2026-10-04T19:21:33.849304+05:30,GET,GET /jobs/stats/,19.81,ok,
2026-10-04T19:21:33.885458+05:30,POST,POST /jobs/,21.85,ok,
2026-10-04T19:21:33.891964+05:30,GET,GET /health/,22.3,ok,
2026-10-04T19:21:33.978422+05:30,POST,POST /jobs/,26.09,ok,
2026-10-04T19:21:33.985975+05:30,GET,GET /jobs/{id}/,19.46,ok,
2026-10-04T19:21:34.035780+05:30,GET,GET /health/,20.51,ok,
2026-10-04T19:21:34.041278+05:30,GET,GET /health/,20.32,ok,
2026-10-04T19:21:34.043025+05:30,GET,GET /jobs/stats/,27.13,ok,
2026-10-04T19:21:34.066954+05:30,GET,GET /jobs/stats/,23.76,ok,
2026-10-04T19:21:34.071777+05:30,GET,GET /jobs/{id}/,25.67,ok,
2026-10-04T19:21:34.077541+05:30,GET,GET /jobs/{id}/,25.63,ok,
2026-10-04T19:21:34.144976+05:30,GET,GET /jobs/{id}/,19.14,ok,
2026-10-04T19:21:34.169577+05:30,POST,POST /jobs/,25.72,ok,
2026-10-04T19:21:34.189097+05:30,POST,POST /jobs/,20.59,ok,
2026-10-04T19:21:34.204081+05:30,POST,POST /jobs/,22.71,ok,
2026-10-04T19:21:34.237356+05:30,GET,GET /jobs/{id}/,19.89,ok,
2026-10-04T19:21:34.237844+05:30,POST,POST /jobs/,24.43,ok,
2026-10-04T19:21:34.298817+05:30,POST,POST /jobs/,23.42,ok,
2026-10-04T19:21:34.310792+05:30,POST,POST /jobs/,24.37,ok,
2026-10-04T19:21:34.317369+05:30,POST,POST /jobs/,23.68,ok,
2026-10-04T19:21:34.341141+05:30,POST,POST /jobs/,25.04,ok,
2026-10-04T19:21:34.360641+05:30,POST,POST /jobs/,29.66,ok,
2026-10-04T19:21:34.452960+05:30,GET,GET /jobs/stats/,19.01,ok,
2026-10-04T19:21:34.492845+05:30,POST,POST /jobs/,26.53,ok,
2026-10-04T19:21:34.553871+05:30,GET,GET /jobs/{id}/,18.7,ok,
2026-10-04T19:21:34.576803+05:30,POST,POST /jobs/,21.68,ok,
2026-10-04T19:21:34.587408+05:30,GET,GET /jobs/stats/,24.73,ok,
2026-10-04T19:21:34.593505+05:30,GET,GET /jobs/{id}/,19.75,ok,
2026-10-04T19:21:34.634100+05:30,GET,GET /jobs/{id}/,18.3,ok,
2026-10-04T19:21:34.669913+05:30,POST,POST /jobs/,22.47,ok,
2026-10-04T19:21:34.674534+05:30,POST,POST /jobs/,21.96,ok,
2026-10-04T19:21:34.738137+05:30,GET,GET /jobs/{id}/,19.12,ok,
2026-10-04T19:21:34.742539+05:30,POST,POST /jobs/,22.95,ok,
2026-10-04T19:21:34.843422+05:30,POST,POST /jobs/,30.36,ok,
2026-10-04T19:21:34.849592+05:30,GET,GET /jobs/{id}/,29.45,ok,
2026-10-04T19:21:34.855831+05:30,POST,POST /jobs/,38.72,ok,
2026-10-04T19:21:34.869468+05:30,GET,GET /jobs/{id}/,34.75,ok,
2026-10-04T19:21:34.869921+05:30,GET,GET /jobs/{id}/,31.68,ok,
2026-10-04T19:21:34.870305+05:30,GET,GET /jobs/{id}/,31.32,ok,
2026-10-04T19:21:34.881906+05:30,POST,POST /jobs/,34.49,ok,
2026-10-04T19:21:34.927650+05:30,POST,POST /jobs/,20.38,ok,
2026-10-04T19:21:34.948768+05:30,GET,GET /jobs/{id}/,17.77,ok,
2026-10-04T19:21:34.991971+05:30,GET,GET /jobs/{id}/,18.86,ok,
2026-10-04T19:21:35.062729+05:30,GET,GET /jobs/{id}/,21.19,ok,
2026-10-04T19:21:35.063208+05:30,GET,GET /jobs/{id}/,20.78,ok,
2026-10-04T19:21:35.068629+05:30,GET,GET /jobs/stats/,22.34,ok,
2026-10-04T19:21:35.100849+05:30,GET,GET /jobs/{id}/,18.88,ok,
2026-10-04T19:21:35.113875+05:30,GET,GET /jobs/{id}/,17.86,ok,
2026-10-04T19:21:35.175436+05:30,GET,GET /jobs/stats/,27.28,ok,
2026-10-04T19:21:35.176562+05:30,GET,GET /jobs/stats/,23.3,ok,
2026-10-04T19:21:35.186122+05:30,GET,GET /jobs/{id}/,20.7,ok,
2026-10-04T19:21:35.188020+05:30,GET,GET /jobs/{id}/,20.66,ok,
2026-10-04T19:21:35.225413+05:30,GET,GET /jobs/{id}/,19.12,ok,
2026-10-04T19:21:35.225868+05:30,GET,GET /health/,18.73,ok,
2026-10-04T19:21:35.251671+05:30,GET,GET /jobs/stats/,19.75,ok,
2026-10-04T19:21:35.254868+05:30,POST,POST /jobs/,23.76,ok,
2026-10-04T19:21:35.289191+05:30,GET,GET /jobs/stats/,19.06,ok,
2026-10-04T19:21:35.327380+05:30,POST,POST /jobs/,20.88,ok,
2026-10-04T19:21:35.331687+05:30,GET,GET /jobs/stats/,21.2,ok,
2026-10-04T19:21:35.387814+05:30,POST,POST /jobs/,24.82,ok,
2026-10-04T19:21:35.395163+05:30,GET,GET /jobs/{id}/,26.1,ok,
2026-10-04T19:21:35.437712+05:30,POST,POST /jobs/,21.1,ok,
2026-10-04T19:21:35.453749+05:30,POST,POST /jobs/,28.97,ok,
2026-10-04T19:21:35.462454+05:30,GET,GET /jobs/{id}/,26.9,ok,
2026-10-04T19:21:35.466620+05:30,GET,GET /jobs/{id}/,22.31,ok,
2026-10-04T19:21:35.478734+05:30,POST,POST /jobs/,33.46,ok,
2026-10-04T19:21:35.512647+05:30,GET,GET /jobs/{id}/,21.58,ok,
2026-10-04T19:21:35.520711+05:30,POST,POST /jobs/,21.68,ok,
2026-10-04T19:21:35.528533+05:30,GET,GET /jobs/stats/,22.3,ok,
2026-10-04T19:21:35.571061+05:30,GET,GET /jobs/{id}/,20.21,ok,
2026-10-04T19:21:35.588208+05:30,GET,GET /jobs/{id}/,21.32,ok,
2026-10-04T19:21:35.599420+05:30,POST,POST /jobs/,21.08,ok,
2026-10-04T19:21:35.612661+05:30,GET,GET /health/,20.17,ok,
2026-10-04T19:21:35.622147+05:30,GET,GET /jobs/{id}/,18.46,ok,
2026-10-04T19:21:35.629896+05:30,POST,POST /jobs/,21.2,ok,
2026-10-04T19:21:35.652209+05:30,GET,GET /jobs/stats/,19.07,ok,
2026-10-04T19:21:35.670286+05:30,GET,GET /jobs/stats/,19.17,ok,
2026-10-04T19:21:35.742294+05:30,GET,GET /health/,17.7,ok,
2026-10-04T19:21:35.812909+05:30,POST,POST /jobs/,20.03,ok,
2026-10-04T19:21:35.836218+05:30,GET,GET /jobs/stats/,20.08,ok,
2026-10-04T19:21:35.890534+05:30,POST,POST /jobs/,22.74,ok,
2026-10-04T19:21:35.897609+05:30,GET,GET /jobs/{id}/,21.73,ok,
2026-10-04T19:21:35.974192+05:30,GET,GET /jobs/{id}/,23.13,ok,
2026-10-04T19:21:36.068482+05:30,GET,GET /jobs/{id}/,18.84,ok,
2026-10-04T19:21:36.073056+05:30,GET,GET /jobs/{id}/,19.51,ok,
2026-10-04T19:21:36.090366+05:30,GET,GET /jobs/{id}/,18.39,ok,
2026-10-04T19:21:36.106300+05:30,POST,POST /jobs/,25.68,ok,
2026-10-04T19:21:36.124209+05:30,POST,POST /jobs/,24.53,ok,
2026-10-04T19:21:36.161877+05:30,GET,GET /jobs/stats/,21.36,ok,
2026-10-04T19:21:36.164101+05:30,GET,GET /health/,17.43,ok,
2026-10-04T19:21:36.208259+05:30,GET,GET /jobs/{id}/,21.63,ok,
2026-10-04T19:21:36.217724+05:30,GET,GET /jobs/{id}/,22.12,ok,
2026-10-04T19:21:36.238444+05:30,GET,GET /jobs/stats/,21.74,ok,
2026-10-04T19:21:36.253619+05:30,GET,GET /health/,27.29,ok,
2026-10-04T19:21:36.254223+05:30,POST,POST /jobs/,24.96,ok,
2026-10-04T19:21:36.266253+05:30,POST,POST /jobs/,26.51,ok,
2026-10-04T19:21:36.275044+05:30,GET,GET /health/,34.41,ok,
2026-10-04T19:21:36.297961+05:30,POST,POST /jobs/,41.41,ok,
2026-10-04T19:21:36.312160+05:30,GET,GET /health/,27.84,ok,
2026-10-04T19:21:36.316892+05:30,GET,GET /jobs/{id}/,17.67,ok,
2026-10-04T19:21:36.338320+05:30,GET,GET /jobs/{id}/,19.13,ok,
2026-10-04T19:21:36.352008+05:30,POST,POST /jobs/,21.69,ok,
2026-10-04T19:21:36.378299+05:30,POST,POST /jobs/,24.0,ok,
2026-10-04T19:21:36.386912+05:30,GET,GET /jobs/stats/,19.64,ok,
2026-10-04T19:21:36.416256+05:30,GET,GET /jobs/{id}/,21.03,ok,
2026-10-04T19:21:36.416838+05:30,GET,GET /jobs/{id}/,20.98,ok,
2026-10-04T19:21:36.473318+05:30,GET,GET /jobs/stats/,24.21,ok,
2026-10-04T19:21:36.476586+05:30,GET,GET /jobs/{id}/,22.77,ok,
2026-10-04T19:21:36.487400+05:30,GET,GET /jobs/{id}/,20.47,ok,
2026-10-04T19:21:36.487844+05:30,GET,GET /jobs/{id}/,20.37,ok,
2026-10-04T19:21:36.537216+05:30,GET,GET /jobs/{id}/,18.08,ok,
2026-10-04T19:21:36.604983+05:30,GET,GET /health/,21.47,ok,
2026-10-04T19:21:36.617334+05:30,POST,POST /jobs/,22.76,ok,
2026-10-04T19:21:36.635893+05:30,POST,POST /jobs/,28.6,ok,
2026-10-04T19:21:36.636988+05:30,GET,GET /jobs/{id}/,27.8,ok,
2026-10-04T19:21:36.690448+05:30,GET,GET /jobs/{id}/,18.12,ok,
2026-10-04T19:21:36.721371+05:30,GET,GET /jobs/{id}/,20.6,ok,
2026-10-04T19:21:36.727329+05:30,GET,GET /jobs/{id}/,19.57,ok,
2026-10-04T19:21:36.739005+05:30,POST,POST /jobs/,23.18,ok,
2026-10-04T19:21:36.849196+05:30,GET,GET /health/,22.68,ok,
2026-10-04T19:21:36.863841+05:30,POST,POST /jobs/,23.79,ok,
2026-10-04T19:21:36.882341+05:30,POST,POST /jobs/,27.83,ok,
2026-10-04T19:21:36.883075+05:30,POST,POST /jobs/,27.88,ok,
2026-10-04T19:21:36.912505+05:30,POST,POST /jobs/,22.14,ok,
2026-10-04T19:21:36.930075+05:30,POST,POST /jobs/,25.7,ok,
2026-10-04T19:21:36.949082+05:30,POST,POST /jobs/,25.24,ok,
2026-10-04T19:21:36.951157+05:30,GET,GET /jobs/{id}/,22.24,ok,
2026-10-04T19:21:36.981971+05:30,POST,POST /jobs/,20.52,ok,
2026-10-04T19:21:37.123596+05:30,GET,GET /health/,24.75,ok,
2026-10-04T19:21:37.124607+05:30,POST,POST /jobs/,26.27,ok,
2026-10-04T19:21:37.126928+05:30,GET,GET /jobs/{id}/,20.03,ok,
2026-10-04T19:21:37.141101+05:30,POST,POST /jobs/,28.13,ok,
2026-10-04T19:21:37.156751+05:30,GET,GET /jobs/stats/,21.55,ok,
2026-10-04T19:21:37.168869+05:30,POST,POST /jobs/,25.49,ok,
2026-10-04T19:21:37.193457+05:30,GET,GET /jobs/{id}/,17.31,ok,
2026-10-04T19:21:37.247792+05:30,GET,GET /jobs/stats/,19.06,ok,
2026-10-04T19:21:37.274169+05:30,GET,GET /jobs/{id}/,18.06,ok,
2026-10-04T19:21:37.317269+05:30,POST,POST /jobs/,23.79,ok,
2026-10-04T19:21:37.323666+05:30,GET,GET /jobs/{id}/,23.05,ok,
2026-10-04T19:21:37.330335+05:30,POST,POST /jobs/,26.19,ok,
2026-10-04T19:21:37.344209+05:30,POST,POST /jobs/,33.97,ok,
2026-10-04T19:21:37.345109+05:30,GET,GET /jobs/{id}/,26.6,ok,
2026-10-04T19:21:37.364652+05:30,GET,GET /jobs/{id}/,28.84,ok,
2026-10-04T19:21:37.365102+05:30,POST,POST /jobs/,31.52,ok,
2026-10-04T19:21:37.379626+05:30,GET,GET /jobs/{id}/,20.52,ok,
2026-10-04T19:21:37.399735+05:30,GET,GET /jobs/stats/,36.41,ok,
2026-10-04T19:21:37.410520+05:30,GET,GET /jobs/{id}/,31.98,ok,
2026-10-04T19:21:37.418163+05:30,POST,POST /jobs/,22.69,ok,
2026-10-04T19:21:37.445024+05:30,GET,GET /health/,18.6,ok,
2026-10-04T19:21:37.461622+05:30,GET,GET /health/,20.25,ok,
2026-10-04T19:21:37.475125+05:30,GET,GET /health/,18.84,ok,
2026-10-04T19:21:37.498483+05:30,GET,GET /jobs/stats/,20.1,ok,
2026-10-04T19:21:37.518186+05:30,POST,POST /jobs/,23.86,ok,
2026-10-04T19:21:37.528450+05:30,POST,POST /jobs/,21.59,ok,
2026-10-04T19:21:37.559876+05:30,GET,GET /health/,23.11,ok,
2026-10-04T19:21:37.560318+05:30,GET,GET /jobs/{id}/,22.88,ok,
2026-10-04T19:21:37.564950+05:30,GET,GET /health/,22.42,ok,
2026-10-04T19:21:37.578454+05:30,GET,GET /jobs/stats/,20.45,ok,
2026-10-04T19:21:37.596341+05:30,GET,GET /jobs/{id}/,17.72,ok,
2026-10-04T19:21:37.621824+05:30,GET,GET /jobs/{id}/,18.11,ok,
2026-10-04T19:21:37.657505+05:30,GET,GET /jobs/stats/,25.39,ok,
2026-10-04T19:21:37.658267+05:30,GET,GET /jobs/{id}/,21.99,ok,
2026-10-04T19:21:37.662189+05:30,POST,POST /jobs/,25.24,ok,
2026-10-04T19:21:37.662663+05:30,GET,GET /jobs/{id}/,24.82,ok,
2026-10-04T19:21:37.688927+05:30,GET,GET /jobs/{id}/,17.98,ok,
2026-10-04T19:21:37.744241+05:30,GET,GET /jobs/{id}/,19.98,ok,
2026-10-04T19:21:37.749315+05:30,GET,GET /health/,22.02,ok,
2026-10-04T19:21:37.781166+05:30,POST,POST /jobs/,23.51,ok,
2026-10-04T19:21:37.781683+05:30,GET,GET /jobs/{id}/,20.98,ok,
2026-10-04T19:21:37.806415+05:30,GET,GET /health/,19.47,ok,
2026-10-04T19:21:37.834648+05:30,GET,GET /health/,21.92,ok,
2026-10-04T19:21:37.840249+05:30,GET,GET /jobs/stats/,21.58,ok,
2026-10-04T19:21:37.843557+05:30,GET,GET /jobs/stats/,22.94,ok,
2026-10-04T19:21:37.856489+05:30,POST,POST /jobs/,21.56,ok,
2026-10-04T19:21:37.862578+05:30,GET,GET /health/,20.02,ok,
2026-10-04T19:21:37.906176+05:30,POST,POST /jobs/,22.27,ok,
2026-10-04T19:21:37.958575+05:30,POST,POST /jobs/,21.06,ok,
2026-10-04T19:21:37.997359+05:30,POST,POST /jobs/,20.44,ok,
2026-10-04T19:21:38.026687+05:30,GET,GET /jobs/{id}/,21.02,ok,
2026-10-04T19:21:38.037256+05:30,GET,GET /jobs/{id}/,19.59,ok,
2026-10-04T19:21:38.118592+05:30,GET,GET /jobs/{id}/,19.0,ok,
2026-10-04T19:21:38.165587+05:30,GET,GET /health/,18.7,ok,
2026-10-04T19:21:38.223964+05:30,GET,GET /jobs/{id}/,19.83,ok,
2026-10-04T19:21:38.265921+05:30,GET,GET /jobs/{id}/,20.63,ok,
2026-10-04T19:21:38.266302+05:30,GET,GET /jobs/{id}/,18.93,ok,
2026-10-04T19:21:38.292757+05:30,POST,POST /jobs/,27.99,ok,
2026-10-04T19:21:38.369614+05:30,GET,GET /jobs/{id}/,18.5,ok,
2026-10-04T19:21:38.462004+05:30,POST,POST /jobs/,24.05,ok,
2026-10-04T19:21:38.478525+05:30,POST,POST /jobs/,22.27,ok,
2026-10-04T19:21:38.499648+05:30,POST,POST /jobs/,20.92,ok,
2026-10-04T19:21:38.509601+05:30,POST,POST /jobs/,23.04,ok,
2026-10-04T19:21:38.534748+05:30,GET,GET /jobs/stats/,27.14,ok,
2026-10-04T19:21:38.551324+05:30,POST,POST /jobs/,31.7,ok,
2026-10-04T19:21:38.560179+05:30,GET,GET /jobs/{id}/,30.27,ok,
2026-10-04T19:21:38.560873+05:30,GET,GET /jobs/{id}/,25.88,ok,
2026-10-04T19:21:38.569604+05:30,GET,GET /jobs/stats/,27.99,ok,
2026-10-04T19:21:38.605415+05:30,GET,GET /jobs/stats/,19.53,ok,
2026-10-04T19:21:38.622651+05:30,GET,GET /jobs/{id}/,18.61,ok,
2026-10-04T19:21:38.694515+05:30,GET,GET /jobs/{id}/,19.36,ok,
2026-10-04T19:21:38.759718+05:30,GET,GET /jobs/stats/,19.91,ok,
2026-10-04T19:21:38.768735+05:30,GET,GET /jobs/stats/,19.76,ok,
2026-10-04T19:21:38.788189+05:30,GET,GET /jobs/{id}/,18.18,ok,
2026-10-04T19:21:38.807433+05:30,GET,GET /health/,17.97,ok,
2026-10-04T19:21:38.839387+05:30,GET,GET /jobs/{id}/,20.61,ok,
2026-10-04T19:21:38.841488+05:30,POST,POST /jobs/,20.68,ok,
2026-10-04T19:21:38.874104+05:30,GET,GET /jobs/{id}/,24.84,ok,
2026-10-04T19:21:38.874675+05:30,GET,GET /jobs/stats/,27.43,ok,
2026-10-04T19:21:38.875030+05:30,POST,POST /jobs/,28.29,ok,
2026-10-04T19:21:38.893692+05:30,GET,GET /jobs/{id}/,17.47,ok,
2026-10-04T19:21:38.927876+05:30,GET,GET /jobs/{id}/,20.6,ok,
2026-10-04T19:21:38.948631+05:30,GET,GET /jobs/{id}/,23.58,ok,
2026-10-04T19:21:38.956005+05:30,POST,POST /jobs/,30.13,ok,
2026-10-04T19:21:38.958237+05:30,POST,POST /jobs/,31.76,ok,
2026-10-04T19:21:39.017622+05:30,GET,GET /jobs/{id}/,19.04,ok,
2026-10-04T19:21:39.028633+05:30,POST,POST /jobs/,22.04,ok,
2026-10-04T19:21:39.066739+05:30,GET,GET /health/,28.79,ok,
2026-10-04T19:21:39.069518+05:30,POST,POST /jobs/,30.94,ok,
2026-10-04T19:21:39.070373+05:30,GET,GET /jobs/{id}/,28.75,ok,
2026-10-04T19:21:39.082680+05:30,GET,GET /jobs/stats/,25.64,ok,
2026-10-04T19:21:39.145297+05:30,GET,GET /jobs/stats/,19.27,ok,
2026-10-04T19:21:39.164942+05:30,GET,GET /jobs/{id}/,18.38,ok,
2026-10-04T19:21:39.184807+05:30,POST,POST /jobs/,21.2,ok,
2026-10-04T19:21:39.217714+05:30,GET,GET /jobs/{id}/,18.4,ok,
2026-10-04T19:21:39.254824+05:30,GET,GET /jobs/{id}/,19.7,ok,
2026-10-04T19:21:39.255425+05:30,GET,GET /jobs/stats/,23.44,ok,
2026-10-04T19:21:39.263155+05:30,POST,POST /jobs/,27.22,ok,
2026-10-04T19:21:39.306015+05:30,GET,GET /jobs/{id}/,17.45,ok,
2026-10-04T19:21:39.344803+05:30,GET,GET /jobs/{id}/,18.49,ok,
2026-10-04T19:21:39.351175+05:30,GET,GET /jobs/{id}/,17.64,ok,
2026-10-04T19:21:39.471621+05:30,GET,GET /jobs/{id}/,17.97,ok,
2026-10-04T19:21:39.516682+05:30,GET,GET /jobs/{id}/,18.72,ok,
2026-10-04T19:21:39.575743+05:30,GET,GET /jobs/{id}/,18.73,ok,
2026-10-04T19:21:39.591972+05:30,GET,GET /health/,17.94,ok,
2026-10-04T19:21:39.606016+05:30,GET,GET /jobs/{id}/,17.94,ok,
2026-10-04T19:21:39.635938+05:30,POST,POST /jobs/,25.63,ok,
2026-10-04T19:21:39.640805+05:30,GET,GET /health/,25.49,ok,
2026-10-04T19:21:39.648785+05:30,GET,GET /jobs/{id}/,21.39,ok,
2026-10-04T19:21:39.649271+05:30,POST,POST /jobs/,26.01,ok,
2026-10-04T19:21:39.684224+05:30,GET,GET /jobs/{id}/,18.47,ok,
2026-10-04T19:21:39.724218+05:30,GET,GET /jobs/{id}/,17.68,ok,
2026-10-04T19:21:39.743863+05:30,GET,GET /jobs/{id}/,17.36,ok,
2026-10-04T19:21:39.792015+05:30,POST,POST /jobs/,20.84,ok,
2026-10-04T19:21:39.800782+05:30,POST,POST /jobs/,21.56,ok,
2026-10-04T19:21:39.895107+05:30,POST,POST /jobs/,34.44,ok,
2026-10-04T19:21:39.895812+05:30,GET,GET /jobs/{id}/,24.84,ok,
2026-10-04T19:21:39.903099+05:30,POST,POST /jobs/,28.85,ok,
2026-10-04T19:21:39.908320+05:30,GET,GET /jobs/{id}/,29.06,ok,
2026-10-04T19:21:39.935198+05:30,GET,GET /jobs/{id}/,33.01,ok,
2026-10-04T19:21:39.943237+05:30,GET,GET /jobs/{id}/,25.34,ok,
2026-10-04T19:21:39.963167+05:30,GET,GET /jobs/{id}/,39.48,ok,
2026-10-04T19:21:39.965978+05:30,GET,GET /jobs/stats/,38.5,ok,
2026-10-04T19:21:39.968360+05:30,GET,GET /health/,43.81,ok,
2026-10-04T19:21:39.983779+05:30,POST,POST /jobs/,37.23,ok,
2026-10-04T19:21:39.992544+05:30,GET,GET /jobs/{id}/,21.74,ok,
2026-10-04T19:21:39.998815+05:30,GET,GET /health/,23.28,ok,
2026-10-04T19:21:40.035072+05:30,GET,GET /jobs/{id}/,24.92,ok,
2026-10-04T19:21:40.043177+05:30,GET,GET /jobs/stats/,26.26,ok,
2026-10-04T19:21:40.049522+05:30,POST,POST /jobs/,33.29,ok,
2026-10-04T19:21:40.061254+05:30,GET,GET /health/,40.18,ok,
2026-10-04T19:21:40.074590+05:30,GET,GET /jobs/{id}/,34.18,ok,
2026-10-04T19:21:40.083039+05:30,GET,GET /jobs/{id}/,18.43,ok,
2026-10-04T19:21:40.108867+05:30,POST,POST /jobs/,25.44,ok,
2026-10-04T19:21:40.128798+05:30,POST,POST /jobs/,22.49,ok,
2026-10-04T19:21:40.155412+05:30,POST,POST /jobs/,20.31,ok,
2026-10-04T19:21:40.194422+05:30,GET,GET /jobs/stats/,19.69,ok,
2026-10-04T19:21:40.204542+05:30,POST,POST /jobs/,20.63,ok,
2026-10-04T19:21:40.252679+05:30,POST,POST /jobs/,20.48,ok,
2026-10-04T19:21:40.279806+05:30,GET,GET /jobs/{id}/,20.83,ok,
2026-10-04T19:21:40.287068+05:30,GET,GET /jobs/{id}/,21.53,ok,
2026-10-04T19:21:40.289572+05:30,GET,GET /jobs/{id}/,23.47,ok,
2026-10-04T19:21:40.326399+05:30,GET,GET /jobs/{id}/,18.47,ok,
2026-10-04T19:21:40.332161+05:30,GET,GET /jobs/{id}/,19.12,ok,
2026-10-04T19:21:40.355489+05:30,GET,GET /jobs/{id}/,18.98,ok,
2026-10-04T19:21:40.369801+05:30,GET,GET /health/,22.32,ok,
2026-10-04T19:21:40.381839+05:30,GET,GET /jobs/stats/,21.07,ok,
2026-10-04T19:21:40.386719+05:30,POST,POST /jobs/,25.2,ok,
2026-10-04T19:21:40.415172+05:30,GET,GET /jobs/{id}/,18.15,ok,
2026-10-04T19:21:40.469324+05:30,GET,GET /jobs/{id}/,17.78,ok,
2026-10-04T19:21:40.492107+05:30,GET,GET /health/,18.51,ok,
2026-10-04T19:21:40.501043+05:30,GET,GET /jobs/{id}/,19.29,ok,
2026-10-04T19:21:40.511053+05:30,GET,GET /jobs/{id}/,18.77,ok,
2026-10-04T19:21:40.535003+05:30,GET,GET /jobs/{id}/,18.64,ok,
2026-10-04T19:21:40.599306+05:30,GET,GET /jobs/stats/,23.96,ok,
2026-10-04T19:21:40.608329+05:30,GET,GET /jobs/{id}/,20.87,ok,
2026-10-04T19:21:40.609062+05:30,GET,GET /jobs/{id}/,19.62,ok,
2026-10-04T19:21:40.631110+05:30,POST,POST /jobs/,21.89,ok,
2026-10-04T19:21:40.635503+05:30,GET,GET /jobs/stats/,23.5,ok,
2026-10-04T19:21:40.664848+05:30,POST,POST /jobs/,21.04,ok,
2026-10-04T19:21:40.701173+05:30,POST,POST /jobs/,23.83,ok,
2026-10-04T19:21:40.705236+05:30,GET,GET /jobs/stats/,20.77,ok,
2026-10-04T19:21:40.708977+05:30,POST,POST /jobs/,20.44,ok,
2026-10-04T19:21:40.838373+05:30,POST,POST /jobs/,25.06,ok,
2026-10-04T19:21:40.853814+05:30,GET,GET /jobs/stats/,22.26,ok,
2026-10-04T19:21:40.917791+05:30,GET,GET /health/,17.72,ok,
2026-10-04T19:21:40.927948+05:30,GET,GET /health/,18.83,ok,
2026-10-04T19:21:40.991269+05:30,POST,POST /jobs/,21.98,ok,
2026-10-04T19:21:41.022733+05:30,GET,GET /jobs/{id}/,26.03,ok,
2026-10-04T19:21:41.028115+05:30,GET,GET /health/,29.06,ok,
2026-10-04T19:21:41.034765+05:30,GET,GET /jobs/{id}/,18.89,ok,
2026-10-04T19:21:41.071740+05:30,GET,GET /jobs/{id}/,20.66,ok,
2026-10-04T19:21:41.072130+05:30,GET,GET /jobs/{id}/,20.46,ok,
2026-10-04T19:21:41.102019+05:30,POST,POST /jobs/,31.37,ok,
2026-10-04T19:21:41.102641+05:30,GET,GET /health/,28.92,ok,
2026-10-04T19:21:41.115785+05:30,GET,GET /jobs/stats/,34.98,ok,
2026-10-04T19:21:41.116946+05:30,POST,POST /jobs/,39.14,ok,
2026-10-04T19:21:41.121060+05:30,POST,POST /jobs/,36.36,ok,
2026-10-04T19:21:41.121584+05:30,GET,GET /jobs/{id}/,27.56,ok,
2026-10-04T19:21:41.178356+05:30,GET,GET /jobs/{id}/,18.47,ok,
2026-10-04T19:21:41.199171+05:30,GET,GET /jobs/{id}/,19.54,ok,
2026-10-04T19:21:41.209425+05:30,POST,POST /jobs/,27.86,ok,
2026-10-04T19:21:41.209899+05:30,GET,GET /jobs/{id}/,23.28,ok,
2026-10-04T19:21:41.253111+05:30,GET,GET /jobs/{id}/,22.92,ok,
2026-10-04T19:21:41.261905+05:30,GET,GET /jobs/stats/,22.64,ok,
2026-10-04T19:21:41.268773+05:30,POST,POST /jobs/,25.49,ok,
2026-10-04T19:21:41.275637+05:30,GET,GET /health/,21.3,ok,
2026-10-04T19:21:41.302123+05:30,GET,GET /health/,18.05,ok,
2026-10-04T19:21:41.316471+05:30,GET,GET /jobs/{id}/,18.15,ok,
2026-10-04T19:21:41.341450+05:30,GET,GET /health/,17.71,ok,
2026-10-04T19:21:41.359844+05:30,GET,GET /jobs/{id}/,18.22,ok,
2026-10-04T19:21:41.364325+05:30,GET,GET /jobs/stats/,19.87,ok,
2026-10-04T19:21:41.410177+05:30,GET,GET /jobs/{id}/,18.77,ok,
2026-10-04T19:21:41.427778+05:30,POST,POST /jobs/,23.22,ok,
2026-10-04T19:21:41.435191+05:30,GET,GET /jobs/stats/,20.76,ok,
2026-10-04T19:21:41.452351+05:30,POST,POST /jobs/,23.29,ok,
2026-10-04T19:21:41.528950+05:30,GET,GET /jobs/{id}/,18.17,ok,
2026-10-04T19:21:41.591495+05:30,GET,GET /jobs/{id}/,28.23,ok,
2026-10-04T19:21:41.593193+05:30,GET,GET /jobs/{id}/,28.29,ok,
2026-10-04T19:21:41.597883+05:30,POST,POST /jobs/,34.08,ok,
2026-10-04T19:21:41.605647+05:30,GET,GET /jobs/{id}/,22.72,ok,
2026-10-04T19:21:41.612265+05:30,GET,GET /jobs/{id}/,22.94,ok,
2026-10-04T19:21:41.643672+05:30,GET,GET /jobs/{id}/,18.11,ok,
2026-10-04T19:21:41.651704+05:30,GET,GET /jobs/{id}/,18.16,ok,
2026-10-04T19:21:41.761264+05:30,GET,GET /jobs/{id}/,19.06,ok,
2026-10-04T19:21:41.770417+05:30,POST,POST /jobs/,22.12,ok,
2026-10-04T19:21:41.838429+05:30,POST,POST /jobs/,21.31,ok,
2026-10-04T19:21:41.878898+05:30,GET,GET /jobs/{id}/,18.13,ok,
2026-10-04T19:21:41.899949+05:30,POST,POST /jobs/,20.88,ok,
2026-10-04T19:21:41.942016+05:30,GET,GET /jobs/{id}/,20.74,ok,
2026-10-04T19:21:41.958641+05:30,POST,POST /jobs/,21.33,ok,
2026-10-04T19:21:42.071551+05:30,GET,GET /jobs/stats/,25.58,ok,
2026-10-04T19:21:42.085866+05:30,GET,GET /health/,27.91,ok,
2026-10-04T19:21:42.102505+05:30,GET,GET /jobs/{id}/,36.13,ok,
2026-10-04T19:21:42.104862+05:30,POST,POST /jobs/,31.22,ok,
2026-10-04T19:21:42.157734+05:30,GET,GET /jobs/{id}/,19.52,ok,
2026-10-04T19:21:42.162166+05:30,GET,GET /jobs/{id}/,19.9,ok,
2026-10-04T19:21:42.211397+05:30,POST,POST /jobs/,22.82,ok,
2026-10-04T19:21:42.243812+05:30,POST,POST /jobs/,21.08,ok,
2026-10-04T19:21:42.257583+05:30,GET,GET /health/,21.81,ok,
2026-10-04T19:21:42.273666+05:30,POST,POST /jobs/,25.54,ok,
2026-10-04T19:21:42.331563+05:30,GET,GET /jobs/{id}/,19.32,ok,
2026-10-04T19:21:42.342987+05:30,GET,GET /jobs/{id}/,20.45,ok,
2026-10-04T19:21:42.357599+05:30,GET,GET /jobs/{id}/,18.7,ok,
2026-10-04T19:21:42.405339+05:30,GET,GET /jobs/{id}/,20.38,ok,
2026-10-04T19:21:42.405836+05:30,GET,GET /jobs/{id}/,19.92,ok,
2026-10-04T19:21:42.412713+05:30,POST,POST /jobs/,20.79,ok,
2026-10-04T19:21:42.436747+05:30,GET,GET /health/,18.78,ok,
2026-10-04T19:21:42.444556+05:30,GET,GET /jobs/{id}/,20.68,ok,
2026-10-04T19:21:42.454084+05:30,GET,GET /jobs/{id}/,21.18,ok,
2026-10-04T19:21:42.464416+05:30,GET,GET /jobs/{id}/,25.54,ok,
2026-10-04T19:21:42.465208+05:30,POST,POST /jobs/,28.28,ok,
2026-10-04T19:21:42.511862+05:30,POST,POST /jobs/,22.34,ok,
2026-10-04T19:21:42.518275+05:30,POST,POST /jobs/,22.18,ok,
2026-10-04T19:21:42.531283+05:30,POST,POST /jobs/,20.74,ok,
2026-10-04T19:21:42.556865+05:30,GET,GET /jobs/{id}/,18.23,ok,
2026-10-04T19:21:42.567792+05:30,GET,GET /jobs/{id}/,18.21,ok,
2026-10-04T19:21:42.620839+05:30,GET,GET /jobs/{id}/,20.71,ok,
2026-10-04T19:21:42.621405+05:30,GET,GET /jobs/{id}/,18.23,ok,
2026-10-04T19:21:42.631655+05:30,GET,GET /jobs/{id}/,20.5,ok,
2026-10-04T19:21:42.643144+05:30,POST,POST /jobs/,21.49,ok,
2026-10-04T19:21:42.660451+05:30,GET,GET /health/,20.52,ok,
2026-10-04T19:21:42.717604+05:30,GET,GET /jobs/stats/,18.87,ok,
2026-10-04T19:21:42.753590+05:30,POST,POST /jobs/,20.69,ok,
2026-10-04T19:21:42.763848+05:30,POST,POST /jobs/,23.83,ok,
2026-10-04T19:21:42.797698+05:30,GET,GET /jobs/{id}/,18.34,ok,
2026-10-04T19:21:42.826768+05:30,GET,GET /health/,17.79,ok,
2026-10-04T19:21:42.857676+05:30,POST,POST /jobs/,23.61,ok,
2026-10-04T19:21:42.878423+05:30,POST,POST /jobs/,28.22,ok,
2026-10-04T19:21:42.899556+05:30,GET,GET /jobs/{id}/,17.83,ok,
2026-10-04T19:21:42.922949+05:30,GET,GET /jobs/{id}/,18.07,ok,
2026-10-04T19:21:42.990920+05:30,POST,POST /jobs/,27.66,ok,
2026-10-04T19:21:43.007799+05:30,GET,GET /jobs/{id}/,25.66,ok,
2026-10-04T19:21:43.008304+05:30,GET,GET /jobs/{id}/,25.39,ok,
2026-10-04T19:21:43.056245+05:30,GET,GET /health/,18.69,ok,
2026-10-04T19:21:43.079815+05:30,POST,POST /jobs/,21.25,ok,
2026-10-04T19:21:43.094297+05:30,GET,GET /jobs/{id}/,21.48,ok,
2026-10-04T19:21:43.111147+05:30,POST,POST /jobs/,20.99,ok,
2026-10-04T19:21:43.147519+05:30,POST,POST /jobs/,21.05,ok,
2026-10-04T19:21:43.153202+05:30,GET,GET /jobs/{id}/,21.71,ok,
2026-10-04T19:21:43.221598+05:30,GET,GET /jobs/stats/,31.1,ok,
2026-10-04T19:21:43.244541+05:30,GET,GET /jobs/{id}/,38.9,ok,
2026-10-04T19:21:43.245166+05:30,POST,POST /jobs/,37.23,ok,
2026-10-04T19:21:43.245574+05:30,POST,POST /jobs/,40.83,ok,
2026-10-04T19:21:43.276869+05:30,POST,POST /jobs/,45.9,ok,
2026-10-04T19:21:43.288545+05:30,GET,GET /jobs/{id}/,33.68,ok,
2026-10-04T19:21:43.297551+05:30,GET,GET /health/,40.59,ok,
2026-10-04T19:21:43.333999+05:30,GET,GET /jobs/{id}/,23.04,ok,
2026-10-04T19:21:43.350628+05:30,GET,GET /jobs/{id}/,34.63,ok,
2026-10-04T19:21:43.355534+05:30,POST,POST /jobs/,28.42,ok,
2026-10-04T19:21:43.360244+05:30,GET,GET /jobs/{id}/,28.14,ok,
2026-10-04T19:21:43.484707+05:30,POST,POST /jobs/,21.68,ok,
2026-10-04T19:21:43.521778+05:30,GET,GET /health/,20.75,ok,
2026-10-04T19:21:43.522244+05:30,GET,GET /jobs/{id}/,20.07,ok,
2026-10-04T19:21:43.530729+05:30,POST,POST /jobs/,22.47,ok,
2026-10-04T19:21:43.554727+05:30,POST,POST /jobs/,22.73,ok,
2026-10-04T19:21:43.571951+05:30,POST,POST /jobs/,22.88,ok,
2026-10-04T19:21:43.625625+05:30,GET,GET /jobs/{id}/,19.39,ok,
2026-10-04T19:21:43.631638+05:30,GET,GET /jobs/{id}/,19.39,ok,
2026-10-04T19:21:43.645582+05:30,POST,POST /jobs/,21.26,ok,
2026-10-04T19:21:43.821287+05:30,GET,GET /jobs/{id}/,19.68,ok,
2026-10-04T19:21:43.841327+05:30,GET,GET /jobs/{id}/,21.23,ok,
2026-10-04T19:21:43.856122+05:30,GET,GET /jobs/{id}/,19.25,ok,
2026-10-04T19:21:43.864711+05:30,GET,GET /jobs/{id}/,20.08,ok,
2026-10-04T19:21:43.885010+05:30,GET,GET /jobs/{id}/,25.4,ok,
2026-10-04T19:21:43.904309+05:30,GET,GET /health/,22.16,ok,
2026-10-04T19:21:43.909339+05:30,GET,GET /health/,19.04,ok,
2026-10-04T19:21:43.968914+05:30,GET,GET /jobs/{id}/,21.25,ok,
2026-10-04T19:21:43.969399+05:30,GET,GET /jobs/{id}/,19.71,ok,
2026-10-04T19:21:43.978583+05:30,GET,GET /jobs/{id}/,22.51,ok,
2026-10-04T19:21:43.979053+05:30,GET,GET /jobs/{id}/,23.64,ok,
2026-10-04T19:21:44.026436+05:30,POST,POST /jobs/,32.1,ok,
2026-10-04T19:21:44.055343+05:30,POST,POST /jobs/,21.57,ok,
2026-10-04T19:21:44.103992+05:30,GET,GET /jobs/{id}/,19.31,ok,
2026-10-04T19:21:44.111065+05:30,POST,POST /jobs/,22.24,ok,
2026-10-04T19:21:44.117812+05:30,GET,GET /jobs/{id}/,20.0,ok,
2026-10-04T19:21:44.157384+05:30,GET,GET /jobs/{id}/,18.19,ok,
2026-10-04T19:21:44.189189+05:30,GET,GET /jobs/{id}/,21.47,ok,
2026-10-04T19:21:44.194778+05:30,GET,GET /health/,21.99,ok,
2026-10-04T19:21:44.204813+05:30,GET,GET /jobs/{id}/,21.01,ok,
2026-10-04T19:21:44.263480+05:30,POST,POST /jobs/,22.23,ok,
2026-10-04T19:21:44.286329+05:30,GET,GET /jobs/stats/,20.61,ok,
2026-10-04T19:21:44.301335+05:30,GET,GET /health/,22.56,ok,
2026-10-04T19:21:44.315542+05:30,GET,GET /jobs/stats/,19.91,ok,
2026-10-04T19:21:44.318698+05:30,GET,GET /jobs/{id}/,18.39,ok,
2026-10-04T19:21:44.348073+05:30,GET,GET /jobs/{id}/,18.07,ok,
2026-10-04T19:21:44.375409+05:30,GET,GET /health/,18.06,ok,
2026-10-04T19:21:44.410617+05:30,GET,GET /health/,19.25,ok,
2026-10-04T19:21:44.411207+05:30,POST,POST /jobs/,22.36,ok,
2026-10-04T19:21:44.419179+05:30,GET,GET /jobs/{id}/,22.61,ok,
2026-10-04T19:21:44.452656+05:30,GET,GET /jobs/{id}/,18.16,ok,
2026-10-04T19:21:44.479171+05:30,POST,POST /jobs/,27.6,ok,
2026-10-04T19:21:44.492155+05:30,GET,GET /jobs/stats/,21.92,ok,
2026-10-04T19:21:44.496080+05:30,GET,GET /jobs/{id}/,22.88,ok,
2026-10-04T19:21:44.547607+05:30,POST,POST /jobs/,23.24,ok,
2026-10-04T19:21:44.567741+05:30,GET,GET /jobs/{id}/,25.13,ok,
2026-10-04T19:21:44.596075+05:30,GET,GET /jobs/{id}/,19.09,ok,
2026-10-04T19:21:44.596724+05:30,GET,GET /jobs/stats/,22.73,ok,
2026-10-04T19:21:44.602704+05:30,GET,GET /jobs/stats/,22.5,ok,
2026-10-04T19:21:44.649695+05:30,GET,GET /jobs/{id}/,18.38,ok,
2026-10-04T19:21:44.681478+05:30,GET,GET /jobs/stats/,23.5,ok,
2026-10-04T19:21:44.692049+05:30,POST,POST /jobs/,23.03,ok,
2026-10-04T19:21:44.699270+05:30,GET,GET /jobs/{id}/,22.15,ok,
2026-10-04T19:21:44.734316+05:30,POST,POST /jobs/,27.08,ok,
2026-10-04T19:21:44.734744+05:30,GET,GET /jobs/stats/,28.2,ok,
2026-10-04T19:21:44.741660+05:30,GET,GET /jobs/stats/,34.13,ok,
2026-10-04T19:21:44.748185+05:30,GET,GET /jobs/stats/,32.24,ok,
2026-10-04T19:21:44.774992+05:30,POST,POST /jobs/,26.63,ok,
2026-10-04T19:21:44.778016+05:30,GET,GET /jobs/{id}/,23.72,ok,
2026-10-04T19:21:44.789262+05:30,POST,POST /jobs/,30.95,ok,
2026-10-04T19:21:44.789791+05:30,GET,GET /jobs/{id}/,23.47,ok,
2026-10-04T19:21:44.810232+05:30,GET,GET /jobs/{id}/,22.23,ok,
2026-10-04T19:21:44.816036+05:30,POST,POST /jobs/,25.73,ok,
2026-10-04T19:21:44.975991+05:30,GET,GET /jobs/{id}/,18.39,ok,
2026-10-04T19:21:44.992471+05:30,POST,POST /jobs/,21.78,ok,
2026-10-04T19:21:44.995169+05:30,GET,GET /jobs/{id}/,20.46,ok,
2026-10-04T19:21:45.001390+05:30,GET,GET /health/,18.9,ok,
2026-10-04T19:21:45.037969+05:30,GET,GET /jobs/{id}/,19.24,ok,
2026-10-04T19:21:45.097499+05:30,GET,GET /jobs/{id}/,20.14,ok,
2026-10-04T19:21:45.109242+05:30,GET,GET /health/,19.83,ok,
2026-10-04T19:21:45.111350+05:30,POST,POST /jobs/,24.93,ok,
2026-10-04T19:21:45.129406+05:30,POST,POST /jobs/,25.57,ok,
2026-10-04T19:21:45.134444+05:30,GET,GET /health/,22.95,ok,
2026-10-04T19:21:45.253248+05:30,GET,GET /jobs/{id}/,23.16,ok,
2026-10-04T19:21:45.266575+05:30,GET,GET /jobs/stats/,27.42,ok,
2026-10-04T19:21:45.271106+05:30,GET,GET /jobs/{id}/,24.79,ok,
2026-10-04T19:21:45.279849+05:30,POST,POST /jobs/,28.04,ok,
2026-10-04T19:21:45.283405+05:30,GET,GET /jobs/stats/,24.66,ok,
2026-10-04T19:21:45.338572+05:30,GET,GET /jobs/{id}/,17.85,ok,
2026-10-04T19:21:45.356653+05:30,GET,GET /jobs/{id}/,17.9,ok,
2026-10-04T19:21:45.379008+05:30,GET,GET /health/,18.11,ok,
2026-10-04T19:21:45.403378+05:30,POST,POST /jobs/,23.09,ok,
2026-10-04T19:21:45.407657+05:30,POST,POST /jobs/,25.36,ok,
2026-10-04T19:21:45.433490+05:30,GET,GET /jobs/{id}/,18.56,ok,
2026-10-04T19:21:45.450458+05:30,GET,GET /jobs/{id}/,18.19,ok,
2026-10-04T19:21:45.488529+05:30,GET,GET /jobs/{id}/,17.75,ok,
2026-10-04T19:21:45.506546+05:30,GET,GET /jobs/{id}/,17.85,ok,
2026-10-04T19:21:45.528548+05:30,GET,GET /jobs/stats/,22.99,ok,
2026-10-04T19:21:45.538122+05:30,GET,GET /jobs/{id}/,18.98,ok,
2026-10-04T19:21:45.556736+05:30,GET,GET /jobs/{id}/,23.86,ok,
2026-10-04T19:21:45.563774+05:30,GET,GET /jobs/{id}/,24.35,ok,
2026-10-04T19:21:45.568969+05:30,GET,GET /health/,27.21,ok,
2026-10-04T19:21:45.569794+05:30,GET,GET /jobs/stats/,28.58,ok,
2026-10-04T19:21:45.575907+05:30,POST,POST /jobs/,25.05,ok,
2026-10-04T19:21:45.611753+05:30,POST,POST /jobs/,20.55,ok,
2026-10-04T19:21:45.643214+05:30,POST,POST /jobs/,22.17,ok,
2026-10-04T19:21:45.649884+05:30,GET,GET /jobs/{id}/,18.76,ok,
2026-10-04T19:21:45.693441+05:30,GET,GET /jobs/{id}/,19.24,ok,
2026-10-04T19:21:45.709750+05:30,POST,POST /jobs/,21.47,ok,
2026-10-04T19:21:45.725412+05:30,POST,POST /jobs/,27.68,ok,
2026-10-04T19:21:45.748991+05:30,GET,GET /jobs/stats/,31.97,ok,
2026-10-04T19:21:45.753143+05:30,POST,POST /jobs/,38.09,ok,
2026-10-04T19:21:45.757236+05:30,GET,GET /jobs/{id}/,23.53,ok,
2026-10-04T19:21:45.813483+05:30,GET,GET /health/,18.97,ok,
2026-10-04T19:21:45.832903+05:30,POST,POST /jobs/,21.24,ok,
2026-10-04T19:21:45.861208+05:30,POST,POST /jobs/,24.02,ok,
2026-10-04T19:21:45.968106+05:30,POST,POST /jobs/,22.75,ok,
2026-10-04T19:21:46.008099+05:30,GET,GET /jobs/{id}/,19.56,ok,
2026-10-04T19:21:46.017480+05:30,GET,GET /jobs/{id}/,22.88,ok,
2026-10-04T19:21:46.032858+05:30,GET,GET /health/,21.1,ok,
2026-10-04T19:21:46.057147+05:30,POST,POST /jobs/,21.0,ok,
2026-10-04T19:21:46.081652+05:30,GET,GET /jobs/{id}/,19.2,ok,
2026-10-04T19:21:46.128744+05:30,GET,GET /jobs/{id}/,19.49,ok,
2026-10-04T19:21:46.141058+05:30,GET,GET /jobs/stats/,28.86,ok,
2026-10-04T19:21:46.141991+05:30,GET,GET /jobs/{id}/,25.65,ok,
2026-10-04T19:21:46.186745+05:30,GET,GET /jobs/{id}/,18.41,ok,
2026-10-04T19:21:46.251350+05:30,GET,GET /health/,19.12,ok,
2026-10-04T19:21:46.283243+05:30,GET,GET /jobs/stats/,18.63,ok,
2026-10-04T19:21:46.317339+05:30,GET,GET /jobs/stats/,21.81,ok,
2026-10-04T19:21:46.328673+05:30,GET,GET /health/,22.6,ok,
2026-10-04T19:21:46.332062+05:30,POST,POST /jobs/,26.57,ok,
2026-10-04T19:21:46.340994+05:30,POST,POST /jobs/,24.82,ok,
2026-10-04T19:21:46.363511+05:30,POST,POST /jobs/,29.21,ok,
2026-10-04T19:21:46.373414+05:30,GET,GET /jobs/{id}/,46.45,ok,
2026-10-04T19:21:46.396832+05:30,POST,POST /jobs/,23.24,ok,
2026-10-04T19:21:46.464885+05:30,GET,GET /jobs/stats/,19.54,ok,
2026-10-04T19:21:46.495359+05:30,GET,GET /jobs/{id}/,18.14,ok,
2026-10-04T19:21:46.505360+05:30,GET,GET /health/,18.16,ok,
2026-10-04T19:21:46.611716+05:30,POST,POST /jobs/,20.63,ok,
2026-10-04T19:21:46.650644+05:30,GET,GET /jobs/{id}/,19.65,ok,
2026-10-04T19:21:46.675712+05:30,GET,GET /jobs/{id}/,21.77,ok,
2026-10-04T19:21:46.691577+05:30,GET,GET /jobs/stats/,23.1,ok,
2026-10-04T19:21:46.696281+05:30,GET,GET /jobs/{id}/,21.86,ok,
2026-10-04T19:21:46.710579+05:30,POST,POST /jobs/,23.27,ok,
2026-10-04T19:21:46.729025+05:30,GET,GET /jobs/{id}/,19.74,ok,
2026-10-04T19:21:46.757185+05:30,GET,GET /health/,18.8,ok,
2026-10-04T19:21:46.762253+05:30,GET,GET /health/,18.75,ok,
2026-10-04T19:21:46.765402+05:30,GET,GET /jobs/stats/,21.42,ok,
2026-10-04T19:21:46.850153+05:30,GET,GET /jobs/{id}/,25.43,ok,
2026-10-04T19:21:46.850820+05:30,GET,GET /health/,24.0,ok,
2026-10-04T19:21:46.853190+05:30,POST,POST /jobs/,29.16,ok,
2026-10-04T19:21:46.859919+05:30,GET,GET /jobs/{id}/,26.14,ok,
2026-10-04T19:21:46.870084+05:30,POST,POST /jobs/,26.26,ok,
2026-10-04T19:21:46.882838+05:30,GET,GET /jobs/{id}/,27.38,ok,
2026-10-04T19:21:46.891726+05:30,GET,GET /jobs/stats/,22.77,ok,
2026-10-04T19:21:46.902603+05:30,POST,POST /jobs/,24.72,ok,
2026-10-04T19:21:46.989368+05:30,POST,POST /jobs/,21.24,ok,
2026-10-04T19:21:46.997320+05:30,GET,GET /jobs/{id}/,20.79,ok,
2026-10-04T19:21:47.049826+05:30,POST,POST /jobs/,21.19,ok,
2026-10-04T19:21:47.072538+05:30,GET,GET /jobs/{id}/,19.4,ok,
2026-10-04T19:21:47.146823+05:30,GET,GET /jobs/{id}/,19.94,ok,
2026-10-04T19:21:47.151090+05:30,POST,POST /jobs/,23.65,ok,
2026-10-04T19:21:47.155513+05:30,POST,POST /jobs/,21.97,ok,
2026-10-04T19:21:47.183978+05:30,POST,POST /jobs/,24.16,ok,
2026-10-04T19:21:47.214214+05:30,GET,GET /jobs/{id}/,17.89,ok,
2026-10-04T19:21:47.260750+05:30,GET,GET /jobs/{id}/,19.19,ok,
2026-10-04T19:21:47.267534+05:30,GET,GET /jobs/{id}/,17.92,ok,
2026-10-04T19:21:47.294474+05:30,GET,GET /jobs/{id}/,18.64,ok,
2026-10-04T19:21:47.316097+05:30,GET,GET /jobs/{id}/,21.42,ok,
2026-10-04T19:21:47.324824+05:30,GET,GET /health/,24.1,ok,
2026-10-04T19:21:47.326118+05:30,POST,POST /jobs/,26.24,ok,
2026-10-04T19:21:47.364999+05:30,GET,GET /health/,32.62,ok,
2026-10-04T19:21:47.391031+05:30,GET,GET /jobs/{id}/,17.41,ok,
2026-10-04T19:21:47.394941+05:30,POST,POST /jobs/,25.58,ok,
2026-10-04T19:21:47.434791+05:30,POST,POST /jobs/,20.52,ok,
2026-10-04T19:21:47.463768+05:30,GET,GET /jobs/stats/,19.64,ok,
2026-10-04T19:21:47.491754+05:30,GET,GET /health/,17.69,ok,
2026-10-04T19:21:47.505884+05:30,GET,GET /jobs/{id}/,17.82,ok,
2026-10-04T19:21:47.542135+05:30,POST,POST /jobs/,24.89,ok,
2026-10-04T19:21:47.542825+05:30,POST,POST /jobs/,22.1,ok,
2026-10-04T19:21:47.558183+05:30,GET,GET /jobs/{id}/,25.48,ok,
2026-10-04T19:21:47.575954+05:30,POST,POST /jobs/,29.82,ok,
2026-10-04T19:21:47.576578+05:30,GET,GET /jobs/{id}/,23.46,ok,
2026-10-04T19:21:47.633013+05:30,GET,GET /jobs/{id}/,22.11,ok,
2026-10-04T19:21:47.633570+05:30,GET,GET /jobs/{id}/,21.76,ok,
2026-10-04T19:21:47.649671+05:30,GET,GET /jobs/{id}/,21.64,ok,
2026-10-04T19:21:47.656744+05:30,GET,GET /jobs/{id}/,21.9,ok,
2026-10-04T19:21:47.669103+05:30,POST,POST /jobs/,25.2,ok,
2026-10-04T19:21:47.677637+05:30,GET,GET /jobs/stats/,22.01,ok,
2026-10-04T19:21:47.685020+05:30,GET,GET /health/,23.76,ok,
2026-10-04T19:21:47.708340+05:30,GET,GET /jobs/{id}/,20.03,ok,
2026-10-04T19:21:47.719918+05:30,POST,POST /jobs/,21.55,ok,
2026-10-04T19:21:47.749307+05:30,POST,POST /jobs/,23.05,ok,
2026-10-04T19:21:47.762232+05:30,POST,POST /jobs/,22.98,ok,
2026-10-04T19:21:47.771614+05:30,GET,GET /health/,19.44,ok,
2026-10-04T19:21:47.774988+05:30,POST,POST /jobs/,23.39,ok,
2026-10-04T19:21:47.828474+05:30,POST,POST /jobs/,19.89,ok,
2026-10-04T19:21:47.848553+05:30,GET,GET /jobs/{id}/,19.9,ok,
2026-10-04T19:21:47.871359+05:30,POST,POST /jobs/,20.55,ok,
2026-10-04T19:21:47.931930+05:30,GET,GET /jobs/{id}/,21.25,ok,
2026-10-04T19:21:47.944443+05:30,POST,POST /jobs/,24.69,ok,
2026-10-04T19:21:47.952945+05:30,GET,GET /jobs/{id}/,21.94,ok,
2026-10-04T19:21:47.953464+05:30,GET,GET /health/,25.6,ok,
2026-10-04T19:21:48.029610+05:30,GET,GET /jobs/stats/,19.88,ok,
2026-10-04T19:21:48.113495+05:30,POST,POST /jobs/,21.52,ok,
2026-10-04T19:21:48.138585+05:30,GET,GET /jobs/stats/,20.83,ok,
2026-10-04T19:21:48.161080+05:30,GET,GET /jobs/stats/,27.58,ok,
2026-10-04T19:21:48.184456+05:30,GET,GET /jobs/stats/,18.98,ok,
2026-10-04T19:21:48.277247+05:30,POST,POST /jobs/,25.46,ok,
2026-10-04T19:21:48.294527+05:30,POST,POST /jobs/,31.59,ok,
2026-10-04T19:21:48.308768+05:30,GET,GET /jobs/stats/,26.25,ok,
2026-10-04T19:21:48.317266+05:30,GET,GET /jobs/stats/,22.6,ok,
2026-10-04T19:21:48.320322+05:30,GET,GET /health/,22.75,ok,
2026-10-04T19:21:48.325991+05:30,GET,GET /jobs/{id}/,21.35,ok,
2026-10-04T19:21:48.336268+05:30,GET,GET /jobs/{id}/,20.17,ok,
2026-10-04T19:21:48.394651+05:30,POST,POST /jobs/,74.04,ok,
2026-10-04T19:21:48.402051+05:30,GET,GET /jobs/stats/,68.78,ok,
2026-10-04T19:21:48.407345+05:30,GET,GET /jobs/{id}/,55.55,ok,
2026-10-04T19:21:48.409356+05:30,GET,GET /jobs/{id}/,48.43,ok,
2026-10-04T19:21:48.410194+05:30,GET,GET /jobs/{id}/,71.57,ok,
2026-10-04T19:21:48.416051+05:30,GET,GET /jobs/{id}/,74.26,ok,
2026-10-04T19:21:48.489788+05:30,GET,GET /jobs/stats/,20.45,ok,
2026-10-04T19:21:48.499540+05:30,POST,POST /jobs/,23.16,ok,
2026-10-04T19:21:48.509966+05:30,POST,POST /jobs/,21.4,ok,
2026-10-04T19:21:48.530117+05:30,GET,GET /jobs/stats/,20.01,ok,
2026-10-04T19:21:48.572521+05:30,GET,GET /jobs/{id}/,19.06,ok,
2026-10-04T19:21:48.599413+05:30,GET,GET /jobs/stats/,19.59,ok,
2026-10-04T19:21:48.626897+05:30,POST,POST /jobs/,20.17,ok,
2026-10-04T19:21:48.639196+05:30,POST,POST /jobs/,25.44,ok,
2026-10-04T19:21:48.653704+05:30,POST,POST /jobs/,24.24,ok,
2026-10-04T19:21:48.661722+05:30,POST,POST /jobs/,35.98,ok,
2026-10-04T19:21:48.662303+05:30,POST,POST /jobs/,30.86,ok,
2026-10-04T19:21:48.667203+05:30,POST,POST /jobs/,29.64,ok,
2026-10-04T19:21:48.685656+05:30,GET,GET /jobs/{id}/,27.27,ok,
2026-10-04T19:21:48.731026+05:30,POST,POST /jobs/,23.04,ok,
2026-10-04T19:21:48.745877+05:30,GET,GET /jobs/{id}/,19.78,ok,
2026-10-04T19:21:48.769590+05:30,POST,POST /jobs/,20.43,ok,
2026-10-04T19:21:48.811209+05:30,POST,POST /jobs/,25.34,ok,
2026-10-04T19:21:48.821015+05:30,GET,GET /jobs/{id}/,19.06,ok,
2026-10-04T19:21:48.859403+05:30,GET,GET /health/,19.11,ok,
2026-10-04T19:21:48.895300+05:30,GET,GET /jobs/{id}/,21.56,ok,
2026-10-04T19:21:48.918100+05:30,GET,GET /jobs/{id}/,21.5,ok,
2026-10-04T19:21:48.927979+05:30,POST,POST /jobs/,22.37,ok,
2026-10-04T19:21:48.928807+05:30,GET,GET /health/,21.58,ok,
2026-10-04T19:21:49.078175+05:30,GET,GET /jobs/stats/,21.83,ok,
2026-10-04T19:21:49.103305+05:30,GET,GET /jobs/{id}/,26.07,ok,
2026-10-04T19:21:49.103903+05:30,POST,POST /jobs/,30.52,ok,
2026-10-04T19:21:49.112327+05:30,GET,GET /jobs/stats/,30.6,ok,
2026-10-04T19:21:49.154908+05:30,GET,GET /jobs/{id}/,18.18,ok,
2026-10-04T19:21:49.187379+05:30,GET,GET /jobs/stats/,19.2,ok,
2026-10-04T19:21:49.228759+05:30,GET,GET /jobs/{id}/,23.06,ok,
2026-10-04T19:21:49.237028+05:30,GET,GET /jobs/stats/,28.19,ok,
2026-10-04T19:21:49.239154+05:30,POST,POST /jobs/,32.91,ok,
2026-10-04T19:21:49.247047+05:30,POST,POST /jobs/,25.22,ok,
2026-10-04T19:21:49.282589+05:30,POST,POST /jobs/,22.22,ok,
2026-10-04T19:21:49.288656+05:30,POST,POST /jobs/,22.03,ok,
2026-10-04T19:21:49.298068+05:30,GET,GET /jobs/{id}/,23.3,ok,
2026-10-04T19:21:49.312491+05:30,GET,GET /jobs/{id}/,22.42,ok,
2026-10-04T19:21:49.319673+05:30,GET,GET /jobs/{id}/,20.32,ok,
2026-10-04T19:21:49.386845+05:30,GET,GET /jobs/{id}/,17.86,ok,
2026-10-04T19:21:49.399281+05:30,POST,POST /jobs/,23.26,ok,
2026-10-04T19:21:49.419983+05:30,POST,POST /jobs/,29.83,ok,
2026-10-04T19:21:49.446868+05:30,GET,GET /jobs/stats/,35.24,ok,
2026-10-04T19:21:49.465072+05:30,GET,GET /jobs/{id}/,51.1,ok,
2026-10-04T19:21:49.466316+05:30,GET,GET /jobs/{id}/,45.05,ok,
2026-10-04T19:21:49.467737+05:30,GET,GET /jobs/{id}/,42.29,ok,
2026-10-04T19:21:49.511815+05:30,POST,POST /jobs/,76.39,ok,
2026-10-04T19:21:49.512520+05:30,GET,GET /jobs/{id}/,70.67,ok,
2026-10-04T19:21:49.518611+05:30,GET,GET /jobs/stats/,43.64,ok,
2026-10-04T19:21:49.527860+05:30,GET,GET /health/,26.91,ok,
2026-10-04T19:21:49.532021+05:30,GET,GET /jobs/{id}/,22.14,ok,
2026-10-04T19:21:49.548651+05:30,POST,POST /jobs/,21.78,ok,
2026-10-04T19:21:49.572117+05:30,GET,GET /jobs/{id}/,18.66,ok,
2026-10-04T19:21:49.575421+05:30,POST,POST /jobs/,22.5,ok,
2026-10-04T19:21:49.606447+05:30,GET,GET /jobs/stats/,30.89,ok,
2026-10-04T19:21:49.612328+05:30,GET,GET /jobs/stats/,18.91,ok,
2026-10-04T19:21:49.655094+05:30,GET,GET /jobs/{id}/,18.39,ok,
2026-10-04T19:21:49.672674+05:30,GET,GET /jobs/{id}/,18.82,ok,
2026-10-04T19:21:49.728714+05:30,POST,POST /jobs/,20.53,ok,
2026-10-04T19:21:49.769895+05:30,GET,GET /jobs/{id}/,22.87,ok,
2026-10-04T19:21:49.784135+05:30,GET,GET /jobs/{id}/,22.1,ok,
2026-10-04T19:21:49.839765+05:30,GET,GET /jobs/{id}/,21.3,ok,
2026-10-04T19:21:49.840221+05:30,GET,GET /jobs/{id}/,20.87,ok,
2026-10-04T19:21:49.860272+05:30,GET,GET /jobs/{id}/,17.84,ok,
2026-10-04T19:21:49.886808+05:30,GET,GET /health/,20.26,ok,
2026-10-04T19:21:49.922636+05:30,POST,POST /jobs/,34.55,ok,
2026-10-04T19:21:49.923128+05:30,GET,GET /jobs/{id}/,27.7,ok,
2026-10-04T19:21:49.937061+05:30,GET,GET /jobs/stats/,24.37,ok,
2026-10-04T19:21:49.945570+05:30,GET,GET /jobs/{id}/,32.17,ok,
2026-10-04T19:21:49.962805+05:30,POST,POST /jobs/,21.44,ok,
2026-10-04T19:21:49.986159+05:30,GET,GET /jobs/stats/,21.1,ok,
2026-10-04T19:21:50.001211+05:30,GET,GET /health/,18.16,ok,
2026-10-04T19:21:50.034486+05:30,GET,GET /jobs/{id}/,17.87,ok,
2026-10-04T19:21:50.115807+05:30,GET,GET /jobs/{id}/,24.96,ok,
2026-10-04T19:21:50.122151+05:30,GET,GET /jobs/{id}/,27.29,ok,
2026-10-04T19:21:50.125930+05:30,GET,GET /health/,28.87,ok,
2026-10-04T19:21:50.134835+05:30,POST,POST /jobs/,28.45,ok,
2026-10-04T19:21:50.141653+05:30,POST,POST /jobs/,27.29,ok,
2026-10-04T19:21:50.146978+05:30,POST,POST /jobs/,25.82,ok,
2026-10-04T19:21:50.183887+05:30,POST,POST /jobs/,27.62,ok,
2026-10-04T19:21:50.204430+05:30,POST,POST /jobs/,33.81,ok,
2026-10-04T19:21:50.205046+05:30,POST,POST /jobs/,33.13,ok,
2026-10-04T19:21:50.205479+05:30,GET,GET /health/,34.07,ok,
2026-10-04T19:21:50.236279+05:30,GET,GET /jobs/{id}/,21.5,ok,
2026-10-04T19:21:50.240031+05:30,POST,POST /jobs/,24.68,ok,
2026-10-04T19:21:50.246412+05:30,GET,GET /jobs/{id}/,20.97,ok,
2026-10-04T19:21:50.270899+05:30,POST,POST /jobs/,23.22,ok,
2026-10-04T19:21:50.298230+05:30,GET,GET /jobs/stats/,20.01,ok,
2026-10-04T19:21:50.305608+05:30,GET,GET /jobs/{id}/,19.4,ok,
2026-10-04T19:21:50.315827+05:30,GET,GET /jobs/{id}/,18.92,ok,
2026-10-04T19:21:50.384678+05:30,GET,GET /jobs/{id}/,17.97,ok,
2026-10-04T19:21:50.417468+05:30,POST,POST /jobs/,21.45,ok,
2026-10-04T19:21:50.447695+05:30,GET,GET /jobs/{id}/,17.92,ok,
2026-10-04T19:21:50.593018+05:30,GET,GET /jobs/{id}/,18.91,ok,
2026-10-04T19:21:50.601465+05:30,GET,GET /health/,21.66,ok,
2026-10-04T19:21:50.605185+05:30,POST,POST /jobs/,26.04,ok,
2026-10-04T19:21:50.615159+05:30,POST,POST /jobs/,21.97,ok,
2026-10-04T19:21:50.632631+05:30,GET,GET /jobs/{id}/,18.84,ok,
2026-10-04T19:21:50.645442+05:30,GET,GET /jobs/{id}/,18.48,ok,
2026-10-04T19:21:50.672284+05:30,GET,GET /jobs/{id}/,18.44,ok,
2026-10-04T19:21:50.684862+05:30,GET,GET /jobs/{id}/,24.97,ok,
2026-10-04T19:21:50.698538+05:30,GET,GET /jobs/stats/,20.93,ok,
2026-10-04T19:21:50.717111+05:30,GET,GET /jobs/stats/,19.67,ok,
2026-10-04T19:21:50.761382+05:30,GET,GET /health/,18.99,ok,
2026-10-04T19:21:50.781412+05:30,GET,GET /jobs/{id}/,21.14,ok,
2026-10-04T19:21:50.784995+05:30,GET,GET /health/,20.61,ok,
2026-10-04T19:21:50.847812+05:30,POST,POST /jobs/,20.34,ok,
2026-10-04T19:21:50.898308+05:30,GET,GET /jobs/{id}/,25.11,ok,
2026-10-04T19:21:50.899043+05:30,POST,POST /jobs/,29.92,ok,
2026-10-04T19:21:50.917572+05:30,GET,GET /jobs/{id}/,24.35,ok,
2026-10-04T19:21:50.918393+05:30,GET,GET /jobs/stats/,28.63,ok,
2026-10-04T19:21:50.933131+05:30,GET,GET /health/,19.85,ok,
2026-10-04T19:21:50.966881+05:30,GET,GET /jobs/stats/,24.44,ok,
2026-10-04T19:21:51.003457+05:30,GET,GET /jobs/{id}/,18.22,ok,
2026-10-04T19:21:51.035342+05:30,GET,GET /jobs/{id}/,18.72,ok,
2026-10-04T19:21:51.054201+05:30,GET,GET /health/,46.41,ok,
2026-10-04T19:21:51.086550+05:30,POST,POST /jobs/,21.0,ok,
2026-10-04T19:21:51.133793+05:30,GET,GET /health/,20.89,ok,
2026-10-04T19:21:51.140008+05:30,GET,GET /health/,18.13,ok,
2026-10-04T19:21:51.145379+05:30,GET,GET /jobs/{id}/,19.52,ok,
2026-10-04T19:21:51.190317+05:30,GET,GET /jobs/{id}/,18.43,ok,
2026-10-04T19:21:51.205429+05:30,POST,POST /jobs/,20.43,ok,
2026-10-04T19:21:51.233344+05:30,GET,GET /jobs/{id}/,25.62,ok,
2026-10-04T19:21:51.238156+05:30,POST,POST /jobs/,26.39,ok,
2026-10-04T19:21:51.252009+05:30,POST,POST /jobs/,26.61,ok,
2026-10-04T19:21:51.280622+05:30,GET,GET /jobs/{id}/,18.25,ok,
2026-10-04T19:21:51.292616+05:30,GET,GET /jobs/{id}/,22.03,ok,
2026-10-04T19:21:51.304752+05:30,GET,GET /jobs/stats/,18.88,ok,
2026-10-04T19:21:51.331503+05:30,POST,POST /jobs/,20.43,ok,
2026-10-04T19:21:51.406999+05:30,GET,GET /jobs/{id}/,18.17,ok,
2026-10-04T19:21:51.414586+05:30,GET,GET /jobs/stats/,20.83,ok,
2026-10-04T19:21:51.417799+05:30,POST,POST /jobs/,26.06,ok,
2026-10-04T19:21:51.446001+05:30,GET,GET /jobs/stats/,19.96,ok,
2026-10-04T19:21:51.449571+05:30,POST,POST /jobs/,20.54,ok,
2026-10-04T19:21:51.482446+05:30,GET,GET /jobs/{id}/,20.58,ok,
2026-10-04T19:21:51.482884+05:30,GET,GET /jobs/{id}/,19.06,ok,
2026-10-04T19:21:51.536611+05:30,GET,GET /jobs/stats/,19.49,ok,
2026-10-04T19:21:51.555559+05:30,GET,GET /jobs/{id}/,17.67,ok,
2026-10-04T19:21:51.664478+05:30,GET,GET /jobs/{id}/,18.56,ok,
2026-10-04T19:21:51.677698+05:30,POST,POST /jobs/,24.76,ok,
2026-10-04T19:21:51.700231+05:30,POST,POST /jobs/,21.26,ok,
2026-10-04T19:21:51.707349+05:30,GET,GET /health/,17.55,ok,
2026-10-04T19:21:51.730707+05:30,GET,GET /health/,18.1,ok,
2026-10-04T19:21:51.761380+05:30,POST,POST /jobs/,28.39,ok,
2026-10-04T19:21:51.765040+05:30,POST,POST /jobs/,31.17,ok,
2026-10-04T19:21:51.780687+05:30,GET,GET /jobs/{id}/,19.09,ok,
2026-10-04T19:21:51.861933+05:30,POST,POST /jobs/,22.72,ok,
2026-10-04T19:21:51.892797+05:30,GET,GET /health/,19.52,ok,
2026-10-04T19:21:51.937332+05:30,POST,POST /jobs/,20.21,ok,
2026-10-04T19:21:51.980806+05:30,GET,GET /health/,20.01,ok,
2026-10-04T19:21:51.994671+05:30,POST,POST /jobs/,23.83,ok,
2026-10-04T19:21:52.010479+05:30,GET,GET /jobs/stats/,23.41,ok,
2026-10-04T19:21:52.020634+05:30,GET,GET /jobs/{id}/,24.68,ok,
2026-10-04T19:21:52.032715+05:30,GET,GET /jobs/stats/,23.51,ok,
2026-10-04T19:21:52.149046+05:30,POST,POST /jobs/,20.97,ok,
2026-10-04T19:21:52.163569+05:30,POST,POST /jobs/,21.15,ok,
2026-10-04T19:21:52.196996+05:30,GET,GET /jobs/{id}/,19.12,ok,
2026-10-04T19:21:52.250394+05:30,GET,GET /jobs/stats/,19.13,ok,
2026-10-04T19:21:52.315092+05:30,POST,POST /jobs/,28.21,ok,
2026-10-04T19:21:52.355192+05:30,POST,POST /jobs/,25.78,ok,
2026-10-04T19:21:52.355514+05:30,GET,GET /jobs/{id}/,25.56,ok,
2026-10-04T19:21:52.419030+05:30,GET,GET /health/,25.26,ok,
2026-10-04T19:21:52.419845+05:30,GET,GET /health/,20.11,ok,
2026-10-04T19:21:52.428765+05:30,GET,GET /jobs/{id}/,22.95,ok,
2026-10-04T19:21:52.435981+05:30,GET,GET /jobs/stats/,22.17,ok,
2026-10-04T19:21:52.442907+05:30,GET,GET /jobs/{id}/,19.78,ok,
2026-10-04T19:21:52.453447+05:30,GET,GET /jobs/{id}/,18.6,ok,
2026-10-04T19:21:52.470391+05:30,GET,GET /health/,18.16,ok,
2026-10-04T19:21:52.477416+05:30,GET,GET /health/,17.46,ok,
2026-10-04T19:21:52.534591+05:30,GET,GET /jobs/stats/,20.89,ok,
2026-10-04T19:21:52.542869+05:30,GET,GET /jobs/{id}/,18.14,ok,
2026-10-04T19:21:52.648492+05:30,GET,GET /jobs/{id}/,20.1,ok,
2026-10-04T19:21:52.661264+05:30,POST,POST /jobs/,20.72,ok,
2026-10-04T19:21:52.710169+05:30,GET,GET /jobs/{id}/,18.39,ok,
2026-10-04T19:21:52.726977+05:30,GET,GET /jobs/{id}/,18.09,ok,
2026-10-04T19:21:52.771578+05:30,GET,GET /health/,18.3,ok,
2026-10-04T19:21:52.777140+05:30,POST,POST /jobs/,21.74,ok,
2026-10-04T19:21:52.800812+05:30,GET,GET /health/,19.36,ok,
2026-10-04T19:21:52.829252+05:30,GET,GET /jobs/stats/,20.17,ok,
2026-10-04T19:21:52.833423+05:30,POST,POST /jobs/,22.39,ok,
2026-10-04T19:21:52.851417+05:30,GET,GET /jobs/{id}/,19.11,ok,
2026-10-04T19:21:52.875053+05:30,GET,GET /health/,19.38,ok,
2026-10-04T19:21:52.904498+05:30,POST,POST /jobs/,24.0,ok,
2026-10-04T19:21:52.910938+05:30,GET,GET /jobs/{id}/,21.42,ok,
2026-10-04T19:21:52.919315+05:30,GET,GET /jobs/{id}/,23.77,ok,
2026-10-04T19:21:52.927457+05:30,POST,POST /jobs/,28.9,ok,
2026-10-04T19:21:52.934413+05:30,GET,GET /jobs/stats/,21.22,ok,
2026-10-04T19:21:52.940236+05:30,GET,GET /health/,18.69,ok,
2026-10-04T19:21:52.964078+05:30,GET,GET /jobs/{id}/,18.54,ok,
2026-10-04T19:21:52.974700+05:30,POST,POST /jobs/,20.16,ok,
2026-10-04T19:21:53.008026+05:30,POST,POST /jobs/,21.04,ok,
2026-10-04T19:21:53.027268+05:30,POST,POST /jobs/,27.24,ok,
2026-10-04T19:21:53.038740+05:30,POST,POST /jobs/,24.37,ok,
2026-10-04T19:21:53.115762+05:30,POST,POST /jobs/,23.68,ok,
2026-10-04T19:21:53.124989+05:30,POST,POST /jobs/,23.81,ok,
2026-10-04T19:21:53.148120+05:30,POST,POST /jobs/,35.62,ok,
2026-10-04T19:21:53.149184+05:30,POST,POST /jobs/,34.68,ok,
2026-10-04T19:21:53.163736+05:30,POST,POST /jobs/,27.84,ok,
2026-10-04T19:21:53.186974+05:30,POST,POST /jobs/,31.51,ok,
2026-10-04T19:21:53.212023+05:30,GET,GET /jobs/stats/,20.8,ok,
2026-10-04T19:21:53.239425+05:30,GET,GET /health/,22.11,ok,
2026-10-04T19:21:53.249403+05:30,GET,GET /jobs/{id}/,28.08,ok,
2026-10-04T19:21:53.255211+05:30,GET,GET /jobs/{id}/,21.64,ok,
2026-10-04T19:21:53.292299+05:30,GET,GET /jobs/stats/,21.77,ok,
2026-10-04T19:21:53.315696+05:30,GET,GET /jobs/{id}/,18.01,ok,
2026-10-04T19:21:53.336673+05:30,GET,GET /jobs/{id}/,18.69,ok,
2026-10-04T19:21:53.357938+05:30,POST,POST /jobs/,21.08,ok,
2026-10-04T19:21:53.410193+05:30,GET,GET /health/,18.94,ok,
2026-10-04T19:21:53.413947+05:30,GET,GET /jobs/{id}/,18.6,ok,
2026-10-04T19:21:53.427533+05:30,GET,GET /health/,21.22,ok,
2026-10-04T19:21:53.478667+05:30,POST,POST /jobs/,20.84,ok,
2026-10-04T19:21:53.540771+05:30,POST,POST /jobs/,25.78,ok,
2026-10-04T19:21:53.558007+05:30,GET,GET /jobs/{id}/,18.25,ok,
2026-10-04T19:21:53.617491+05:30,GET,GET /jobs/{id}/,18.02,ok,
2026-10-04T19:21:53.658015+05:30,GET,GET /health/,20.22,ok,
2026-10-04T19:21:53.670685+05:30,GET,GET /jobs/{id}/,20.86,ok,
2026-10-04T19:21:53.677623+05:30,GET,GET /jobs/{id}/,19.42,ok,
2026-10-04T19:21:53.715950+05:30,GET,GET /jobs/{id}/,18.04,ok,
2026-10-04T19:21:53.721570+05:30,GET,GET /jobs/{id}/,18.64,ok,
2026-10-04T19:21:53.743013+05:30,GET,GET /jobs/stats/,19.2,ok,
2026-10-04T19:21:53.773247+05:30,GET,GET /jobs/{id}/,20.85,ok,
2026-10-04T19:21:53.779465+05:30,POST,POST /jobs/,22.28,ok,
2026-10-04T19:21:53.782564+05:30,POST,POST /jobs/,29.54,ok,
2026-10-04T19:21:53.790588+05:30,GET,GET /jobs/{id}/,19.25,ok,
2026-10-04T19:21:53.811207+05:30,GET,GET /jobs/stats/,20.47,ok,
2026-10-04T19:21:53.812263+05:30,GET,GET /health/,18.57,ok,
2026-10-04T19:21:53.819714+05:30,GET,GET /jobs/{id}/,21.73,ok,
2026-10-04T19:21:53.864613+05:30,POST,POST /jobs/,20.4,ok,
2026-10-04T19:21:53.922702+05:30,POST,POST /jobs/,30.77,ok,
2026-10-04T19:21:53.929348+05:30,GET,GET /jobs/{id}/,27.22,ok,
2026-10-04T19:21:53.943705+05:30,GET,GET /health/,31.09,ok,
2026-10-04T19:21:53.944544+05:30,POST,POST /jobs/,34.33,ok,
2026-10-04T19:21:53.950675+05:30,POST,POST /jobs/,29.25,ok,
2026-10-04T19:21:53.984063+05:30,GET,GET /jobs/{id}/,18.06,ok,
2026-10-04T19:21:54.020164+05:30,GET,GET /jobs/{id}/,19.79,ok,
2026-10-04T19:21:54.041678+05:30,GET,GET /jobs/stats/,20.26,ok,
2026-10-04T19:21:54.057253+05:30,GET,GET /jobs/stats/,20.77,ok,
2026-10-04T19:21:54.078682+05:30,POST,POST /jobs/,25.67,ok,
2026-10-04T19:21:54.096842+05:30,GET,GET /jobs/stats/,26.33,ok,
2026-10-04T19:21:54.102516+05:30,GET,GET /jobs/{id}/,20.5,ok,
2026-10-04T19:21:54.103288+05:30,GET,GET /jobs/stats/,26.55,ok,
2026-10-04T19:21:54.143117+05:30,GET,GET /jobs/{id}/,18.52,ok,
2026-10-04T19:21:54.173855+05:30,GET,GET /jobs/stats/,19.44,ok,
2026-10-04T19:21:54.187743+05:30,GET,GET /jobs/{id}/,18.19,ok,
2026-10-04T19:21:54.215316+05:30,GET,GET /jobs/stats/,20.29,ok,
2026-10-04T19:21:54.349694+05:30,POST,POST /jobs/,33.99,ok,
2026-10-04T19:21:54.356570+05:30,GET,GET /jobs/stats/,28.71,ok,
2026-10-04T19:21:54.369412+05:30,GET,GET /jobs/stats/,33.33,ok,
2026-10-04T19:21:54.370050+05:30,GET,GET /jobs/{id}/,29.11,ok,
2026-10-04T19:21:54.371673+05:30,POST,POST /jobs/,29.99,ok,
2026-10-04T19:21:54.435996+05:30,GET,GET /jobs/{id}/,21.59,ok,
2026-10-04T19:21:54.436526+05:30,GET,GET /jobs/{id}/,21.59,ok,
2026-10-04T19:21:54.500054+05:30,GET,GET /jobs/{id}/,19.06,ok,
2026-10-04T19:21:54.595427+05:30,GET,GET /jobs/{id}/,23.87,ok,
2026-10-04T19:21:54.596531+05:30,GET,GET /health/,51.14,ok,
2026-10-04T19:21:54.613520+05:30,POST,POST /jobs/,22.02,ok,
2026-10-04T19:21:54.622472+05:30,GET,GET /health/,18.64,ok,
2026-10-04T19:21:54.660191+05:30,GET,GET /jobs/{id}/,18.4,ok,
2026-10-04T19:21:54.668677+05:30,POST,POST /jobs/,20.88,ok,
2026-10-04T19:21:54.731602+05:30,GET,GET /jobs/{id}/,18.6,ok,
2026-10-04T19:21:54.760526+05:30,GET,GET /jobs/stats/,21.63,ok,
2026-10-04T19:21:54.766235+05:30,POST,POST /jobs/,26.8,ok,
2026-10-04T19:21:54.775335+05:30,GET,GET /jobs/stats/,20.81,ok,
2026-10-04T19:21:54.794111+05:30,POST,POST /jobs/,24.61,ok,
2026-10-04T19:21:54.807449+05:30,POST,POST /jobs/,21.75,ok,
2026-10-04T19:21:54.833603+05:30,GET,GET /jobs/{id}/,18.8,ok,
2026-10-04T19:21:54.902996+05:30,GET,GET /jobs/{id}/,23.02,ok,
2026-10-04T19:21:54.914526+05:30,GET,GET /jobs/{id}/,29.7,ok,
2026-10-04T19:21:54.915164+05:30,GET,GET /jobs/stats/,25.21,ok,
2026-10-04T19:21:54.915697+05:30,GET,GET /jobs/stats/,31.53,ok,
2026-10-04T19:21:54.916035+05:30,GET,GET /health/,21.65,ok,
2026-10-04T19:21:54.940947+05:30,POST,POST /jobs/,22.66,ok,
2026-10-04T19:21:54.949769+05:30,POST,POST /jobs/,23.52,ok,
2026-10-04T19:21:54.974324+05:30,POST,POST /jobs/,24.32,ok,
2026-10-04T19:21:54.974787+05:30,GET,GET /health/,24.4,ok,
2026-10-04T19:21:55.030651+05:30,GET,GET /jobs/{id}/,23.55,ok,
2026-10-04T19:21:55.037249+05:30,GET,GET /jobs/{id}/,23.1,ok,
2026-10-04T19:21:55.043463+05:30,POST,POST /jobs/,22.22,ok,
2026-10-04T19:21:55.047645+05:30,GET,GET /jobs/{id}/,23.35,ok,
2026-10-04T19:21:55.072015+05:30,GET,GET /jobs/stats/,20.11,ok,
2026-10-04T19:21:55.198845+05:30,GET,GET /jobs/stats/,85.55,ok,
2026-10-04T19:21:55.254849+05:30,POST,POST /jobs/,22.67,ok,
2026-10-04T19:21:55.258534+05:30,GET,GET /health/,22.29,ok,
2026-10-04T19:21:55.284217+05:30,POST,POST /jobs/,26.38,ok,
2026-10-04T19:21:55.287352+05:30,POST,POST /jobs/,30.19,ok,
2026-10-04T19:21:55.293037+05:30,POST,POST /jobs/,29.62,ok,
2026-10-04T19:21:55.299578+05:30,GET,GET /health/,24.79,ok,
2026-10-04T19:21:55.304749+05:30,POST,POST /jobs/,30.44,ok,
2026-10-04T19:21:55.315866+05:30,GET,GET /jobs/{id}/,28.32,ok,
2026-10-04T19:21:55.332534+05:30,POST,POST /jobs/,26.49,ok,
2026-10-04T19:21:55.334343+05:30,GET,GET /jobs/{id}/,26.13,ok,
2026-10-04T19:21:55.377064+05:30,GET,GET /health/,28.48,ok,
2026-10-04T19:21:55.422460+05:30,POST,POST /jobs/,25.84,ok,
2026-10-04T19:21:55.423519+05:30,GET,GET /jobs/{id}/,23.93,ok,
2026-10-04T19:21:55.434088+05:30,POST,POST /jobs/,28.46,ok,
2026-10-04T19:21:55.443647+05:30,GET,GET /jobs/{id}/,27.0,ok,
2026-10-04T19:21:55.447421+05:30,POST,POST /jobs/,24.76,ok,
2026-10-04T19:21:55.455482+05:30,GET,GET /jobs/stats/,24.35,ok,
2026-10-04T19:21:55.460856+05:30,POST,POST /jobs/,26.57,ok,
2026-10-04T19:21:55.477757+05:30,GET,GET /jobs/{id}/,19.04,ok,
2026-10-04T19:21:55.495176+05:30,GET,GET /jobs/{id}/,32.94,ok,
2026-10-04T19:21:55.503881+05:30,POST,POST /jobs/,37.68,ok,
2026-10-04T19:21:55.513745+05:30,GET,GET /jobs/{id}/,24.67,ok,
2026-10-04T19:21:55.525583+05:30,POST,POST /jobs/,23.03,ok,
2026-10-04T19:21:55.582211+05:30,POST,POST /jobs/,23.27,ok,
2026-10-04T19:21:55.589168+05:30,GET,GET /jobs/stats/,23.26,ok,
2026-10-04T19:21:55.606897+05:30,GET,GET /jobs/{id}/,26.89,ok,
2026-10-04T19:21:55.626848+05:30,POST,POST /jobs/,24.31,ok,
2026-10-04T19:21:55.627550+05:30,GET,GET /health/,18.44,ok,
2026-10-04T19:21:55.662342+05:30,POST,POST /jobs/,50.04,ok,
2026-10-04T19:21:55.678712+05:30,GET,GET /health/,28.54,ok,
2026-10-04T19:21:55.727230+05:30,POST,POST /jobs/,21.18,ok,
2026-10-04T19:21:55.733325+05:30,POST,POST /jobs/,21.17,ok,
2026-10-04T19:21:55.755064+05:30,GET,GET /health/,17.49,ok,
2026-10-04T19:21:55.813723+05:30,GET,GET /jobs/{id}/,20.25,ok,
2026-10-04T19:21:55.835347+05:30,GET,GET /jobs/{id}/,28.42,ok,
2026-10-04T19:21:55.838815+05:30,POST,POST /jobs/,33.36,ok,
2026-10-04T19:21:55.850853+05:30,GET,GET /jobs/{id}/,24.77,ok,
2026-10-04T19:21:55.855854+05:30,GET,GET /health/,26.43,ok,
2026-10-04T19:21:55.865867+05:30,GET,GET /jobs/{id}/,20.71,ok,
2026-10-04T19:21:55.915702+05:30,GET,GET /jobs/{id}/,18.57,ok,
2026-10-04T19:21:55.916262+05:30,GET,GET /jobs/stats/,22.15,ok,
2026-10-04T19:21:55.958867+05:30,POST,POST /jobs/,25.31,ok,
2026-10-04T19:21:55.986328+05:30,GET,GET /jobs/{id}/,20.16,ok,
2026-10-04T19:21:56.009224+05:30,POST,POST /jobs/,28.02,ok,
2026-10-04T19:21:56.072985+05:30,POST,POST /jobs/,22.39,ok,
2026-10-04T19:21:56.085635+05:30,GET,GET /jobs/{id}/,18.99,ok,
2026-10-04T19:21:56.132795+05:30,GET,GET /jobs/{id}/,21.83,ok,
2026-10-04T19:21:56.144720+05:30,GET,GET /jobs/{id}/,24.68,ok,
2026-10-04T19:21:56.148867+05:30,GET,GET /jobs/{id}/,31.86,ok,
2026-10-04T19:21:56.167758+05:30,GET,GET /jobs/{id}/,22.88,ok,
2026-10-04T19:21:56.169993+05:30,GET,GET /jobs/stats/,18.92,ok,
2026-10-04T19:21:56.184198+05:30,GET,GET /jobs/{id}/,26.23,ok,
2026-10-04T19:21:56.184781+05:30,GET,GET /jobs/{id}/,25.04,ok,
2026-10-04T19:21:56.255741+05:30,GET,GET /jobs/stats/,22.71,ok,
2026-10-04T19:21:56.264119+05:30,GET,GET /jobs/stats/,22.57,ok,
2026-10-04T19:21:56.266395+05:30,GET,GET /jobs/{id}/,20.87,ok,
2026-10-04T19:21:56.325814+05:30,GET,GET /health/,18.91,ok,
2026-10-04T19:21:56.344433+05:30,GET,GET /jobs/stats/,19.57,ok,
2026-10-04T19:21:56.355899+05:30,GET,GET /jobs/{id}/,18.49,ok,
2026-10-04T19:21:56.410775+05:30,GET,GET /health/,18.62,ok,
2026-10-04T19:21:56.424468+05:30,GET,GET /jobs/{id}/,22.15,ok,
2026-10-04T19:21:56.474172+05:30,POST,POST /jobs/,24.38,ok,
2026-10-04T19:21:56.480461+05:30,POST,POST /jobs/,22.55,ok,
2026-10-04T19:21:56.486463+05:30,GET,GET /jobs/stats/,20.56,ok,
2026-10-04T19:21:56.552815+05:30,GET,GET /jobs/{id}/,17.95,ok,
2026-10-04T19:21:56.581984+05:30,POST,POST /jobs/,20.88,ok,
2026-10-04T19:21:56.592985+05:30,GET,GET /health/,19.92,ok,
2026-10-04T19:21:56.613518+05:30,GET,GET /jobs/{id}/,19.28,ok,
2026-10-04T19:21:56.625892+05:30,POST,POST /jobs/,21.79,ok,
2026-10-04T19:21:56.637625+05:30,GET,GET /jobs/{id}/,19.81,ok,
2026-10-04T19:21:56.697049+05:30,POST,POST /jobs/,21.12,ok,
2026-10-04T19:21:56.702109+05:30,POST,POST /jobs/,23.07,ok,
2026-10-04T19:21:56.727377+05:30,GET,GET /health/,18.92,ok,
2026-10-04T19:21:56.795747+05:30,POST,POST /jobs/,21.06,ok,
2026-10-04T19:21:56.829481+05:30,POST,POST /jobs/,23.25,ok,
2026-10-04T19:21:56.836264+05:30,GET,GET /jobs/{id}/,21.5,ok,
2026-10-04T19:21:56.837289+05:30,GET,GET /health/,23.07,ok,
2026-10-04T19:21:56.843405+05:30,POST,POST /jobs/,23.5,ok,
2026-10-04T19:21:56.856079+05:30,POST,POST /jobs/,21.29,ok,
2026-10-04T19:21:56.903580+05:30,POST,POST /jobs/,21.18,ok,
2026-10-04T19:21:56.915923+05:30,GET,GET /health/,19.44,ok,
2026-10-04T19:21:56.972444+05:30,GET,GET /jobs/{id}/,18.14,ok,
2026-10-04T19:21:57.000964+05:30,GET,GET /jobs/stats/,21.23,ok,
2026-10-04T19:21:57.009529+05:30,POST,POST /jobs/,26.69,ok,
2026-10-04T19:21:57.010996+05:30,POST,POST /jobs/,25.93,ok,
2026-10-04T19:21:57.036314+05:30,POST,POST /jobs/,35.15,ok,
2026-10-04T19:21:57.043728+05:30,GET,GET /jobs/{id}/,22.44,ok,
2026-10-04T19:21:57.051751+05:30,GET,GET /jobs/{id}/,24.86,ok,
2026-10-04T19:21:57.052443+05:30,GET,GET /health/,26.11,ok,
2026-10-04T19:21:57.070378+05:30,POST,POST /jobs/,26.46,ok,
2026-10-04T19:21:57.082636+05:30,GET,GET /health/,19.92,ok,
2026-10-04T19:21:57.093037+05:30,GET,GET /jobs/{id}/,22.47,ok,
2026-10-04T19:21:57.097807+05:30,GET,GET /jobs/{id}/,24.39,ok,
2026-10-04T19:21:57.109069+05:30,POST,POST /jobs/,21.14,ok,
2026-10-04T19:21:57.141625+05:30,GET,GET /health/,18.28,ok,
2026-10-04T19:21:57.200296+05:30,POST,POST /jobs/,20.35,ok,
2026-10-04T19:21:57.224279+05:30,GET,GET /jobs/{id}/,20.66,ok,
2026-10-04T19:21:57.227945+05:30,POST,POST /jobs/,22.31,ok,
2026-10-04T19:21:57.234847+05:30,GET,GET /jobs/stats/,20.08,ok,
2026-10-04T19:21:57.292751+05:30,POST,POST /jobs/,25.58,ok,
2026-10-04T19:21:57.301583+05:30,GET,GET /jobs/{id}/,22.32,ok,
2026-10-04T19:21:57.311474+05:30,GET,GET /jobs/stats/,31.72,ok,
2026-10-04T19:21:57.358202+05:30,GET,GET /jobs/{id}/,18.39,ok,
2026-10-04T19:21:57.384230+05:30,POST,POST /jobs/,19.71,ok,
2026-10-04T19:21:57.432039+05:30,GET,GET /jobs/{id}/,18.48,ok,
2026-10-04T19:21:57.443249+05:30,GET,GET /health/,21.69,ok,
2026-10-04T19:21:57.453757+05:30,GET,GET /jobs/{id}/,18.4,ok,
2026-10-04T19:21:57.472214+05:30,GET,GET /jobs/stats/,19.63,ok,
2026-10-04T19:21:57.493661+05:30,GET,GET /jobs/{id}/,18.13,ok,
2026-10-04T19:21:57.497453+05:30,GET,GET /jobs/{id}/,18.91,ok,
2026-10-04T19:21:57.579653+05:30,POST,POST /jobs/,23.86,ok,
2026-10-04T19:21:57.580121+05:30,GET,GET /jobs/{id}/,19.28,ok,
2026-10-04T19:21:57.606799+05:30,GET,GET /jobs/{id}/,19.44,ok,
2026-10-04T19:21:57.622102+05:30,POST,POST /jobs/,20.63,ok,
2026-10-04T19:21:57.645017+05:30,GET,GET /health/,17.66,ok,
2026-10-04T19:21:57.675394+05:30,GET,GET /jobs/{id}/,17.91,ok,
2026-10-04T19:21:57.747611+05:30,GET,GET /health/,17.77,ok,
2026-10-04T19:21:57.758811+05:30,GET,GET /jobs/{id}/,18.97,ok,
2026-10-04T19:21:57.792519+05:30,GET,GET /jobs/{id}/,20.4,ok,
2026-10-04T19:21:57.798149+05:30,GET,GET /jobs/{id}/,20.93,ok,
2026-10-04T19:21:57.847123+05:30,POST,POST /jobs/,22.61,ok,
2026-10-04T19:21:57.876828+05:30,POST,POST /jobs/,21.41,ok,
2026-10-04T19:21:57.883672+05:30,GET,GET /jobs/{id}/,18.24,ok,
2026-10-04T19:21:57.894333+05:30,GET,GET /jobs/{id}/,23.88,ok,
2026-10-04T19:21:57.911113+05:30,POST,POST /jobs/,23.16,ok,
2026-10-04T19:21:57.954117+05:30,POST,POST /jobs/,20.69,ok,
2026-10-04T19:21:57.975924+05:30,POST,POST /jobs/,21.62,ok,
2026-10-04T19:21:58.067315+05:30,GET,GET /jobs/{id}/,20.85,ok,
2026-10-04T19:21:58.082641+05:30,GET,GET /jobs/{id}/,20.12,ok,
2026-10-04T19:21:58.098298+05:30,POST,POST /jobs/,22.64,ok,
2026-10-04T19:21:58.130326+05:30,POST,POST /jobs/,21.66,ok,
2026-10-04T19:21:58.156118+05:30,GET,GET /jobs/stats/,20.52,ok,
2026-10-04T19:21:58.165474+05:30,GET,GET /jobs/{id}/,18.9,ok,
2026-10-04T19:21:58.206893+05:30,GET,GET /jobs/stats/,19.15,ok,
2026-10-04T19:21:58.230329+05:30,GET,GET /jobs/{id}/,19.13,ok,
2026-10-04T19:21:58.294007+05:30,POST,POST /jobs/,31.35,ok,
2026-10-04T19:21:58.298080+05:30,GET,GET /jobs/{id}/,30.83,ok,
2026-10-04T19:21:58.298467+05:30,GET,GET /jobs/{id}/,32.2,ok,
2026-10-04T19:21:58.298577+05:30,POST,POST /jobs/,32.95,ok,
2026-10-04T19:21:58.324084+05:30,GET,GET /jobs/{id}/,18.27,ok,
2026-10-04T19:21:58.347605+05:30,POST,POST /jobs/,21.2,ok,
2026-10-04T19:21:58.428359+05:30,POST,POST /jobs/,21.21,ok,
2026-10-04T19:21:58.433729+05:30,GET,GET /jobs/{id}/,18.51,ok,
2026-10-04T19:21:58.446369+05:30,GET,GET /jobs/{id}/,19.1,ok,
2026-10-04T19:21:58.477365+05:30,GET,GET /health/,18.71,ok,
2026-10-04T19:21:58.499927+05:30,GET,GET /jobs/{id}/,19.26,ok,
2026-10-04T19:21:58.500664+05:30,POST,POST /jobs/,24.97,ok,
2026-10-04T19:21:58.508279+05:30,GET,GET /jobs/{id}/,19.7,ok,
2026-10-04T19:21:58.577486+05:30,GET,GET /jobs/{id}/,17.9,ok,
2026-10-04T19:21:58.617475+05:30,GET,GET /jobs/{id}/,28.65,ok,
2026-10-04T19:21:58.618367+05:30,POST,POST /jobs/,27.53,ok,
2026-10-04T19:21:58.634217+05:30,POST,POST /jobs/,33.23,ok,
2026-10-04T19:21:58.634450+05:30,GET,GET /jobs/{id}/,30.32,ok,
2026-10-04T19:21:58.637598+05:30,POST,POST /jobs/,38.63,ok,
2026-10-04T19:21:58.654111+05:30,POST,POST /jobs/,26.33,ok,
2026-10-04T19:21:58.668634+05:30,GET,GET /jobs/{id}/,24.68,ok,
2026-10-04T19:21:58.760483+05:30,POST,POST /jobs/,23.5,ok,
2026-10-04T19:21:58.840663+05:30,POST,POST /jobs/,21.84,ok,
2026-10-04T19:21:58.852831+05:30,GET,GET /jobs/{id}/,21.92,ok,
2026-10-04T19:21:58.891046+05:30,GET,GET /jobs/{id}/,20.91,ok,
2026-10-04T19:21:58.902807+05:30,POST,POST /jobs/,22.57,ok,
2026-10-04T19:21:58.930721+05:30,GET,GET /jobs/{id}/,18.56,ok,
2026-10-04T19:21:58.970020+05:30,GET,GET /jobs/{id}/,17.82,ok,
2026-10-04T19:21:58.998641+05:30,GET,GET /jobs/{id}/,19.31,ok,
2026-10-04T19:21:59.022119+05:30,GET,GET /health/,26.72,ok,
2026-10-04T19:21:59.042821+05:30,POST,POST /jobs/,20.51,ok,
2026-10-04T19:21:59.085422+05:30,POST,POST /jobs/,23.28,ok,
2026-10-04T19:21:59.087773+05:30,POST,POST /jobs/,22.5,ok,
2026-10-04T19:21:59.108423+05:30,POST,POST /jobs/,20.45,ok,
2026-10-04T19:21:59.136592+05:30,GET,GET /jobs/{id}/,19.66,ok,
2026-10-04T19:21:59.150370+05:30,GET,GET /jobs/{id}/,19.46,ok,
2026-10-04T19:21:59.150874+05:30,POST,POST /jobs/,23.98,ok,
2026-10-04T19:21:59.190993+05:30,GET,GET /health/,18.87,ok,
2026-10-04T19:21:59.195159+05:30,GET,GET /jobs/{id}/,22.47,ok,
2026-10-04T19:21:59.213739+05:30,POST,POST /jobs/,23.98,ok,
2026-10-04T19:21:59.290763+05:30,POST,POST /jobs/,20.44,ok,
2026-10-04T19:21:59.347771+05:30,GET,GET /jobs/stats/,19.75,ok,
2026-10-04T19:21:59.372806+05:30,POST,POST /jobs/,22.72,ok,
2026-10-04T19:21:59.383750+05:30,POST,POST /jobs/,22.56,ok,
2026-10-04T19:21:59.391954+05:30,GET,GET /jobs/{id}/,20.51,ok,
2026-10-04T19:21:59.418314+05:30,POST,POST /jobs/,24.08,ok,
2026-10-04T19:21:59.431238+05:30,GET,GET /jobs/stats/,21.92,ok,
2026-10-04T19:21:59.436926+05:30,GET,GET /jobs/{id}/,20.84,ok,
2026-10-04T19:21:59.440052+05:30,POST,POST /jobs/,24.71,ok,
2026-10-04T19:21:59.506007+05:30,GET,GET /jobs/{id}/,24.68,ok,
2026-10-04T19:21:59.507448+05:30,GET,GET /jobs/stats/,28.12,ok,
2026-10-04T19:21:59.516822+05:30,GET,GET /jobs/{id}/,28.32,ok,
2026-10-04T19:21:59.520253+05:30,GET,GET /jobs/{id}/,27.71,ok,
2026-10-04T19:21:59.532890+05:30,POST,POST /jobs/,22.14,ok,
2026-10-04T19:21:59.534800+05:30,GET,GET /jobs/{id}/,20.11,ok,
2026-10-04T19:21:59.602140+05:30,GET,GET /jobs/{id}/,19.02,ok,
2026-10-04T19:21:59.608015+05:30,GET,GET /jobs/stats/,20.97,ok,
2026-10-04T19:21:59.616040+05:30,GET,GET /jobs/{id}/,18.98,ok,
2026-10-04T19:21:59.651634+05:30,POST,POST /jobs/,23.28,ok,
2026-10-04T19:21:59.656504+05:30,GET,GET /jobs/stats/,23.01,ok,
2026-10-04T19:21:59.709392+05:30,GET,GET /jobs/stats/,19.6,ok,
2026-10-04T19:21:59.732483+05:30,POST,POST /jobs/,27.64,ok,
2026-10-04T19:21:59.738893+05:30,GET,GET /jobs/{id}/,18.19,ok,
2026-10-04T19:21:59.756154+05:30,POST,POST /jobs/,22.43,ok,
2026-10-04T19:21:59.779323+05:30,GET,GET /jobs/{id}/,21.86,ok,
2026-10-04T19:21:59.793653+05:30,GET,GET /jobs/{id}/,20.26,ok,
2026-10-04T19:21:59.797866+05:30,GET,GET /jobs/{id}/,20.44,ok,
2026-10-04T19:21:59.811500+05:30,GET,GET /health/,17.72,ok,
2026-10-04T19:21:59.857790+05:30,GET,GET /jobs/stats/,24.01,ok,
2026-10-04T19:21:59.864312+05:30,POST,POST /jobs/,22.53,ok,
2026-10-04T19:21:59.875976+05:30,POST,POST /jobs/,23.02,ok,
2026-10-04T19:21:59.911376+05:30,POST,POST /jobs/,24.07,ok,
2026-10-04T19:21:59.941513+05:30,GET,GET /jobs/{id}/,18.77,ok,
2026-10-04T19:21:59.994095+05:30,GET,GET /jobs/stats/,21.3,ok,
2026-10-04T19:22:00.172472+05:30,GET,GET /jobs/{id}/,133.53,ok,
2026-10-04T19:22:00.173023+05:30,GET,GET /jobs/{id}/,137.68,ok,
2026-10-04T19:22:00.183017+05:30,POST,POST /jobs/,146.85,ok,
2026-10-04T19:22:00.186009+05:30,GET,GET /health/,89.02,ok,
2026-10-04T19:22:00.187244+05:30,POST,POST /jobs/,83.6,ok,
2026-10-04T19:22:00.187628+05:30,GET,GET /jobs/{id}/,98.51,ok,
2026-10-04T19:22:00.197377+05:30,GET,GET /jobs/{id}/,39.37,ok,
2026-10-04T19:22:00.227948+05:30,POST,POST /jobs/,41.72,ok,
2026-10-04T19:22:00.238136+05:30,GET,GET /jobs/{id}/,32.12,ok,
2026-10-04T19:22:00.266056+05:30,GET,GET /jobs/{id}/,50.61,ok,
2026-10-04T19:22:00.271368+05:30,POST,POST /jobs/,63.22,ok,
2026-10-04T19:22:00.272045+05:30,GET,GET /jobs/{id}/,53.39,ok,
2026-10-04T19:22:00.272735+05:30,GET,GET /jobs/stats/,62.37,ok,
2026-10-04T19:22:00.288883+05:30,GET,GET /jobs/{id}/,36.19,ok,
2026-10-04T19:22:00.299495+05:30,GET,GET /jobs/{id}/,26.61,ok,
2026-10-04T19:22:00.306690+05:30,GET,GET /health/,23.92,ok,
2026-10-04T19:22:00.315162+05:30,GET,GET /health/,19.99,ok,
2026-10-04T19:22:00.337895+05:30,GET,GET /jobs/{id}/,22.49,ok,
2026-10-04T19:22:00.346882+05:30,GET,GET /jobs/{id}/,22.56,ok,
2026-10-04T19:22:00.361155+05:30,GET,GET /jobs/stats/,21.98,ok,
2026-10-04T19:22:00.440092+05:30,POST,POST /jobs/,25.23,ok,
2026-10-04T19:22:00.449474+05:30,POST,POST /jobs/,22.39,ok,
2026-10-04T19:22:00.475146+05:30,GET,GET /jobs/{id}/,21.33,ok,
2026-10-04T19:22:00.489636+05:30,GET,GET /jobs/{id}/,19.69,ok,
2026-10-04T19:22:00.546486+05:30,POST,POST /jobs/,22.35,ok,
2026-10-04T19:22:00.620295+05:30,GET,GET /jobs/{id}/,20.48,ok,
2026-10-04T19:22:00.678866+05:30,POST,POST /jobs/,21.14,ok,
2026-10-04T19:22:00.784509+05:30,GET,GET /jobs/{id}/,19.17,ok,
2026-10-04T19:22:00.833496+05:30,POST,POST /jobs/,20.62,ok,
2026-10-04T19:22:00.902181+05:30,GET,GET /jobs/{id}/,19.36,ok,
2026-10-04T19:22:00.915195+05:30,GET,GET /jobs/{id}/,24.54,ok,
2026-10-04T19:22:00.933508+05:30,POST,POST /jobs/,23.02,ok,
2026-10-04T19:22:00.950277+05:30,POST,POST /jobs/,27.73,ok,
2026-10-04T19:22:00.982426+05:30,POST,POST /jobs/,21.79,ok,
2026-10-04T19:22:00.985793+05:30,GET,GET /jobs/{id}/,20.03,ok,
2026-10-04T19:22:01.004272+05:30,GET,GET /health/,22.98,ok,
2026-10-04T19:22:01.022568+05:30,GET,GET /jobs/{id}/,19.61,ok,
2026-10-04T19:22:01.047461+05:30,GET,GET /health/,23.13,ok,
2026-10-04T19:22:01.048485+05:30,GET,GET /jobs/{id}/,24.54,ok,
2026-10-04T19:22:01.064277+05:30,POST,POST /jobs/,32.85,ok,
2026-10-04T19:22:01.069162+05:30,GET,GET /jobs/stats/,28.6,ok,
2026-10-04T19:22:01.079318+05:30,GET,GET /health/,26.57,ok,
2026-10-04T19:22:01.080017+05:30,GET,GET /jobs/{id}/,26.62,ok,
2026-10-04T19:22:01.151667+05:30,GET,GET /jobs/{id}/,28.98,ok,
2026-10-04T19:22:01.158313+05:30,GET,GET /jobs/{id}/,26.2,ok,
2026-10-04T19:22:01.162759+05:30,GET,GET /jobs/{id}/,27.16,ok,
2026-10-04T19:22:01.193816+05:30,POST,POST /jobs/,23.69,ok,
2026-10-04T19:22:01.209147+05:30,GET,GET /jobs/{id}/,25.7,ok,
2026-10-04T19:22:01.228493+05:30,POST,POST /jobs/,24.34,ok,
2026-10-04T19:22:01.258042+05:30,GET,GET /jobs/{id}/,21.23,ok,
2026-10-04T19:22:01.273121+05:30,POST,POST /jobs/,35.76,ok,
2026-10-04T19:22:01.291589+05:30,GET,GET /jobs/stats/,34.86,ok,
2026-10-04T19:22:01.308152+05:30,GET,GET /jobs/{id}/,25.7,ok,
2026-10-04T19:22:01.309615+05:30,GET,GET /jobs/{id}/,29.51,ok,
2026-10-04T19:22:01.389575+05:30,GET,GET /jobs/{id}/,36.43,ok,
2026-10-04T19:22:01.398156+05:30,GET,GET /jobs/stats/,30.06,ok,
2026-10-04T19:22:01.407806+05:30,POST,POST /jobs/,39.15,ok,
2026-10-04T19:22:01.433361+05:30,GET,GET /jobs/{id}/,28.26,ok,
2026-10-04T19:22:01.454158+05:30,GET,GET /jobs/{id}/,28.63,ok,
2026-10-04T19:22:01.461020+05:30,GET,GET /jobs/{id}/,28.96,ok,
2026-10-04T19:22:01.556934+05:30,GET,GET /jobs/{id}/,61.19,ok,
2026-10-04T19:22:01.567891+05:30,POST,POST /jobs/,70.12,ok,
2026-10-04T19:22:01.589903+05:30,GET,GET /jobs/{id}/,45.89,ok,
2026-10-04T19:22:01.598550+05:30,POST,POST /jobs/,77.79,ok,
2026-10-04T19:22:01.601903+05:30,POST,POST /jobs/,80.08,ok,
2026-10-04T19:22:01.610916+05:30,GET,GET /jobs/stats/,60.25,ok,
2026-10-04T19:22:01.617976+05:30,GET,GET /jobs/{id}/,40.35,ok,
2026-10-04T19:22:01.637232+05:30,POST,POST /jobs/,34.04,ok,
2026-10-04T19:22:01.665137+05:30,GET,GET /jobs/{id}/,39.49,ok,
2026-10-04T19:22:01.703047+05:30,POST,POST /jobs/,46.06,ok,
2026-10-04T19:22:01.712200+05:30,GET,GET /jobs/{id}/,40.36,ok,
2026-10-04T19:22:01.715587+05:30,GET,GET /jobs/{id}/,37.9,ok,
2026-10-04T19:22:01.718820+05:30,GET,GET /jobs/{id}/,34.35,ok,
2026-10-04T19:22:01.726899+05:30,POST,POST /jobs/,45.61,ok,
2026-10-04T19:22:01.764054+05:30,POST,POST /jobs/,36.95,ok,
2026-10-04T19:22:01.808639+05:30,GET,GET /jobs/{id}/,35.19,ok,
2026-10-04T19:22:01.820791+05:30,GET,GET /jobs/{id}/,30.05,ok,
2026-10-04T19:22:01.822011+05:30,GET,GET /health/,42.07,ok,
2026-10-04T19:22:01.963638+05:30,GET,GET /jobs/{id}/,47.84,ok,
2026-10-04T19:22:01.990452+05:30,GET,GET /jobs/{id}/,51.28,ok,
2026-10-04T19:22:02.057656+05:30,POST,POST /jobs/,93.77,ok,
2026-10-04T19:22:02.102033+05:30,GET,GET /health/,97.5,ok,
2026-10-04T19:22:02.102985+05:30,GET,GET /jobs/stats/,99.44,ok,
2026-10-04T19:22:02.108918+05:30,GET,GET /jobs/{id}/,93.27,ok,
2026-10-04T19:22:02.127176+05:30,GET,GET /jobs/{id}/,34.94,ok,
2026-10-04T19:22:02.131099+05:30,POST,POST /jobs/,50.28,ok,
2026-10-04T19:22:02.150491+05:30,GET,GET /jobs/{id}/,38.3,ok,
2026-10-04T19:22:02.168058+05:30,GET,GET /jobs/stats/,30.03,ok,
2026-10-04T19:22:02.233448+05:30,GET,GET /jobs/{id}/,51.32,ok,
2026-10-04T19:22:02.234659+05:30,GET,GET /jobs/stats/,53.24,ok,
2026-10-04T19:22:02.324882+05:30,GET,GET /health/,88.15,ok,
2026-10-04T19:22:02.361931+05:30,POST,POST /jobs/,94.93,ok,
2026-10-04T19:22:02.398046+05:30,GET,GET /jobs/stats/,130.55,ok,
2026-10-04T19:22:02.398791+05:30,GET,GET /health/,110.07,ok,
2026-10-04T19:22:02.399388+05:30,POST,POST /jobs/,127.61,ok,
2026-10-04T19:22:02.400758+05:30,POST,POST /jobs/,128.27,ok,
2026-10-04T19:22:02.400881+05:30,GET,GET /jobs/stats/,125.23,ok,
2026-10-04T19:22:02.401397+05:30,GET,GET /jobs/stats/,96.04,ok,
2026-10-04T19:22:02.415019+05:30,GET,GET /health/,118.36,ok,
2026-10-04T19:22:02.421775+05:30,GET,GET /jobs/stats/,67.34,ok,
2026-10-04T19:22:02.439400+05:30,POST,POST /jobs/,34.69,ok,
2026-10-04T19:22:02.439927+05:30,GET,GET /jobs/{id}/,30.31,ok,
2026-10-04T19:22:02.453432+05:30,POST,POST /jobs/,36.77,ok,
2026-10-04T19:22:02.491318+05:30,POST,POST /jobs/,31.1,ok,
2026-10-04T19:22:02.513562+05:30,GET,GET /jobs/{id}/,22.06,ok,
2026-10-04T19:22:02.513999+05:30,GET,GET /health/,23.8,ok,
2026-10-04T19:22:02.577166+05:30,GET,GET /jobs/{id}/,20.8,ok,
2026-10-04T19:22:02.583940+05:30,POST,POST /jobs/,24.27,ok,
2026-10-04T19:22:02.635727+05:30,GET,GET /jobs/{id}/,22.23,ok,
2026-10-04T19:22:02.651768+05:30,GET,GET /jobs/{id}/,21.19,ok,
2026-10-04T19:22:02.706786+05:30,GET,GET /jobs/{id}/,22.52,ok,
2026-10-04T19:22:02.723190+05:30,POST,POST /jobs/,26.07,ok,
2026-10-04T19:22:02.725313+05:30,POST,POST /jobs/,28.88,ok,
2026-10-04T19:22:02.767512+05:30,GET,GET /jobs/{id}/,18.84,ok,
2026-10-04T19:22:02.797777+05:30,GET,GET /jobs/{id}/,19.93,ok,
2026-10-04T19:22:02.820114+05:30,POST,POST /jobs/,22.15,ok,
2026-10-04T19:22:02.831779+05:30,POST,POST /jobs/,21.91,ok,
2026-10-04T19:22:02.902264+05:30,POST,POST /jobs/,22.13,ok,
2026-10-04T19:22:02.928194+05:30,GET,GET /jobs/{id}/,25.75,ok,
2026-10-04T19:22:02.937577+05:30,GET,GET /health/,29.3,ok,
2026-10-04T19:22:02.941630+05:30,GET,GET /jobs/{id}/,29.34,ok,
2026-10-04T19:22:02.949399+05:30,GET,GET /jobs/{id}/,30.9,ok,
2026-10-04T19:22:02.960982+05:30,POST,POST /jobs/,25.49,ok,
2026-10-04T19:22:02.993596+05:30,GET,GET /health/,21.33,ok,
2026-10-04T19:22:02.998422+05:30,GET,GET /jobs/{id}/,24.01,ok,
2026-10-04T19:22:03.013617+05:30,GET,GET /jobs/stats/,19.89,ok,
2026-10-04T19:22:03.024744+05:30,GET,GET /jobs/{id}/,19.03,ok,
2026-10-04T19:22:03.033926+05:30,GET,GET /jobs/{id}/,18.0,ok,
2026-10-04T19:22:03.067272+05:30,GET,GET /jobs/{id}/,19.03,ok,
2026-10-04T19:22:03.134782+05:30,GET,GET /jobs/{id}/,20.17,ok,
2026-10-04T19:22:03.150440+05:30,GET,GET /jobs/{id}/,23.66,ok,
2026-10-04T19:22:03.178875+05:30,POST,POST /jobs/,33.72,ok,
2026-10-04T19:22:03.189627+05:30,GET,GET /jobs/{id}/,31.92,ok,
2026-10-04T19:22:03.201610+05:30,POST,POST /jobs/,23.9,ok,
2026-10-04T19:22:03.273453+05:30,GET,GET /jobs/{id}/,25.51,ok,
2026-10-04T19:22:03.297805+05:30,POST,POST /jobs/,31.91,ok,
2026-10-04T19:22:03.298081+05:30,GET,GET /jobs/stats/,32.97,ok,
2026-10-04T19:22:03.301638+05:30,GET,GET /jobs/{id}/,21.9,ok,
2026-10-04T19:22:03.306988+05:30,GET,GET /jobs/stats/,31.29,ok,
2026-10-04T19:22:03.387075+05:30,GET,GET /jobs/{id}/,18.73,ok,
2026-10-04T19:22:03.461558+05:30,GET,GET /jobs/{id}/,18.97,ok,
2026-10-04T19:22:03.472909+05:30,GET,GET /health/,18.7,ok,
2026-10-04T19:22:03.508663+05:30,POST,POST /jobs/,24.19,ok,
2026-10-04T19:22:03.514490+05:30,GET,GET /health/,24.9,ok,
2026-10-04T19:22:03.530612+05:30,GET,GET /jobs/{id}/,23.16,ok,
2026-10-04T19:22:03.540518+05:30,POST,POST /jobs/,21.6,ok,
2026-10-04T19:22:03.553705+05:30,POST,POST /jobs/,24.15,ok,
2026-10-04T19:22:03.617598+05:30,GET,GET /jobs/{id}/,25.57,ok,
2026-10-04T19:22:03.648796+05:30,GET,GET /jobs/stats/,19.75,ok,
2026-10-04T19:22:03.656059+05:30,POST,POST /jobs/,21.01,ok,
2026-10-04T19:22:03.672562+05:30,GET,GET /jobs/{id}/,23.56,ok,
2026-10-04T19:22:03.683864+05:30,GET,GET /jobs/stats/,25.57,ok,
2026-10-04T19:22:03.687985+05:30,GET,GET /health/,26.81,ok,
2026-10-04T19:22:03.688641+05:30,GET,GET /jobs/{id}/,26.48,ok,
2026-10-04T19:22:03.763360+05:30,POST,POST /jobs/,20.45,ok,
2026-10-04T19:22:03.784845+05:30,GET,GET /jobs/stats/,20.25,ok,
2026-10-04T19:22:03.829588+05:30,GET,GET /jobs/{id}/,20.42,ok,
2026-10-04T19:22:03.838655+05:30,GET,GET /jobs/{id}/,20.89,ok,
2026-10-04T19:22:03.839406+05:30,GET,GET /jobs/{id}/,22.18,ok,
2026-10-04T19:22:03.849901+05:30,GET,GET /health/,22.06,ok,
2026-10-04T19:22:03.885776+05:30,GET,GET /health/,19.59,ok,
2026-10-04T19:22:03.895408+05:30,GET,GET /jobs/{id}/,20.18,ok,
2026-10-04T19:22:03.915789+05:30,POST,POST /jobs/,21.68,ok,
2026-10-04T19:22:04.004545+05:30,GET,GET /jobs/{id}/,19.38,ok,
2026-10-04T19:22:04.009614+05:30,GET,GET /jobs/{id}/,19.37,ok,
2026-10-04T19:22:04.041710+05:30,GET,GET /jobs/{id}/,20.77,ok,
2026-10-04T19:22:04.046825+05:30,POST,POST /jobs/,23.86,ok,
2026-10-04T19:22:04.050401+05:30,GET,GET /jobs/{id}/,21.29,ok,
2026-10-04T19:22:04.056840+05:30,GET,GET /jobs/{id}/,19.82,ok,
2026-10-04T19:22:04.080696+05:30,GET,GET /health/,19.61,ok,
2026-10-04T19:22:04.097243+05:30,POST,POST /jobs/,20.99,ok,
2026-10-04T19:22:04.125973+05:30,POST,POST /jobs/,25.33,ok,
2026-10-04T19:22:04.149840+05:30,POST,POST /jobs/,25.69,ok,
2026-10-04T19:22:04.151825+05:30,POST,POST /jobs/,33.17,ok,
2026-10-04T19:22:04.164414+05:30,GET,GET /health/,21.11,ok,
2026-10-04T19:22:04.169079+05:30,POST,POST /jobs/,25.08,ok,
2026-10-04T19:22:04.224239+05:30,GET,GET /jobs/{id}/,25.87,ok,
2026-10-04T19:22:04.226753+05:30,GET,GET /jobs/{id}/,24.37,ok,
2026-10-04T19:22:04.237104+05:30,POST,POST /jobs/,23.06,ok,
2026-10-04T19:22:04.243248+05:30,POST,POST /jobs/,24.19,ok,
2026-10-04T19:22:04.254852+05:30,GET,GET /jobs/{id}/,17.58,ok,
2026-10-04T19:22:04.307150+05:30,GET,GET /jobs/{id}/,18.92,ok,
2026-10-04T19:22:04.317419+05:30,GET,GET /health/,23.19,ok,
2026-10-04T19:22:04.318276+05:30,POST,POST /jobs/,26.97,ok,
2026-10-04T19:22:04.326326+05:30,POST,POST /jobs/,28.31,ok,
2026-10-04T19:22:04.392745+05:30,GET,GET /health/,23.09,ok,
2026-10-04T19:22:04.401816+05:30,POST,POST /jobs/,25.02,ok,
2026-10-04T19:22:04.409627+05:30,GET,GET /jobs/{id}/,24.8,ok,
2026-10-04T19:22:04.410108+05:30,GET,GET /jobs/{id}/,21.25,ok,
2026-10-04T19:22:04.469498+05:30,GET,GET /jobs/{id}/,21.07,ok,
2026-10-04T19:22:04.520034+05:30,POST,POST /jobs/,21.2,ok,
2026-10-04T19:22:04.572813+05:30,GET,GET /jobs/{id}/,18.41,ok,
2026-10-04T19:22:04.640349+05:30,POST,POST /jobs/,20.21,ok,
2026-10-04T19:22:04.663395+05:30,GET,GET /jobs/stats/,19.67,ok,
2026-10-04T19:22:04.736952+05:30,GET,GET /jobs/stats/,19.9,ok,
2026-10-04T19:22:04.738900+05:30,GET,GET /jobs/{id}/,17.86,ok,
2026-10-04T19:22:04.769426+05:30,GET,GET /jobs/stats/,22.28,ok,
2026-10-04T19:22:04.785561+05:30,GET,GET /jobs/stats/,21.52,ok,
2026-10-04T19:22:04.793554+05:30,GET,GET /jobs/stats/,20.86,ok,
2026-10-04T19:22:04.807805+05:30,GET,GET /jobs/{id}/,17.95,ok,
2026-10-04T19:22:04.833713+05:30,GET,GET /health/,19.63,ok,
2026-10-04T19:22:04.838738+05:30,POST,POST /jobs/,23.51,ok,
2026-10-04T19:22:04.865366+05:30,GET,GET /health/,18.37,ok,
2026-10-04T19:22:04.879502+05:30,GET,GET /health/,18.58,ok,
2026-10-04T19:22:04.971534+05:30,POST,POST /jobs/,31.52,ok,
2026-10-04T19:22:04.977902+05:30,GET,GET /jobs/{id}/,25.64,ok,
2026-10-04T19:22:04.986493+05:30,GET,GET /jobs/stats/,21.91,ok,
2026-10-04T19:22:05.018513+05:30,GET,GET /jobs/stats/,23.72,ok,
2026-10-04T19:22:05.025726+05:30,GET,GET /jobs/{id}/,19.81,ok,
2026-10-04T19:22:05.032151+05:30,GET,GET /jobs/stats/,19.04,ok,
2026-10-04T19:22:05.062838+05:30,GET,GET /jobs/{id}/,19.35,ok,
2026-10-04T19:22:05.137221+05:30,POST,POST /jobs/,20.85,ok,
2026-10-04T19:22:05.159025+05:30,GET,GET /jobs/{id}/,19.51,ok,
2026-10-04T19:22:05.164739+05:30,GET,GET /jobs/stats/,22.39,ok,
2026-10-04T19:22:05.240836+05:30,GET,GET /health/,20.75,ok,
2026-10-04T19:22:05.250106+05:30,GET,GET /health/,24.95,ok,
2026-10-04T19:22:05.253772+05:30,POST,POST /jobs/,27.51,ok,
2026-10-04T19:22:05.257801+05:30,GET,GET /jobs/{id}/,20.42,ok,
2026-10-04T19:22:05.287982+05:30,GET,GET /jobs/{id}/,18.91,ok,
2026-10-04T19:22:05.327660+05:30,GET,GET /jobs/stats/,22.38,ok,
2026-10-04T19:22:05.328169+05:30,GET,GET /jobs/{id}/,22.37,ok,
2026-10-04T19:22:05.339396+05:30,GET,GET /health/,20.52,ok,
2026-10-04T19:22:05.372361+05:30,GET,GET /jobs/stats/,20.69,ok,
2026-10-04T19:22:05.407018+05:30,GET,GET /jobs/{id}/,20.38,ok,
2026-10-04T19:22:05.407483+05:30,GET,GET /jobs/stats/,21.76,ok,
2026-10-04T19:22:05.433251+05:30,GET,GET /jobs/{id}/,19.5,ok,
2026-10-04T19:22:05.434533+05:30,GET,GET /jobs/{id}/,22.8,ok,
2026-10-04T19:22:05.452866+05:30,GET,GET /jobs/stats/,21.41,ok,
2026-10-04T19:22:05.457696+05:30,GET,GET /health/,17.93,ok,
2026-10-04T19:22:05.507651+05:30,GET,GET /health/,20.68,ok,
2026-10-04T19:22:05.560943+05:30,GET,GET /jobs/stats/,19.02,ok,
2026-10-04T19:22:05.596338+05:30,GET,GET /jobs/{id}/,18.09,ok,
2026-10-04T19:22:05.634992+05:30,POST,POST /jobs/,24.3,ok,
2026-10-04T19:22:05.643743+05:30,GET,GET /jobs/stats/,19.93,ok,
2026-10-04T19:22:05.672715+05:30,POST,POST /jobs/,33.42,ok,
2026-10-04T19:22:05.673459+05:30,GET,GET /jobs/{id}/,25.35,ok,
2026-10-04T19:22:05.674995+05:30,GET,GET /jobs/stats/,26.32,ok,
2026-10-04T19:22:05.677910+05:30,GET,GET /jobs/{id}/,27.24,ok,
2026-10-04T19:22:05.686879+05:30,POST,POST /jobs/,35.6,ok,
2026-10-04T19:22:05.694299+05:30,POST,POST /jobs/,42.47,ok,
2026-10-04T19:22:05.712326+05:30,GET,GET /jobs/{id}/,22.15,ok,
2026-10-04T19:22:05.716513+05:30,POST,POST /jobs/,25.82,ok,
2026-10-04T19:22:05.745352+05:30,GET,GET /jobs/stats/,19.53,ok,
2026-10-04T19:22:05.751126+05:30,POST,POST /jobs/,21.27,ok,
2026-10-04T19:22:05.779351+05:30,GET,GET /jobs/{id}/,19.89,ok,
2026-10-04T19:22:05.791877+05:30,POST,POST /jobs/,25.41,ok,
2026-10-04T19:22:05.811322+05:30,POST,POST /jobs/,24.66,ok,
2026-10-04T19:22:05.812069+05:30,GET,GET /jobs/{id}/,21.12,ok,
2026-10-04T19:22:05.847186+05:30,GET,GET /jobs/{id}/,23.7,ok,
2026-10-04T19:22:05.864420+05:30,GET,GET /health/,34.42,ok,
2026-10-04T19:22:05.872217+05:30,GET,GET /jobs/{id}/,42.68,ok,
2026-10-04T19:22:05.895624+05:30,POST,POST /jobs/,60.57,ok,
2026-10-04T19:22:05.900909+05:30,GET,GET /health/,52.41,ok,
2026-10-04T19:22:05.908764+05:30,GET,GET /jobs/{id}/,52.41,ok,
2026-10-04T19:22:05.915914+05:30,GET,GET /jobs/{id}/,42.12,ok,
2026-10-04T19:22:05.916333+05:30,GET,GET /jobs/stats/,39.43,ok,
2026-10-04T19:22:05.973697+05:30,GET,GET /jobs/{id}/,19.98,ok,
2026-10-04T19:22:05.993136+05:30,POST,POST /jobs/,27.74,ok,
2026-10-04T19:22:05.997491+05:30,GET,GET /jobs/{id}/,27.07,ok,
2026-10-04T19:22:06.002518+05:30,GET,GET /jobs/stats/,31.36,ok,
2026-10-04T19:22:06.083703+05:30,GET,GET /health/,20.99,ok,
2026-10-04T19:22:06.084310+05:30,GET,GET /jobs/{id}/,23.67,ok,
2026-10-04T19:22:06.084759+05:30,GET,GET /jobs/stats/,24.77,ok,
2026-10-04T19:22:06.110120+05:30,GET,GET /health/,19.13,ok,
2026-10-04T19:22:06.131528+05:30,POST,POST /jobs/,25.55,ok,
2026-10-04T19:22:06.137430+05:30,GET,GET /jobs/stats/,22.97,ok,
2026-10-04T19:22:06.169999+05:30,POST,POST /jobs/,21.24,ok,
2026-10-04T19:22:06.200310+05:30,POST,POST /jobs/,21.89,ok,
2026-10-04T19:22:06.232282+05:30,POST,POST /jobs/,21.59,ok,
2026-10-04T19:22:06.267586+05:30,GET,GET /jobs/{id}/,17.89,ok,
2026-10-04T19:22:06.317240+05:30,GET,GET /jobs/stats/,19.37,ok,
2026-10-04T19:22:06.369499+05:30,POST,POST /jobs/,26.92,ok,
2026-10-04T19:22:06.378066+05:30,GET,GET /jobs/{id}/,30.48,ok,
2026-10-04T19:22:06.379061+05:30,GET,GET /jobs/{id}/,23.65,ok,
2026-10-04T19:22:06.423226+05:30,POST,POST /jobs/,25.65,ok,
2026-10-04T19:22:06.436024+05:30,POST,POST /jobs/,31.31,ok,
2026-10-04T19:22:06.451213+05:30,GET,GET /jobs/stats/,23.75,ok,
2026-10-04T19:22:06.465223+05:30,GET,GET /jobs/{id}/,21.92,ok,
2026-10-04T19:22:06.465636+05:30,GET,GET /jobs/{id}/,24.29,ok,
2026-10-04T19:22:06.545162+05:30,POST,POST /jobs/,21.2,ok,
2026-10-04T19:22:06.558951+05:30,GET,GET /jobs/{id}/,21.85,ok,
2026-10-04T19:22:06.581282+05:30,POST,POST /jobs/,27.72,ok,
2026-10-04T19:22:06.588069+05:30,GET,GET /jobs/{id}/,21.81,ok,
2026-10-04T19:22:06.598932+05:30,POST,POST /jobs/,26.53,ok,
2026-10-04T19:22:06.643637+05:30,GET,GET /jobs/{id}/,18.35,ok,
2026-10-04T19:22:06.668986+05:30,POST,POST /jobs/,21.05,ok,
2026-10-04T19:22:06.687450+05:30,GET,GET /jobs/{id}/,18.28,ok,
2026-10-04T19:22:06.748123+05:30,GET,GET /jobs/{id}/,20.37,ok,
2026-10-04T19:22:06.763065+05:30,POST,POST /jobs/,21.18,ok,
2026-10-04T19:22:06.838945+05:30,GET,GET /jobs/{id}/,22.56,ok,
2026-10-04T19:22:06.839618+05:30,GET,GET /jobs/{id}/,21.12,ok,
2026-10-04T19:22:06.844743+05:30,POST,POST /jobs/,23.95,ok,
2026-10-04T19:22:06.882651+05:30,POST,POST /jobs/,22.61,ok,
2026-10-04T19:22:06.890075+05:30,GET,GET /jobs/{id}/,18.83,ok,
2026-10-04T19:22:06.948220+05:30,GET,GET /jobs/{id}/,18.67,ok,
2026-10-04T19:22:06.952351+05:30,POST,POST /jobs/,20.79,ok,
2026-10-04T19:22:06.977327+05:30,GET,GET /jobs/{id}/,24.67,ok,
2026-10-04T19:22:06.980611+05:30,GET,GET /jobs/{id}/,24.43,ok,
2026-10-04T19:22:07.005138+05:30,GET,GET /health/,35.02,ok,
2026-10-04T19:22:07.005921+05:30,POST,POST /jobs/,32.58,ok,
2026-10-04T19:22:07.012116+05:30,POST,POST /jobs/,34.59,ok,
2026-10-04T19:22:07.026008+05:30,POST,POST /jobs/,40.1,ok,
2026-10-04T19:22:07.026382+05:30,GET,GET /jobs/{id}/,27.62,ok,
2026-10-04T19:22:07.060074+05:30,GET,GET /health/,72.0,ok,
2026-10-04T19:22:07.069704+05:30,GET,GET /jobs/{id}/,75.45,ok,
2026-10-04T19:22:07.081246+05:30,POST,POST /jobs/,70.74,ok,
2026-10-04T19:22:07.095441+05:30,GET,GET /health/,63.79,ok,
2026-10-04T19:22:07.096068+05:30,GET,GET /jobs/stats/,47.37,ok,
2026-10-04T19:22:07.107064+05:30,GET,GET /health/,33.07,ok,
2026-10-04T19:22:07.114451+05:30,GET,GET /jobs/{id}/,31.9,ok,
2026-10-04T19:22:07.175559+05:30,POST,POST /jobs/,25.76,ok,
2026-10-04T19:22:07.185304+05:30,GET,GET /jobs/stats/,22.43,ok,
2026-10-04T19:22:07.187401+05:30,GET,GET /jobs/{id}/,18.59,ok,
2026-10-04T19:22:07.197716+05:30,GET,GET /jobs/{id}/,24.87,ok,
2026-10-04T19:22:07.213047+05:30,POST,POST /jobs/,20.37,ok,
2026-10-04T19:22:07.237495+05:30,GET,GET /jobs/{id}/,23.12,ok,
2026-10-04T19:22:07.249015+05:30,POST,POST /jobs/,26.34,ok,
2026-10-04T19:22:07.249442+05:30,GET,GET /jobs/stats/,22.82,ok,
2026-10-04T19:22:07.276088+05:30,POST,POST /jobs/,24.44,ok,
2026-10-04T19:22:07.282592+05:30,GET,GET /health/,23.94,ok,
2026-10-04T19:22:07.322277+05:30,GET,GET /jobs/stats/,19.41,ok,
2026-10-04T19:22:07.372271+05:30,GET,GET /jobs/stats/,21.52,ok,
2026-10-04T19:22:07.399069+05:30,POST,POST /jobs/,24.44,ok,
2026-10-04T19:22:07.411397+05:30,POST,POST /jobs/,25.71,ok,
2026-10-04T19:22:07.422075+05:30,GET,GET /jobs/{id}/,20.95,ok,
2026-10-04T19:22:07.434205+05:30,GET,GET /jobs/{id}/,21.51,ok,
2026-10-04T19:22:07.442045+05:30,POST,POST /jobs/,26.39,ok,
2026-10-04T19:22:07.467063+05:30,GET,GET /jobs/stats/,20.73,ok,
2026-10-04T19:22:07.472509+05:30,GET,GET /jobs/{id}/,19.69,ok,
2026-10-04T19:22:07.482945+05:30,GET,GET /jobs/{id}/,20.16,ok,
2026-10-04T19:22:07.512462+05:30,POST,POST /jobs/,21.15,ok,
2026-10-04T19:22:07.518728+05:30,GET,GET /jobs/stats/,21.48,ok,
2026-10-04T19:22:07.540730+05:30,POST,POST /jobs/,25.95,ok,
2026-10-04T19:22:07.555822+05:30,GET,GET /jobs/{id}/,20.78,ok,
2026-10-04T19:22:07.593523+05:30,GET,GET /jobs/stats/,20.42,ok,
2026-10-04T19:22:07.599206+05:30,GET,GET /jobs/{id}/,20.17,ok,
2026-10-04T19:22:07.601783+05:30,POST,POST /jobs/,27.81,ok,
2026-10-04T19:22:07.612872+05:30,GET,GET /jobs/{id}/,20.67,ok,
2026-10-04T19:22:07.636171+05:30,POST,POST /jobs/,22.03,ok,
2026-10-04T19:22:07.662722+05:30,POST,POST /jobs/,22.15,ok,
2026-10-04T19:22:07.675390+05:30,GET,GET /jobs/stats/,21.81,ok,
2026-10-04T19:22:07.818651+05:30,POST,POST /jobs/,21.88,ok,
2026-10-04T19:22:07.838530+05:30,GET,GET /jobs/{id}/,20.9,ok,
2026-10-04T19:22:07.852915+05:30,POST,POST /jobs/,23.0,ok,
2026-10-04T19:22:07.856536+05:30,GET,GET /jobs/{id}/,19.21,ok,
2026-10-04T19:22:07.957715+05:30,GET,GET /health/,20.82,ok,
2026-10-04T19:22:07.964098+05:30,GET,GET /jobs/{id}/,24.89,ok,
2026-10-04T19:22:07.979956+05:30,POST,POST /jobs/,21.0,ok,
2026-10-04T19:22:07.985030+05:30,GET,GET /jobs/{id}/,19.67,ok,
2026-10-04T19:22:08.014642+05:30,GET,GET /jobs/{id}/,19.24,ok,
2026-10-04T19:22:08.043630+05:30,GET,GET /jobs/{id}/,19.65,ok,
2026-10-04T19:22:08.067169+05:30,GET,GET /jobs/{id}/,18.23,ok,
2026-10-04T19:22:08.099631+05:30,GET,GET /jobs/{id}/,18.85,ok,
2026-10-04T19:22:08.148354+05:30,GET,GET /jobs/{id}/,18.41,ok,
2026-10-04T19:22:08.216938+05:30,GET,GET /jobs/stats/,30.18,ok,
2026-10-04T19:22:08.219062+05:30,POST,POST /jobs/,31.79,ok,
2026-10-04T19:22:08.235687+05:30,GET,GET /health/,26.37,ok,
2026-10-04T19:22:08.244027+05:30,GET,GET /jobs/stats/,21.74,ok,
2026-10-04T19:22:08.247296+05:30,GET,GET /jobs/{id}/,20.1,ok,
2026-10-04T19:22:08.255053+05:30,POST,POST /jobs/,23.84,ok,
2026-10-04T19:22:08.309790+05:30,GET,GET /jobs/{id}/,22.42,ok,
2026-10-04T19:22:08.335906+05:30,GET,GET /jobs/{id}/,17.82,ok,
2026-10-04T19:22:08.374861+05:30,GET,GET /jobs/{id}/,21.63,ok,
2026-10-04T19:22:08.375373+05:30,GET,GET /jobs/{id}/,21.61,ok,
2026-10-04T19:22:08.423615+05:30,GET,GET /health/,18.95,ok,
2026-10-04T19:22:08.480978+05:30,GET,GET /jobs/{id}/,18.97,ok,
2026-10-04T19:22:08.498076+05:30,GET,GET /jobs/{id}/,22.46,ok,
2026-10-04T19:22:08.513502+05:30,GET,GET /jobs/stats/,22.22,ok,
2026-10-04T19:22:08.520532+05:30,GET,GET /jobs/{id}/,18.18,ok,
2026-10-04T19:22:08.545509+05:30,GET,GET /jobs/{id}/,20.48,ok,
2026-10-04T19:22:08.552274+05:30,POST,POST /jobs/,26.63,ok,
2026-10-04T19:22:08.557897+05:30,POST,POST /jobs/,31.53,ok,
2026-10-04T19:22:08.565646+05:30,POST,POST /jobs/,26.02,ok,
2026-10-04T19:22:08.588116+05:30,GET,GET /jobs/stats/,24.28,ok,
2026-10-04T19:22:08.634264+05:30,POST,POST /jobs/,21.84,ok,
2026-10-04T19:22:08.634741+05:30,GET,GET /jobs/stats/,28.36,ok,
2026-10-04T19:22:08.643699+05:30,GET,GET /jobs/stats/,25.01,ok,
2026-10-04T19:22:08.701408+05:30,GET,GET /health/,18.41,ok,
2026-10-04T19:22:08.723519+05:30,GET,GET /jobs/{id}/,17.83,ok,
2026-10-04T19:22:08.752519+05:30,GET,GET /health/,19.74,ok,
2026-10-04T19:22:08.782762+05:30,GET,GET /jobs/{id}/,22.94,ok,
2026-10-04T19:22:08.783526+05:30,POST,POST /jobs/,25.7,ok,
2026-10-04T19:22:08.796631+05:30,GET,GET /jobs/{id}/,21.59,ok,
2026-10-04T19:22:08.804693+05:30,GET,GET /jobs/{id}/,19.92,ok,
2026-10-04T19:22:08.839849+05:30,GET,GET /jobs/{id}/,18.68,ok,
2026-10-04T19:22:08.933951+05:30,POST,POST /jobs/,26.27,ok,
2026-10-04T19:22:08.940234+05:30,POST,POST /jobs/,24.21,ok,
2026-10-04T19:22:08.945836+05:30,GET,GET /jobs/stats/,23.58,ok,
2026-10-04T19:22:08.958106+05:30,GET,GET /health/,22.63,ok,
2026-10-04T19:22:08.979341+05:30,POST,POST /jobs/,26.16,ok,
2026-10-04T19:22:09.005679+05:30,POST,POST /jobs/,40.22,ok,
2026-10-04T19:22:09.006384+05:30,GET,GET /jobs/{id}/,35.66,ok,
2026-10-04T19:22:09.018813+05:30,GET,GET /health/,37.21,ok,
2026-10-04T19:22:09.019660+05:30,POST,POST /jobs/,31.88,ok,
2026-10-04T19:22:09.064899+05:30,GET,GET /jobs/stats/,42.63,ok,
2026-10-04T19:22:09.068298+05:30,GET,GET /health/,50.79,ok,
2026-10-04T19:22:09.079938+05:30,GET,GET /jobs/{id}/,40.5,ok,
2026-10-04T19:22:09.118736+05:30,GET,GET /jobs/{id}/,19.4,ok,
2026-10-04T19:22:09.131772+05:30,POST,POST /jobs/,21.43,ok,
2026-10-04T19:22:09.161370+05:30,GET,GET /health/,18.31,ok,
2026-10-04T19:22:09.199469+05:30,GET,GET /jobs/stats/,19.81,ok,
2026-10-04T19:22:09.246733+05:30,POST,POST /jobs/,20.96,ok,
2026-10-04T19:22:09.283964+05:30,POST,POST /jobs/,25.94,ok,
2026-10-04T19:22:09.290159+05:30,GET,GET /health/,25.1,ok,
2026-10-04T19:22:09.302840+05:30,GET,GET /jobs/{id}/,22.64,ok,
2026-10-04T19:22:09.317525+05:30,POST,POST /jobs/,24.05,ok,
2026-10-04T19:22:09.361704+05:30,POST,POST /jobs/,20.86,ok,
2026-10-04T19:22:09.436581+05:30,GET,GET /jobs/{id}/,18.37,ok,
2026-10-04T19:22:09.477066+05:30,POST,POST /jobs/,23.16,ok,
2026-10-04T19:22:09.492812+05:30,POST,POST /jobs/,23.67,ok,
2026-10-04T19:22:09.537488+05:30,POST,POST /jobs/,24.16,ok,
2026-10-04T19:22:09.578542+05:30,GET,GET /jobs/{id}/,20.42,ok,
2026-10-04T19:22:09.580935+05:30,POST,POST /jobs/,25.12,ok,
2026-10-04T19:22:09.589468+05:30,POST,POST /jobs/,23.22,ok,
2026-10-04T19:22:09.651126+05:30,POST,POST /jobs/,23.32,ok,
2026-10-04T19:22:09.653294+05:30,POST,POST /jobs/,23.36,ok,
2026-10-04T19:22:09.683462+05:30,POST,POST /jobs/,21.88,ok,
2026-10-04T19:22:09.739195+05:30,GET,GET /jobs/{id}/,21.43,ok,
2026-10-04T19:22:09.766379+05:30,POST,POST /jobs/,28.09,ok,
2026-10-04T19:22:09.767388+05:30,POST,POST /jobs/,32.58,ok,
2026-10-04T19:22:09.788591+05:30,POST,POST /jobs/,30.57,ok,
2026-10-04T19:22:09.789085+05:30,POST,POST /jobs/,36.23,ok,
2026-10-04T19:22:09.793760+05:30,GET,GET /jobs/{id}/,27.19,ok,
2026-10-04T19:22:09.798651+05:30,GET,GET /jobs/stats/,26.68,ok,
2026-10-04T19:22:09.834705+05:30,GET,GET /jobs/{id}/,17.74,ok,
2026-10-04T19:22:09.858873+05:30,GET,GET /jobs/{id}/,21.45,ok,
2026-10-04T19:22:09.859298+05:30,GET,GET /health/,22.37,ok,
2026-10-04T19:22:09.863003+05:30,GET,GET /jobs/{id}/,20.47,ok,
2026-10-04T19:22:09.908653+05:30,GET,GET /jobs/{id}/,19.26,ok,
2026-10-04T19:22:09.937263+05:30,GET,GET /health/,24.29,ok,
2026-10-04T19:22:09.979313+05:30,GET,GET /jobs/{id}/,18.59,ok,
2026-10-04T19:22:10.001611+05:30,GET,GET /health/,20.02,ok,
2026-10-04T19:22:10.015533+05:30,GET,GET /jobs/{id}/,29.37,ok,
2026-10-04T19:22:10.016072+05:30,GET,GET /jobs/{id}/,30.5,ok,
2026-10-04T19:22:10.098219+05:30,GET,GET /jobs/stats/,19.66,ok,
2026-10-04T19:22:10.116729+05:30,GET,GET /jobs/{id}/,20.09,ok,
2026-10-04T19:22:10.161010+05:30,POST,POST /jobs/,20.96,ok,
2026-10-04T19:22:10.183686+05:30,GET,GET /jobs/stats/,22.52,ok,
2026-10-04T19:22:10.204522+05:30,GET,GET /jobs/{id}/,21.91,ok,
2026-10-04T19:22:10.221835+05:30,GET,GET /health/,28.55,ok,
2026-10-04T19:22:10.225796+05:30,POST,POST /jobs/,26.5,ok,
2026-10-04T19:22:10.235496+05:30,GET,GET /jobs/stats/,29.75,ok,
2026-10-04T19:22:10.264533+05:30,POST,POST /jobs/,47.41,ok,
2026-10-04T19:22:10.265282+05:30,POST,POST /jobs/,57.62,ok,
2026-10-04T19:22:10.271982+05:30,GET,GET /jobs/{id}/,36.31,ok,
2026-10-04T19:22:10.295174+05:30,POST,POST /jobs/,56.45,ok,
2026-10-04T19:22:10.297603+05:30,GET,GET /jobs/stats/,55.91,ok,
2026-10-04T19:22:10.364721+05:30,GET,GET /jobs/stats/,22.23,ok,
2026-10-04T19:22:10.372904+05:30,GET,GET /jobs/{id}/,21.35,ok,
2026-10-04T19:22:10.444545+05:30,GET,GET /jobs/stats/,24.35,ok,
2026-10-04T19:22:10.459657+05:30,POST,POST /jobs/,26.26,ok,
2026-10-04T19:22:10.466682+05:30,GET,GET /jobs/stats/,20.89,ok,
2026-10-04T19:22:10.492816+05:30,GET,GET /jobs/{id}/,20.67,ok,
2026-10-04T19:22:10.501283+05:30,POST,POST /jobs/,22.98,ok,
2026-10-04T19:22:10.514517+05:30,GET,GET /jobs/{id}/,25.15,ok,
2026-10-04T19:22:10.545151+05:30,POST,POST /jobs/,21.28,ok,
2026-10-04T19:22:10.596127+05:30,POST,POST /jobs/,23.51,ok,
2026-10-04T19:22:10.618468+05:30,GET,GET /jobs/{id}/,18.99,ok,
2026-10-04T19:22:10.635356+05:30,GET,GET /jobs/{id}/,18.71,ok,
2026-10-04T19:22:10.667410+05:30,GET,GET /jobs/{id}/,19.73,ok,
2026-10-04T19:22:10.684131+05:30,POST,POST /jobs/,23.61,ok,
2026-10-04T19:22:10.707507+05:30,GET,GET /jobs/{id}/,18.05,ok,
2026-10-04T19:22:10.729310+05:30,GET,GET /jobs/{id}/,21.63,ok,
2026-10-04T19:22:10.743005+05:30,GET,GET /jobs/stats/,22.24,ok,
2026-10-04T19:22:10.769842+05:30,GET,GET /jobs/{id}/,18.51,ok,
2026-10-04T19:22:10.833008+05:30,GET,GET /jobs/{id}/,19.83,ok,
2026-10-04T19:22:10.843222+05:30,GET,GET /jobs/{id}/,18.0,ok,
2026-10-04T19:22:10.866943+05:30,GET,GET /jobs/{id}/,19.32,ok,
2026-10-04T19:22:10.875948+05:30,GET,GET /jobs/{id}/,25.18,ok,
2026-10-04T19:22:10.894570+05:30,POST,POST /jobs/,24.33,ok,
2026-10-04T19:22:10.991729+05:30,GET,GET /jobs/{id}/,22.62,ok,
2026-10-04T19:22:10.999126+05:30,GET,GET /jobs/{id}/,22.81,ok,
2026-10-04T19:22:11.038554+05:30,POST,POST /jobs/,24.97,ok,
2026-10-04T19:22:11.056074+05:30,POST,POST /jobs/,21.83,ok,
2026-10-04T19:22:11.093910+05:30,POST,POST /jobs/,21.54,ok,
2026-10-04T19:22:11.142418+05:30,GET,GET /jobs/{id}/,19.17,ok,
2026-10-04T19:22:11.163078+05:30,GET,GET /jobs/{id}/,18.29,ok,
2026-10-04T19:22:11.168998+05:30,GET,GET /jobs/{id}/,19.07,ok,
2026-10-04T19:22:11.199732+05:30,POST,POST /jobs/,25.41,ok,
2026-10-04T19:22:11.218743+05:30,GET,GET /jobs/{id}/,25.71,ok,
2026-10-04T19:22:11.227727+05:30,GET,GET /jobs/stats/,20.68,ok,
2026-10-04T19:22:11.272848+05:30,POST,POST /jobs/,22.61,ok,
2026-10-04T19:22:11.301493+05:30,POST,POST /jobs/,20.34,ok,
2026-10-04T19:22:11.337232+05:30,GET,GET /jobs/stats/,23.44,ok,
2026-10-04T19:22:11.337570+05:30,GET,GET /jobs/{id}/,23.2,ok,
2026-10-04T19:22:11.360944+05:30,GET,GET /jobs/stats/,23.23,ok,
2026-10-04T19:22:11.374874+05:30,GET,GET /jobs/{id}/,20.3,ok,
2026-10-04T19:22:11.403792+05:30,GET,GET /jobs/stats/,19.62,ok,
2026-10-04T19:22:11.453659+05:30,POST,POST /jobs/,24.34,ok,
2026-10-04T19:22:11.470117+05:30,POST,POST /jobs/,24.71,ok,
2026-10-04T19:22:11.477043+05:30,GET,GET /health/,19.98,ok,
2026-10-04T19:22:11.555113+05:30,POST,POST /jobs/,22.7,ok,
2026-10-04T19:22:11.562371+05:30,GET,GET /jobs/{id}/,23.58,ok,
2026-10-04T19:22:11.574438+05:30,GET,GET /jobs/{id}/,21.37,ok,
2026-10-04T19:22:11.589062+05:30,GET,GET /jobs/{id}/,20.38,ok,
2026-10-04T19:22:11.597156+05:30,POST,POST /jobs/,21.4,ok,
2026-10-04T19:22:11.657355+05:30,POST,POST /jobs/,20.7,ok,
2026-10-04T19:22:11.693392+05:30,POST,POST /jobs/,26.72,ok,
2026-10-04T19:22:11.693939+05:30,POST,POST /jobs/,23.72,ok,
2026-10-04T19:22:11.701861+05:30,POST,POST /jobs/,22.66,ok,
2026-10-04T19:22:11.722262+05:30,POST,POST /jobs/,27.08,ok,
2026-10-04T19:22:11.739801+05:30,GET,GET /health/,26.12,ok,
2026-10-04T19:22:11.745996+05:30,GET,GET /health/,32.83,ok,
2026-10-04T19:22:11.750765+05:30,POST,POST /jobs/,30.55,ok,
2026-10-04T19:22:11.754344+05:30,GET,GET /jobs/{id}/,19.79,ok,
2026-10-04T19:22:11.785439+05:30,GET,GET /health/,17.83,ok,
2026-10-04T19:22:11.812217+05:30,POST,POST /jobs/,20.5,ok,
2026-10-04T19:22:11.845715+05:30,GET,GET /jobs/{id}/,19.19,ok,
2026-10-04T19:22:11.851246+05:30,GET,GET /jobs/{id}/,20.73,ok,
2026-10-04T19:22:11.856189+05:30,GET,GET /jobs/{id}/,21.64,ok,
2026-10-04T19:22:11.881852+05:30,GET,GET /health/,17.35,ok,
2026-10-04T19:22:11.934974+05:30,POST,POST /jobs/,20.8,ok,
2026-10-04T19:22:11.990039+05:30,GET,GET /jobs/{id}/,19.75,ok,
2026-10-04T19:22:11.998853+05:30,GET,GET /jobs/stats/,20.03,ok,
2026-10-04T19:22:12.028828+05:30,GET,GET /health/,23.65,ok,
2026-10-04T19:22:12.038684+05:30,POST,POST /jobs/,28.99,ok,
2026-10-04T19:22:12.045668+05:30,GET,GET /jobs/{id}/,25.43,ok,
2026-10-04T19:22:12.070834+05:30,GET,GET /jobs/stats/,23.88,ok,
2026-10-04T19:22:12.097836+05:30,GET,GET /health/,41.5,ok,
2026-10-04T19:22:12.108965+05:30,GET,GET /jobs/{id}/,31.74,ok,
2026-10-04T19:22:12.115386+05:30,POST,POST /jobs/,32.87,ok,
2026-10-04T19:22:12.142324+05:30,GET,GET /jobs/{id}/,18.59,ok,
2026-10-04T19:22:12.220348+05:30,GET,GET /jobs/{id}/,19.67,ok,
2026-10-04T19:22:12.223844+05:30,POST,POST /jobs/,22.63,ok,
2026-10-04T19:22:12.230087+05:30,POST,POST /jobs/,23.72,ok,
2026-10-04T19:22:12.359341+05:30,GET,GET /jobs/{id}/,23.57,ok,
2026-10-04T19:22:12.361070+05:30,GET,GET /jobs/{id}/,23.18,ok,
2026-10-04T19:22:12.375206+05:30,POST,POST /jobs/,32.15,ok,
2026-10-04T19:22:12.381511+05:30,POST,POST /jobs/,28.96,ok,
2026-10-04T19:22:12.392776+05:30,GET,GET /jobs/{id}/,24.44,ok,
2026-10-04T19:22:12.393496+05:30,POST,POST /jobs/,28.15,ok,
2026-10-04T19:22:12.415786+05:30,POST,POST /jobs/,20.08,ok,
2026-10-04T19:22:12.450701+05:30,POST,POST /jobs/,31.65,ok,
2026-10-04T19:22:12.451229+05:30,POST,POST /jobs/,31.25,ok,
2026-10-04T19:22:12.470069+05:30,GET,GET /jobs/{id}/,31.88,ok,
2026-10-04T19:22:12.470373+05:30,GET,GET /jobs/{id}/,45.37,ok,
2026-10-04T19:22:12.471562+05:30,GET,GET /jobs/stats/,45.24,ok,
2026-10-04T19:22:12.487173+05:30,GET,GET /jobs/stats/,34.67,ok,
2026-10-04T19:22:12.493652+05:30,POST,POST /jobs/,56.06,ok,
2026-10-04T19:22:12.499646+05:30,POST,POST /jobs/,45.22,ok,
2026-10-04T19:22:12.562865+05:30,GET,GET /jobs/{id}/,17.85,ok,
2026-10-04T19:22:12.584867+05:30,GET,GET /jobs/{id}/,21.83,ok,
2026-10-04T19:22:12.595106+05:30,GET,GET /jobs/stats/,21.24,ok,
2026-10-04T19:22:12.602150+05:30,GET,GET /health/,21.21,ok,
2026-10-04T19:22:12.614965+05:30,POST,POST /jobs/,21.15,ok,
2026-10-04T19:22:12.647967+05:30,POST,POST /jobs/,21.68,ok,
2026-10-04T19:22:12.650435+05:30,GET,GET /jobs/{id}/,21.11,ok,
2026-10-04T19:22:12.658892+05:30,POST,POST /jobs/,25.55,ok,
2026-10-04T19:22:12.662221+05:30,POST,POST /jobs/,21.88,ok,
2026-10-04T19:22:12.742694+05:30,GET,GET /jobs/stats/,20.19,ok,
2026-10-04T19:22:12.771094+05:30,GET,GET /jobs/stats/,21.12,ok,
2026-10-04T19:22:12.780086+05:30,POST,POST /jobs/,28.15,ok,
2026-10-04T19:22:12.790679+05:30,POST,POST /jobs/,24.25,ok,
2026-10-04T19:22:12.795748+05:30,GET,GET /jobs/{id}/,23.36,ok,
2026-10-04T19:22:12.807665+05:30,POST,POST /jobs/,24.3,ok,
2026-10-04T19:22:12.815095+05:30,GET,GET /jobs/{id}/,21.09,ok,
2026-10-04T19:22:12.830214+05:30,POST,POST /jobs/,28.14,ok,
2026-10-04T19:22:12.838603+05:30,GET,GET /jobs/{id}/,22.22,ok,
2026-10-04T19:22:12.843436+05:30,GET,GET /jobs/stats/,22.08,ok,
2026-10-04T19:22:12.937230+05:30,POST,POST /jobs/,21.48,ok,
2026-10-04T19:22:12.960729+05:30,POST,POST /jobs/,20.13,ok,
2026-10-04T19:22:12.993129+05:30,POST,POST /jobs/,29.12,ok,
2026-10-04T19:22:12.994063+05:30,GET,GET /health/,26.09,ok,
2026-10-04T19:22:13.012483+05:30,GET,GET /jobs/{id}/,27.32,ok,
2026-10-04T19:22:13.035651+05:30,GET,GET /jobs/{id}/,27.28,ok,
2026-10-04T19:22:13.038011+05:30,POST,POST /jobs/,25.33,ok,
2026-10-04T19:22:13.046854+05:30,GET,GET /health/,27.26,ok,
2026-10-04T19:22:13.049048+05:30,GET,GET /jobs/stats/,28.59,ok,
2026-10-04T19:22:13.061467+05:30,GET,GET /jobs/{id}/,23.29,ok,
2026-10-04T19:22:13.077812+05:30,GET,GET /jobs/{id}/,24.47,ok,
2026-10-04T19:22:13.086862+05:30,GET,GET /jobs/{id}/,29.46,ok,
2026-10-04T19:22:13.098884+05:30,POST,POST /jobs/,28.08,ok,
2026-10-04T19:22:13.109825+05:30,GET,GET /jobs/{id}/,25.47,ok,
2026-10-04T19:22:13.118826+05:30,POST,POST /jobs/,28.39,ok,
2026-10-04T19:22:13.179041+05:30,POST,POST /jobs/,22.89,ok,
2026-10-04T19:22:13.229933+05:30,GET,GET /jobs/stats/,28.58,ok,
2026-10-04T19:22:13.271850+05:30,GET,GET /jobs/{id}/,19.59,ok,
2026-10-04T19:22:13.282500+05:30,GET,GET /health/,25.14,ok,
2026-10-04T19:22:13.290592+05:30,GET,GET /health/,24.18,ok,
2026-10-04T19:22:13.357957+05:30,GET,GET /jobs/{id}/,18.04,ok,
2026-10-04T19:22:13.383057+05:30,POST,POST /jobs/,22.81,ok,
2026-10-04T19:22:13.384148+05:30,GET,GET /jobs/{id}/,22.9,ok,
2026-10-04T19:22:13.392527+05:30,GET,GET /jobs/{id}/,18.43,ok,
2026-10-04T19:22:13.393264+05:30,GET,GET /jobs/stats/,26.09,ok,
2026-10-04T19:22:13.420239+05:30,GET,GET /jobs/{id}/,17.68,ok,
2026-10-04T19:22:13.456554+05:30,POST,POST /jobs/,23.01,ok,
2026-10-04T19:22:13.471913+05:30,POST,POST /jobs/,23.29,ok,
2026-10-04T19:22:13.501716+05:30,POST,POST /jobs/,20.49,ok,
2026-10-04T19:22:13.569446+05:30,GET,GET /jobs/{id}/,18.4,ok,
2026-10-04T19:22:13.586613+05:30,POST,POST /jobs/,22.55,ok,
2026-10-04T19:22:13.603735+05:30,GET,GET /jobs/{id}/,18.01,ok,
2026-10-04T19:22:13.642613+05:30,GET,GET /jobs/{id}/,23.99,ok,
2026-10-04T19:22:13.643617+05:30,GET,GET /jobs/{id}/,25.59,ok,
2026-10-04T19:22:13.675802+05:30,POST,POST /jobs/,21.92,ok,
2026-10-04T19:22:13.821048+05:30,POST,POST /jobs/,21.86,ok,
2026-10-04T19:22:13.840536+05:30,POST,POST /jobs/,26.3,ok,
2026-10-04T19:22:13.844430+05:30,GET,GET /jobs/{id}/,20.04,ok,
2026-10-04T19:22:14.030477+05:30,POST,POST /jobs/,39.82,ok,
2026-10-04T19:22:14.031167+05:30,POST,POST /jobs/,41.1,ok,
2026-10-04T19:22:14.032759+05:30,GET,GET /jobs/{id}/,28.95,ok,
2026-10-04T19:22:14.051752+05:30,GET,GET /jobs/{id}/,38.62,ok,
2026-10-04T19:22:14.080618+05:30,GET,GET /jobs/{id}/,21.52,ok,
2026-10-04T19:22:14.166126+05:30,POST,POST /jobs/,26.17,ok,
2026-10-04T19:22:14.173472+05:30,GET,GET /jobs/{id}/,24.13,ok,
2026-10-04T19:22:14.174100+05:30,GET,GET /jobs/stats/,22.83,ok,
2026-10-04T19:22:14.191513+05:30,POST,POST /jobs/,21.92,ok,
2026-10-04T19:22:14.204634+05:30,GET,GET /jobs/{id}/,19.22,ok,
2026-10-04T19:22:14.220133+05:30,GET,GET /jobs/{id}/,20.31,ok,
2026-10-04T19:22:14.238251+05:30,GET,GET /jobs/{id}/,23.27,ok,
2026-10-04T19:22:14.243615+05:30,POST,POST /jobs/,32.7,ok,
2026-10-04T19:22:14.249688+05:30,POST,POST /jobs/,25.16,ok,
2026-10-04T19:22:14.252117+05:30,GET,GET /jobs/stats/,23.03,ok,
2026-10-04T19:22:14.271233+05:30,POST,POST /jobs/,30.21,ok,
2026-10-04T19:22:14.296102+05:30,GET,GET /jobs/{id}/,18.57,ok,
2026-10-04T19:22:14.299819+05:30,GET,GET /jobs/stats/,21.75,ok,
2026-10-04T19:22:14.325683+05:30,GET,GET /jobs/{id}/,18.56,ok,
2026-10-04T19:22:14.333511+05:30,GET,GET /health/,18.45,ok,
2026-10-04T19:22:14.389298+05:30,GET,GET /health/,19.48,ok,
2026-10-04T19:22:14.393521+05:30,POST,POST /jobs/,23.18,ok,
2026-10-04T19:22:14.421125+05:30,GET,GET /jobs/{id}/,26.34,ok,
2026-10-04T19:22:14.433955+05:30,POST,POST /jobs/,24.19,ok,
2026-10-04T19:22:14.443782+05:30,POST,POST /jobs/,26.95,ok,
2026-10-04T19:22:14.453265+05:30,GET,GET /jobs/{id}/,24.77,ok,
2026-10-04T19:22:14.468034+05:30,GET,GET /jobs/{id}/,19.93,ok,
2026-10-04T19:22:14.478688+05:30,POST,POST /jobs/,25.24,ok,
2026-10-04T19:22:14.528737+05:30,GET,GET /jobs/{id}/,18.71,ok,
2026-10-04T19:22:14.568034+05:30,GET,GET /jobs/{id}/,18.96,ok,
2026-10-04T19:22:14.580128+05:30,POST,POST /jobs/,20.99,ok,
2026-10-04T19:22:14.630008+05:30,GET,GET /jobs/{id}/,23.99,ok,
2026-10-04T19:22:14.631741+05:30,POST,POST /jobs/,26.29,ok,
2026-10-04T19:22:14.638984+05:30,GET,GET /health/,20.19,ok,
2026-10-04T19:22:14.691503+05:30,GET,GET /jobs/{id}/,23.97,ok,
2026-10-04T19:22:14.691970+05:30,GET,GET /jobs/{id}/,23.74,ok,
2026-10-04T19:22:14.703308+05:30,GET,GET /jobs/{id}/,18.72,ok,
2026-10-04T19:22:14.746053+05:30,POST,POST /jobs/,21.41,ok,
2026-10-04T19:22:14.760583+05:30,GET,GET /health/,23.65,ok,
2026-10-04T19:22:14.777902+05:30,POST,POST /jobs/,23.28,ok,
2026-10-04T19:22:14.798650+05:30,GET,GET /jobs/{id}/,19.43,ok,
2026-10-04T19:22:14.813339+05:30,GET,GET /health/,20.17,ok,
2026-10-04T19:22:14.838359+05:30,GET,GET /health/,17.76,ok,
2026-10-04T19:22:14.862509+05:30,GET,GET /jobs/{id}/,17.85,ok,
2026-10-04T19:22:14.874450+05:30,POST,POST /jobs/,21.77,ok,
2026-10-04T19:22:14.929041+05:30,GET,GET /jobs/{id}/,21.28,ok,
2026-10-04T19:22:14.935875+05:30,GET,GET /jobs/{id}/,17.6,ok,
2026-10-04T19:22:14.963707+05:30,POST,POST /jobs/,22.48,ok,
2026-10-04T19:22:14.966941+05:30,POST,POST /jobs/,22.69,ok,
2026-10-04T19:22:14.982548+05:30,POST,POST /jobs/,26.23,ok,
2026-10-04T19:22:14.998405+05:30,GET,GET /jobs/{id}/,20.17,ok,
2026-10-04T19:22:15.028911+05:30,GET,GET /jobs/{id}/,19.19,ok,
2026-10-04T19:22:15.053799+05:30,POST,POST /jobs/,21.57,ok,
2026-10-04T19:22:15.105570+05:30,POST,POST /jobs/,21.42,ok,
2026-10-04T19:22:15.131130+05:30,POST,POST /jobs/,22.23,ok,
2026-10-04T19:22:15.136720+05:30,GET,GET /jobs/{id}/,21.6,ok,
2026-10-04T19:22:15.140469+05:30,GET,GET /health/,24.83,ok,
2026-10-04T19:22:15.152075+05:30,POST,POST /jobs/,31.39,ok,
2026-10-04T19:22:15.157071+05:30,GET,GET /health/,27.23,ok,
2026-10-04T19:22:15.162682+05:30,POST,POST /jobs/,20.94,ok,
2026-10-04T19:22:15.221434+05:30,GET,GET /jobs/{id}/,37.29,ok,
2026-10-04T19:22:15.221967+05:30,POST,POST /jobs/,47.83,ok,
2026-10-04T19:22:15.229232+05:30,GET,GET /jobs/stats/,40.05,ok,
2026-10-04T19:22:15.245559+05:30,GET,GET /health/,23.47,ok,
2026-10-04T19:22:15.259718+05:30,GET,GET /jobs/stats/,19.15,ok,
2026-10-04T19:22:15.283189+05:30,GET,GET /jobs/stats/,19.23,ok,
2026-10-04T19:22:15.323389+05:30,GET,GET /jobs/stats/,24.4,ok,
2026-10-04T19:22:15.324183+05:30,POST,POST /jobs/,25.68,ok,
2026-10-04T19:22:15.337289+05:30,GET,GET /health/,22.78,ok,
2026-10-04T19:22:15.339844+05:30,GET,GET /health/,25.81,ok,
2026-10-04T19:22:15.347231+05:30,POST,POST /jobs/,26.22,ok,
2026-10-04T19:22:15.362388+05:30,GET,GET /jobs/{id}/,21.31,ok,
2026-10-04T19:22:15.372709+05:30,POST,POST /jobs/,21.19,ok,
2026-10-04T19:22:15.379852+05:30,GET,GET /jobs/{id}/,21.3,ok,
2026-10-04T19:22:15.446461+05:30,POST,POST /jobs/,25.32,ok,
2026-10-04T19:22:15.452643+05:30,POST,POST /jobs/,24.48,ok,
2026-10-04T19:22:15.459466+05:30,GET,GET /jobs/stats/,22.28,ok,
2026-10-04T19:22:15.485121+05:30,GET,GET /jobs/stats/,21.43,ok,
2026-10-04T19:22:15.495770+05:30,GET,GET /jobs/{id}/,20.11,ok,
2026-10-04T19:22:15.508697+05:30,GET,GET /jobs/{id}/,18.31,ok,
2026-10-04T19:22:15.549620+05:30,POST,POST /jobs/,21.62,ok,
2026-10-04T19:22:15.559608+05:30,GET,GET /health/,19.49,ok,
2026-10-04T19:22:15.591619+05:30,GET,GET /jobs/{id}/,19.69,ok,
2026-10-04T19:22:15.599184+05:30,GET,GET /jobs/{id}/,21.73,ok,
2026-10-04T19:22:15.609628+05:30,GET,GET /jobs/{id}/,24.04,ok,
2026-10-04T19:22:15.661021+05:30,GET,GET /jobs/{id}/,19.04,ok,
2026-10-04T19:22:15.667229+05:30,GET,GET /jobs/{id}/,19.18,ok,
2026-10-04T19:22:15.670968+05:30,GET,GET /jobs/{id}/,19.84,ok,
2026-10-04T19:22:15.699980+05:30,GET,GET /health/,23.23,ok,
2026-10-04T19:22:15.700833+05:30,POST,POST /jobs/,25.59,ok,
2026-10-04T19:22:15.734406+05:30,GET,GET /jobs/{id}/,21.19,ok,
2026-10-04T19:22:15.744248+05:30,GET,GET /health/,22.03,ok,
2026-10-04T19:22:15.746055+05:30,GET,GET /health/,20.87,ok,
2026-10-04T19:22:15.748113+05:30,GET,GET /jobs/{id}/,22.37,ok,
2026-10-04T19:22:15.784815+05:30,GET,GET /jobs/{id}/,18.41,ok,
2026-10-04T19:22:15.815423+05:30,POST,POST /jobs/,23.28,ok,
2026-10-04T19:22:15.828803+05:30,GET,GET /jobs/{id}/,20.56,ok,
2026-10-04T19:22:15.914504+05:30,GET,GET /jobs/{id}/,18.39,ok,
2026-10-04T19:22:15.988341+05:30,GET,GET /jobs/{id}/,22.54,ok,
2026-10-04T19:22:16.000779+05:30,GET,GET /jobs/{id}/,27.94,ok,
2026-10-04T19:22:16.007409+05:30,POST,POST /jobs/,36.6,ok,
2026-10-04T19:22:16.015653+05:30,GET,GET /health/,39.84,ok,
2026-10-04T19:22:16.016310+05:30,POST,POST /jobs/,31.8,ok,
2026-10-04T19:22:16.017228+05:30,GET,GET /jobs/{id}/,32.06,ok,
2026-10-04T19:22:16.047713+05:30,GET,GET /health/,20.21,ok,
2026-10-04T19:22:16.061689+05:30,GET,GET /jobs/stats/,19.21,ok,
2026-10-04T19:22:16.091385+05:30,POST,POST /jobs/,23.34,ok,
2026-10-04T19:22:16.149500+05:30,GET,GET /jobs/{id}/,22.77,ok,
2026-10-04T19:22:16.158834+05:30,GET,GET /jobs/{id}/,20.54,ok,
2026-10-04T19:22:16.219688+05:30,GET,GET /jobs/{id}/,28.5,ok,
2026-10-04T19:22:16.224681+05:30,GET,GET /jobs/stats/,28.59,ok,
2026-10-04T19:22:16.237394+05:30,GET,GET /jobs/{id}/,18.84,ok,
2026-10-04T19:22:16.274381+05:30,GET,GET /jobs/{id}/,23.68,ok,
2026-10-04T19:22:16.277901+05:30,GET,GET /jobs/{id}/,25.25,ok,
2026-10-04T19:22:16.280270+05:30,POST,POST /jobs/,26.95,ok,
2026-10-04T19:22:16.287117+05:30,GET,GET /health/,21.65,ok,
2026-10-04T19:22:16.296725+05:30,POST,POST /jobs/,23.69,ok,
2026-10-04T19:22:16.302427+05:30,GET,GET /jobs/{id}/,19.71,ok,
2026-10-04T19:22:16.387551+05:30,GET,GET /jobs/stats/,19.65,ok,
2026-10-04T19:22:16.406717+05:30,GET,GET /jobs/stats/,20.69,ok,
2026-10-04T19:22:16.447662+05:30,POST,POST /jobs/,22.61,ok,
2026-10-04T19:22:16.478730+05:30,GET,GET /jobs/{id}/,24.76,ok,
2026-10-04T19:22:16.479475+05:30,GET,GET /jobs/{id}/,21.5,ok,
2026-10-04T19:22:16.483676+05:30,GET,GET /jobs/{id}/,22.69,ok,
2026-10-04T19:22:16.487578+05:30,POST,POST /jobs/,24.7,ok,
2026-10-04T19:22:16.524490+05:30,GET,GET /jobs/{id}/,19.52,ok,
2026-10-04T19:22:16.537830+05:30,POST,POST /jobs/,22.85,ok,
2026-10-04T19:22:16.558729+05:30,GET,GET /jobs/{id}/,20.7,ok,
2026-10-04T19:22:16.570314+05:30,POST,POST /jobs/,21.16,ok,
2026-10-04T19:22:16.610992+05:30,GET,GET /jobs/{id}/,21.35,ok,
2026-10-04T19:22:16.621424+05:30,POST,POST /jobs/,21.75,ok,
2026-10-04T19:22:16.634031+05:30,GET,GET /jobs/{id}/,21.75,ok,
2026-10-04T19:22:16.664617+05:30,GET,GET /health/,19.24,ok,
2026-10-04T19:22:16.671087+05:30,GET,GET /jobs/stats/,23.68,ok,
2026-10-04T19:22:16.679215+05:30,GET,GET /jobs/{id}/,19.83,ok,
2026-10-04T19:22:16.701834+05:30,GET,GET /jobs/{id}/,18.31,ok,
2026-10-04T19:22:16.738205+05:30,GET,GET /jobs/{id}/,18.05,ok,
2026-10-04T19:22:16.767455+05:30,POST,POST /jobs/,22.88,ok,
2026-10-04T19:22:16.808144+05:30,GET,GET /jobs/{id}/,18.33,ok,
2026-10-04T19:22:16.850564+05:30,POST,POST /jobs/,21.1,ok,
2026-10-04T19:22:16.856887+05:30,GET,GET /jobs/{id}/,20.3,ok,
2026-10-04T19:22:16.866271+05:30,GET,GET /health/,22.7,ok,
2026-10-04T19:22:16.878938+05:30,GET,GET /jobs/{id}/,20.77,ok,
2026-10-04T19:22:16.901120+05:30,POST,POST /jobs/,23.47,ok,
2026-10-04T19:22:16.909847+05:30,GET,GET /jobs/{id}/,19.23,ok,
2026-10-04T19:22:16.938300+05:30,GET,GET /health/,19.35,ok,
2026-10-04T19:22:16.938738+05:30,GET,GET /health/,21.62,ok,
2026-10-04T19:22:16.950245+05:30,POST,POST /jobs/,32.2,ok,
2026-10-04T19:22:16.961711+05:30,GET,GET /jobs/stats/,21.8,ok,
2026-10-04T19:22:16.962182+05:30,GET,GET /jobs/{id}/,21.85,ok,
2026-10-04T19:22:17.055030+05:30,GET,GET /jobs/stats/,20.58,ok,
2026-10-04T19:22:17.066035+05:30,GET,GET /health/,17.45,ok,
2026-10-04T19:22:17.098734+05:30,GET,GET /jobs/{id}/,17.38,ok,
2026-10-04T19:22:17.130051+05:30,GET,GET /health/,20.0,ok,
2026-10-04T19:22:17.135600+05:30,POST,POST /jobs/,24.68,ok,
2026-10-04T19:22:17.155191+05:30,GET,GET /jobs/{id}/,19.38,ok,
2026-10-04T19:22:17.221524+05:30,POST,POST /jobs/,22.81,ok,
2026-10-04T19:22:17.241544+05:30,GET,GET /jobs/{id}/,21.77,ok,
2026-10-04T19:22:17.255904+05:30,GET,GET /jobs/{id}/,18.72,ok,
2026-10-04T19:22:17.337044+05:30,POST,POST /jobs/,22.82,ok,
2026-10-04T19:22:17.346320+05:30,GET,GET /jobs/stats/,23.11,ok,
2026-10-04T19:22:17.358037+05:30,GET,GET /jobs/{id}/,23.72,ok,
2026-10-04T19:22:17.374463+05:30,POST,POST /jobs/,26.89,ok,
2026-10-04T19:22:17.392065+05:30,POST,POST /jobs/,25.55,ok,
2026-10-04T19:22:17.411680+05:30,POST,POST /jobs/,27.92,ok,
2026-10-04T19:22:17.423732+05:30,GET,GET /jobs/{id}/,23.81,ok,
2026-10-04T19:22:17.424870+05:30,GET,GET /health/,30.46,ok,
2026-10-04T19:22:17.425400+05:30,GET,GET /jobs/stats/,30.52,ok,
2026-10-04T19:22:17.432606+05:30,GET,GET /health/,22.33,ok,
2026-10-04T19:22:17.434579+05:30,POST,POST /jobs/,25.07,ok,
2026-10-04T19:22:17.456142+05:30,GET,GET /jobs/{id}/,21.42,ok,
2026-10-04T19:22:17.479254+05:30,GET,GET /jobs/{id}/,24.09,ok,
2026-10-04T19:22:17.479681+05:30,POST,POST /jobs/,32.98,ok,
2026-10-04T19:22:17.499777+05:30,GET,GET /jobs/{id}/,33.98,ok,
2026-10-04T19:22:17.515912+05:30,GET,GET /jobs/{id}/,33.01,ok,
2026-10-04T19:22:17.523556+05:30,GET,GET /jobs/{id}/,23.58,ok,
2026-10-04T19:22:17.536049+05:30,GET,GET /jobs/{id}/,29.54,ok,
2026-10-04T19:22:17.545462+05:30,GET,GET /jobs/{id}/,36.86,ok,
2026-10-04T19:22:17.546619+05:30,POST,POST /jobs/,40.72,ok,
2026-10-04T19:22:17.626491+05:30,GET,GET /jobs/{id}/,20.55,ok,
2026-10-04T19:22:17.627043+05:30,GET,GET /jobs/stats/,24.15,ok,
2026-10-04T19:22:17.635831+05:30,GET,GET /jobs/{id}/,22.57,ok,
2026-10-04T19:22:17.641407+05:30,GET,GET /jobs/{id}/,20.44,ok,
2026-10-04T19:22:17.737043+05:30,GET,GET /jobs/{id}/,19.91,ok,
2026-10-04T19:22:17.747685+05:30,GET,GET /jobs/{id}/,18.16,ok,
2026-10-04T19:22:17.775857+05:30,GET,GET /jobs/{id}/,17.86,ok,
2026-10-04T19:22:17.822875+05:30,GET,GET /jobs/{id}/,18.68,ok,
2026-10-04T19:22:17.857359+05:30,GET,GET /jobs/{id}/,18.17,ok,
2026-10-04T19:22:17.892217+05:30,GET,GET /jobs/{id}/,18.53,ok,
2026-10-04T19:22:17.919345+05:30,POST,POST /jobs/,20.81,ok,
2026-10-04T19:22:17.991639+05:30,POST,POST /jobs/,21.81,ok,
2026-10-04T19:22:17.999522+05:30,GET,GET /jobs/{id}/,19.56,ok,
2026-10-04T19:22:18.012127+05:30,POST,POST /jobs/,27.12,ok,
2026-10-04T19:22:18.027224+05:30,GET,GET /jobs/{id}/,20.75,ok,
2026-10-04T19:22:18.061231+05:30,GET,GET /jobs/{id}/,18.39,ok,
2026-10-04T19:22:18.078233+05:30,GET,GET /health/,19.37,ok,
2026-10-04T19:22:18.095696+05:30,GET,GET /jobs/{id}/,19.07,ok,
2026-10-04T19:22:18.101565+05:30,GET,GET /jobs/stats/,20.99,ok,
2026-10-04T19:22:18.115697+05:30,GET,GET /jobs/{id}/,17.73,ok,
2026-10-04T19:22:18.147284+05:30,POST,POST /jobs/,23.27,ok,
2026-10-04T19:22:18.159640+05:30,GET,GET /health/,29.5,ok,
2026-10-04T19:22:18.163740+05:30,GET,GET /jobs/{id}/,32.51,ok,
2026-10-04T19:22:18.164312+05:30,GET,GET /health/,32.65,ok,
2026-10-04T19:22:18.168122+05:30,GET,GET /jobs/{id}/,30.05,ok,
2026-10-04T19:22:18.179517+05:30,GET,GET /health/,22.44,ok,
2026-10-04T19:22:18.179859+05:30,GET,GET /jobs/{id}/,20.04,ok,
2026-10-04T19:22:18.204728+05:30,GET,GET /jobs/{id}/,17.58,ok,
2026-10-04T19:22:18.246552+05:30,POST,POST /jobs/,27.45,ok,
2026-10-04T19:22:18.261335+05:30,GET,GET /jobs/{id}/,33.2,ok,
2026-10-04T19:22:18.269100+05:30,GET,GET /jobs/{id}/,28.96,ok,
2026-10-04T19:22:18.270947+05:30,GET,GET /jobs/stats/,31.52,ok,
2026-10-04T19:22:18.371120+05:30,GET,GET /jobs/{id}/,17.85,ok,
2026-10-04T19:22:18.400335+05:30,POST,POST /jobs/,20.9,ok,
2026-10-04T19:22:18.440167+05:30,GET,GET /jobs/{id}/,20.45,ok,
2026-10-04T19:22:18.460475+05:30,GET,GET /jobs/{id}/,17.97,ok,
2026-10-04T19:22:18.481250+05:30,GET,GET /jobs/stats/,20.63,ok,
2026-10-04T19:22:18.493003+05:30,POST,POST /jobs/,28.51,ok,
2026-10-04T19:22:18.496990+05:30,POST,POST /jobs/,29.58,ok,
2026-10-04T19:22:18.513005+05:30,GET,GET /jobs/stats/,24.88,ok,
2026-10-04T19:22:18.531672+05:30,POST,POST /jobs/,21.36,ok,
2026-10-04T19:22:18.537514+05:30,GET,GET /jobs/{id}/,19.23,ok,
2026-10-04T19:22:18.559905+05:30,POST,POST /jobs/,20.13,ok,
2026-10-04T19:22:18.578522+05:30,GET,GET /jobs/{id}/,18.44,ok,
2026-10-04T19:22:18.588540+05:30,GET,GET /jobs/{id}/,20.51,ok,
2026-10-04T19:22:18.603005+05:30,GET,GET /jobs/{id}/,19.17,ok,
2026-10-04T19:22:18.715766+05:30,POST,POST /jobs/,24.26,ok,
2026-10-04T19:22:18.725719+05:30,GET,GET /jobs/stats/,20.21,ok,
2026-10-04T19:22:18.739476+05:30,GET,GET /jobs/{id}/,19.36,ok,
2026-10-04T19:22:18.755089+05:30,POST,POST /jobs/,24.05,ok,
2026-10-04T19:22:18.773708+05:30,POST,POST /jobs/,23.89,ok,
2026-10-04T19:22:18.784819+05:30,POST,POST /jobs/,22.43,ok,
2026-10-04T19:22:18.809271+05:30,POST,POST /jobs/,23.16,ok,
2026-10-04T19:22:18.812071+05:30,POST,POST /jobs/,22.92,ok,
2026-10-04T19:22:18.832784+05:30,POST,POST /jobs/,20.46,ok,
2026-10-04T19:22:18.861487+05:30,GET,GET /jobs/{id}/,17.41,ok,
2026-10-04T19:22:18.893564+05:30,POST,POST /jobs/,20.78,ok,
2026-10-04T19:22:18.897130+05:30,GET,GET /jobs/stats/,21.37,ok,
2026-10-04T19:22:18.911095+05:30,GET,GET /jobs/{id}/,17.37,ok,
2026-10-04T19:22:18.965993+05:30,GET,GET /jobs/{id}/,18.41,ok,
2026-10-04T19:22:19.009755+05:30,GET,GET /jobs/{id}/,18.45,ok,
2026-10-04T19:22:19.137759+05:30,GET,GET /jobs/{id}/,21.61,ok,
2026-10-04T19:22:19.148871+05:30,GET,GET /jobs/stats/,20.61,ok,
2026-10-04T19:22:19.153375+05:30,POST,POST /jobs/,23.08,ok,
2026-10-04T19:22:19.254738+05:30,POST,POST /jobs/,23.01,ok,
2026-10-04T19:22:19.261315+05:30,POST,POST /jobs/,25.4,ok,
2026-10-04T19:22:19.262706+05:30,GET,GET /jobs/{id}/,24.69,ok,
2026-10-04T19:22:19.297314+05:30,GET,GET /jobs/{id}/,18.32,ok,
2026-10-04T19:22:19.307209+05:30,GET,GET /jobs/{id}/,19.18,ok,
2026-10-04T19:22:19.326607+05:30,POST,POST /jobs/,24.98,ok,
2026-10-04T19:22:19.339052+05:30,GET,GET /jobs/{id}/,20.56,ok,
2026-10-04T19:22:19.375386+05:30,GET,GET /jobs/{id}/,21.02,ok,
2026-10-04T19:22:19.413120+05:30,POST,POST /jobs/,20.42,ok,
2026-10-04T19:22:19.506873+05:30,GET,GET /jobs/{id}/,74.53,ok,
2026-10-04T19:22:19.507394+05:30,GET,GET /jobs/{id}/,75.97,ok,
2026-10-04T19:22:19.519064+05:30,GET,GET /jobs/{id}/,52.1,ok,
2026-10-04T19:22:19.562191+05:30,GET,GET /jobs/{id}/,61.33,ok,
2026-10-04T19:22:19.609586+05:30,GET,GET /jobs/{id}/,18.07,ok,
2026-10-04T19:22:19.618671+05:30,GET,GET /jobs/{id}/,22.08,ok,
2026-10-04T19:22:19.633764+05:30,GET,GET /jobs/stats/,24.04,ok,
2026-10-04T19:22:19.642773+05:30,POST,POST /jobs/,22.8,ok,
2026-10-04T19:22:19.680853+05:30,POST,POST /jobs/,23.73,ok,
2026-10-04T19:22:19.690138+05:30,GET,GET /jobs/{id}/,19.38,ok,
2026-10-04T19:22:19.732890+05:30,GET,GET /jobs/{id}/,18.29,ok,
2026-10-04T19:22:19.741561+05:30,GET,GET /jobs/{id}/,17.9,ok,
2026-10-04T19:22:19.761389+05:30,GET,GET /jobs/{id}/,18.57,ok,
2026-10-04T19:22:19.778412+05:30,GET,GET /jobs/{id}/,18.11,ok,
2026-10-04T19:22:19.809074+05:30,POST,POST /jobs/,24.21,ok,
2026-10-04T19:22:19.827493+05:30,GET,GET /jobs/{id}/,20.91,ok,
2026-10-04T19:22:19.837776+05:30,GET,GET /jobs/{id}/,19.39,ok,
2026-10-04T19:22:19.898382+05:30,GET,GET /jobs/{id}/,18.23,ok,
2026-10-04T19:22:19.920004+05:30,POST,POST /jobs/,20.34,ok,
2026-10-04T19:22:19.941391+05:30,POST,POST /jobs/,20.09,ok,
2026-10-04T19:22:19.970210+05:30,GET,GET /jobs/{id}/,28.6,ok,
2026-10-04T19:22:19.972693+05:30,GET,GET /jobs/{id}/,27.69,ok,
2026-10-04T19:22:19.977660+05:30,POST,POST /jobs/,31.41,ok,
2026-10-04T19:22:19.990817+05:30,GET,GET /jobs/{id}/,28.37,ok,
2026-10-04T19:22:19.995143+05:30,GET,GET /jobs/{id}/,28.05,ok,
2026-10-04T19:22:20.024497+05:30,POST,POST /jobs/,22.02,ok,
2026-10-04T19:22:20.027944+05:30,GET,GET /jobs/{id}/,19.31,ok,
2026-10-04T19:22:20.069349+05:30,GET,GET /jobs/{id}/,18.4,ok,
2026-10-04T19:22:20.072602+05:30,POST,POST /jobs/,22.32,ok,
2026-10-04T19:22:20.107955+05:30,GET,GET /health/,17.89,ok,
2026-10-04T19:22:20.116625+05:30,POST,POST /jobs/,20.57,ok,
2026-10-04T19:22:20.140963+05:30,GET,GET /jobs/{id}/,21.05,ok,
2026-10-04T19:22:20.152196+05:30,GET,GET /jobs/stats/,25.29,ok,
2026-10-04T19:22:20.152907+05:30,GET,GET /jobs/{id}/,25.15,ok,
2026-10-04T19:22:20.155816+05:30,POST,POST /jobs/,25.07,ok,
2026-10-04T19:22:20.198993+05:30,GET,GET /jobs/{id}/,17.71,ok,
2026-10-04T19:22:20.243306+05:30,GET,GET /health/,17.98,ok,
2026-10-04T19:22:20.250971+05:30,GET,GET /jobs/{id}/,19.63,ok,
2026-10-04T19:22:20.281767+05:30,GET,GET /jobs/stats/,19.51,ok,
2026-10-04T19:22:20.326901+05:30,GET,GET /jobs/stats/,18.82,ok,
2026-10-04T19:22:20.372497+05:30,POST,POST /jobs/,21.59,ok,
2026-10-04T19:22:20.379682+05:30,GET,GET /jobs/{id}/,22.19,ok,
2026-10-04T19:22:20.380485+05:30,GET,GET /jobs/{id}/,23.48,ok,
2026-10-04T19:22:20.423023+05:30,GET,GET /jobs/{id}/,18.26,ok,
2026-10-04T19:22:20.456927+05:30,GET,GET /jobs/{id}/,19.61,ok,
2026-10-04T19:22:20.463032+05:30,GET,GET /jobs/{id}/,18.67,ok,
2026-10-04T19:22:20.464936+05:30,GET,GET /jobs/{id}/,19.96,ok,
2026-10-04T19:22:20.582986+05:30,POST,POST /jobs/,21.69,ok,
2026-10-04T19:22:20.590509+05:30,GET,GET /jobs/{id}/,19.16,ok,
2026-10-04T19:22:20.626296+05:30,GET,GET /jobs/{id}/,19.49,ok,
2026-10-04T19:22:20.646047+05:30,GET,GET /health/,18.5,ok,
2026-10-04T19:22:20.653283+05:30,POST,POST /jobs/,20.78,ok,
2026-10-04T19:22:20.686319+05:30,GET,GET /jobs/{id}/,24.23,ok,
2026-10-04T19:22:20.686782+05:30,GET,GET /jobs/stats/,25.25,ok,
2026-10-04T19:22:20.707973+05:30,GET,GET /jobs/{id}/,17.94,ok,
2026-10-04T19:22:20.748041+05:30,POST,POST /jobs/,22.76,ok,
2026-10-04T19:22:20.752616+05:30,GET,GET /jobs/{id}/,20.02,ok,
2026-10-04T19:22:20.767503+05:30,GET,GET /jobs/{id}/,27.14,ok,
2026-10-04T19:22:20.768220+05:30,POST,POST /jobs/,32.07,ok,
2026-10-04T19:22:20.768639+05:30,GET,GET /health/,35.54,ok,
2026-10-04T19:22:20.778120+05:30,POST,POST /jobs/,27.81,ok,
2026-10-04T19:22:20.782468+05:30,GET,GET /jobs/stats/,26.62,ok,
2026-10-04T19:22:20.823017+05:30,POST,POST /jobs/,20.15,ok,
2026-10-04T19:22:20.849095+05:30,GET,GET /jobs/stats/,20.82,ok,
2026-10-04T19:22:20.866099+05:30,POST,POST /jobs/,20.84,ok,
2026-10-04T19:22:20.872482+05:30,GET,GET /jobs/{id}/,19.1,ok,
2026-10-04T19:22:20.877881+05:30,GET,GET /jobs/{id}/,18.55,ok,
2026-10-04T19:22:20.936015+05:30,POST,POST /jobs/,22.83,ok,
2026-10-04T19:22:20.943196+05:30,GET,GET /jobs/{id}/,21.98,ok,
2026-10-04T19:22:20.959121+05:30,GET,GET /jobs/{id}/,29.9,ok,
2026-10-04T19:22:20.977019+05:30,POST,POST /jobs/,28.96,ok,
2026-10-04T19:22:21.006406+05:30,GET,GET /jobs/{id}/,26.38,ok,
2026-10-04T19:22:21.009680+05:30,POST,POST /jobs/,29.73,ok,
2026-10-04T19:22:21.062592+05:30,GET,GET /health/,21.58,ok,
2026-10-04T19:22:21.076498+05:30,GET,GET /jobs/{id}/,20.47,ok,
2026-10-04T19:22:21.087666+05:30,GET,GET /jobs/{id}/,20.76,ok,
2026-10-04T19:22:21.106903+05:30,GET,GET /jobs/{id}/,24.13,ok,
2026-10-04T19:22:21.172325+05:30,POST,POST /jobs/,21.1,ok,
2026-10-04T19:22:21.238399+05:30,GET,GET /jobs/{id}/,22.98,ok,
2026-10-04T19:22:21.239051+05:30,POST,POST /jobs/,28.32,ok,
2026-10-04T19:22:21.249132+05:30,POST,POST /jobs/,28.66,ok,
2026-10-04T19:22:21.295978+05:30,GET,GET /jobs/{id}/,18.48,ok,
2026-10-04T19:22:21.336665+05:30,GET,GET /jobs/{id}/,18.29,ok,
2026-10-04T19:22:21.381850+05:30,GET,GET /jobs/{id}/,18.84,ok,
2026-10-04T19:22:21.401256+05:30,GET,GET /jobs/stats/,20.46,ok,
2026-10-04T19:22:21.418317+05:30,GET,GET /jobs/{id}/,18.81,ok,
2026-10-04T19:22:21.477189+05:30,GET,GET /jobs/stats/,23.58,ok,
2026-10-04T19:22:21.485402+05:30,GET,GET /jobs/{id}/,21.75,ok,
2026-10-04T19:22:21.488157+05:30,GET,GET /jobs/{id}/,25.5,ok,
2026-10-04T19:22:21.493120+05:30,GET,GET /jobs/{id}/,20.43,ok,
2026-10-04T19:22:21.503120+05:30,GET,GET /jobs/{id}/,18.97,ok,
2026-10-04T19:22:21.517238+05:30,GET,GET /jobs/{id}/,18.84,ok,
2026-10-04T19:22:21.558164+05:30,POST,POST /jobs/,21.55,ok,
2026-10-04T19:22:21.581585+05:30,GET,GET /jobs/stats/,20.16,ok,
2026-10-04T19:22:21.618620+05:30,POST,POST /jobs/,21.71,ok,
2026-10-04T19:22:21.638849+05:30,POST,POST /jobs/,21.23,ok,
2026-10-04T19:22:21.649906+05:30,GET,GET /jobs/{id}/,20.65,ok,
2026-10-04T19:22:21.672552+05:30,GET,GET /jobs/{id}/,19.37,ok,
2026-10-04T19:22:21.696979+05:30,GET,GET /jobs/stats/,21.16,ok,
2026-10-04T19:22:21.721994+05:30,POST,POST /jobs/,21.72,ok,
2026-10-04T19:22:21.744059+05:30,POST,POST /jobs/,23.09,ok,
2026-10-04T19:22:21.759990+05:30,GET,GET /jobs/{id}/,21.36,ok,
2026-10-04T19:22:21.782639+05:30,POST,POST /jobs/,27.73,ok,
2026-10-04T19:22:21.783104+05:30,POST,POST /jobs/,28.78,ok,
2026-10-04T19:22:21.808795+05:30,GET,GET /jobs/{id}/,23.46,ok,
2026-10-04T19:22:21.824071+05:30,GET,GET /jobs/stats/,21.85,ok,
2026-10-04T19:22:21.875462+05:30,POST,POST /jobs/,21.08,ok,
2026-10-04T19:22:21.911796+05:30,POST,POST /jobs/,20.91,ok,
2026-10-04T19:22:21.959715+05:30,GET,GET /jobs/{id}/,18.58,ok,
2026-10-04T19:22:21.992600+05:30,GET,GET /jobs/{id}/,22.52,ok,
2026-10-04T19:22:21.999924+05:30,POST,POST /jobs/,30.9,ok,
2026-10-04T19:22:22.027107+05:30,POST,POST /jobs/,37.72,ok,
2026-10-04T19:22:22.038524+05:30,GET,GET /health/,26.26,ok,
2026-10-04T19:22:22.041874+05:30,GET,GET /jobs/{id}/,26.29,ok,
2026-10-04T19:22:22.069985+05:30,GET,GET /jobs/{id}/,20.74,ok,
2026-10-04T19:22:22.080118+05:30,GET,GET /jobs/{id}/,23.78,ok,
2026-10-04T19:22:22.100504+05:30,GET,GET /jobs/{id}/,24.68,ok,
2026-10-04T19:22:22.109653+05:30,GET,GET /jobs/{id}/,20.72,ok,
2026-10-04T19:22:22.110764+05:30,GET,GET /jobs/stats/,21.24,ok,
2026-10-04T19:22:22.164516+05:30,POST,POST /jobs/,20.42,ok,
2026-10-04T19:22:22.212900+05:30,GET,GET /jobs/stats/,19.11,ok,
2026-10-04T19:22:22.251758+05:30,POST,POST /jobs/,23.54,ok,
2026-10-04T19:22:22.261191+05:30,POST,POST /jobs/,26.82,ok,
2026-10-04T19:22:22.271079+05:30,POST,POST /jobs/,27.71,ok,
2026-10-04T19:22:22.282769+05:30,POST,POST /jobs/,26.1,ok,
2026-10-04T19:22:22.287418+05:30,POST,POST /jobs/,23.94,ok,
2026-10-04T19:22:22.334419+05:30,GET,GET /jobs/{id}/,20.65,ok,
2026-10-04T19:22:22.411310+05:30,POST,POST /jobs/,20.58,ok,
2026-10-04T19:22:22.434288+05:30,GET,GET /jobs/{id}/,19.72,ok,
2026-10-04T19:22:22.436213+05:30,POST,POST /jobs/,23.62,ok,
2026-10-04T19:22:22.482821+05:30,POST,POST /jobs/,21.33,ok,
2026-10-04T19:22:22.540251+05:30,POST,POST /jobs/,24.14,ok,
2026-10-04T19:22:22.547647+05:30,GET,GET /jobs/{id}/,20.45,ok,
2026-10-04T19:22:22.596873+05:30,GET,GET /jobs/{id}/,17.91,ok,
2026-10-04T19:22:22.625968+05:30,GET,GET /jobs/{id}/,19.77,ok,
2026-10-04T19:22:22.637064+05:30,GET,GET /health/,18.88,ok,
2026-10-04T19:22:22.671255+05:30,GET,GET /jobs/{id}/,18.87,ok,
2026-10-04T19:22:22.720988+05:30,GET,GET /health/,19.43,ok,
2026-10-04T19:22:22.728224+05:30,POST,POST /jobs/,21.66,ok,
2026-10-04T19:22:22.737257+05:30,GET,GET /jobs/{id}/,24.6,ok,
2026-10-04T19:22:22.750491+05:30,POST,POST /jobs/,29.27,ok,
2026-10-04T19:22:22.756257+05:30,GET,GET /jobs/stats/,25.78,ok,
2026-10-04T19:22:22.779699+05:30,POST,POST /jobs/,36.11,ok,
2026-10-04T19:22:22.787674+05:30,GET,GET /jobs/{id}/,30.17,ok,
2026-10-04T19:22:22.795613+05:30,GET,GET /jobs/{id}/,30.14,ok,
2026-10-04T19:22:22.800171+05:30,GET,GET /jobs/{id}/,26.62,ok,
2026-10-04T19:22:22.800901+05:30,GET,GET /jobs/stats/,34.64,ok,
2026-10-04T19:22:22.853437+05:30,GET,GET /jobs/{id}/,18.24,ok,
2026-10-04T19:22:22.879119+05:30,GET,GET /jobs/{id}/,20.39,ok,
2026-10-04T19:22:22.936477+05:30,GET,GET /jobs/{id}/,18.04,ok,
2026-10-04T19:22:22.972797+05:30,GET,GET /jobs/{id}/,17.99,ok,
2026-10-04T19:22:22.977044+05:30,GET,GET /jobs/{id}/,19.21,ok,
2026-10-04T19:22:23.027089+05:30,POST,POST /jobs/,30.04,ok,
2026-10-04T19:22:23.027580+05:30,GET,GET /jobs/{id}/,31.19,ok,
2026-10-04T19:22:23.034592+05:30,GET,GET /jobs/stats/,26.91,ok,
2026-10-04T19:22:23.052714+05:30,GET,GET /jobs/{id}/,33.28,ok,
2026-10-04T19:22:23.053117+05:30,GET,GET /jobs/{id}/,30.95,ok,
2026-10-04T19:22:23.062733+05:30,POST,POST /jobs/,23.81,ok,
2026-10-04T19:22:23.094524+05:30,GET,GET /jobs/{id}/,39.8,ok,
2026-10-04T19:22:23.095095+05:30,GET,GET /jobs/{id}/,44.26,ok,
2026-10-04T19:22:23.100821+05:30,GET,GET /jobs/stats/,35.8,ok,
2026-10-04T19:22:23.105565+05:30,GET,GET /jobs/stats/,34.45,ok,
2026-10-04T19:22:23.138388+05:30,POST,POST /jobs/,20.51,ok,
2026-10-04T19:22:23.146820+05:30,POST,POST /jobs/,23.83,ok,
2026-10-04T19:22:23.153229+05:30,GET,GET /jobs/{id}/,21.15,ok,
2026-10-04T19:22:23.179290+05:30,GET,GET /jobs/{id}/,29.77,ok,
2026-10-04T19:22:23.182021+05:30,GET,GET /jobs/{id}/,28.62,ok,
2026-10-04T19:22:23.217950+05:30,POST,POST /jobs/,22.56,ok,
2026-10-04T19:22:23.281850+05:30,POST,POST /jobs/,22.55,ok,
2026-10-04T19:22:23.282347+05:30,GET,GET /health/,22.12,ok,
2026-10-04T19:22:23.342111+05:30,GET,GET /jobs/{id}/,22.49,ok,
2026-10-04T19:22:23.353666+05:30,GET,GET /jobs/{id}/,28.82,ok,
2026-10-04T19:22:23.366026+05:30,POST,POST /jobs/,31.94,ok,
2026-10-04T19:22:23.371911+05:30,GET,GET /jobs/stats/,31.74,ok,
2026-10-04T19:22:23.381043+05:30,GET,GET /jobs/{id}/,24.04,ok,
2026-10-04T19:22:23.402229+05:30,POST,POST /jobs/,34.92,ok,
2026-10-04T19:22:23.434744+05:30,GET,GET /jobs/{id}/,19.22,ok,
2026-10-04T19:22:23.442653+05:30,GET,GET /jobs/{id}/,19.09,ok,
2026-10-04T19:22:23.447487+05:30,GET,GET /health/,18.92,ok,
2026-10-04T19:22:23.516285+05:30,POST,POST /jobs/,20.51,ok,
2026-10-04T19:22:23.554321+05:30,GET,GET /jobs/{id}/,22.62,ok,
2026-10-04T19:22:23.555628+05:30,GET,GET /jobs/{id}/,22.55,ok,
2026-10-04T19:22:23.556066+05:30,POST,POST /jobs/,26.42,ok,
2026-10-04T19:22:23.563469+05:30,GET,GET /jobs/{id}/,21.84,ok,
2026-10-04T19:22:23.576740+05:30,POST,POST /jobs/,22.21,ok,
2026-10-04T19:22:23.608963+05:30,GET,GET /jobs/{id}/,18.89,ok,
2026-10-04T19:22:23.609736+05:30,POST,POST /jobs/,23.67,ok,
2026-10-04T19:22:23.641585+05:30,GET,GET /jobs/{id}/,20.57,ok,
2026-10-04T19:22:23.655340+05:30,POST,POST /jobs/,20.24,ok,
2026-10-04T19:22:23.752146+05:30,GET,GET /health/,18.08,ok,
2026-10-04T19:22:23.774695+05:30,POST,POST /jobs/,21.28,ok,
2026-10-04T19:22:23.813477+05:30,POST,POST /jobs/,24.46,ok,
2026-10-04T19:22:23.835055+05:30,GET,GET /jobs/{id}/,21.38,ok,
2026-10-04T19:22:23.837372+05:30,POST,POST /jobs/,25.91,ok,
2026-10-04T19:22:23.870077+05:30,GET,GET /jobs/{id}/,17.43,ok,
2026-10-04T19:22:23.890683+05:30,GET,GET /jobs/{id}/,18.63,ok,
2026-10-04T19:22:23.917513+05:30,GET,GET /jobs/{id}/,18.49,ok,
2026-10-04T19:22:23.962666+05:30,GET,GET /jobs/stats/,18.84,ok,
2026-10-04T19:22:23.977579+05:30,GET,GET /jobs/{id}/,18.67,ok,
2026-10-04T19:22:23.990319+05:30,GET,GET /jobs/{id}/,18.16,ok,
2026-10-04T19:22:23.997377+05:30,GET,GET /jobs/{id}/,21.0,ok,
2026-10-04T19:22:23.997797+05:30,GET,GET /jobs/{id}/,18.7,ok,
2026-10-04T19:22:24.064520+05:30,GET,GET /jobs/{id}/,19.43,ok,
2026-10-04T19:22:24.077380+05:30,GET,GET /jobs/{id}/,18.19,ok,
2026-10-04T19:22:24.114393+05:30,GET,GET /health/,17.75,ok,
2026-10-04T19:22:24.132205+05:30,GET,GET /jobs/{id}/,17.62,ok,
2026-10-04T19:22:24.176251+05:30,GET,GET /jobs/{id}/,18.68,ok,
2026-10-04T19:22:24.187506+05:30,GET,GET /jobs/{id}/,20.98,ok,
2026-10-04T19:22:24.205081+05:30,POST,POST /jobs/,22.55,ok,
2026-10-04T19:22:24.212240+05:30,GET,GET /jobs/stats/,22.51,ok,
2026-10-04T19:22:24.257980+05:30,POST,POST /jobs/,24.39,ok,
2026-10-04T19:22:24.259190+05:30,POST,POST /jobs/,22.54,ok,
2026-10-04T19:22:24.293991+05:30,GET,GET /jobs/stats/,21.51,ok,
2026-10-04T19:22:24.294893+05:30,GET,GET /jobs/{id}/,21.47,ok,
2026-10-04T19:22:24.311782+05:30,GET,GET /health/,17.63,ok,
2026-10-04T19:22:24.337255+05:30,GET,GET /health/,20.21,ok,
2026-10-04T19:22:24.337940+05:30,GET,GET /jobs/{id}/,20.38,ok,
2026-10-04T19:22:24.354076+05:30,POST,POST /jobs/,23.42,ok,
2026-10-04T19:22:24.358480+05:30,GET,GET /health/,19.35,ok,
2026-10-04T19:22:24.385091+05:30,POST,POST /jobs/,22.36,ok,
2026-10-04T19:22:24.391363+05:30,GET,GET /jobs/{id}/,18.65,ok,
2026-10-04T19:22:24.426958+05:30,GET,GET /jobs/stats/,21.31,ok,
2026-10-04T19:22:24.431763+05:30,GET,GET /jobs/stats/,21.19,ok,
2026-10-04T19:22:24.442432+05:30,GET,GET /health/,18.78,ok,
2026-10-04T19:22:24.498693+05:30,GET,GET /jobs/stats/,20.99,ok,
2026-10-04T19:22:24.510057+05:30,GET,GET /jobs/{id}/,20.34,ok,
2026-10-04T19:22:24.515058+05:30,POST,POST /jobs/,24.78,ok,
2026-10-04T19:22:24.527701+05:30,GET,GET /jobs/{id}/,20.7,ok,
2026-10-04T19:22:24.605522+05:30,POST,POST /jobs/,27.33,ok,
2026-10-04T19:22:24.620623+05:30,GET,GET /jobs/{id}/,25.25,ok,
2026-10-04T19:22:24.640472+05:30,POST,POST /jobs/,20.9,ok,
2026-10-04T19:22:24.665912+05:30,GET,GET /jobs/{id}/,22.15,ok,
2026-10-04T19:22:24.672733+05:30,GET,GET /jobs/{id}/,20.93,ok,
2026-10-04T19:22:24.673996+05:30,GET,GET /jobs/stats/,20.15,ok,
2026-10-04T19:22:24.746938+05:30,GET,GET /jobs/stats/,21.63,ok,
2026-10-04T19:22:24.753181+05:30,GET,GET /jobs/{id}/,18.85,ok,
2026-10-04T19:22:24.762430+05:30,GET,GET /jobs/{id}/,19.15,ok,
2026-10-04T19:22:24.774661+05:30,POST,POST /jobs/,21.3,ok,
2026-10-04T19:22:24.782873+05:30,GET,GET /jobs/{id}/,19.19,ok,
2026-10-04T19:22:24.846319+05:30,POST,POST /jobs/,21.12,ok,
2026-10-04T19:22:24.890641+05:30,GET,GET /jobs/{id}/,18.0,ok,
2026-10-04T19:22:24.910783+05:30,GET,GET /jobs/stats/,18.93,ok,
2026-10-04T19:22:24.946165+05:30,POST,POST /jobs/,22.07,ok,
2026-10-04T19:22:24.955668+05:30,POST,POST /jobs/,23.5,ok,
2026-10-04T19:22:24.968245+05:30,POST,POST /jobs/,25.16,ok,
2026-10-04T19:22:24.979229+05:30,GET,GET /jobs/{id}/,23.39,ok,
2026-10-04T19:22:24.990482+05:30,POST,POST /jobs/,31.61,ok,
2026-10-04T19:22:25.002488+05:30,GET,GET /jobs/{id}/,37.69,ok,
2026-10-04T19:22:25.005406+05:30,GET,GET /jobs/{id}/,34.25,ok,
2026-10-04T19:22:25.005889+05:30,GET,GET /jobs/{id}/,38.72,ok,
2026-10-04T19:22:25.014157+05:30,GET,GET /jobs/{id}/,32.68,ok,
2026-10-04T19:22:25.028640+05:30,POST,POST /jobs/,40.75,ok,
2026-10-04T19:22:25.066370+05:30,GET,GET /jobs/{id}/,44.89,ok,
2026-10-04T19:22:25.067134+05:30,GET,GET /jobs/{id}/,59.02,ok,
2026-10-04T19:22:25.078084+05:30,GET,GET /jobs/{id}/,48.08,ok,
2026-10-04T19:22:25.086727+05:30,GET,GET /jobs/{id}/,41.28,ok,
2026-10-04T19:22:25.094143+05:30,POST,POST /jobs/,28.88,ok,
2026-10-04T19:22:25.096194+05:30,POST,POST /jobs/,36.5,ok,
2026-10-04T19:22:25.105523+05:30,GET,GET /jobs/{id}/,32.45,ok,
2026-10-04T19:22:25.142962+05:30,GET,GET /health/,20.12,ok,
2026-10-04T19:22:25.154592+05:30,POST,POST /jobs/,23.73,ok,
2026-10-04T19:22:25.197072+05:30,GET,GET /jobs/{id}/,21.06,ok,
2026-10-04T19:22:25.197745+05:30,POST,POST /jobs/,24.84,ok,
2026-10-04T19:22:25.201309+05:30,POST,POST /jobs/,23.28,ok,
2026-10-04T19:22:25.343400+05:30,POST,POST /jobs/,20.55,ok,
2026-10-04T19:22:25.382262+05:30,GET,GET /jobs/stats/,22.56,ok,
2026-10-04T19:22:25.387432+05:30,GET,GET /jobs/stats/,19.63,ok,
2026-10-04T19:22:25.459489+05:30,GET,GET /health/,18.3,ok,
2026-10-04T19:22:25.510926+05:30,GET,GET /jobs/{id}/,18.1,ok,
2026-10-04T19:22:25.556679+05:30,GET,GET /health/,26.44,ok,
2026-10-04T19:22:25.594168+05:30,GET,GET /health/,18.15,ok,
2026-10-04T19:22:25.648027+05:30,GET,GET /jobs/stats/,23.47,ok,
2026-10-04T19:22:25.670024+05:30,POST,POST /jobs/,28.38,ok,
2026-10-04T19:22:25.671576+05:30,GET,GET /health/,27.93,ok,
2026-10-04T19:22:25.675634+05:30,GET,GET /jobs/{id}/,28.67,ok,
2026-10-04T19:22:25.683486+05:30,GET,GET /jobs/stats/,24.78,ok,
2026-10-04T19:22:25.688189+05:30,GET,GET /jobs/{id}/,28.82,ok,
2026-10-04T19:22:25.702027+05:30,POST,POST /jobs/,24.11,ok,
2026-10-04T19:22:25.743285+05:30,POST,POST /jobs/,21.76,ok,
2026-10-04T19:22:25.757549+05:30,GET,GET /jobs/{id}/,20.47,ok,
2026-10-04T19:22:25.764302+05:30,GET,GET /health/,18.79,ok,
2026-10-04T19:22:25.797273+05:30,GET,GET /jobs/{id}/,18.59,ok,
2026-10-04T19:22:25.818362+05:30,GET,GET /jobs/{id}/,22.19,ok,
2026-10-04T19:22:25.827947+05:30,GET,GET /jobs/{id}/,21.59,ok,
2026-10-04T19:22:25.831237+05:30,POST,POST /jobs/,25.41,ok,
2026-10-04T19:22:25.892901+05:30,GET,GET /jobs/{id}/,20.24,ok,
2026-10-04T19:22:25.952311+05:30,GET,GET /jobs/{id}/,22.05,ok,
2026-10-04T19:22:25.966682+05:30,POST,POST /jobs/,24.93,ok,
2026-10-04T19:22:26.000695+05:30,GET,GET /jobs/{id}/,20.5,ok,
2026-10-04T19:22:26.023062+05:30,POST,POST /jobs/,27.7,ok,
2026-10-04T19:22:26.084260+05:30,GET,GET /jobs/{id}/,25.83,ok,
2026-10-04T19:22:26.091784+05:30,GET,GET /jobs/stats/,25.39,ok,
2026-10-04T19:22:26.097174+05:30,GET,GET /jobs/{id}/,23.77,ok,
2026-10-04T19:22:26.102463+05:30,GET,GET /jobs/stats/,28.43,ok,
2026-10-04T19:22:26.112233+05:30,GET,GET /jobs/{id}/,20.26,ok,
2026-10-04T19:22:26.118574+05:30,POST,POST /jobs/,22.65,ok,
2026-10-04T19:22:26.162734+05:30,POST,POST /jobs/,20.87,ok,
2026-10-04T19:22:26.171579+05:30,GET,GET /health/,20.74,ok,
2026-10-04T19:22:26.195027+05:30,POST,POST /jobs/,25.48,ok,
2026-10-04T19:22:26.216471+05:30,POST,POST /jobs/,22.52,ok,
2026-10-04T19:22:26.235195+05:30,POST,POST /jobs/,25.5,ok,
2026-10-04T19:22:26.243516+05:30,GET,GET /jobs/stats/,26.89,ok,
2026-10-04T19:22:26.250733+05:30,GET,GET /jobs/{id}/,20.2,ok,
2026-10-04T19:22:26.266656+05:30,POST,POST /jobs/,29.14,ok,
2026-10-04T19:22:26.296565+05:30,GET,GET /jobs/{id}/,44.55,ok,
2026-10-04T19:22:26.303589+05:30,GET,GET /jobs/{id}/,46.61,ok,
2026-10-04T19:22:26.307189+05:30,GET,GET /jobs/{id}/,46.34,ok,
2026-10-04T19:22:26.309264+05:30,POST,POST /jobs/,46.53,ok,
2026-10-04T19:22:26.318117+05:30,POST,POST /jobs/,29.5,ok,
2026-10-04T19:22:26.334306+05:30,POST,POST /jobs/,23.76,ok,
2026-10-04T19:22:26.360610+05:30,GET,GET /jobs/{id}/,41.22,ok,
2026-10-04T19:22:26.371644+05:30,GET,GET /jobs/stats/,46.26,ok,
2026-10-04T19:22:26.392079+05:30,GET,GET /health/,18.19,ok,
2026-10-04T19:22:26.398631+05:30,POST,POST /jobs/,21.73,ok,
2026-10-04T19:22:26.445566+05:30,POST,POST /jobs/,24.78,ok,
2026-10-04T19:22:26.463827+05:30,GET,GET /jobs/{id}/,19.49,ok,
2026-10-04T19:22:26.466683+05:30,POST,POST /jobs/,25.65,ok,
2026-10-04T19:22:26.477144+05:30,POST,POST /jobs/,24.99,ok,
2026-10-04T19:22:26.500600+05:30,POST,POST /jobs/,32.65,ok,
2026-10-04T19:22:26.512192+05:30,GET,GET /jobs/stats/,26.76,ok,
2026-10-04T19:22:26.530788+05:30,POST,POST /jobs/,22.85,ok,
2026-10-04T19:22:26.543644+05:30,GET,GET /jobs/{id}/,18.15,ok,
2026-10-04T19:22:26.593391+05:30,GET,GET /jobs/{id}/,18.43,ok,
2026-10-04T19:22:26.615627+05:30,GET,GET /health/,18.97,ok,
2026-10-04T19:22:26.618895+05:30,GET,GET /jobs/{id}/,19.26,ok,
2026-10-04T19:22:26.641867+05:30,GET,GET /jobs/{id}/,18.7,ok,
2026-10-04T19:22:26.650051+05:30,GET,GET /jobs/{id}/,18.74,ok,
2026-10-04T19:22:26.680182+05:30,POST,POST /jobs/,21.79,ok,
2026-10-04T19:22:26.708209+05:30,GET,GET /jobs/{id}/,23.62,ok,
2026-10-04T19:22:26.723612+05:30,POST,POST /jobs/,25.87,ok,
2026-10-04T19:22:26.726180+05:30,POST,POST /jobs/,25.38,ok,
2026-10-04T19:22:26.748951+05:30,GET,GET /jobs/{id}/,24.04,ok,
2026-10-04T19:22:26.751907+05:30,POST,POST /jobs/,24.09,ok,
2026-10-04T19:22:26.761580+05:30,GET,GET /jobs/{id}/,26.16,ok,
2026-10-04T19:22:26.842910+05:30,POST,POST /jobs/,20.96,ok,
2026-10-04T19:22:26.886669+05:30,GET,GET /jobs/{id}/,18.45,ok,
2026-10-04T19:22:26.913157+05:30,GET,GET /jobs/stats/,21.22,ok,
2026-10-04T19:22:26.927560+05:30,GET,GET /jobs/{id}/,18.39,ok,
2026-10-04T19:22:26.967647+05:30,GET,GET /jobs/{id}/,18.78,ok,
2026-10-04T19:22:26.972625+05:30,POST,POST /jobs/,21.71,ok,
2026-10-04T19:22:27.052065+05:30,POST,POST /jobs/,23.1,ok,
2026-10-04T19:22:27.073844+05:30,POST,POST /jobs/,26.68,ok,
2026-10-04T19:22:27.094608+05:30,POST,POST /jobs/,27.22,ok,
2026-10-04T19:22:27.135949+05:30,GET,GET /jobs/{id}/,18.03,ok,
2026-10-04T19:22:27.146945+05:30,POST,POST /jobs/,24.01,ok,
2026-10-04T19:22:27.173282+05:30,GET,GET /jobs/{id}/,18.96,ok,
2026-10-04T19:22:27.173747+05:30,POST,POST /jobs/,22.53,ok,
2026-10-04T19:22:27.207219+05:30,GET,GET /health/,18.22,ok,
2026-10-04T19:22:27.231521+05:30,POST,POST /jobs/,20.97,ok,
2026-10-04T19:22:27.233968+05:30,GET,GET /jobs/{id}/,18.58,ok,
2026-10-04T19:22:27.267853+05:30,POST,POST /jobs/,20.6,ok,
2026-10-04T19:22:27.279656+05:30,GET,GET /jobs/{id}/,18.32,ok,
2026-10-04T19:22:27.311049+05:30,GET,GET /jobs/{id}/,18.08,ok,
2026-10-04T19:22:27.324515+05:30,GET,GET /jobs/{id}/,18.5,ok,
2026-10-04T19:22:27.382707+05:30,GET,GET /jobs/{id}/,18.89,ok,
2026-10-04T19:22:27.398219+05:30,POST,POST /jobs/,22.29,ok,
2026-10-04T19:22:27.440624+05:30,POST,POST /jobs/,21.06,ok,
2026-10-04T19:22:27.475625+05:30,GET,GET /jobs/{id}/,20.62,ok,
2026-10-04T19:22:27.486082+05:30,POST,POST /jobs/,21.01,ok,
2026-10-04T19:22:27.516669+05:30,GET,GET /jobs/{id}/,18.29,ok,
2026-10-04T19:22:27.546641+05:30,GET,GET /health/,17.66,ok,
2026-10-04T19:22:27.554854+05:30,POST,POST /jobs/,20.79,ok,
2026-10-04T19:22:27.590585+05:30,GET,GET /jobs/stats/,19.46,ok,
2026-10-04T19:22:27.632535+05:30,GET,GET /jobs/{id}/,18.61,ok,
2026-10-04T19:22:27.636757+05:30,GET,GET /jobs/{id}/,18.8,ok,
2026-10-04T19:22:27.643995+05:30,GET,GET /health/,19.12,ok,
2026-10-04T19:22:27.693847+05:30,GET,GET /jobs/{id}/,18.48,ok,
2026-10-04T19:22:27.694540+05:30,GET,GET /health/,18.33,ok,
2026-10-04T19:22:27.719135+05:30,GET,GET /jobs/{id}/,20.33,ok,
2026-10-04T19:22:27.719585+05:30,GET,GET /jobs/{id}/,20.3,ok,
2026-10-04T19:22:27.775425+05:30,GET,GET /jobs/{id}/,20.47,ok,
2026-10-04T19:22:27.778294+05:30,POST,POST /jobs/,25.43,ok,
2026-10-04T19:22:27.785620+05:30,GET,GET /jobs/{id}/,21.59,ok,
2026-10-04T19:22:27.796799+05:30,GET,GET /health/,21.21,ok,
2026-10-04T19:22:27.816687+05:30,GET,GET /jobs/{id}/,23.77,ok,
2026-10-04T19:22:27.836906+05:30,POST,POST /jobs/,27.82,ok,
2026-10-04T19:22:27.837484+05:30,POST,POST /jobs/,27.75,ok,
2026-10-04T19:22:27.884638+05:30,POST,POST /jobs/,22.86,ok,
2026-10-04T19:22:27.894165+05:30,GET,GET /jobs/{id}/,21.35,ok,
2026-10-04T19:22:27.916809+05:30,POST,POST /jobs/,23.85,ok,
2026-10-04T19:22:27.925825+05:30,GET,GET /jobs/{id}/,18.57,ok,
2026-10-04T19:22:27.947468+05:30,POST,POST /jobs/,20.36,ok,
2026-10-04T19:22:27.972750+05:30,GET,GET /jobs/{id}/,17.94,ok,
2026-10-04T19:22:28.016076+05:30,GET,GET /jobs/{id}/,25.06,ok,
2026-10-04T19:22:28.016599+05:30,POST,POST /jobs/,26.54,ok,
2026-10-04T19:22:28.018922+05:30,GET,GET /health/,27.37,ok,
2026-10-04T19:22:28.058029+05:30,GET,GET /jobs/{id}/,17.81,ok,
2026-10-04T19:22:28.075696+05:30,GET,GET /health/,17.53,ok,
2026-10-04T19:22:28.082386+05:30,GET,GET /jobs/{id}/,18.36,ok,
2026-10-04T19:22:28.103119+05:30,GET,GET /jobs/{id}/,17.44,ok,
2026-10-04T19:22:28.130177+05:30,GET,GET /jobs/{id}/,21.76,ok,
2026-10-04T19:22:28.169748+05:30,GET,GET /jobs/{id}/,19.02,ok,
2026-10-04T19:22:28.170215+05:30,GET,GET /jobs/stats/,22.59,ok,
2026-10-04T19:22:28.182211+05:30,GET,GET /jobs/{id}/,18.2,ok,
2026-10-04T19:22:28.207719+05:30,GET,GET /health/,17.23,ok,
2026-10-04T19:22:28.241562+05:30,GET,GET /jobs/{id}/,23.54,ok,
2026-10-04T19:22:28.245981+05:30,GET,GET /jobs/stats/,30.0,ok,
2026-10-04T19:22:28.254826+05:30,GET,GET /jobs/{id}/,28.69,ok,
2026-10-04T19:22:28.256271+05:30,GET,GET /jobs/stats/,34.11,ok,
2026-10-04T19:22:28.277090+05:30,GET,GET /jobs/{id}/,27.82,ok,
2026-10-04T19:22:28.292935+05:30,GET,GET /jobs/{id}/,21.37,ok,
2026-10-04T19:22:28.414623+05:30,GET,GET /jobs/stats/,19.31,ok,
2026-10-04T19:22:28.460939+05:30,GET,GET /jobs/{id}/,18.79,ok,
2026-10-04T19:22:28.464775+05:30,GET,GET /jobs/{id}/,24.82,ok,
2026-10-04T19:22:28.490177+05:30,GET,GET /jobs/{id}/,24.12,ok,
2026-10-04T19:22:28.496917+05:30,POST,POST /jobs/,30.17,ok,
2026-10-04T19:22:28.502696+05:30,GET,GET /jobs/{id}/,20.73,ok,
2026-10-04T19:22:28.509215+05:30,GET,GET /jobs/{id}/,18.88,ok,
2026-10-04T19:22:28.562033+05:30,GET,GET /jobs/{id}/,21.43,ok,
2026-10-04T19:22:28.566114+05:30,GET,GET /jobs/{id}/,21.5,ok,
2026-10-04T19:22:28.574924+05:30,GET,GET /jobs/{id}/,20.24,ok,
2026-10-04T19:22:28.587607+05:30,POST,POST /jobs/,21.32,ok,
2026-10-04T19:22:28.595214+05:30,GET,GET /jobs/stats/,20.16,ok,
2026-10-04T19:22:28.610989+05:30,GET,GET /jobs/{id}/,20.11,ok,
2026-10-04T19:22:28.648353+05:30,GET,GET /jobs/{id}/,21.79,ok,
2026-10-04T19:22:28.649176+05:30,GET,GET /health/,20.61,ok,
2026-10-04T19:22:28.664219+05:30,GET,GET /jobs/{id}/,19.55,ok,
2026-10-04T19:22:28.672056+05:30,GET,GET /jobs/{id}/,19.66,ok,
2026-10-04T19:22:28.697881+05:30,GET,GET /jobs/{id}/,26.66,ok,
2026-10-04T19:22:28.698380+05:30,GET,GET /jobs/stats/,27.88,ok,
2026-10-04T19:22:28.733847+05:30,GET,GET /jobs/stats/,19.22,ok,
2026-10-04T19:22:28.773403+05:30,GET,GET /health/,19.27,ok,
2026-10-04T19:22:28.804350+05:30,GET,GET /jobs/stats/,19.67,ok,
2026-10-04T19:22:28.836070+05:30,POST,POST /jobs/,21.24,ok,
2026-10-04T19:22:28.847985+05:30,GET,GET /health/,21.06,ok,
2026-10-04T19:22:28.881658+05:30,GET,GET /health/,22.32,ok,
2026-10-04T19:22:28.889399+05:30,GET,GET /jobs/{id}/,19.26,ok,
2026-10-04T19:22:28.954488+05:30,POST,POST /jobs/,22.76,ok,
2026-10-04T19:22:28.967369+05:30,GET,GET /jobs/{id}/,18.43,ok,
2026-10-04T19:22:28.991756+05:30,GET,GET /jobs/{id}/,20.08,ok,
2026-10-04T19:22:29.034033+05:30,POST,POST /jobs/,27.96,ok,
2026-10-04T19:22:29.055761+05:30,GET,GET /health/,17.54,ok,
2026-10-04T19:22:29.105898+05:30,POST,POST /jobs/,24.78,ok,
2026-10-04T19:22:29.126668+05:30,POST,POST /jobs/,26.3,ok,
2026-10-04T19:22:29.130471+05:30,GET,GET /jobs/{id}/,22.3,ok,
2026-10-04T19:22:29.139237+05:30,GET,GET /health/,23.72,ok,
2026-10-04T19:22:29.139840+05:30,GET,GET /jobs/{id}/,27.09,ok,
2026-10-04T19:22:29.140184+05:30,POST,POST /jobs/,29.84,ok,
2026-10-04T19:22:29.176340+05:30,GET,GET /jobs/{id}/,21.38,ok,
2026-10-04T19:22:29.191839+05:30,GET,GET /jobs/{id}/,20.46,ok,
2026-10-04T19:22:29.195588+05:30,GET,GET /jobs/{id}/,36.28,ok,
2026-10-04T19:22:29.196497+05:30,GET,GET /jobs/stats/,42.09,ok,
2026-10-04T19:22:29.261909+05:30,GET,GET /jobs/{id}/,19.88,ok,
2026-10-04T19:22:29.281937+05:30,GET,GET /jobs/{id}/,22.15,ok,
2026-10-04T19:22:29.283772+05:30,GET,GET /jobs/{id}/,23.18,ok,
2026-10-04T19:22:29.284239+05:30,POST,POST /jobs/,28.19,ok,
2026-10-04T19:22:29.311280+05:30,GET,GET /jobs/{id}/,17.77,ok,
2026-10-04T19:22:29.340197+05:30,GET,GET /jobs/stats/,19.58,ok,
2026-10-04T19:22:29.358222+05:30,GET,GET /jobs/{id}/,17.85,ok,
2026-10-04T19:22:29.362004+05:30,GET,GET /jobs/{id}/,18.71,ok,
2026-10-04T19:22:29.435985+05:30,GET,GET /jobs/{id}/,19.65,ok,
2026-10-04T19:22:29.444516+05:30,GET,GET /jobs/{id}/,18.11,ok,
2026-10-04T19:22:29.507378+05:30,POST,POST /jobs/,23.3,ok,
2026-10-04T19:22:29.508301+05:30,GET,GET /jobs/stats/,21.01,ok,
2026-10-04T19:22:29.555573+05:30,GET,GET /jobs/{id}/,19.96,ok,
2026-10-04T19:22:29.571881+05:30,GET,GET /jobs/{id}/,21.12,ok,
2026-10-04T19:22:29.579048+05:30,GET,GET /jobs/{id}/,20.08,ok,
2026-10-04T19:22:29.588615+05:30,GET,GET /jobs/{id}/,18.58,ok,
2026-10-04T19:22:29.613351+05:30,POST,POST /jobs/,21.48,ok,
2026-10-04T19:22:29.630717+05:30,GET,GET /jobs/{id}/,18.51,ok,
2026-10-04T19:22:29.698687+05:30,GET,GET /jobs/{id}/,17.6,ok,
2026-10-04T19:22:29.728632+05:30,GET,GET /jobs/stats/,19.66,ok,
2026-10-04T19:22:29.811238+05:30,GET,GET /health/,20.29,ok,
2026-10-04T19:22:29.821074+05:30,GET,GET /jobs/{id}/,24.07,ok,
2026-10-04T19:22:29.828308+05:30,POST,POST /jobs/,22.23,ok,
2026-10-04T19:22:29.843936+05:30,POST,POST /jobs/,28.37,ok,
2026-10-04T19:22:29.850853+05:30,GET,GET /jobs/{id}/,20.17,ok,
2026-10-04T19:22:29.862250+05:30,GET,GET /jobs/{id}/,27.84,ok,
2026-10-04T19:22:29.862786+05:30,POST,POST /jobs/,31.41,ok,
2026-10-04T19:22:29.865967+05:30,GET,GET /jobs/{id}/,20.74,ok,
2026-10-04T19:22:29.924846+05:30,GET,GET /jobs/{id}/,23.56,ok,
2026-10-04T19:22:29.934428+05:30,POST,POST /jobs/,23.1,ok,
2026-10-04T19:22:29.939407+05:30,GET,GET /jobs/stats/,26.09,ok,
2026-10-04T19:22:29.940104+05:30,GET,GET /health/,26.16,ok,
2026-10-04T19:22:29.964456+05:30,POST,POST /jobs/,20.04,ok,
2026-10-04T19:22:29.997632+05:30,GET,GET /jobs/{id}/,25.53,ok,
2026-10-04T19:22:29.998262+05:30,GET,GET /jobs/{id}/,24.65,ok,
2026-10-04T19:22:29.999680+05:30,GET,GET /jobs/{id}/,21.87,ok,
2026-10-04T19:22:30.032941+05:30,GET,GET /health/,21.93,ok,
2026-10-04T19:22:30.039355+05:30,GET,GET /health/,19.27,ok,
2026-10-04T19:22:30.046692+05:30,GET,GET /jobs/stats/,19.46,ok,
2026-10-04T19:22:30.061739+05:30,GET,GET /health/,18.12,ok,
2026-10-04T19:22:30.094295+05:30,POST,POST /jobs/,26.25,ok,
2026-10-04T19:22:30.197027+05:30,GET,GET /jobs/{id}/,20.33,ok,
2026-10-04T19:22:30.203319+05:30,GET,GET /health/,22.62,ok,
2026-10-04T19:22:30.217326+05:30,GET,GET /health/,24.54,ok,
2026-10-04T19:22:30.222412+05:30,GET,GET /jobs/{id}/,26.7,ok,
2026-10-04T19:22:30.290600+05:30,POST,POST /jobs/,23.88,ok,
2026-10-04T19:22:30.310476+05:30,GET,GET /jobs/{id}/,24.68,ok,
2026-10-04T19:22:30.328626+05:30,GET,GET /jobs/{id}/,24.7,ok,
2026-10-04T19:22:30.329157+05:30,GET,GET /jobs/{id}/,27.25,ok,
2026-10-04T19:22:30.336224+05:30,GET,GET /jobs/stats/,21.47,ok,
2026-10-04T19:22:30.356602+05:30,GET,GET /jobs/{id}/,18.7,ok,
2026-10-04T19:22:30.411304+05:30,GET,GET /jobs/{id}/,18.37,ok,
2026-10-04T19:22:30.460502+05:30,GET,GET /health/,18.9,ok,
2026-10-04T19:22:30.480799+05:30,GET,GET /jobs/{id}/,24.16,ok,
2026-10-04T19:22:30.492691+05:30,GET,GET /jobs/{id}/,19.58,ok,
2026-10-04T19:22:30.530940+05:30,GET,GET /health/,21.95,ok,
2026-10-04T19:22:30.534294+05:30,POST,POST /jobs/,24.15,ok,
2026-10-04T19:22:30.588124+05:30,POST,POST /jobs/,21.48,ok,
2026-10-04T19:22:30.624348+05:30,GET,GET /jobs/{id}/,18.91,ok,
2026-10-04T19:22:30.674837+05:30,GET,GET /health/,19.13,ok,
2026-10-04T19:22:30.677958+05:30,GET,GET /jobs/stats/,21.71,ok,
2026-10-04T19:22:30.707229+05:30,POST,POST /jobs/,28.01,ok,
2026-10-04T19:22:30.720303+05:30,GET,GET /jobs/stats/,21.59,ok,
2026-10-04T19:22:30.732936+05:30,GET,GET /jobs/{id}/,21.41,ok,
2026-10-04T19:22:30.742804+05:30,POST,POST /jobs/,27.04,ok,
2026-10-04T19:22:30.748151+05:30,GET,GET /jobs/{id}/,20.4,ok,
2026-10-04T19:22:30.822521+05:30,POST,POST /jobs/,21.0,ok,
2026-10-04T19:22:30.833853+05:30,POST,POST /jobs/,28.23,ok,
2026-10-04T19:22:30.855122+05:30,GET,GET /jobs/{id}/,27.3,ok,
2026-10-04T19:22:30.902133+05:30,GET,GET /jobs/stats/,25.75,ok,
2026-10-04T19:22:30.910887+05:30,GET,GET /jobs/{id}/,21.39,ok,
2026-10-04T19:22:30.933705+05:30,GET,GET /jobs/{id}/,20.88,ok,
2026-10-04T19:22:30.935904+05:30,POST,POST /jobs/,23.67,ok,
2026-10-04T19:22:30.962334+05:30,GET,GET /jobs/{id}/,22.12,ok,
2026-10-04T19:22:30.989779+05:30,POST,POST /jobs/,23.13,ok,
2026-10-04T19:22:30.997597+05:30,GET,GET /jobs/{id}/,19.91,ok,
2026-10-04T19:22:31.022463+05:30,POST,POST /jobs/,26.23,ok,
2026-10-04T19:22:31.034208+05:30,GET,GET /jobs/stats/,19.66,ok,
2026-10-04T19:22:31.115062+05:30,GET,GET /jobs/{id}/,18.32,ok,
2026-10-04T19:22:31.130055+05:30,POST,POST /jobs/,23.3,ok,
2026-10-04T19:22:31.162885+05:30,POST,POST /jobs/,21.52,ok,
2026-10-04T19:22:31.174327+05:30,POST,POST /jobs/,22.93,ok,
2026-10-04T19:22:31.180537+05:30,GET,GET /health/,25.15,ok,
2026-10-04T19:22:31.205292+05:30,GET,GET /health/,22.46,ok,
2026-10-04T19:22:31.211692+05:30,GET,GET /jobs/stats/,20.91,ok,
2026-10-04T19:22:31.248092+05:30,GET,GET /jobs/{id}/,22.06,ok,
2026-10-04T19:22:31.254638+05:30,POST,POST /jobs/,25.55,ok,
2026-10-04T19:22:31.270439+05:30,GET,GET /jobs/{id}/,23.71,ok,
2026-10-04T19:22:31.303462+05:30,GET,GET /health/,17.76,ok,
2026-10-04T19:22:31.326606+05:30,GET,GET /jobs/{id}/,19.86,ok,
2026-10-04T19:22:31.379397+05:30,GET,GET /jobs/{id}/,20.46,ok,
2026-10-04T19:22:31.390768+05:30,GET,GET /jobs/{id}/,29.05,ok,
2026-10-04T19:22:31.391489+05:30,POST,POST /jobs/,30.49,ok,
2026-10-04T19:22:31.391931+05:30,GET,GET /health/,27.04,ok,
2026-10-04T19:22:31.401618+05:30,GET,GET /jobs/{id}/,27.46,ok,
2026-10-04T19:22:31.468617+05:30,GET,GET /jobs/{id}/,26.67,ok,
2026-10-04T19:22:31.474171+05:30,POST,POST /jobs/,31.31,ok,
2026-10-04T19:22:31.474757+05:30,GET,GET /health/,28.97,ok,
2026-10-04T19:22:31.484944+05:30,GET,GET /jobs/{id}/,24.9,ok,
2026-10-04T19:22:31.545334+05:30,GET,GET /jobs/{id}/,20.98,ok,
2026-10-04T19:22:31.558732+05:30,GET,GET /jobs/{id}/,21.16,ok,
2026-10-04T19:22:31.589201+05:30,GET,GET /jobs/{id}/,18.14,ok,
2026-10-04T19:22:31.621791+05:30,GET,GET /health/,20.31,ok,
2026-10-04T19:22:31.639431+05:30,POST,POST /jobs/,25.68,ok,
2026-10-04T19:22:31.642983+05:30,GET,GET /health/,23.01,ok,
2026-10-04T19:22:31.659663+05:30,GET,GET /jobs/{id}/,18.94,ok,
2026-10-04T19:22:31.723266+05:30,GET,GET /jobs/{id}/,19.3,ok,
2026-10-04T19:22:31.754943+05:30,POST,POST /jobs/,24.35,ok,
2026-10-04T19:22:31.760474+05:30,GET,GET /health/,20.91,ok,
2026-10-04T19:22:31.768085+05:30,GET,GET /jobs/stats/,22.56,ok,
2026-10-04T19:22:31.780310+05:30,GET,GET /jobs/{id}/,21.02,ok,
2026-10-04T19:22:31.788085+05:30,GET,GET /jobs/stats/,25.11,ok,
2026-10-04T19:22:31.799652+05:30,GET,GET /jobs/{id}/,17.97,ok,
2026-10-04T19:22:31.830850+05:30,POST,POST /jobs/,20.89,ok,
2026-10-04T19:22:31.897564+05:30,POST,POST /jobs/,28.37,ok,
2026-10-04T19:22:31.902909+05:30,GET,GET /jobs/{id}/,28.64,ok,
2026-10-04T19:22:31.909868+05:30,GET,GET /jobs/{id}/,30.24,ok,
2026-10-04T19:22:31.910827+05:30,POST,POST /jobs/,34.5,ok,
2026-10-04T19:22:31.938031+05:30,GET,GET /jobs/stats/,25.98,ok,
2026-10-04T19:22:31.943982+05:30,GET,GET /jobs/{id}/,18.99,ok,
2026-10-04T19:22:31.950975+05:30,GET,GET /jobs/stats/,21.69,ok,
2026-10-04T19:22:31.958194+05:30,POST,POST /jobs/,28.3,ok,
2026-10-04T19:22:31.975946+05:30,GET,GET /jobs/{id}/,22.69,ok,
2026-10-04T19:22:31.988469+05:30,POST,POST /jobs/,21.9,ok,
2026-10-04T19:22:32.035200+05:30,GET,GET /jobs/stats/,22.42,ok,
2026-10-04T19:22:32.080742+05:30,POST,POST /jobs/,37.18,ok,
2026-10-04T19:22:32.081699+05:30,POST,POST /jobs/,36.04,ok,
2026-10-04T19:22:32.100039+05:30,POST,POST /jobs/,32.77,ok,
2026-10-04T19:22:32.163711+05:30,GET,GET /health/,19.41,ok,
2026-10-04T19:22:32.280142+05:30,GET,GET /jobs/{id}/,30.07,ok,
2026-10-04T19:22:32.295089+05:30,GET,GET /jobs/stats/,27.02,ok,
2026-10-04T19:22:32.307296+05:30,GET,GET /jobs/{id}/,24.18,ok,
2026-10-04T19:22:32.312086+05:30,POST,POST /jobs/,32.73,ok,
2026-10-04T19:22:32.312930+05:30,POST,POST /jobs/,34.23,ok,
2026-10-04T19:22:32.329333+05:30,GET,GET /jobs/{id}/,21.86,ok,
2026-10-04T19:22:32.355102+05:30,GET,GET /jobs/{id}/,19.47,ok,
2026-10-04T19:22:32.366502+05:30,GET,GET /jobs/{id}/,18.6,ok,
2026-10-04T19:22:32.375097+05:30,GET,GET /jobs/{id}/,18.73,ok,
2026-10-04T19:22:32.409658+05:30,GET,GET /health/,18.28,ok,
2026-10-04T19:22:32.428915+05:30,GET,GET /jobs/{id}/,23.5,ok,
2026-10-04T19:22:32.437805+05:30,GET,GET /jobs/stats/,28.01,ok,
2026-10-04T19:22:32.439546+05:30,GET,GET /health/,26.24,ok,
2026-10-04T19:22:32.443310+05:30,POST,POST /jobs/,30.68,ok,
2026-10-04T19:22:32.449011+05:30,GET,GET /jobs/{id}/,23.52,ok,
2026-10-04T19:22:32.471236+05:30,POST,POST /jobs/,20.97,ok,
2026-10-04T19:22:32.529331+05:30,GET,GET /jobs/{id}/,20.7,ok,
2026-10-04T19:22:32.544480+05:30,GET,GET /jobs/{id}/,19.68,ok,
2026-10-04T19:22:32.578488+05:30,GET,GET /jobs/stats/,20.72,ok,
2026-10-04T19:22:32.586505+05:30,GET,GET /jobs/stats/,20.32,ok,
2026-10-04T19:22:32.630080+05:30,GET,GET /health/,18.28,ok,
2026-10-04T19:22:32.677641+05:30,GET,GET /jobs/{id}/,19.69,ok,
2026-10-04T19:22:32.678075+05:30,GET,GET /jobs/{id}/,20.71,ok,
2026-10-04T19:22:32.739582+05:30,POST,POST /jobs/,25.22,ok,
2026-10-04T19:22:32.755002+05:30,GET,GET /jobs/{id}/,23.56,ok,
2026-10-04T19:22:32.787582+05:30,POST,POST /jobs/,22.24,ok,
2026-10-04T19:22:32.812157+05:30,GET,GET /jobs/{id}/,25.69,ok,
2026-10-04T19:22:32.819026+05:30,GET,GET /jobs/{id}/,22.85,ok,
2026-10-04T19:22:32.826951+05:30,GET,GET /jobs/stats/,22.51,ok,
2026-10-04T19:22:32.831558+05:30,POST,POST /jobs/,24.62,ok,
2026-10-04T19:22:32.880807+05:30,POST,POST /jobs/,20.93,ok,
2026-10-04T19:22:32.915396+05:30,GET,GET /jobs/{id}/,20.25,ok,
2026-10-04T19:22:32.919011+05:30,POST,POST /jobs/,23.26,ok,
2026-10-04T19:22:32.959410+05:30,GET,GET /jobs/stats/,23.15,ok,
2026-10-04T19:22:32.980951+05:30,GET,GET /jobs/{id}/,22.57,ok,
2026-10-04T19:22:32.996163+05:30,GET,GET /jobs/stats/,21.21,ok,
2026-10-04T19:22:33.002658+05:30,GET,GET /jobs/stats/,20.41,ok,
2026-10-04T19:22:33.016920+05:30,GET,GET /jobs/{id}/,19.49,ok,
2026-10-04T19:22:33.022411+05:30,GET,GET /jobs/{id}/,18.44,ok,
2026-10-04T19:22:33.094639+05:30,GET,GET /jobs/stats/,21.93,ok,
2026-10-04T19:22:33.191070+05:30,GET,GET /health/,20.12,ok,
2026-10-04T19:22:33.239960+05:30,GET,GET /jobs/stats/,25.57,ok,
2026-10-04T19:22:33.256192+05:30,GET,GET /jobs/stats/,35.69,ok,
2026-10-04T19:22:33.260326+05:30,POST,POST /jobs/,39.26,ok,
2026-10-04T19:22:33.327296+05:30,GET,GET /health/,20.38,ok,
2026-10-04T19:22:33.344510+05:30,GET,GET /jobs/{id}/,25.59,ok,
2026-10-04T19:22:33.344753+05:30,POST,POST /jobs/,25.31,ok,
2026-10-04T19:22:33.372889+05:30,GET,GET /jobs/{id}/,18.87,ok,
2026-10-04T19:22:33.394634+05:30,POST,POST /jobs/,22.79,ok,
2026-10-04T19:22:33.395734+05:30,GET,GET /jobs/stats/,21.98,ok,
2026-10-04T19:22:33.398331+05:30,GET,GET /jobs/{id}/,25.26,ok,
2026-10-04T19:22:33.423625+05:30,POST,POST /jobs/,22.0,ok,
2026-10-04T19:22:33.424496+05:30,GET,GET /jobs/stats/,20.75,ok,
2026-10-04T19:22:33.439815+05:30,POST,POST /jobs/,26.82,ok,
2026-10-04T19:22:33.468059+05:30,GET,GET /health/,17.98,ok,
2026-10-04T19:22:33.503399+05:30,GET,GET /health/,21.89,ok,
2026-10-04T19:22:33.504121+05:30,GET,GET /jobs/{id}/,22.02,ok,
2026-10-04T19:22:33.513123+05:30,GET,GET /jobs/{id}/,19.94,ok,
2026-10-04T19:22:33.628709+05:30,GET,GET /jobs/{id}/,20.19,ok,
2026-10-04T19:22:33.644979+05:30,POST,POST /jobs/,30.4,ok,
2026-10-04T19:22:33.645793+05:30,POST,POST /jobs/,33.17,ok,
2026-10-04T19:22:33.655721+05:30,POST,POST /jobs/,33.02,ok,
2026-10-04T19:22:33.705595+05:30,POST,POST /jobs/,72.6,ok,
2026-10-04T19:22:33.721416+05:30,GET,GET /jobs/{id}/,62.88,ok,
2026-10-04T19:22:33.722099+05:30,GET,GET /jobs/{id}/,68.02,ok,
2026-10-04T19:22:33.724592+05:30,GET,GET /jobs/{id}/,54.58,ok,
2026-10-04T19:22:33.725168+05:30,GET,GET /jobs/{id}/,62.53,ok,
2026-10-04T19:22:33.727321+05:30,GET,GET /jobs/{id}/,64.25,ok,
2026-10-04T19:22:33.745056+05:30,POST,POST /jobs/,53.43,ok,
2026-10-04T19:22:33.794055+05:30,GET,GET /jobs/{id}/,75.9,ok,
2026-10-04T19:22:33.807435+05:30,GET,GET /jobs/{id}/,68.35,ok,
2026-10-04T19:22:33.808051+05:30,GET,GET /jobs/stats/,78.54,ok,
2026-10-04T19:22:33.811375+05:30,POST,POST /jobs/,66.14,ok,
2026-10-04T19:22:33.811821+05:30,GET,GET /jobs/stats/,76.07,ok,
2026-10-04T19:22:33.815019+05:30,GET,GET /jobs/{id}/,30.56,ok,
2026-10-04T19:22:33.822264+05:30,GET,GET /jobs/stats/,72.87,ok,
2026-10-04T19:22:33.841997+05:30,GET,GET /jobs/{id}/,17.45,ok,
2026-10-04T19:22:33.874353+05:30,GET,GET /jobs/{id}/,18.03,ok,
2026-10-04T19:22:33.923811+05:30,POST,POST /jobs/,20.78,ok,
2026-10-04T19:22:33.936677+05:30,POST,POST /jobs/,26.59,ok,
2026-10-04T19:22:33.951725+05:30,GET,GET /jobs/{id}/,20.6,ok,
2026-10-04T19:22:33.959943+05:30,GET,GET /health/,18.01,ok,
2026-10-04T19:22:33.979030+05:30,GET,GET /jobs/stats/,20.16,ok,
2026-10-04T19:22:34.017493+05:30,POST,POST /jobs/,25.15,ok,
2026-10-04T19:22:34.022029+05:30,GET,GET /jobs/stats/,22.61,ok,
2026-10-04T19:22:34.034855+05:30,POST,POST /jobs/,24.4,ok,
2026-10-04T19:22:34.067657+05:30,GET,GET /jobs/{id}/,18.47,ok,
2026-10-04T19:22:34.105839+05:30,POST,POST /jobs/,24.87,ok,
2026-10-04T19:22:34.111889+05:30,GET,GET /health/,20.28,ok,
2026-10-04T19:22:34.120642+05:30,GET,GET /jobs/{id}/,20.97,ok,
2026-10-04T19:22:34.170492+05:30,POST,POST /jobs/,20.39,ok,
2026-10-04T19:22:34.227560+05:30,POST,POST /jobs/,22.75,ok,
2026-10-04T19:22:34.249686+05:30,POST,POST /jobs/,23.4,ok,
2026-10-04T19:22:34.289244+05:30,POST,POST /jobs/,21.22,ok,
2026-10-04T19:22:34.297102+05:30,POST,POST /jobs/,22.97,ok,
2026-10-04T19:22:34.299331+05:30,GET,GET /jobs/{id}/,22.25,ok,
2026-10-04T19:22:34.315680+05:30,POST,POST /jobs/,27.64,ok,
2026-10-04T19:22:34.320013+05:30,GET,GET /jobs/{id}/,21.62,ok,
2026-10-04T19:22:34.330671+05:30,GET,GET /jobs/{id}/,21.82,ok,
2026-10-04T19:22:34.383705+05:30,GET,GET /jobs/{id}/,18.49,ok,
2026-10-04T19:22:34.388345+05:30,GET,GET /health/,19.08,ok,
2026-10-04T19:22:34.414933+05:30,POST,POST /jobs/,20.28,ok,
2026-10-04T19:22:34.435099+05:30,GET,GET /jobs/stats/,21.42,ok,
2026-10-04T19:22:34.439335+05:30,POST,POST /jobs/,23.91,ok,
2026-10-04T19:22:34.441529+05:30,GET,GET /jobs/{id}/,20.12,ok,
2026-10-04T19:22:34.470203+05:30,GET,GET /jobs/{id}/,20.31,ok,
2026-10-04T19:22:34.525064+05:30,GET,GET /jobs/{id}/,20.45,ok,
2026-10-04T19:22:34.556767+05:30,GET,GET /jobs/{id}/,18.4,ok,
2026-10-04T19:22:34.571906+05:30,POST,POST /jobs/,20.5,ok,
2026-10-04T19:22:34.595974+05:30,GET,GET /jobs/{id}/,18.75,ok,
2026-10-04T19:22:34.613483+05:30,POST,POST /jobs/,25.29,ok,
2026-10-04T19:22:34.722839+05:30,GET,GET /jobs/{id}/,18.0,ok,
2026-10-04T19:22:34.747880+05:30,POST,POST /jobs/,20.76,ok,
2026-10-04T19:22:34.767459+05:30,GET,GET /health/,19.44,ok,
2026-10-04T19:22:34.788485+05:30,GET,GET /jobs/{id}/,18.67,ok,
2026-10-04T19:22:34.820979+05:30,GET,GET /jobs/{id}/,18.17,ok,
2026-10-04T19:22:34.896016+05:30,GET,GET /jobs/stats/,20.71,ok,
2026-10-04T19:22:34.992121+05:30,POST,POST /jobs/,21.76,ok,
2026-10-04T19:22:35.014084+05:30,POST,POST /jobs/,23.03,ok,
2026-10-04T19:22:35.039884+05:30,POST,POST /jobs/,25.54,ok,
2026-10-04T19:22:35.042020+05:30,POST,POST /jobs/,23.67,ok,
2026-10-04T19:22:35.054111+05:30,GET,GET /jobs/{id}/,26.42,ok,
2026-10-04T19:22:35.068801+05:30,GET,GET /jobs/stats/,21.51,ok,
2026-10-04T19:22:35.069914+05:30,GET,GET /health/,21.89,ok,
2026-10-04T19:22:35.110172+05:30,GET,GET /jobs/{id}/,17.95,ok,
2026-10-04T19:22:35.152355+05:30,GET,GET /jobs/{id}/,23.79,ok,
2026-10-04T19:22:35.158421+05:30,GET,GET /jobs/stats/,25.92,ok,
2026-10-04T19:22:35.178875+05:30,GET,GET /health/,18.21,ok,
2026-10-04T19:22:35.202185+05:30,POST,POST /jobs/,24.47,ok,
2026-10-04T19:22:35.208792+05:30,GET,GET /health/,21.29,ok,
2026-10-04T19:22:35.217353+05:30,GET,GET /jobs/{id}/,21.81,ok,
2026-10-04T19:22:35.235881+05:30,POST,POST /jobs/,24.77,ok,
2026-10-04T19:22:35.242866+05:30,POST,POST /jobs/,25.31,ok,
2026-10-04T19:22:35.244990+05:30,POST,POST /jobs/,24.4,ok,
2026-10-04T19:22:35.265713+05:30,POST,POST /jobs/,20.57,ok,
2026-10-04T19:22:35.310533+05:30,POST,POST /jobs/,21.5,ok,
2026-10-04T19:22:35.366845+05:30,POST,POST /jobs/,22.45,ok,
2026-10-04T19:22:35.376503+05:30,POST,POST /jobs/,22.85,ok,
2026-10-04T19:22:35.397783+05:30,GET,GET /jobs/{id}/,19.64,ok,
2026-10-04T19:22:35.404589+05:30,GET,GET /jobs/{id}/,22.3,ok,
2026-10-04T19:22:35.410632+05:30,POST,POST /jobs/,25.28,ok,
2026-10-04T19:22:35.444187+05:30,GET,GET /jobs/stats/,34.53,ok,
2026-10-04T19:22:35.444635+05:30,POST,POST /jobs/,35.66,ok,
2026-10-04T19:22:35.452000+05:30,GET,GET /jobs/stats/,36.2,ok,
2026-10-04T19:22:35.463946+05:30,GET,GET /jobs/{id}/,27.76,ok,
2026-10-04T19:22:35.485709+05:30,POST,POST /jobs/,26.4,ok,
2026-10-04T19:22:35.487760+05:30,POST,POST /jobs/,24.86,ok,
2026-10-04T19:22:35.517795+05:30,GET,GET /jobs/{id}/,17.72,ok,
2026-10-04T19:22:35.561142+05:30,GET,GET /jobs/{id}/,18.02,ok,
2026-10-04T19:22:35.598485+05:30,GET,GET /jobs/{id}/,19.86,ok,
2026-10-04T19:22:35.607561+05:30,GET,GET /jobs/{id}/,17.92,ok,
2026-10-04T19:22:35.637135+05:30,GET,GET /jobs/{id}/,25.32,ok,
2026-10-04T19:22:35.638928+05:30,GET,GET /jobs/{id}/,23.99,ok,
2026-10-04T19:22:35.642054+05:30,POST,POST /jobs/,32.24,ok,
2026-10-04T19:22:35.647983+05:30,GET,GET /health/,24.16,ok,
2026-10-04T19:22:35.657994+05:30,GET,GET /jobs/{id}/,21.83,ok,
2026-10-04T19:22:35.719119+05:30,GET,GET /jobs/{id}/,25.58,ok,
2026-10-04T19:22:35.719775+05:30,POST,POST /jobs/,42.47,ok,
2026-10-04T19:22:35.725933+05:30,POST,POST /jobs/,37.4,ok,
2026-10-04T19:22:35.731504+05:30,GET,GET /jobs/stats/,30.02,ok,
2026-10-04T19:22:35.731997+05:30,GET,GET /jobs/stats/,33.4,ok,
2026-10-04T19:22:35.747379+05:30,GET,GET /jobs/{id}/,26.22,ok,
2026-10-04T19:22:35.747809+05:30,GET,GET /jobs/{id}/,30.05,ok,
2026-10-04T19:22:35.791146+05:30,GET,GET /jobs/{id}/,19.07,ok,
2026-10-04T19:22:35.795483+05:30,GET,GET /jobs/{id}/,19.28,ok,
2026-10-04T19:22:35.877664+05:30,POST,POST /jobs/,20.87,ok,
2026-10-04T19:22:35.901235+05:30,GET,GET /jobs/{id}/,20.27,ok,
2026-10-04T19:22:35.902618+05:30,GET,GET /jobs/stats/,19.79,ok,
2026-10-04T19:22:35.982386+05:30,GET,GET /jobs/{id}/,18.28,ok,
2026-10-04T19:22:36.054037+05:30,POST,POST /jobs/,28.32,ok,
2026-10-04T19:22:36.060708+05:30,GET,GET /jobs/{id}/,23.91,ok,
2026-10-04T19:22:36.070193+05:30,GET,GET /jobs/{id}/,20.78,ok,
2026-10-04T19:22:36.098378+05:30,GET,GET /jobs/{id}/,19.87,ok,
2026-10-04T19:22:36.113460+05:30,POST,POST /jobs/,22.88,ok,
2026-10-04T19:22:36.149905+05:30,GET,GET /jobs/{id}/,24.13,ok,
2026-10-04T19:22:36.169373+05:30,GET,GET /jobs/{id}/,18.19,ok,
2026-10-04T19:22:36.205666+05:30,POST,POST /jobs/,21.67,ok,
2026-10-04T19:22:36.240334+05:30,GET,GET /jobs/{id}/,18.33,ok,
2026-10-04T19:22:36.277535+05:30,GET,GET /jobs/{id}/,20.36,ok,
2026-10-04T19:22:36.306935+05:30,POST,POST /jobs/,20.98,ok,
2026-10-04T19:22:36.335928+05:30,GET,GET /jobs/{id}/,18.68,ok,
2026-10-04T19:22:36.373304+05:30,GET,GET /jobs/{id}/,19.06,ok,
2026-10-04T19:22:36.398071+05:30,GET,GET /health/,19.48,ok,
2026-10-04T19:22:36.400656+05:30,GET,GET /jobs/{id}/,21.55,ok,
2026-10-04T19:22:36.437376+05:30,GET,GET /jobs/{id}/,22.36,ok,
2026-10-04T19:22:36.455066+05:30,POST,POST /jobs/,21.87,ok,
2026-10-04T19:22:36.464124+05:30,POST,POST /jobs/,22.45,ok,
2026-10-04T19:22:36.491708+05:30,GET,GET /jobs/{id}/,22.28,ok,
2026-10-04T19:22:36.498736+05:30,GET,GET /jobs/{id}/,25.32,ok,
2026-10-04T19:22:36.500467+05:30,GET,GET /jobs/{id}/,23.98,ok,
2026-10-04T19:22:36.509824+05:30,GET,GET /jobs/stats/,25.35,ok,
2026-10-04T19:22:36.523471+05:30,POST,POST /jobs/,21.73,ok,
2026-10-04T19:22:36.555988+05:30,POST,POST /jobs/,23.65,ok,
2026-10-04T19:22:36.661912+05:30,GET,GET /jobs/{id}/,21.54,ok,
2026-10-04T19:22:36.672724+05:30,GET,GET /jobs/{id}/,20.06,ok,
2026-10-04T19:22:36.673575+05:30,GET,GET /jobs/stats/,25.06,ok,
2026-10-04T19:22:36.712535+05:30,GET,GET /jobs/{id}/,17.55,ok,
2026-10-04T19:22:36.740552+05:30,POST,POST /jobs/,20.71,ok,
2026-10-04T19:22:36.753601+05:30,GET,GET /jobs/{id}/,20.71,ok,
2026-10-04T19:22:36.805508+05:30,GET,GET /jobs/{id}/,18.57,ok,
2026-10-04T19:22:36.826303+05:30,GET,GET /jobs/{id}/,17.51,ok,
2026-10-04T19:22:36.892872+05:30,GET,GET /jobs/{id}/,19.48,ok,
2026-10-04T19:22:36.893331+05:30,GET,GET /health/,20.68,ok,
2026-10-04T19:22:36.921623+05:30,GET,GET /jobs/stats/,21.01,ok,
2026-10-04T19:22:36.924570+05:30,GET,GET /health/,21.98,ok,
2026-10-04T19:22:36.925362+05:30,GET,GET /jobs/{id}/,22.14,ok,
2026-10-04T19:22:36.956613+05:30,POST,POST /jobs/,21.93,ok,
2026-10-04T19:22:36.960061+05:30,GET,GET /jobs/stats/,22.34,ok,
2026-10-04T19:22:36.977325+05:30,POST,POST /jobs/,23.54,ok,
2026-10-04T19:22:37.012196+05:30,GET,GET /health/,21.56,ok,
2026-10-04T19:22:37.025237+05:30,GET,GET /jobs/stats/,25.6,ok,
2026-10-04T19:22:37.043462+05:30,GET,GET /health/,21.92,ok,
2026-10-04T19:22:37.049050+05:30,POST,POST /jobs/,24.81,ok,
2026-10-04T19:22:37.067390+05:30,GET,GET /jobs/{id}/,19.75,ok,
2026-10-04T19:22:37.084921+05:30,GET,GET /health/,21.14,ok,
2026-10-04T19:22:37.107052+05:30,POST,POST /jobs/,20.86,ok,
2026-10-04T19:22:37.128507+05:30,GET,GET /health/,19.19,ok,
2026-10-04T19:22:37.161030+05:30,GET,GET /jobs/{id}/,18.18,ok,
2026-10-04T19:22:37.193966+05:30,GET,GET /jobs/{id}/,22.62,ok,
2026-10-04T19:22:37.200618+05:30,GET,GET /health/,20.64,ok,
2026-10-04T19:22:37.208779+05:30,GET,GET /jobs/stats/,20.77,ok,
2026-10-04T19:22:37.214836+05:30,GET,GET /jobs/{id}/,17.61,ok,
2026-10-04T19:22:37.244997+05:30,GET,GET /jobs/{id}/,19.84,ok,
2026-10-04T19:22:37.259267+05:30,GET,GET /jobs/stats/,23.09,ok,
2026-10-04T19:22:37.274406+05:30,POST,POST /jobs/,25.08,ok,
2026-10-04T19:22:37.281719+05:30,GET,GET /health/,25.42,ok,
2026-10-04T19:22:37.285736+05:30,POST,POST /jobs/,23.18,ok,
2026-10-04T19:22:37.294229+05:30,GET,GET /health/,27.69,ok,
2026-10-04T19:22:37.296750+05:30,POST,POST /jobs/,31.26,ok,
2026-10-04T19:22:37.350180+05:30,POST,POST /jobs/,24.13,ok,
2026-10-04T19:22:37.370444+05:30,POST,POST /jobs/,26.31,ok,
2026-10-04T19:22:37.382077+05:30,GET,GET /jobs/{id}/,20.61,ok,
2026-10-04T19:22:37.389131+05:30,POST,POST /jobs/,25.69,ok,
2026-10-04T19:22:37.443867+05:30,GET,GET /jobs/stats/,19.42,ok,
2026-10-04T19:22:37.486014+05:30,GET,GET /jobs/{id}/,20.59,ok,
2026-10-04T19:22:37.493771+05:30,GET,GET /jobs/stats/,21.27,ok,
2026-10-04T19:22:37.499607+05:30,POST,POST /jobs/,25.03,ok,
2026-10-04T19:22:37.527212+05:30,POST,POST /jobs/,23.26,ok,
2026-10-04T19:22:37.537836+05:30,POST,POST /jobs/,21.25,ok,
2026-10-04T19:22:37.563087+05:30,GET,GET /jobs/{id}/,17.91,ok,
2026-10-04T19:22:37.598000+05:30,GET,GET /jobs/{id}/,18.56,ok,
2026-10-04T19:22:37.608216+05:30,GET,GET /health/,19.66,ok,
2026-10-04T19:22:37.618623+05:30,GET,GET /jobs/{id}/,18.33,ok,
2026-10-04T19:22:37.638550+05:30,POST,POST /jobs/,21.0,ok,
2026-10-04T19:22:37.679134+05:30,GET,GET /health/,25.3,ok,
2026-10-04T19:22:37.691699+05:30,GET,GET /jobs/{id}/,28.21,ok,
2026-10-04T19:22:37.692684+05:30,POST,POST /jobs/,29.8,ok,
2026-10-04T19:22:37.715543+05:30,GET,GET /jobs/{id}/,22.67,ok,
2026-10-04T19:22:37.732698+05:30,GET,GET /jobs/{id}/,18.49,ok,
2026-10-04T19:22:37.777585+05:30,GET,GET /jobs/{id}/,19.56,ok,
2026-10-04T19:22:37.790742+05:30,GET,GET /jobs/{id}/,18.63,ok,
2026-10-04T19:22:37.796879+05:30,GET,GET /jobs/{id}/,18.0,ok,
2026-10-04T19:22:37.837058+05:30,POST,POST /jobs/,20.88,ok,
2026-10-04T19:22:37.898713+05:30,GET,GET /health/,20.16,ok,
2026-10-04T19:22:37.916279+05:30,GET,GET /jobs/{id}/,18.68,ok,
2026-10-04T19:22:37.928943+05:30,POST,POST /jobs/,23.67,ok,
2026-10-04T19:22:37.946946+05:30,POST,POST /jobs/,25.29,ok,
2026-10-04T19:22:37.999251+05:30,GET,GET /jobs/{id}/,17.99,ok,
2026-10-04T19:22:38.006323+05:30,GET,GET /jobs/{id}/,17.98,ok,
2026-10-04T19:22:38.031382+05:30,POST,POST /jobs/,22.73,ok,
2026-10-04T19:22:38.065962+05:30,POST,POST /jobs/,21.22,ok,
2026-10-04T19:22:38.096100+05:30,GET,GET /jobs/{id}/,18.83,ok,
2026-10-04T19:22:38.122005+05:30,GET,GET /jobs/stats/,21.66,ok,
2026-10-04T19:22:38.123621+05:30,GET,GET /jobs/stats/,20.29,ok,
2026-10-04T19:22:38.133057+05:30,POST,POST /jobs/,21.57,ok,
2026-10-04T19:22:38.163587+05:30,POST,POST /jobs/,20.21,ok,
2026-10-04T19:22:38.203416+05:30,POST,POST /jobs/,26.54,ok,
2026-10-04T19:22:38.226593+05:30,GET,GET /jobs/{id}/,31.62,ok,
2026-10-04T19:22:38.242707+05:30,GET,GET /jobs/{id}/,19.14,ok,
2026-10-04T19:22:38.249759+05:30,POST,POST /jobs/,26.94,ok,
2026-10-04T19:22:38.262420+05:30,GET,GET /jobs/stats/,22.56,ok,
2026-10-04T19:22:38.287186+05:30,GET,GET /jobs/{id}/,20.48,ok,
2026-10-04T19:22:38.317241+05:30,GET,GET /jobs/{id}/,18.74,ok,
2026-10-04T19:22:38.358057+05:30,POST,POST /jobs/,23.45,ok,
2026-10-04T19:22:38.361082+05:30,POST,POST /jobs/,26.01,ok,
2026-10-04T19:22:38.460216+05:30,GET,GET /jobs/stats/,20.81,ok,
2026-10-04T19:22:38.464297+05:30,GET,GET /jobs/{id}/,20.87,ok,
2026-10-04T19:22:38.475606+05:30,POST,POST /jobs/,21.13,ok,
2026-10-04T19:22:38.516907+05:30,POST,POST /jobs/,20.97,ok,
2026-10-04T19:22:38.529533+05:30,POST,POST /jobs/,24.5,ok,
2026-10-04T19:22:38.544920+05:30,GET,GET /jobs/{id}/,19.7,ok,
2026-10-04T19:22:38.566549+05:30,GET,GET /jobs/stats/,22.76,ok,
2026-10-04T19:22:38.582237+05:30,GET,GET /health/,24.7,ok,
2026-10-04T19:22:38.582865+05:30,GET,GET /health/,20.68,ok,
2026-10-04T19:22:38.584171+05:30,POST,POST /jobs/,26.06,ok,
2026-10-04T19:22:38.628169+05:30,GET,GET /jobs/{id}/,17.72,ok,
2026-10-04T19:22:38.656944+05:30,POST,POST /jobs/,20.44,ok,
2026-10-04T19:22:38.677827+05:30,POST,POST /jobs/,20.71,ok,
2026-10-04T19:22:38.696141+05:30,POST,POST /jobs/,25.03,ok,
2026-10-04T19:22:38.703812+05:30,GET,GET /jobs/{id}/,20.7,ok,
2026-10-04T19:22:38.728905+05:30,POST,POST /jobs/,33.85,ok,
2026-10-04T19:22:38.761989+05:30,GET,GET /jobs/{id}/,63.08,ok,
2026-10-04T19:22:38.762259+05:30,GET,GET /jobs/{id}/,53.06,ok,
2026-10-04T19:22:38.762824+05:30,GET,GET /jobs/stats/,56.8,ok,
2026-10-04T19:22:38.795280+05:30,GET,GET /jobs/stats/,81.13,ok,
2026-10-04T19:22:38.797880+05:30,POST,POST /jobs/,90.61,ok,
2026-10-04T19:22:38.819835+05:30,GET,GET /jobs/{id}/,18.64,ok,
2026-10-04T19:22:38.832842+05:30,POST,POST /jobs/,20.78,ok,
2026-10-04T19:22:38.921867+05:30,GET,GET /jobs/{id}/,19.49,ok,
2026-10-04T19:22:38.951472+05:30,POST,POST /jobs/,23.28,ok,
2026-10-04T19:22:38.973322+05:30,GET,GET /jobs/{id}/,18.55,ok,
2026-10-04T19:22:38.995905+05:30,GET,GET /jobs/{id}/,18.29,ok,
2026-10-04T19:22:39.016593+05:30,POST,POST /jobs/,21.95,ok,
2026-10-04T19:22:39.029802+05:30,GET,GET /jobs/stats/,21.22,ok,
2026-10-04T19:22:39.113827+05:30,GET,GET /jobs/{id}/,19.27,ok,
2026-10-04T19:22:39.141072+05:30,GET,GET /jobs/{id}/,20.9,ok,
2026-10-04T19:22:39.145156+05:30,GET,GET /jobs/{id}/,18.84,ok,
2026-10-04T19:22:39.201193+05:30,POST,POST /jobs/,22.68,ok,
2026-10-04T19:22:39.215830+05:30,GET,GET /jobs/{id}/,25.19,ok,
2026-10-04T19:22:39.283960+05:30,GET,GET /jobs/{id}/,20.28,ok,
2026-10-04T19:22:39.286520+05:30,POST,POST /jobs/,23.35,ok,
2026-10-04T19:22:39.314016+05:30,POST,POST /jobs/,22.22,ok,
2026-10-04T19:22:39.322770+05:30,POST,POST /jobs/,21.85,ok,
2026-10-04T19:22:39.345160+05:30,POST,POST /jobs/,23.48,ok,
2026-10-04T19:22:39.357419+05:30,GET,GET /jobs/{id}/,20.02,ok,
2026-10-04T19:22:39.402136+05:30,GET,GET /jobs/{id}/,18.31,ok,
2026-10-04T19:22:39.448950+05:30,GET,GET /jobs/{id}/,20.42,ok,
2026-10-04T19:22:39.449357+05:30,GET,GET /jobs/{id}/,19.93,ok,
2026-10-04T19:22:39.460057+05:30,POST,POST /jobs/,26.58,ok,
2026-10-04T19:22:39.470275+05:30,GET,GET /jobs/{id}/,22.69,ok,
2026-10-04T19:22:39.485337+05:30,GET,GET /jobs/{id}/,18.9,ok,
2026-10-04T19:22:39.510703+05:30,POST,POST /jobs/,21.99,ok,
2026-10-04T19:22:39.562807+05:30,GET,GET /health/,19.84,ok,
2026-10-04T19:22:39.572428+05:30,GET,GET /jobs/{id}/,18.37,ok,
2026-10-04T19:22:39.599104+05:30,POST,POST /jobs/,21.37,ok,
2026-10-04T19:22:39.605926+05:30,GET,GET /jobs/{id}/,20.12,ok,
2026-10-04T19:22:39.618343+05:30,GET,GET /jobs/{id}/,17.98,ok,
2026-10-04T19:22:39.644626+05:30,POST,POST /jobs/,19.98,ok,
2026-10-04T19:22:39.700644+05:30,POST,POST /jobs/,24.97,ok,
2026-10-04T19:22:39.704055+05:30,POST,POST /jobs/,29.03,ok,
2026-10-04T19:22:39.710047+05:30,POST,POST /jobs/,21.15,ok,
2026-10-04T19:22:39.739299+05:30,GET,GET /jobs/{id}/,19.33,ok,
2026-10-04T19:22:39.739736+05:30,POST,POST /jobs/,25.41,ok,
2026-10-04T19:22:39.746816+05:30,GET,GET /jobs/{id}/,19.67,ok,
2026-10-04T19:22:39.803860+05:30,GET,GET /jobs/{id}/,25.51,ok,
2026-10-04T19:22:39.806593+05:30,POST,POST /jobs/,31.12,ok,
2026-10-04T19:22:39.813849+05:30,GET,GET /jobs/{id}/,28.49,ok,
2026-10-04T19:22:39.863723+05:30,POST,POST /jobs/,68.28,ok,
2026-10-04T19:22:39.869518+05:30,GET,GET /jobs/stats/,49.31,ok,
2026-10-04T19:22:39.912316+05:30,POST,POST /jobs/,82.65,ok,
2026-10-04T19:22:39.923202+05:30,GET,GET /health/,72.44,ok,
2026-10-04T19:22:39.925221+05:30,GET,GET /jobs/stats/,47.39,ok,
2026-10-04T19:22:39.925649+05:30,GET,GET /jobs/{id}/,79.88,ok,
2026-10-04T19:22:39.926655+05:30,GET,GET /jobs/{id}/,94.12,ok,
2026-10-04T19:22:39.927074+05:30,GET,GET /health/,111.01,ok,
2026-10-04T19:22:39.966866+05:30,GET,GET /jobs/stats/,80.11,ok,
2026-10-04T19:22:40.007418+05:30,POST,POST /jobs/,114.69,ok,
2026-10-04T19:22:40.018195+05:30,POST,POST /jobs/,104.51,ok,
2026-10-04T19:22:40.018726+05:30,GET,GET /jobs/{id}/,69.41,ok,
2026-10-04T19:22:40.022966+05:30,GET,GET /jobs/{id}/,39.92,ok,
2026-10-04T19:22:40.024341+05:30,GET,GET /jobs/stats/,91.05,ok,
2026-10-04T19:22:40.029013+05:30,GET,GET /jobs/{id}/,55.85,ok,
2026-10-04T19:22:40.034175+05:30,GET,GET /jobs/{id}/,57.04,ok,
2026-10-04T19:22:40.036112+05:30,GET,GET /jobs/{id}/,31.52,ok,
2026-10-04T19:22:40.079270+05:30,GET,GET /jobs/stats/,19.9,ok,
2026-10-04T19:22:40.134680+05:30,POST,POST /jobs/,21.12,ok,
2026-10-04T19:22:40.160792+05:30,POST,POST /jobs/,23.82,ok,
2026-10-04T19:22:40.162788+05:30,POST,POST /jobs/,22.91,ok,
2026-10-04T19:22:40.174808+05:30,GET,GET /jobs/{id}/,20.96,ok,
2026-10-04T19:22:40.193435+05:30,GET,GET /jobs/stats/,19.63,ok,
2026-10-04T19:22:40.220207+05:30,POST,POST /jobs/,26.57,ok,
2026-10-04T19:22:40.229383+05:30,GET,GET /jobs/{id}/,21.87,ok,
2026-10-04T19:22:40.229859+05:30,POST,POST /jobs/,28.4,ok,
2026-10-04T19:22:40.275593+05:30,POST,POST /jobs/,24.47,ok,
2026-10-04T19:22:40.280182+05:30,GET,GET /jobs/{id}/,21.85,ok,
2026-10-04T19:22:40.284914+05:30,GET,GET /jobs/{id}/,22.49,ok,
2026-10-04T19:22:40.311905+05:30,GET,GET /jobs/{id}/,17.69,ok,
2026-10-04T19:22:40.330544+05:30,GET,GET /jobs/{id}/,18.42,ok,
2026-10-04T19:22:40.334564+05:30,GET,GET /jobs/{id}/,19.53,ok,
2026-10-04T19:22:40.381032+05:30,GET,GET /health/,19.71,ok,
2026-10-04T19:22:40.382437+05:30,GET,GET /health/,20.61,ok,
2026-10-04T19:22:40.422594+05:30,GET,GET /jobs/{id}/,17.87,ok,
2026-10-04T19:22:40.501309+05:30,GET,GET /health/,18.42,ok,
2026-10-04T19:22:40.536883+05:30,GET,GET /jobs/{id}/,20.28,ok,
2026-10-04T19:22:40.560868+05:30,POST,POST /jobs/,29.24,ok,
2026-10-04T19:22:40.562413+05:30,GET,GET /jobs/stats/,26.73,ok,
2026-10-04T19:22:40.581173+05:30,POST,POST /jobs/,27.69,ok,
2026-10-04T19:22:40.584973+05:30,GET,GET /jobs/{id}/,25.73,ok,
2026-10-04T19:22:40.587536+05:30,POST,POST /jobs/,26.22,ok,
2026-10-04T19:22:40.624664+05:30,GET,GET /jobs/{id}/,17.84,ok,
2026-10-04T19:22:40.651469+05:30,POST,POST /jobs/,20.51,ok,
2026-10-04T19:22:40.701700+05:30,GET,GET /jobs/{id}/,20.95,ok,
2026-10-04T19:22:40.751885+05:30,POST,POST /jobs/,22.87,ok,
2026-10-04T19:22:40.766784+05:30,GET,GET /jobs/{id}/,18.69,ok,
2026-10-04T19:22:40.775519+05:30,GET,GET /jobs/{id}/,18.32,ok,
2026-10-04T19:22:40.801920+05:30,GET,GET /jobs/{id}/,18.07,ok,
2026-10-04T19:22:40.858763+05:30,POST,POST /jobs/,24.52,ok,
2026-10-04T19:22:40.871889+05:30,GET,GET /jobs/{id}/,19.94,ok,
2026-10-04T19:22:40.897907+05:30,POST,POST /jobs/,21.71,ok,
2026-10-04T19:22:40.933421+05:30,GET,GET /jobs/{id}/,19.16,ok,
2026-10-04T19:22:40.979287+05:30,POST,POST /jobs/,27.32,ok,
2026-10-04T19:22:40.988133+05:30,POST,POST /jobs/,25.79,ok,
2026-10-04T19:22:41.007672+05:30,GET,GET /jobs/stats/,27.11,ok,
2026-10-04T19:22:41.015200+05:30,GET,GET /jobs/{id}/,26.91,ok,
2026-10-04T19:22:41.020282+05:30,GET,GET /jobs/stats/,29.0,ok,
2026-10-04T19:22:41.028223+05:30,GET,GET /jobs/{id}/,29.82,ok,
2026-10-04T19:22:41.039831+05:30,GET,GET /jobs/{id}/,26.75,ok,
2026-10-04T19:22:41.043986+05:30,POST,POST /jobs/,29.54,ok,
2026-10-04T19:22:41.044789+05:30,GET,GET /jobs/{id}/,23.24,ok,
2026-10-04T19:22:41.075337+05:30,GET,GET /jobs/{id}/,20.21,ok,
2026-10-04T19:22:41.076189+05:30,GET,GET /health/,17.97,ok,
2026-10-04T19:22:41.083715+05:30,GET,GET /jobs/{id}/,22.61,ok,
2026-10-04T19:22:41.106016+05:30,POST,POST /jobs/,28.55,ok,
2026-10-04T19:22:41.117459+05:30,GET,GET /jobs/stats/,21.46,ok,
2026-10-04T19:22:41.155914+05:30,POST,POST /jobs/,21.14,ok,
2026-10-04T19:22:41.200305+05:30,GET,GET /jobs/{id}/,19.06,ok,
2026-10-04T19:22:41.208019+05:30,GET,GET /jobs/{id}/,18.2,ok,
2026-10-04T19:22:41.247234+05:30,GET,GET /jobs/stats/,20.94,ok,
2026-10-04T19:22:41.260229+05:30,GET,GET /jobs/{id}/,18.93,ok,
2026-10-04T19:22:41.302584+05:30,POST,POST /jobs/,21.0,ok,
2026-10-04T19:22:41.319464+05:30,POST,POST /jobs/,25.81,ok,
2026-10-04T19:22:41.330013+05:30,GET,GET /jobs/{id}/,25.67,ok,
2026-10-04T19:22:41.332239+05:30,POST,POST /jobs/,28.39,ok,
2026-10-04T19:22:41.344815+05:30,GET,GET /jobs/stats/,22.93,ok,
2026-10-04T19:22:41.381706+05:30,POST,POST /jobs/,25.58,ok,
2026-10-04T19:22:41.395340+05:30,GET,GET /jobs/{id}/,19.03,ok,
2026-10-04T19:22:41.418779+05:30,GET,GET /jobs/{id}/,19.15,ok,
2026-10-04T19:22:41.437876+05:30,GET,GET /jobs/{id}/,18.91,ok,
2026-10-04T19:22:41.495139+05:30,GET,GET /jobs/{id}/,20.97,ok,
2026-10-04T19:22:41.503633+05:30,GET,GET /jobs/{id}/,18.48,ok,
2026-10-04T19:22:41.594751+05:30,GET,GET /jobs/{id}/,17.8,ok,
2026-10-04T19:22:41.640642+05:30,GET,GET /jobs/{id}/,21.2,ok,
2026-10-04T19:22:41.648318+05:30,POST,POST /jobs/,28.36,ok,
2026-10-04T19:22:41.659235+05:30,GET,GET /jobs/{id}/,25.06,ok,
2026-10-04T19:22:41.681067+05:30,GET,GET /jobs/{id}/,30.37,ok,
2026-10-04T19:22:41.681625+05:30,GET,GET /jobs/{id}/,27.42,ok,
2026-10-04T19:22:41.688226+05:30,GET,GET /jobs/{id}/,19.64,ok,
2026-10-04T19:22:41.704149+05:30,GET,GET /health/,21.27,ok,
2026-10-04T19:22:41.712814+05:30,GET,GET /jobs/{id}/,18.3,ok,
2026-10-04T19:22:41.741851+05:30,POST,POST /jobs/,22.72,ok,
2026-10-04T19:22:41.778351+05:30,GET,GET /jobs/{id}/,19.18,ok,
2026-10-04T19:22:41.826160+05:30,POST,POST /jobs/,21.48,ok,
2026-10-04T19:22:41.843707+05:30,GET,GET /jobs/{id}/,18.93,ok,
2026-10-04T19:22:41.882534+05:30,GET,GET /jobs/{id}/,18.34,ok,
2026-10-04T19:22:41.888236+05:30,GET,GET /health/,23.39,ok,
2026-10-04T19:22:41.897567+05:30,POST,POST /jobs/,25.65,ok,
2026-10-04T19:22:41.899716+05:30,POST,POST /jobs/,23.69,ok,
2026-10-04T19:22:41.907020+05:30,GET,GET /jobs/{id}/,22.23,ok,
2026-10-04T19:22:41.924288+05:30,GET,GET /jobs/{id}/,18.29,ok,
2026-10-04T19:22:41.944763+05:30,GET,GET /jobs/{id}/,17.12,ok,
2026-10-04T19:22:41.963738+05:30,POST,POST /jobs/,24.09,ok,
2026-10-04T19:22:41.978868+05:30,GET,GET /jobs/{id}/,22.8,ok,
2026-10-04T19:22:41.994095+05:30,GET,GET /jobs/{id}/,28.03,ok,
2026-10-04T19:22:41.998497+05:30,GET,GET /health/,29.18,ok,
2026-10-04T19:22:42.013082+05:30,POST,POST /jobs/,31.91,ok,
2026-10-04T19:22:42.085975+05:30,GET,GET /health/,80.05,ok,
2026-10-04T19:22:42.093371+05:30,GET,GET /jobs/{id}/,71.89,ok,
2026-10-04T19:22:42.094097+05:30,GET,GET /jobs/{id}/,42.51,ok,
2026-10-04T19:22:42.099026+05:30,GET,GET /jobs/{id}/,36.33,ok,
2026-10-04T19:22:42.099361+05:30,GET,GET /jobs/{id}/,39.28,ok,
2026-10-04T19:22:42.101996+05:30,GET,GET /jobs/stats/,68.49,ok,
2026-10-04T19:22:42.107420+05:30,GET,GET /jobs/stats/,60.91,ok,
2026-10-04T19:22:42.123110+05:30,POST,POST /jobs/,28.83,ok,
2026-10-04T19:22:42.166954+05:30,GET,GET /jobs/{id}/,48.14,ok,
2026-10-04T19:22:42.177706+05:30,POST,POST /jobs/,48.25,ok,
2026-10-04T19:22:42.185032+05:30,GET,GET /jobs/{id}/,42.27,ok,
2026-10-04T19:22:42.194575+05:30,POST,POST /jobs/,47.86,ok,
2026-10-04T19:22:42.203395+05:30,POST,POST /jobs/,27.1,ok,
2026-10-04T19:22:42.217419+05:30,GET,GET /jobs/{id}/,33.74,ok,
2026-10-04T19:22:42.372893+05:30,GET,GET /jobs/stats/,147.19,ok,
2026-10-04T19:22:42.373635+05:30,GET,GET /jobs/{id}/,161.92,ok,
2026-10-04T19:22:42.388281+05:30,POST,POST /jobs/,75.17,ok,
2026-10-04T19:22:42.388982+05:30,GET,GET /jobs/stats/,76.43,ok,
2026-10-04T19:22:42.389405+05:30,POST,POST /jobs/,72.34,ok,
2026-10-04T19:22:42.407329+05:30,GET,GET /jobs/{id}/,75.3,ok,
2026-10-04T19:22:42.407958+05:30,GET,GET /jobs/{id}/,160.24,ok,
2026-10-04T19:22:42.413745+05:30,POST,POST /jobs/,136.88,ok,
2026-10-04T19:22:42.463423+05:30,GET,GET /jobs/stats/,55.33,ok,
2026-10-04T19:22:42.464177+05:30,GET,GET /jobs/{id}/,62.3,ok,
2026-10-04T19:22:42.470427+05:30,GET,GET /jobs/stats/,74.81,ok,
2026-10-04T19:22:42.475831+05:30,GET,GET /jobs/{id}/,63.03,ok,
2026-10-04T19:22:42.479714+05:30,GET,GET /jobs/{id}/,64.35,ok,
2026-10-04T19:22:42.487422+05:30,GET,GET /jobs/stats/,32.82,ok,
2026-10-04T19:22:42.488133+05:30,GET,GET /health/,39.48,ok,
2026-10-04T19:22:42.564447+05:30,GET,GET /jobs/{id}/,18.91,ok,
2026-10-04T19:22:42.577707+05:30,GET,GET /health/,18.27,ok,
2026-10-04T19:22:42.657742+05:30,GET,GET /jobs/{id}/,19.68,ok,
2026-10-04T19:22:42.660234+05:30,POST,POST /jobs/,24.22,ok,
2026-10-04T19:22:42.667538+05:30,GET,GET /jobs/{id}/,22.44,ok,
2026-10-04T19:22:42.693125+05:30,POST,POST /jobs/,20.31,ok,
2026-10-04T19:22:42.712974+05:30,POST,POST /jobs/,21.03,ok,
2026-10-04T19:22:42.771385+05:30,GET,GET /jobs/{id}/,19.1,ok,
2026-10-04T19:22:42.812279+05:30,POST,POST /jobs/,21.6,ok,
2026-10-04T19:22:42.818204+05:30,GET,GET /health/,19.51,ok,
2026-10-04T19:22:42.840686+05:30,POST,POST /jobs/,22.29,ok,
2026-10-04T19:22:42.847060+05:30,POST,POST /jobs/,21.79,ok,
2026-10-04T19:22:42.953156+05:30,GET,GET /health/,20.77,ok,
2026-10-04T19:22:42.989553+05:30,GET,GET /jobs/{id}/,18.08,ok,
2026-10-04T19:22:43.029526+05:30,GET,GET /health/,18.47,ok,
2026-10-04T19:22:43.052070+05:30,POST,POST /jobs/,20.26,ok,
2026-10-04T19:22:43.077874+05:30,GET,GET /jobs/{id}/,19.49,ok,
2026-10-04T19:22:43.078428+05:30,GET,GET /health/,18.15,ok,
2026-10-04T19:22:43.108679+05:30,POST,POST /jobs/,20.99,ok,
2026-10-04T19:22:43.217910+05:30,POST,POST /jobs/,23.53,ok,
2026-10-04T19:22:43.248908+05:30,GET,GET /jobs/{id}/,25.69,ok,
2026-10-04T19:22:43.268958+05:30,POST,POST /jobs/,25.77,ok,
2026-10-04T19:22:43.276927+05:30,GET,GET /jobs/{id}/,22.63,ok,
2026-10-04T19:22:43.299570+05:30,GET,GET /jobs/{id}/,28.33,ok,
2026-10-04T19:22:43.303871+05:30,POST,POST /jobs/,28.1,ok,
2026-10-04T19:22:43.308707+05:30,GET,GET /jobs/stats/,24.17,ok,
2026-10-04T19:22:43.313761+05:30,GET,GET /jobs/stats/,28.73,ok,
2026-10-04T19:22:43.353717+05:30,GET,GET /health/,18.53,ok,
2026-10-04T19:22:43.379026+05:30,GET,GET /jobs/stats/,27.79,ok,
2026-10-04T19:22:43.379681+05:30,POST,POST /jobs/,27.86,ok,
2026-10-04T19:22:43.386446+05:30,GET,GET /jobs/{id}/,23.41,ok,
2026-10-04T19:22:43.405567+05:30,POST,POST /jobs/,28.14,ok,
2026-10-04T19:22:43.417037+05:30,POST,POST /jobs/,23.18,ok,
2026-10-04T19:22:43.417552+05:30,POST,POST /jobs/,25.85,ok,
2026-10-04T19:22:43.553185+05:30,POST,POST /jobs/,24.03,ok,
2026-10-04T19:22:43.564565+05:30,GET,GET /jobs/{id}/,22.33,ok,
2026-10-04T19:22:43.575363+05:30,POST,POST /jobs/,27.19,ok,
2026-10-04T19:22:43.599128+05:30,POST,POST /jobs/,20.46,ok,
2026-10-04T19:22:43.647164+05:30,GET,GET /jobs/{id}/,17.72,ok,
2026-10-04T19:22:43.654658+05:30,GET,GET /jobs/{id}/,18.17,ok,
2026-10-04T19:22:43.678174+05:30,GET,GET /jobs/{id}/,18.17,ok,
2026-10-04T19:22:43.687109+05:30,GET,GET /jobs/{id}/,18.08,ok,
2026-10-04T19:22:43.711042+05:30,GET,GET /jobs/{id}/,19.65,ok,
2026-10-04T19:22:43.714146+05:30,GET,GET /health/,20.85,ok,
2026-10-04T19:22:43.722643+05:30,GET,GET /jobs/{id}/,19.29,ok,
2026-10-04T19:22:43.756311+05:30,POST,POST /jobs/,23.37,ok,
2026-10-04T19:22:43.761956+05:30,POST,POST /jobs/,26.06,ok,
2026-10-04T19:22:43.770945+05:30,GET,GET /jobs/stats/,26.01,ok,
2026-10-04T19:22:43.787423+05:30,POST,POST /jobs/,24.2,ok,
2026-10-04T19:22:43.820458+05:30,GET,GET /jobs/{id}/,17.65,ok,
2026-10-04T19:22:43.915009+05:30,GET,GET /health/,42.04,ok,
2026-10-04T19:22:43.916222+05:30,GET,GET /jobs/stats/,49.29,ok,
2026-10-04T19:22:43.919601+05:30,GET,GET /jobs/stats/,37.74,ok,
2026-10-04T19:22:43.920223+05:30,GET,GET /jobs/{id}/,37.83,ok,
2026-10-04T19:22:43.979340+05:30,GET,GET /jobs/stats/,21.87,ok,
2026-10-04T19:22:43.980807+05:30,GET,GET /jobs/stats/,20.26,ok,
2026-10-04T19:22:43.998726+05:30,GET,GET /jobs/{id}/,23.97,ok,
2026-10-04T19:22:43.999112+05:30,GET,GET /jobs/{id}/,19.6,ok,
2026-10-04T19:22:44.021549+05:30,GET,GET /jobs/{id}/,23.93,ok,
2026-10-04T19:22:44.064042+05:30,GET,GET /health/,18.18,ok,
2026-10-04T19:22:44.070474+05:30,GET,GET /jobs/{id}/,17.64,ok,
2026-10-04T19:22:44.099069+05:30,GET,GET /jobs/{id}/,24.37,ok,
2026-10-04T19:22:44.099816+05:30,GET,GET /jobs/stats/,27.1,ok,
2026-10-04T19:22:44.102758+05:30,POST,POST /jobs/,24.03,ok,
2026-10-04T19:22:44.112726+05:30,GET,GET /jobs/{id}/,21.99,ok,
2026-10-04T19:22:44.188647+05:30,GET,GET /jobs/{id}/,22.64,ok,
2026-10-04T19:22:44.192138+05:30,GET,GET /health/,23.22,ok,
2026-10-04T19:22:44.194510+05:30,GET,GET /health/,18.63,ok,
2026-10-04T19:22:44.235926+05:30,GET,GET /jobs/{id}/,19.15,ok,
2026-10-04T19:22:44.241516+05:30,GET,GET /jobs/{id}/,20.73,ok,
2026-10-04T19:22:44.293888+05:30,GET,GET /jobs/{id}/,18.97,ok,
2026-10-04T19:22:44.297626+05:30,POST,POST /jobs/,26.82,ok,
2026-10-04T19:22:44.312290+05:30,GET,GET /jobs/{id}/,18.2,ok,
2026-10-04T19:22:44.343249+05:30,POST,POST /jobs/,20.6,ok,
2026-10-04T19:22:44.368275+05:30,POST,POST /jobs/,20.73,ok,
2026-10-04T19:22:44.375797+05:30,GET,GET /jobs/stats/,22.35,ok,
2026-10-04T19:22:44.403393+05:30,POST,POST /jobs/,20.31,ok,
2026-10-04T19:22:44.432457+05:30,POST,POST /jobs/,22.77,ok,
2026-10-04T19:22:44.450402+05:30,GET,GET /health/,19.22,ok,
2026-10-04T19:22:44.484264+05:30,GET,GET /jobs/stats/,19.59,ok,
2026-10-04T19:22:44.524725+05:30,GET,GET /jobs/{id}/,18.15,ok,
2026-10-04T19:22:44.551170+05:30,GET,GET /jobs/{id}/,19.13,ok,
2026-10-04T19:22:44.664986+05:30,GET,GET /jobs/{id}/,18.46,ok,
2026-10-04T19:22:44.702829+05:30,GET,GET /jobs/{id}/,17.54,ok,
2026-10-04T19:22:44.755453+05:30,POST,POST /jobs/,23.28,ok,
2026-10-04T19:22:44.768718+05:30,GET,GET /jobs/{id}/,26.07,ok,
2026-10-04T19:22:44.770192+05:30,POST,POST /jobs/,32.78,ok,
2026-10-04T19:22:44.770336+05:30,POST,POST /jobs/,30.87,ok,
2026-10-04T19:22:44.805555+05:30,GET,GET /jobs/{id}/,17.96,ok,
2026-10-04T19:22:44.812760+05:30,GET,GET /jobs/{id}/,18.04,ok,
2026-10-04T19:22:44.863240+05:30,GET,GET /jobs/{id}/,18.15,ok,
2026-10-04T19:22:44.890394+05:30,GET,GET /jobs/{id}/,18.84,ok,
2026-10-04T19:22:44.904116+05:30,POST,POST /jobs/,21.56,ok,
2026-10-04T19:22:45.010898+05:30,POST,POST /jobs/,23.4,ok,
2026-10-04T19:22:45.060053+05:30,GET,GET /jobs/stats/,20.8,ok,
2026-10-04T19:22:45.109773+05:30,GET,GET /jobs/{id}/,23.38,ok,
2026-10-04T19:22:45.121468+05:30,POST,POST /jobs/,27.03,ok,
2026-10-04T19:22:45.132816+05:30,GET,GET /health/,26.68,ok,
2026-10-04T19:22:45.135002+05:30,POST,POST /jobs/,33.92,ok,
2026-10-04T19:22:45.152476+05:30,POST,POST /jobs/,24.3,ok,
2026-10-04T19:22:45.181254+05:30,GET,GET /health/,18.49,ok,
2026-10-04T19:22:45.226741+05:30,GET,GET /jobs/{id}/,18.98,ok,
2026-10-04T19:22:45.235321+05:30,GET,GET /health/,18.42,ok,
2026-10-04T19:22:45.242561+05:30,POST,POST /jobs/,22.68,ok,
2026-10-04T19:22:45.274132+05:30,GET,GET /jobs/stats/,30.36,ok,
2026-10-04T19:22:45.278935+05:30,POST,POST /jobs/,23.13,ok,
2026-10-04T19:22:45.279959+05:30,GET,GET /jobs/stats/,21.14,ok,
2026-10-04T19:22:45.286226+05:30,GET,GET /jobs/stats/,26.92,ok,
2026-10-04T19:22:45.311656+05:30,GET,GET /jobs/{id}/,21.16,ok,
2026-10-04T19:22:45.317751+05:30,GET,GET /health/,26.61,ok,
2026-10-04T19:22:45.327621+05:30,GET,GET /jobs/{id}/,22.34,ok,
2026-10-04T19:22:45.337043+05:30,POST,POST /jobs/,25.19,ok,
2026-10-04T19:22:45.338249+05:30,GET,GET /jobs/{id}/,25.95,ok,
2026-10-04T19:22:45.350062+05:30,POST,POST /jobs/,28.01,ok,
2026-10-04T19:22:45.383923+05:30,POST,POST /jobs/,21.37,ok,
2026-10-04T19:22:45.416842+05:30,POST,POST /jobs/,20.62,ok,
2026-10-04T19:22:45.449260+05:30,GET,GET /jobs/{id}/,18.09,ok,
2026-10-04T19:22:45.449741+05:30,GET,GET /jobs/{id}/,20.6,ok,
2026-10-04T19:22:45.557977+05:30,GET,GET /jobs/{id}/,17.77,ok,
2026-10-04T19:22:45.590905+05:30,GET,GET /jobs/{id}/,17.64,ok,
2026-10-04T19:22:45.618895+05:30,GET,GET /jobs/{id}/,18.68,ok,
2026-10-04T19:22:45.623515+05:30,GET,GET /jobs/stats/,22.7,ok,
2026-10-04T19:22:45.681476+05:30,GET,GET /jobs/stats/,21.7,ok,
2026-10-04T19:22:45.694999+05:30,GET,GET /jobs/{id}/,17.94,ok,
2026-10-04T19:22:45.809820+05:30,GET,GET /health/,18.37,ok,
2026-10-04T19:22:45.834078+05:30,POST,POST /jobs/,21.97,ok,
2026-10-04T19:22:45.862352+05:30,GET,GET /jobs/stats/,19.99,ok,
2026-10-04T19:22:45.884143+05:30,POST,POST /jobs/,20.55,ok,
2026-10-04T19:22:45.891763+05:30,GET,GET /jobs/{id}/,22.22,ok,
2026-10-04T19:22:45.945878+05:30,GET,GET /jobs/stats/,22.8,ok,
2026-10-04T19:22:45.962938+05:30,GET,GET /jobs/{id}/,23.38,ok,
2026-10-04T19:22:45.970210+05:30,GET,GET /jobs/{id}/,22.05,ok,
2026-10-04T19:22:45.974338+05:30,GET,GET /jobs/{id}/,20.94,ok,
2026-10-04T19:22:46.023503+05:30,GET,GET /jobs/stats/,19.65,ok,
2026-10-04T19:22:46.072321+05:30,POST,POST /jobs/,24.26,ok,
2026-10-04T19:22:46.141519+05:30,POST,POST /jobs/,24.76,ok,
2026-10-04T19:22:46.165100+05:30,GET,GET /jobs/{id}/,21.19,ok,
2026-10-04T19:22:46.173695+05:30,GET,GET /jobs/{id}/,17.71,ok,
2026-10-04T19:22:46.201663+05:30,GET,GET /jobs/stats/,21.41,ok,
2026-10-04T19:22:46.210617+05:30,POST,POST /jobs/,20.2,ok,
2026-10-04T19:22:46.267565+05:30,GET,GET /jobs/{id}/,20.65,ok,
2026-10-04T19:22:46.280160+05:30,POST,POST /jobs/,22.15,ok,
2026-10-04T19:22:46.307501+05:30,GET,GET /jobs/{id}/,23.48,ok,
2026-10-04T19:22:46.307992+05:30,POST,POST /jobs/,24.59,ok,
2026-10-04T19:22:46.344326+05:30,GET,GET /jobs/{id}/,19.08,ok,
2026-10-04T19:22:46.349999+05:30,GET,GET /jobs/{id}/,19.77,ok,
2026-10-04T19:22:46.379757+05:30,GET,GET /jobs/{id}/,21.49,ok,
2026-10-04T19:22:46.386852+05:30,GET,GET /jobs/{id}/,17.62,ok,
2026-10-04T19:22:46.407760+05:30,GET,GET /jobs/{id}/,19.68,ok,
2026-10-04T19:22:46.418997+05:30,POST,POST /jobs/,28.02,ok,
2026-10-04T19:22:46.459041+05:30,GET,GET /jobs/{id}/,24.15,ok,
2026-10-04T19:22:46.459612+05:30,GET,GET /jobs/{id}/,25.31,ok,
2026-10-04T19:22:46.460127+05:30,GET,GET /jobs/{id}/,24.53,ok,
2026-10-04T19:22:46.473316+05:30,POST,POST /jobs/,23.48,ok,
2026-10-04T19:22:46.519327+05:30,POST,POST /jobs/,24.69,ok,
2026-10-04T19:22:46.532232+05:30,GET,GET /jobs/{id}/,20.51,ok,
2026-10-04T19:22:46.536751+05:30,GET,GET /jobs/{id}/,22.56,ok,
2026-10-04T19:22:46.575231+05:30,POST,POST /jobs/,21.18,ok,
2026-10-04T19:22:46.601393+05:30,GET,GET /jobs/stats/,24.86,ok,
2026-10-04T19:22:46.601828+05:30,GET,GET /jobs/stats/,24.86,ok,
2026-10-04T19:22:46.611759+05:30,GET,GET /jobs/{id}/,21.79,ok,
2026-10-04T19:22:46.615964+05:30,POST,POST /jobs/,25.45,ok,
2026-10-04T19:22:46.621348+05:30,GET,GET /jobs/{id}/,21.27,ok,
2026-10-04T19:22:46.671130+05:30,GET,GET /health/,20.51,ok,
2026-10-04T19:22:46.683151+05:30,POST,POST /jobs/,22.49,ok,
2026-10-04T19:22:46.702807+05:30,GET,GET /jobs/{id}/,20.72,ok,
2026-10-04T19:22:46.717180+05:30,GET,GET /jobs/stats/,23.46,ok,
2026-10-04T19:22:46.728885+05:30,POST,POST /jobs/,21.66,ok,
2026-10-04T19:22:46.736916+05:30,GET,GET /jobs/{id}/,23.65,ok,
2026-10-04T19:22:46.748925+05:30,GET,GET /jobs/stats/,21.29,ok,
2026-10-04T19:22:46.751904+05:30,GET,GET /jobs/{id}/,19.49,ok,
2026-10-04T19:22:46.763625+05:30,GET,GET /jobs/{id}/,19.46,ok,
2026-10-04T19:22:46.809905+05:30,GET,GET /health/,18.02,ok,
2026-10-04T19:22:46.879516+05:30,POST,POST /jobs/,27.29,ok,
2026-10-04T19:22:46.892517+05:30,GET,GET /jobs/{id}/,23.19,ok,
2026-10-04T19:22:46.896163+05:30,POST,POST /jobs/,23.85,ok,
2026-10-04T19:22:46.936932+05:30,POST,POST /jobs/,24.37,ok,
2026-10-04T19:22:46.952633+05:30,GET,GET /jobs/stats/,23.0,ok,
2026-10-04T19:22:46.959492+05:30,GET,GET /jobs/stats/,20.31,ok,
2026-10-04T19:22:46.988192+05:30,POST,POST /jobs/,20.37,ok,
2026-10-04T19:22:47.032741+05:30,POST,POST /jobs/,22.99,ok,
2026-10-04T19:22:47.053278+05:30,GET,GET /jobs/stats/,23.29,ok,
2026-10-04T19:22:47.080635+05:30,POST,POST /jobs/,25.02,ok,
2026-10-04T19:22:47.092842+05:30,GET,GET /jobs/{id}/,25.06,ok,
2026-10-04T19:22:47.102660+05:30,GET,GET /jobs/{id}/,27.82,ok,
2026-10-04T19:22:47.151343+05:30,GET,GET /jobs/{id}/,19.35,ok,
2026-10-04T19:22:47.164341+05:30,GET,GET /jobs/{id}/,20.27,ok,
2026-10-04T19:22:47.176640+05:30,POST,POST /jobs/,21.03,ok,
2026-10-04T19:22:47.192214+05:30,GET,GET /jobs/{id}/,22.5,ok,
2026-10-04T19:22:47.218095+05:30,POST,POST /jobs/,20.6,ok,
2026-10-04T19:22:47.284243+05:30,GET,GET /jobs/{id}/,18.66,ok,
2026-10-04T19:22:47.292651+05:30,GET,GET /jobs/{id}/,19.03,ok,
2026-10-04T19:22:47.373222+05:30,GET,GET /jobs/{id}/,18.11,ok,
2026-10-04T19:22:47.374130+05:30,GET,GET /jobs/{id}/,21.13,ok,
2026-10-04T19:22:47.391895+05:30,GET,GET /jobs/{id}/,20.06,ok,
2026-10-04T19:22:47.392126+05:30,POST,POST /jobs/,27.81,ok,
2026-10-04T19:22:47.444567+05:30,GET,GET /jobs/{id}/,18.16,ok,
2026-10-04T19:22:47.474481+05:30,POST,POST /jobs/,21.62,ok,
2026-10-04T19:22:47.509853+05:30,POST,POST /jobs/,23.05,ok,
2026-10-04T19:22:47.522519+05:30,GET,GET /jobs/{id}/,19.61,ok,
2026-10-04T19:22:47.534714+05:30,GET,GET /jobs/{id}/,20.57,ok,
2026-10-04T19:22:47.541957+05:30,POST,POST /jobs/,21.55,ok,
2026-10-04T19:22:47.567033+05:30,POST,POST /jobs/,23.8,ok,
2026-10-04T19:22:47.580215+05:30,GET,GET /jobs/stats/,22.01,ok,
2026-10-04T19:22:47.597619+05:30,GET,GET /jobs/{id}/,18.4,ok,
2026-10-04T19:22:47.618359+05:30,GET,GET /jobs/stats/,20.59,ok,
2026-10-04T19:22:47.625821+05:30,GET,GET /health/,18.22,ok,
2026-10-04T19:22:47.630757+05:30,GET,GET /jobs/{id}/,19.82,ok,
2026-10-04T19:22:47.681608+05:30,GET,GET /jobs/{id}/,18.49,ok,
2026-10-04T19:22:47.687571+05:30,GET,GET /jobs/{id}/,18.46,ok,
2026-10-04T19:22:47.695975+05:30,GET,GET /jobs/{id}/,19.88,ok,
2026-10-04T19:22:47.727014+05:30,GET,GET /jobs/{id}/,17.72,ok,
2026-10-04T19:22:47.797335+05:30,POST,POST /jobs/,21.02,ok,
2026-10-04T19:22:47.823996+05:30,GET,GET /jobs/{id}/,19.36,ok,
2026-10-04T19:22:47.868780+05:30,GET,GET /jobs/{id}/,18.48,ok,
2026-10-04T19:22:47.872350+05:30,POST,POST /jobs/,20.03,ok,
2026-10-04T19:22:47.906844+05:30,GET,GET /health/,19.16,ok,
2026-10-04T19:22:47.926621+05:30,GET,GET /health/,20.83,ok,
2026-10-04T19:22:47.937320+05:30,POST,POST /jobs/,21.88,ok,
2026-10-04T19:22:47.941957+05:30,GET,GET /jobs/{id}/,21.07,ok,
2026-10-04T19:22:47.961558+05:30,GET,GET /jobs/{id}/,18.33,ok,
2026-10-04T19:22:47.968137+05:30,GET,GET /jobs/stats/,18.74,ok,
2026-10-04T19:22:48.012792+05:30,GET,GET /jobs/{id}/,18.34,ok,
2026-10-04T19:22:48.067573+05:30,GET,GET /jobs/{id}/,19.45,ok,
2026-10-04T19:22:48.079813+05:30,GET,GET /health/,19.63,ok,
2026-10-04T19:22:48.088914+05:30,GET,GET /jobs/{id}/,22.96,ok,
2026-10-04T19:22:48.089408+05:30,GET,GET /jobs/stats/,26.23,ok,
2026-10-04T19:22:48.135163+05:30,POST,POST /jobs/,22.43,ok,
2026-10-04T19:22:48.145971+05:30,GET,GET /health/,17.86,ok,
2026-10-04T19:22:48.168969+05:30,GET,GET /jobs/{id}/,21.72,ok,
2026-10-04T19:22:48.185382+05:30,POST,POST /jobs/,22.19,ok,
2026-10-04T19:22:48.231916+05:30,GET,GET /jobs/{id}/,20.19,ok,
2026-10-04T19:22:48.237457+05:30,GET,GET /health/,21.66,ok,
2026-10-04T19:22:48.277830+05:30,POST,POST /jobs/,25.07,ok,
2026-10-04T19:22:48.318655+05:30,GET,GET /jobs/{id}/,26.51,ok,
2026-10-04T19:22:48.322132+05:30,POST,POST /jobs/,23.88,ok,
2026-10-04T19:22:48.376057+05:30,GET,GET /jobs/{id}/,20.6,ok,
2026-10-04T19:22:48.390608+05:30,GET,GET /jobs/{id}/,19.05,ok,
2026-10-04T19:22:48.411220+05:30,POST,POST /jobs/,21.84,ok,
2026-10-04T19:22:48.434198+05:30,GET,GET /jobs/stats/,21.69,ok,
2026-10-04T19:22:48.451526+05:30,GET,GET /health/,18.21,ok,
2026-10-04T19:22:48.459336+05:30,GET,GET /health/,17.57,ok,
2026-10-04T19:22:48.497167+05:30,POST,POST /jobs/,20.53,ok,
2026-10-04T19:22:48.498359+05:30,GET,GET /jobs/stats/,21.12,ok,
2026-10-04T19:22:48.545473+05:30,GET,GET /jobs/{id}/,20.7,ok,
2026-10-04T19:22:48.554756+05:30,GET,GET /jobs/{id}/,16.88,ok,
2026-10-04T19:22:48.586458+05:30,GET,GET /jobs/{id}/,19.41,ok,
2026-10-04T19:22:48.662179+05:30,POST,POST /jobs/,20.23,ok,
2026-10-04T19:22:48.687605+05:30,POST,POST /jobs/,21.16,ok,
2026-10-04T19:22:48.728832+05:30,GET,GET /jobs/{id}/,17.93,ok,
2026-10-04T19:22:48.753431+05:30,GET,GET /jobs/stats/,19.34,ok,
2026-10-04T19:22:48.766176+05:30,GET,GET /jobs/{id}/,18.14,ok,
2026-10-04T19:22:48.786905+05:30,POST,POST /jobs/,20.55,ok,
2026-10-04T19:22:48.817014+05:30,POST,POST /jobs/,20.79,ok,
2026-10-04T19:22:48.867182+05:30,GET,GET /health/,17.86,ok,
2026-10-04T19:22:48.895451+05:30,GET,GET /jobs/stats/,20.03,ok,
2026-10-04T19:22:48.901256+05:30,POST,POST /jobs/,20.89,ok,
2026-10-04T19:22:48.909129+05:30,GET,GET /jobs/{id}/,20.74,ok,
2026-10-04T19:22:48.944582+05:30,GET,GET /jobs/{id}/,19.29,ok,
2026-10-04T19:22:48.945063+05:30,GET,GET /health/,20.65,ok,
2026-10-04T19:22:48.996062+05:30,GET,GET /jobs/{id}/,20.68,ok,
2026-10-04T19:22:49.006793+05:30,GET,GET /jobs/stats/,19.45,ok,
2026-10-04T19:22:49.067214+05:30,GET,GET /jobs/{id}/,18.1,ok,
2026-10-04T19:22:49.096741+05:30,POST,POST /jobs/,26.23,ok,
2026-10-04T19:22:49.110939+05:30,POST,POST /jobs/,29.89,ok,
2026-10-04T19:22:49.114270+05:30,GET,GET /jobs/{id}/,28.18,ok,
2026-10-04T19:22:49.146079+05:30,GET,GET /jobs/{id}/,23.47,ok,
2026-10-04T19:22:49.161148+05:30,GET,GET /jobs/stats/,27.18,ok,
2026-10-04T19:22:49.173367+05:30,GET,GET /jobs/{id}/,26.01,ok,
2026-10-04T19:22:49.207205+05:30,GET,GET /jobs/{id}/,17.52,ok,
2026-10-04T19:22:49.238989+05:30,POST,POST /jobs/,22.45,ok,
2026-10-04T19:22:49.247242+05:30,GET,GET /jobs/{id}/,24.66,ok,
2026-10-04T19:22:49.262453+05:30,GET,GET /jobs/stats/,21.24,ok,
2026-10-04T19:22:49.307346+05:30,POST,POST /jobs/,20.6,ok,
2026-10-04T19:22:49.348486+05:30,GET,GET /jobs/{id}/,20.74,ok,
2026-10-04T19:22:49.363153+05:30,GET,GET /jobs/{id}/,20.44,ok,
2026-10-04T19:22:49.371802+05:30,POST,POST /jobs/,24.94,ok,
2026-10-04T19:22:49.394126+05:30,POST,POST /jobs/,29.6,ok,
2026-10-04T19:22:49.395992+05:30,POST,POST /jobs/,30.8,ok,
2026-10-04T19:22:49.411477+05:30,GET,GET /health/,22.39,ok,
2026-10-04T19:22:49.470860+05:30,GET,GET /jobs/{id}/,18.04,ok,
2026-10-04T19:22:49.490914+05:30,GET,GET /jobs/stats/,21.07,ok,
2026-10-04T19:22:49.496151+05:30,GET,GET /jobs/{id}/,18.7,ok,
2026-10-04T19:22:49.508195+05:30,POST,POST /jobs/,22.13,ok,
2026-10-04T19:22:49.530839+05:30,GET,GET /jobs/{id}/,18.31,ok,
2026-10-04T19:22:49.563373+05:30,GET,GET /health/,19.22,ok,
2026-10-04T19:22:49.595307+05:30,GET,GET /health/,19.55,ok,
2026-10-04T19:22:49.595941+05:30,POST,POST /jobs/,22.23,ok,
2026-10-04T19:22:49.620664+05:30,POST,POST /jobs/,23.48,ok,
2026-10-04T19:22:49.647235+05:30,GET,GET /jobs/{id}/,21.22,ok,
2026-10-04T19:22:49.648045+05:30,GET,GET /health/,21.6,ok,
2026-10-04T19:22:49.662078+05:30,GET,GET /health/,19.67,ok,
2026-10-04T19:22:49.767226+05:30,GET,GET /jobs/{id}/,17.8,ok,
2026-10-04T19:22:49.796543+05:30,POST,POST /jobs/,21.01,ok,
2026-10-04T19:22:49.838150+05:30,POST,POST /jobs/,24.25,ok,
2026-10-04T19:22:49.857433+05:30,POST,POST /jobs/,23.46,ok,
2026-10-04T19:22:49.863249+05:30,GET,GET /jobs/stats/,20.82,ok,
2026-10-04T19:22:49.910681+05:30,POST,POST /jobs/,23.12,ok,
2026-10-04T19:22:49.925430+05:30,POST,POST /jobs/,22.57,ok,
2026-10-04T19:22:50.033838+05:30,GET,GET /jobs/{id}/,21.95,ok,
2026-10-04T19:22:50.074676+05:30,POST,POST /jobs/,21.25,ok,
2026-10-04T19:22:50.102280+05:30,GET,GET /jobs/stats/,24.34,ok,
2026-10-04T19:22:50.102776+05:30,GET,GET /jobs/{id}/,22.19,ok,
2026-10-04T19:22:50.111605+05:30,GET,GET /jobs/stats/,23.89,ok,
2026-10-04T19:22:50.123903+05:30,GET,GET /jobs/{id}/,19.55,ok,
2026-10-04T19:22:50.124513+05:30,GET,GET /jobs/{id}/,24.45,ok,
2026-10-04T19:22:50.168004+05:30,GET,GET /jobs/{id}/,19.18,ok,
2026-10-04T19:22:50.185935+05:30,GET,GET /jobs/{id}/,17.72,ok,
2026-10-04T19:22:50.283794+05:30,GET,GET /jobs/stats/,20.55,ok,
2026-10-04T19:22:50.290319+05:30,GET,GET /jobs/{id}/,21.06,ok,
2026-10-04T19:22:50.301547+05:30,GET,GET /jobs/{id}/,19.33,ok,
2026-10-04T19:22:50.314405+05:30,GET,GET /jobs/{id}/,17.71,ok,
2026-10-04T19:22:50.319924+05:30,GET,GET /jobs/{id}/,18.21,ok,
2026-10-04T19:22:50.352241+05:30,POST,POST /jobs/,21.99,ok,
2026-10-04T19:22:50.375958+05:30,GET,GET /jobs/{id}/,18.43,ok,
2026-10-04T19:22:50.383170+05:30,GET,GET /jobs/{id}/,17.66,ok,
2026-10-04T19:22:50.395848+05:30,POST,POST /jobs/,25.27,ok,
2026-10-04T19:22:50.414043+05:30,POST,POST /jobs/,23.28,ok,
2026-10-04T19:22:50.444931+05:30,GET,GET /health/,18.6,ok,
2026-10-04T19:22:50.448492+05:30,POST,POST /jobs/,21.55,ok,
2026-10-04T19:22:50.529944+05:30,GET,GET /jobs/stats/,21.17,ok,
2026-10-04T19:22:50.535641+05:30,POST,POST /jobs/,21.01,ok,
2026-10-04T19:22:50.573618+05:30,GET,GET /health/,23.69,ok,
2026-10-04T19:22:50.584309+05:30,GET,GET /jobs/stats/,22.38,ok,
2026-10-04T19:22:50.599010+05:30,POST,POST /jobs/,28.77,ok,
2026-10-04T19:22:50.599558+05:30,GET,GET /jobs/stats/,35.51,ok,
2026-10-04T19:22:50.614159+05:30,GET,GET /jobs/{id}/,23.47,ok,
2026-10-04T19:22:50.626742+05:30,GET,GET /jobs/{id}/,17.92,ok,
2026-10-04T19:22:50.647189+05:30,GET,GET /jobs/{id}/,18.16,ok,
2026-10-04T19:22:50.678324+05:30,POST,POST /jobs/,21.73,ok,
2026-10-04T19:22:50.688295+05:30,POST,POST /jobs/,21.64,ok,
2026-10-04T19:22:50.705158+05:30,GET,GET /jobs/stats/,24.56,ok,
2026-10-04T19:22:50.718980+05:30,GET,GET /jobs/stats/,21.37,ok,
2026-10-04T19:22:50.721137+05:30,GET,GET /jobs/{id}/,19.56,ok,
2026-10-04T19:22:50.740881+05:30,GET,GET /jobs/stats/,19.62,ok,
2026-10-04T19:22:50.754928+05:30,POST,POST /jobs/,20.82,ok,
2026-10-04T19:22:50.819556+05:30,GET,GET /jobs/{id}/,19.07,ok,
2026-10-04T19:22:50.858012+05:30,POST,POST /jobs/,39.67,ok,
2026-10-04T19:22:50.858382+05:30,POST,POST /jobs/,54.9,ok,
2026-10-04T19:22:50.885219+05:30,POST,POST /jobs/,59.52,ok,
2026-10-04T19:22:50.885805+05:30,GET,GET /jobs/{id}/,26.96,ok,
2026-10-04T19:22:50.888013+05:30,POST,POST /jobs/,31.39,ok,
2026-10-04T19:22:50.894191+05:30,GET,GET /jobs/stats/,36.83,ok,
2026-10-04T19:22:50.895873+05:30,POST,POST /jobs/,38.81,ok,
2026-10-04T19:22:50.921399+05:30,POST,POST /jobs/,23.3,ok,
2026-10-04T19:22:50.960843+05:30,POST,POST /jobs/,25.13,ok,
2026-10-04T19:22:50.976622+05:30,GET,GET /health/,21.8,ok,
2026-10-04T19:22:50.984817+05:30,GET,GET /jobs/{id}/,17.68,ok,
2026-10-04T19:22:51.060923+05:30,GET,GET /jobs/{id}/,18.78,ok,
2026-10-04T19:22:51.106518+05:30,POST,POST /jobs/,23.23,ok,
2026-10-04T19:22:51.113565+05:30,GET,GET /jobs/{id}/,21.96,ok,
2026-10-04T19:22:51.119664+05:30,POST,POST /jobs/,28.92,ok,
2026-10-04T19:22:51.125026+05:30,POST,POST /jobs/,26.38,ok,
2026-10-04T19:22:51.148852+05:30,GET,GET /jobs/stats/,22.59,ok,
2026-10-04T19:22:51.155105+05:30,GET,GET /jobs/{id}/,23.9,ok,
2026-10-04T19:22:51.166694+05:30,GET,GET /jobs/{id}/,22.46,ok,
2026-10-04T19:22:51.202342+05:30,POST,POST /jobs/,26.34,ok,
2026-10-04T19:22:51.211058+05:30,GET,GET /jobs/stats/,29.75,ok,
2026-10-04T19:22:51.253315+05:30,POST,POST /jobs/,22.91,ok,
2026-10-04T19:22:51.272576+05:30,POST,POST /jobs/,27.03,ok,
2026-10-04T19:22:51.294033+05:30,GET,GET /jobs/{id}/,40.49,ok,
2026-10-04T19:22:51.297955+05:30,POST,POST /jobs/,47.13,ok,
2026-10-04T19:22:51.303262+05:30,GET,GET /jobs/{id}/,42.3,ok,
2026-10-04T19:22:51.309035+05:30,GET,GET /health/,45.02,ok,
2026-10-04T19:22:51.329480+05:30,GET,GET /jobs/{id}/,24.59,ok,
2026-10-04T19:22:51.330257+05:30,POST,POST /jobs/,28.03,ok,
2026-10-04T19:22:51.339499+05:30,GET,GET /jobs/{id}/,21.11,ok,
2026-10-04T19:22:51.370181+05:30,POST,POST /jobs/,26.36,ok,
2026-10-04T19:22:51.376899+05:30,GET,GET /health/,25.98,ok,
2026-10-04T19:22:51.391767+05:30,POST,POST /jobs/,22.81,ok,
2026-10-04T19:22:51.468062+05:30,POST,POST /jobs/,20.98,ok,
2026-10-04T19:22:51.510464+05:30,GET,GET /jobs/{id}/,19.09,ok,
2026-10-04T19:22:51.543407+05:30,GET,GET /health/,17.67,ok,
2026-10-04T19:22:51.583261+05:30,GET,GET /jobs/{id}/,21.38,ok,
2026-10-04T19:22:51.592036+05:30,POST,POST /jobs/,23.03,ok,
2026-10-04T19:22:51.600161+05:30,GET,GET /jobs/{id}/,18.1,ok,
2026-10-04T19:22:51.626350+05:30,GET,GET /jobs/{id}/,17.81,ok,
2026-10-04T19:22:51.649075+05:30,GET,GET /jobs/{id}/,18.44,ok,
2026-10-04T19:22:51.714697+05:30,POST,POST /jobs/,22.28,ok,
2026-10-04T19:22:51.770546+05:30,GET,GET /jobs/{id}/,22.52,ok,
2026-10-04T19:22:51.782139+05:30,GET,GET /jobs/stats/,21.07,ok,
2026-10-04T19:22:51.788277+05:30,POST,POST /jobs/,26.16,ok,
2026-10-04T19:22:51.799082+05:30,GET,GET /jobs/{id}/,22.24,ok,
2026-10-04T19:22:51.838670+05:30,POST,POST /jobs/,25.09,ok,
2026-10-04T19:22:51.839563+05:30,POST,POST /jobs/,25.46,ok,
2026-10-04T19:22:51.868485+05:30,POST,POST /jobs/,26.36,ok,
2026-10-04T19:22:51.869491+05:30,GET,GET /jobs/{id}/,21.93,ok,
2026-10-04T19:22:51.915648+05:30,POST,POST /jobs/,23.82,ok,
2026-10-04T19:22:51.928871+05:30,POST,POST /jobs/,26.63,ok,
2026-10-04T19:22:51.932629+05:30,GET,GET /jobs/{id}/,22.4,ok,
2026-10-04T19:22:51.942902+05:30,GET,GET /jobs/{id}/,20.94,ok,
2026-10-04T19:22:51.956221+05:30,POST,POST /jobs/,22.36,ok,
2026-10-04T19:22:51.988553+05:30,GET,GET /jobs/{id}/,19.93,ok,
2026-10-04T19:22:52.046785+05:30,GET,GET /jobs/{id}/,20.01,ok,
2026-10-04T19:22:52.047964+05:30,GET,GET /jobs/stats/,26.13,ok,
2026-10-04T19:22:52.048332+05:30,GET,GET /health/,22.52,ok,
2026-10-04T19:22:52.061947+05:30,POST,POST /jobs/,26.22,ok,
2026-10-04T19:22:52.073238+05:30,POST,POST /jobs/,26.2,ok,
2026-10-04T19:22:52.094481+05:30,GET,GET /jobs/{id}/,21.02,ok,
2026-10-04T19:22:52.102968+05:30,GET,GET /jobs/{id}/,18.37,ok,
2026-10-04T19:22:52.124941+05:30,POST,POST /jobs/,20.7,ok,
2026-10-04T19:22:52.147289+05:30,POST,POST /jobs/,21.07,ok,
2026-10-04T19:22:52.180732+05:30,GET,GET /jobs/{id}/,20.09,ok,
2026-10-04T19:22:52.354990+05:30,POST,POST /jobs/,22.62,ok,
2026-10-04T19:22:52.366602+05:30,GET,GET /jobs/stats/,29.14,ok,
2026-10-04T19:22:52.368890+05:30,POST,POST /jobs/,30.17,ok,
2026-10-04T19:22:52.378991+05:30,GET,GET /jobs/{id}/,25.67,ok,
2026-10-04T19:22:52.383119+05:30,POST,POST /jobs/,24.02,ok,
2026-10-04T19:22:52.409595+05:30,GET,GET /jobs/stats/,21.02,ok,
2026-10-04T19:22:52.486957+05:30,GET,GET /health/,18.06,ok,
2026-10-04T19:22:52.495913+05:30,GET,GET /jobs/{id}/,18.95,ok,
2026-10-04T19:22:52.503298+05:30,POST,POST /jobs/,21.3,ok,
2026-10-04T19:22:52.583923+05:30,GET,GET /jobs/{id}/,18.3,ok,
2026-10-04T19:22:52.612703+05:30,POST,POST /jobs/,24.48,ok,
2026-10-04T19:22:52.623975+05:30,GET,GET /jobs/{id}/,29.64,ok,
2026-10-04T19:22:52.629895+05:30,POST,POST /jobs/,25.61,ok,
2026-10-04T19:22:52.636172+05:30,GET,GET /jobs/stats/,24.5,ok,
2026-10-04T19:22:52.639808+05:30,GET,GET /jobs/stats/,28.8,ok,
2026-10-04T19:22:52.651571+05:30,GET,GET /health/,18.45,ok,
2026-10-04T19:22:52.664105+05:30,POST,POST /jobs/,23.03,ok,
2026-10-04T19:22:52.680789+05:30,POST,POST /jobs/,22.94,ok,
2026-10-04T19:22:52.710869+05:30,GET,GET /jobs/{id}/,17.78,ok,
2026-10-04T19:22:52.771735+05:30,POST,POST /jobs/,26.27,ok,
2026-10-04T19:22:52.789499+05:30,POST,POST /jobs/,23.28,ok,
2026-10-04T19:22:52.815183+05:30,GET,GET /jobs/{id}/,17.41,ok,
2026-10-04T19:22:52.822682+05:30,GET,GET /jobs/{id}/,19.95,ok,
2026-10-04T19:22:52.833314+05:30,GET,GET /jobs/{id}/,17.91,ok,
2026-10-04T19:22:52.845978+05:30,POST,POST /jobs/,20.01,ok,
2026-10-04T19:22:52.870734+05:30,GET,GET /jobs/{id}/,18.52,ok,
2026-10-04T19:22:52.876703+05:30,GET,GET /jobs/{id}/,20.42,ok,
2026-10-04T19:22:52.881287+05:30,GET,GET /jobs/stats/,24.43,ok,
2026-10-04T19:22:52.909735+05:30,GET,GET /health/,18.17,ok,
2026-10-04T19:22:52.920267+05:30,GET,GET /jobs/{id}/,18.6,ok,
2026-10-04T19:22:52.947588+05:30,GET,GET /jobs/{id}/,20.97,ok,
2026-10-04T19:22:52.953689+05:30,GET,GET /jobs/{id}/,19.57,ok,
2026-10-04T19:22:52.954631+05:30,GET,GET /jobs/{id}/,27.56,ok,
2026-10-04T19:22:52.961973+05:30,GET,GET /jobs/{id}/,20.69,ok,
2026-10-04T19:22:53.005576+05:30,GET,GET /jobs/stats/,19.34,ok,
2026-10-04T19:22:53.018781+05:30,GET,GET /jobs/{id}/,18.56,ok,
2026-10-04T19:22:53.019569+05:30,GET,GET /health/,17.28,ok,
2026-10-04T19:22:53.080713+05:30,POST,POST /jobs/,21.84,ok,
2026-10-04T19:22:53.087220+05:30,GET,GET /jobs/{id}/,19.14,ok,
2026-10-04T19:22:53.105597+05:30,GET,GET /health/,17.11,ok,
2026-10-04T19:22:53.148416+05:30,GET,GET /jobs/{id}/,18.45,ok,
2026-10-04T19:22:53.174171+05:30,GET,GET /jobs/{id}/,25.55,ok,
2026-10-04T19:22:53.177368+05:30,POST,POST /jobs/,26.87,ok,
2026-10-04T19:22:53.252558+05:30,GET,GET /jobs/{id}/,19.85,ok,
2026-10-04T19:22:53.266086+05:30,POST,POST /jobs/,24.02,ok,
2026-10-04T19:22:53.269912+05:30,POST,POST /jobs/,24.75,ok,
2026-10-04T19:22:53.279021+05:30,POST,POST /jobs/,26.29,ok,
2026-10-04T19:22:53.339321+05:30,GET,GET /jobs/{id}/,17.96,ok,
2026-10-04T19:22:53.345696+05:30,GET,GET /jobs/stats/,21.35,ok,
2026-10-04T19:22:53.368411+05:30,POST,POST /jobs/,23.75,ok,
2026-10-04T19:22:53.393073+05:30,POST,POST /jobs/,22.36,ok,
2026-10-04T19:22:53.477330+05:30,GET,GET /jobs/{id}/,21.9,ok,
2026-10-04T19:22:53.484203+05:30,GET,GET /jobs/{id}/,23.74,ok,
2026-10-04T19:22:53.495543+05:30,POST,POST /jobs/,23.83,ok,
2026-10-04T19:22:53.505181+05:30,GET,GET /jobs/{id}/,17.7,ok,
2026-10-04T19:22:53.556634+05:30,POST,POST /jobs/,22.08,ok,
2026-10-04T19:22:53.567390+05:30,GET,GET /health/,17.77,ok,
2026-10-04T19:22:53.616083+05:30,GET,GET /jobs/stats/,24.39,ok,
2026-10-04T19:22:53.625766+05:30,GET,GET /jobs/stats/,21.03,ok,
2026-10-04T19:22:53.632506+05:30,GET,GET /jobs/stats/,21.66,ok,
2026-10-04T19:22:53.654018+05:30,GET,GET /jobs/stats/,19.28,ok,
2026-10-04T19:22:53.707512+05:30,POST,POST /jobs/,21.2,ok,
2026-10-04T19:22:53.762046+05:30,POST,POST /jobs/,21.2,ok,
2026-10-04T19:22:53.762498+05:30,GET,GET /health/,21.17,ok,
2026-10-04T19:22:53.796998+05:30,GET,GET /jobs/stats/,20.11,ok,
2026-10-04T19:22:53.836719+05:30,GET,GET /jobs/stats/,19.44,ok,
2026-10-04T19:22:53.865540+05:30,POST,POST /jobs/,20.53,ok,
2026-10-04T19:22:53.887773+05:30,GET,GET /jobs/{id}/,18.94,ok,
2026-10-04T19:22:53.895379+05:30,GET,GET /health/,20.55,ok,
2026-10-04T19:22:53.900929+05:30,GET,GET /jobs/{id}/,21.12,ok,
2026-10-04T19:22:53.931378+05:30,POST,POST /jobs/,21.11,ok,
2026-10-04T19:22:53.938839+05:30,GET,GET /jobs/{id}/,21.52,ok,
2026-10-04T19:22:53.965036+05:30,POST,POST /jobs/,20.92,ok,
2026-10-04T19:22:53.971500+05:30,GET,GET /jobs/{id}/,20.32,ok,
2026-10-04T19:22:53.976852+05:30,GET,GET /jobs/{id}/,24.75,ok,
2026-10-04T19:22:53.991575+05:30,POST,POST /jobs/,28.61,ok,
2026-10-04T19:22:53.995693+05:30,GET,GET /jobs/{id}/,19.95,ok,
2026-10-04T19:22:54.013735+05:30,GET,GET /health/,19.85,ok,
2026-10-04T19:22:54.023948+05:30,POST,POST /jobs/,29.4,ok,
2026-10-04T19:22:54.036795+05:30,GET,GET /jobs/stats/,20.78,ok,
2026-10-04T19:22:54.087348+05:30,GET,GET /jobs/{id}/,19.03,ok,
2026-10-04T19:22:54.133803+05:30,POST,POST /jobs/,21.11,ok,
2026-10-04T19:22:54.192655+05:30,GET,GET /jobs/{id}/,18.53,ok,
2026-10-04T19:22:54.211037+05:30,GET,GET /jobs/{id}/,17.13,ok,
2026-10-04T19:22:54.238553+05:30,GET,GET /jobs/{id}/,21.24,ok,
2026-10-04T19:22:54.239108+05:30,POST,POST /jobs/,23.78,ok,
2026-10-04T19:22:54.348698+05:30,POST,POST /jobs/,21.26,ok,
2026-10-04T19:22:54.371051+05:30,GET,GET /jobs/{id}/,18.05,ok,
2026-10-04T19:22:54.378575+05:30,GET,GET /jobs/{id}/,18.61,ok,
2026-10-04T19:22:54.398391+05:30,GET,GET /jobs/{id}/,21.03,ok,
2026-10-04T19:22:54.406722+05:30,POST,POST /jobs/,25.64,ok,
2026-10-04T19:22:54.414298+05:30,GET,GET /jobs/{id}/,21.28,ok,
2026-10-04T19:22:54.419393+05:30,GET,GET /jobs/stats/,21.96,ok,
2026-10-04T19:22:54.427580+05:30,POST,POST /jobs/,22.63,ok,
2026-10-04T19:22:54.461705+05:30,GET,GET /jobs/{id}/,17.81,ok,
2026-10-04T19:22:54.487522+05:30,POST,POST /jobs/,25.64,ok,
2026-10-04T19:22:54.490735+05:30,POST,POST /jobs/,25.01,ok,
2026-10-04T19:22:54.500511+05:30,GET,GET /jobs/{id}/,26.36,ok,
2026-10-04T19:22:54.500979+05:30,GET,GET /jobs/{id}/,28.34,ok,
2026-10-04T19:22:54.527864+05:30,GET,GET /jobs/{id}/,20.89,ok,
2026-10-04T19:22:54.529733+05:30,POST,POST /jobs/,23.49,ok,
2026-10-04T19:22:54.572623+05:30,POST,POST /jobs/,37.64,ok,
2026-10-04T19:22:54.575185+05:30,GET,GET /jobs/{id}/,37.21,ok,
2026-10-04T19:22:54.576018+05:30,POST,POST /jobs/,34.99,ok,
2026-10-04T19:22:54.581662+05:30,GET,GET /health/,25.1,ok,
2026-10-04T19:22:54.588963+05:30,GET,GET /jobs/stats/,27.47,ok,
2026-10-04T19:22:54.591899+05:30,GET,GET /jobs/stats/,26.46,ok,
2026-10-04T19:22:54.629081+05:30,GET,GET /jobs/stats/,18.93,ok,
2026-10-04T19:22:54.656131+05:30,GET,GET /jobs/{id}/,17.67,ok,
2026-10-04T19:22:54.666001+05:30,GET,GET /jobs/{id}/,19.62,ok,
2026-10-04T19:22:54.687352+05:30,POST,POST /jobs/,29.9,ok,
2026-10-04T19:22:54.696164+05:30,GET,GET /jobs/{id}/,26.92,ok,
2026-10-04T19:22:54.696518+05:30,POST,POST /jobs/,36.26,ok,
2026-10-04T19:22:54.701516+05:30,POST,POST /jobs/,27.3,ok,
2026-10-04T19:22:54.715681+05:30,POST,POST /jobs/,31.56,ok,
2026-10-04T19:22:54.722030+05:30,GET,GET /jobs/{id}/,18.2,ok,
2026-10-04T19:22:54.742153+05:30,GET,GET /jobs/{id}/,21.17,ok,
2026-10-04T19:22:54.767889+05:30,GET,GET /jobs/stats/,32.35,ok,
2026-10-04T19:22:54.778746+05:30,GET,GET /jobs/{id}/,22.54,ok,
2026-10-04T19:22:54.779813+05:30,GET,GET /jobs/stats/,37.55,ok,
2026-10-04T19:22:54.797732+05:30,POST,POST /jobs/,28.57,ok,
2026-10-04T19:22:54.818172+05:30,POST,POST /jobs/,20.27,ok,
2026-10-04T19:22:54.850414+05:30,GET,GET /jobs/{id}/,17.83,ok,
2026-10-04T19:22:54.936937+05:30,GET,GET /jobs/{id}/,38.22,ok,
